Traceback (most recent call last):
  File "<frozen runpy>", line 198, in _run_module_as_main
  File "<frozen runpy>", line 88, in _run_code
  File "/home/frl/NewPrism/Backend/main.py", line 37, in <module>
    from dotenv import load_dotenv
ModuleNotFoundError: No module named 'dotenv'
Traceback (most recent call last):
  File "<frozen runpy>", line 198, in _run_module_as_main
  File "<frozen runpy>", line 88, in _run_code
  File "/home/frl/NewPrism/Backend/main.py", line 37, in <module>
    from dotenv import load_dotenv
ModuleNotFoundError: No module named 'dotenv'
Traceback (most recent call last):
  File "<frozen runpy>", line 198, in _run_module_as_main
  File "<frozen runpy>", line 88, in _run_code
  File "/home/frl/NewPrism/Backend/main.py", line 37, in <module>
    from dotenv import load_dotenv
ModuleNotFoundError: No module named 'dotenv'
Traceback (most recent call last):
  File "<frozen runpy>", line 198, in _run_module_as_main
  File "<frozen runpy>", line 88, in _run_code
  File "/home/frl/NewPrism/Backend/main.py", line 37, in <module>
    from dotenv import load_dotenv
ModuleNotFoundError: No module named 'dotenv'
Traceback (most recent call last):
  File "<frozen runpy>", line 198, in _run_module_as_main
  File "<frozen runpy>", line 88, in _run_code
  File "/home/frl/NewPrism/Backend/main.py", line 37, in <module>
    from dotenv import load_dotenv
ModuleNotFoundError: No module named 'dotenv'
Traceback (most recent call last):
  File "<frozen runpy>", line 198, in _run_module_as_main
  File "<frozen runpy>", line 88, in _run_code
  File "/home/frl/NewPrism/Backend/main.py", line 37, in <module>
    from dotenv import load_dotenv
ModuleNotFoundError: No module named 'dotenv'
Traceback (most recent call last):
  File "<frozen runpy>", line 198, in _run_module_as_main
  File "<frozen runpy>", line 88, in _run_code
  File "/home/frl/NewPrism/Backend/main.py", line 37, in <module>
    from dotenv import load_dotenv
ModuleNotFoundError: No module named 'dotenv'
Traceback (most recent call last):
  File "<frozen runpy>", line 198, in _run_module_as_main
  File "<frozen runpy>", line 88, in _run_code
  File "/home/frl/NewPrism/Backend/main.py", line 37, in <module>
    from dotenv import load_dotenv
ModuleNotFoundError: No module named 'dotenv'
Traceback (most recent call last):
  File "<frozen runpy>", line 198, in _run_module_as_main
  File "<frozen runpy>", line 88, in _run_code
  File "/home/frl/NewPrism/Backend/main.py", line 37, in <module>
    from dotenv import load_dotenv
ModuleNotFoundError: No module named 'dotenv'
Traceback (most recent call last):
  File "<frozen runpy>", line 198, in _run_module_as_main
  File "<frozen runpy>", line 88, in _run_code
  File "/home/frl/NewPrism/Backend/main.py", line 37, in <module>
    from dotenv import load_dotenv
ModuleNotFoundError: No module named 'dotenv'
Traceback (most recent call last):
  File "<frozen runpy>", line 198, in _run_module_as_main
  File "<frozen runpy>", line 88, in _run_code
  File "/home/frl/NewPrism/Backend/main.py", line 37, in <module>
    from dotenv import load_dotenv
ModuleNotFoundError: No module named 'dotenv'
Traceback (most recent call last):
  File "<frozen runpy>", line 198, in _run_module_as_main
  File "<frozen runpy>", line 88, in _run_code
  File "/home/frl/NewPrism/Backend/main.py", line 37, in <module>
    from dotenv import load_dotenv
ModuleNotFoundError: No module named 'dotenv'
Traceback (most recent call last):
  File "<frozen runpy>", line 198, in _run_module_as_main
  File "<frozen runpy>", line 88, in _run_code
  File "/home/frl/NewPrism/Backend/main.py", line 37, in <module>
    from dotenv import load_dotenv
ModuleNotFoundError: No module named 'dotenv'
Traceback (most recent call last):
  File "<frozen runpy>", line 198, in _run_module_as_main
  File "<frozen runpy>", line 88, in _run_code
  File "/home/frl/NewPrism/Backend/main.py", line 37, in <module>
    from dotenv import load_dotenv
ModuleNotFoundError: No module named 'dotenv'
Traceback (most recent call last):
  File "<frozen runpy>", line 198, in _run_module_as_main
  File "<frozen runpy>", line 88, in _run_code
  File "/home/frl/NewPrism/Backend/main.py", line 37, in <module>
    from dotenv import load_dotenv
ModuleNotFoundError: No module named 'dotenv'
Traceback (most recent call last):
  File "<frozen runpy>", line 198, in _run_module_as_main
  File "<frozen runpy>", line 88, in _run_code
  File "/home/frl/NewPrism/Backend/main.py", line 37, in <module>
    from dotenv import load_dotenv
ModuleNotFoundError: No module named 'dotenv'
Traceback (most recent call last):
  File "<frozen runpy>", line 198, in _run_module_as_main
  File "<frozen runpy>", line 88, in _run_code
  File "/home/frl/NewPrism/Backend/main.py", line 37, in <module>
    from dotenv import load_dotenv
ModuleNotFoundError: No module named 'dotenv'
Traceback (most recent call last):
  File "<frozen runpy>", line 198, in _run_module_as_main
  File "<frozen runpy>", line 88, in _run_code
  File "/home/frl/NewPrism/Backend/main.py", line 37, in <module>
    from dotenv import load_dotenv
ModuleNotFoundError: No module named 'dotenv'
Traceback (most recent call last):
  File "<frozen runpy>", line 198, in _run_module_as_main
  File "<frozen runpy>", line 88, in _run_code
  File "/home/frl/NewPrism/Backend/main.py", line 37, in <module>
    from dotenv import load_dotenv
ModuleNotFoundError: No module named 'dotenv'
Traceback (most recent call last):
  File "<frozen runpy>", line 198, in _run_module_as_main
  File "<frozen runpy>", line 88, in _run_code
  File "/home/frl/NewPrism/Backend/main.py", line 37, in <module>
    from dotenv import load_dotenv
ModuleNotFoundError: No module named 'dotenv'
Traceback (most recent call last):
  File "<frozen runpy>", line 198, in _run_module_as_main
  File "<frozen runpy>", line 88, in _run_code
  File "/home/frl/NewPrism/Backend/main.py", line 37, in <module>
    from dotenv import load_dotenv
ModuleNotFoundError: No module named 'dotenv'
Traceback (most recent call last):
  File "<frozen runpy>", line 198, in _run_module_as_main
  File "<frozen runpy>", line 88, in _run_code
  File "/home/frl/NewPrism/Backend/main.py", line 37, in <module>
    from dotenv import load_dotenv
ModuleNotFoundError: No module named 'dotenv'
Traceback (most recent call last):
  File "<frozen runpy>", line 198, in _run_module_as_main
  File "<frozen runpy>", line 88, in _run_code
  File "/home/frl/NewPrism/Backend/main.py", line 37, in <module>
    from dotenv import load_dotenv
ModuleNotFoundError: No module named 'dotenv'
Traceback (most recent call last):
  File "<frozen runpy>", line 198, in _run_module_as_main
  File "<frozen runpy>", line 88, in _run_code
  File "/home/frl/NewPrism/Backend/main.py", line 37, in <module>
    from dotenv import load_dotenv
ModuleNotFoundError: No module named 'dotenv'
Traceback (most recent call last):
  File "<frozen runpy>", line 198, in _run_module_as_main
  File "<frozen runpy>", line 88, in _run_code
  File "/home/frl/NewPrism/Backend/main.py", line 37, in <module>
    from dotenv import load_dotenv
ModuleNotFoundError: No module named 'dotenv'
Traceback (most recent call last):
  File "<frozen runpy>", line 198, in _run_module_as_main
  File "<frozen runpy>", line 88, in _run_code
  File "/home/frl/NewPrism/Backend/main.py", line 37, in <module>
    from dotenv import load_dotenv
ModuleNotFoundError: No module named 'dotenv'
Traceback (most recent call last):
  File "<frozen runpy>", line 198, in _run_module_as_main
  File "<frozen runpy>", line 88, in _run_code
  File "/home/frl/NewPrism/Backend/main.py", line 37, in <module>
    from dotenv import load_dotenv
ModuleNotFoundError: No module named 'dotenv'
Traceback (most recent call last):
  File "<frozen runpy>", line 198, in _run_module_as_main
  File "<frozen runpy>", line 88, in _run_code
  File "/home/frl/NewPrism/Backend/main.py", line 37, in <module>
    from dotenv import load_dotenv
ModuleNotFoundError: No module named 'dotenv'
2026-09-30 09:28:01  [NewPrism            ]  CRITICAL  ❌  Layer 1 import failed: No module named 'pytz'
2026-09-30 09:28:01  [NewPrism            ]  CRITICAL      Run: pip install -r requirements.txt
2026-09-30 09:29:01  [NewPrism            ]  CRITICAL  ❌  Layer 1 import failed: No module named 'pytz'
2026-09-30 09:29:01  [NewPrism            ]  CRITICAL      Run: pip install -r requirements.txt
2026-09-30 09:30:01  [NewPrism            ]  CRITICAL  ❌  Layer 1 import failed: No module named 'pytz'
2026-09-30 09:30:01  [NewPrism            ]  CRITICAL      Run: pip install -r requirements.txt
2026-09-30 09:31:02  [NewPrism            ]  CRITICAL  ❌  Layer 1 import failed: No module named 'pytz'
2026-09-30 09:31:02  [NewPrism            ]  CRITICAL      Run: pip install -r requirements.txt
2026-09-30 09:32:01  [NewPrism            ]  CRITICAL  ❌  Layer 1 import failed: No module named 'pytz'
2026-09-30 09:32:01  [NewPrism            ]  CRITICAL      Run: pip install -r requirements.txt
2026-09-30 09:33:01  [NewPrism            ]  CRITICAL  ❌  Layer 1 import failed: No module named 'pytz'
2026-09-30 09:33:01  [NewPrism            ]  CRITICAL      Run: pip install -r requirements.txt
2026-09-30 09:34:01  [NewPrism            ]  INFO      ✅  data_miner_patch applied — 1m candle-close ZMQ signals active
2026-09-30 09:34:01  [ZMQ.PUB]  INFO  Killed stale process 198947 on port 5555
2026-09-30 09:34:02  [ZMQ.PUB]  INFO  Publisher bound → tcp://*:5555
2026-09-30 09:34:02  [NewPrism            ]  INFO      ✅  L1 ZMQ publisher started → tcp://*:5555
════════════════════════════════════════════════════════════════════════════════
  🚀  NewPrism Backend — Multi-Layer Market Intelligence System
  PG         : localhost:5432/live
  Source     : auto-select
  L1 ZMQ PUB : tcp://*:5555  (tick feed → AMA)
  L2 ZMQ PUB : tcp://*:5556  (AMA signals → downstream)
  L2 Candle  : ✅ event-driven (1m close)
  Console    : disabled
  Layer 1    : ✅ LiveData                              (ZMQ :5555)
  Layer 2    : ✅ AMA  (ZMQ :5556)
  Layer 3    : ✅ SFE  (ZMQ :5557)
  Layer 4    : ✅ MarketState  (ZMQ :5558)
  Layer 5    : ✅ PODS  (ZMQ :5559)
  Layer 6    : ✅ EV Engine  (ZMQ :5560)
  Layer 7a   : ✅ Risk Engine  (ZMQ :5561)
  Layer 7b   : ✅ Capital Alloc.  (ZMQ :5562)
  Engines    : AMA, SFE, MarketState, PODS, EV, Risk, CapitalAllocation, Governance, Portfolio, SOR
════════════════════════════════════════════════════════════════════════════════
2026-09-30 09:34:02  [NewPrism            ]  INFO      📥  Bootstrapping instrument tokens …
2026-09-30 09:34:02  [LIVE                ]  INFO      ⬇️  Kite instrument master …
2026-09-30 09:34:03  [LIVE                ]  INFO        → Stocks:213 Indices:9 Futures:207 Options:34971 Products:215
2026-09-30 09:34:03  [LIVE                ]  INFO      🔧 AUTO source selection enabled
2026-09-30 09:34:03  [NewPrism            ]  INFO      🗄️   Connecting PostgreSQL @ localhost:5432/live …
2026-09-30 09:34:03  [LIVE                ]  INFO      ✅ PG pool [10–32] → localhost:5432/live
2026-09-30 09:34:03  [LIVE                ]  INFO      📊 Creating tables …
2026-09-30 09:34:05  [LIVE                ]  INFO      ✅ Tables ready
2026-09-30 09:34:05  [LIVE                ]  INFO      ✅ repair_ohlc_constraints: all MTF tables already have UNIQUE constraint
2026-09-30 09:34:05  [NewPrism            ]  INFO      ✅  PostgreSQL ready
2026-09-30 09:34:05  [NewPrism            ]  INFO      🔧  Starting worker threads …
2026-09-30 09:34:05  [LIVE                ]  INFO      ▶️  OHLC-STO-0
2026-09-30 09:34:05  [LIVE                ]  INFO      ▶️  OHLC-STO-1
2026-09-30 09:34:05  [LIVE                ]  INFO      ▶️  OHLC-STO-2
2026-09-30 09:34:05  [LIVE                ]  INFO      ▶️  OHLC-STO-3
2026-09-30 09:34:05  [LIVE                ]  INFO      ▶️  OHLC-IND-0
2026-09-30 09:34:05  [LIVE                ]  INFO      ▶️  OHLC-IND-1
2026-09-30 09:34:05  [LIVE                ]  INFO      ▶️  OHLC-FUT-0
2026-09-30 09:34:05  [LIVE                ]  INFO      ▶️  OHLC-FUT-1
2026-09-30 09:34:05  [LIVE                ]  INFO      ▶️  OHLC-FUT-2
2026-09-30 09:34:05  [LIVE                ]  INFO      ▶️  OHLC-FUT-3
2026-09-30 09:34:05  [LIVE                ]  INFO      ▶️  OPT-0
2026-09-30 09:34:05  [LIVE                ]  INFO      ▶️  OPT-1
2026-09-30 09:34:05  [LIVE                ]  INFO      ▶️  OPT-2
2026-09-30 09:34:05  [LIVE                ]  INFO      ▶️  OPT-3
2026-09-30 09:34:05  [LIVE                ]  INFO      ▶️  GRK-0
2026-09-30 09:34:05  [LIVE                ]  INFO      ▶️  GRK-1
2026-09-30 09:34:05  [LIVE                ]  INFO      ▶️  GRK-2
2026-09-30 09:34:05  [LIVE                ]  INFO      ▶️  GRK-3
2026-09-30 09:34:05  [LIVE                ]  INFO      ▶️  GRK-4
2026-09-30 09:34:05  [LIVE                ]  INFO      ▶️  GRK-5
2026-09-30 09:34:05  [NewPrism            ]  INFO      ✅  Workers  stocks=4  indices=2  futures=4  options=4  greeks=6
2026-09-30 09:34:05  [LIVE                ]  INFO      🔄 GDFL: connecting …
2026-09-30 09:34:05  [LIVE                ]  INFO      🟡 Kite engine on standby
2026-09-30 09:34:05  [NewPrism            ]  INFO      ✅  L1 source threads started
2026-09-30 09:34:05  [NewPrism            ]  INFO      ⚙️   Starting engines (Layers 2–7) …
2026-09-30 09:34:05  [websocket           ]  INFO      Websocket connected
2026-09-30 09:34:05  [LIVE                ]  INFO      🔌 GDFL connected — authenticating …
2026-09-30 09:34:06  [LIVE                ]  INFO      ✅ GDFL auth OK — subscribing 429 instruments
2026-09-30 09:34:06  [L3.AMA              ]  INFO      ════════════════════════════════════════════════════════════
2026-09-30 09:34:06  [L3.AMA              ]  INFO      ▶  AMA Layer-3 Engine — initialising
2026-09-30 09:34:06  [L3.AMA              ]  INFO      ════════════════════════════════════════════════════════════
2026-09-30 09:34:06  [L3.AMA              ]  INFO        ✅ SQLite ready → C:\NewPrism\Backend\OutputDB/ama_output.db
2026-09-30 09:34:06  [L3.AMA              ]  INFO        ✅ AMAEngine ready
2026-09-30 09:34:06  [L3.AMA              ]  INFO        ✅ AMA ZMQ PUB → tcp://*:5556
2026-09-30 09:34:06  [L3.AMA              ]  INFO        ✅ AMA TickWatcher → tcp://localhost:5555
2026-09-30 09:34:06  [L3.AMA              ]  INFO        ▶ AMA Scanner started
2026-09-30 09:34:06  [L3.AMA              ]  INFO      ════════════════════════════════════════════════════════════
2026-09-30 09:34:06  [L3.AMA              ]  INFO      ✅ AMA Layer-3 ready
2026-09-30 09:34:06  [L3.AMA              ]  INFO         ZMQ SUB  ← tcp://localhost:5555
2026-09-30 09:34:06  [L3.AMA              ]  INFO         ZMQ PUB  → tcp://*:5556
2026-09-30 09:34:06  [L3.AMA              ]  INFO         SQLite   → C:\NewPrism\Backend\OutputDB/ama_output.db
2026-09-30 09:34:06  [L3.AMA              ]  INFO         Schemas  : STOCKS, FUTURES, INDICES, GREEKS
2026-09-30 09:34:06  [L3.AMA              ]  INFO         TFs      : 1m, 5m, 15m, 1H, 1D, 1W
2026-09-30 09:34:06  [L3.AMA              ]  INFO         Interval : 60s
2026-09-30 09:34:06  [L3.AMA              ]  INFO      ════════════════════════════════════════════════════════════
2026-09-30 09:34:06  [NewPrism            ]  INFO      ✅  Engine started: AMA
2026-09-30 09:34:06  [NewPrism.SFE        ]  ERROR     Cannot start SFE engine: sfe_engine binary not found at 'C:\NewPrism\Backend\Engines\SFE\build\sfe_engine.exe'.
Build it first:
  cd /home/frl/NewPrism/Backend/Engines/SFE
  mkdir -p build && cd build
  cmake .. && make -j$(nproc)
Or set SFE_BINARY=/path/to/sfe_engine in your environment.
2026-09-30 09:34:06  [NewPrism            ]  INFO      ✅  Engine started: SFE
2026-09-30 09:34:06  [NewPrism.MarketState]  INFO      MarketState log → C:\NewPrism\Backend\Logs/marketstate_2026-09-30.log
2026-09-30 09:34:06  [NewPrism.MarketState]  INFO      MarketState SQLite DB ready → C:\NewPrism\Backend\OutputDB/marketstate_output.db
2026-09-30 09:34:06  [NewPrism.MarketState]  INFO      ZMQ SUB ← tcp://localhost:5557
2026-09-30 09:34:06  [NewPrism.MarketState]  INFO      ZMQ PUB → tcp://*:5558
2026-09-30 09:34:06  [NewPrism.MarketState]  INFO      ==============================================================
2026-09-30 09:34:06  [NewPrism.MarketState]  INFO        NewPrism MarketState Engine  v1.0
2026-09-30 09:34:06  [NewPrism.MarketState]  INFO        Layer 4 — Parallel Market Analysis (13 modules)
2026-09-30 09:34:06  [NewPrism.MarketState]  INFO        SUB(SFE)  ← tcp://localhost:5557
2026-09-30 09:34:06  [NewPrism.MarketState]  INFO        PUB(MS)   → tcp://*:5558
2026-09-30 09:34:06  [NewPrism.MarketState]  INFO        Log dir   : C:\NewPrism\Backend\Logs
2026-09-30 09:34:06  [NewPrism.MarketState]  INFO        Output DB : C:\NewPrism\Backend\OutputDB/marketstate_output.db
2026-09-30 09:34:06  [NewPrism.MarketState]  INFO        Tables    : STOCKS, FUTURES, GREEKS, INDICES
2026-09-30 09:34:06  [NewPrism.MarketState]  INFO        Timeframes: 1m, 5m, 15m, 1H, 1D
2026-09-30 09:34:06  [NewPrism.MarketState]  INFO        Modules   : DPR, EMIO, IPSE, LDPE, MCL, MES, MONEY, MRE, MSE, MomentumFactor, OI, TWR, VCE
2026-09-30 09:34:06  [NewPrism.MarketState]  INFO      ==============================================================
2026-09-30 09:34:06  [NewPrism.MarketState]  INFO      MarketState background loop started (interval=60s)
2026-09-30 09:34:06  [NewPrism.MarketState]  INFO      MarketState engine started (pid-thread=MarketState-main)
2026-09-30 09:34:06  [NewPrism            ]  INFO      ✅  Engine started: MarketState
2026-09-30 09:34:06  [NewPrism.PODS       ]  INFO      Starting PODS engine: /home/frl/NewPrism/Backend/Engines/PODS/build/pods_engine.exe
2026-09-30 09:34:06  [NewPrism            ]  ERROR     ❌  Engine PODS failed to start: [Errno 8] Exec format error: '/home/frl/NewPrism/Backend/Engines/PODS/build/pods_engine.exe'
2026-09-30 09:34:06  [NewPrism.EV         ]  INFO      Starting EV Engine (Layer 6) | logs=C:\NewPrism\Backend\Logs | db=C:\NewPrism\Backend\OutputDB/ev_output.db
2026-09-30 09:34:06  [L3.AMA              ]  INFO        ✅ PG pool ready → localhost:5432/live
2026-09-30 09:34:06  [MAIN.EV             ]  INFO      MS-Feed thread: SUB ← tcp://localhost:5558
2026-09-30 09:34:06  [ScenarioWorker.EV   ]  INFO      ScenarioWorker ready — SUB:5559 → inproc://ev_scenario + ev_result
2026-09-30 09:34:06  [ISEWorker.EV        ]  INFO      ISEWorker ready — inproc://ev_result → inproc://ev_ise
2026-09-30 09:34:06  [EntryWorker.EV      ]  INFO      EntryWorker ready — inproc://ev_ise → inproc://ev_entry
2026-09-30 09:34:07  [ALXWorker.EV        ]  INFO      ALXWorker ready — inproc://ev_entry → inproc://ev_alx
2026-09-30 09:34:07  [SizingWorker.EV     ]  INFO      SizingWorker ready — inproc://ev_alx → inproc://ev_sizing + PUB:5560
2026-09-30 09:34:07  [PyramidWorker.EV    ]  INFO      PyramidWorker ready — inproc://ev_sizing → inproc://ev_pyramid
2026-09-30 09:34:07  [ExitWorker.EV       ]  INFO      ExitWorker ready — SUB:5555 + inproc://ev_sizing → inproc://ev_exit
2026-09-30 09:34:07  [MAIN.EV             ]  INFO      ══════════════════════════════════════════════════════════════
2026-09-30 09:34:07  [MAIN.EV             ]  INFO       EV Engine — Layer 6  STARTED
2026-09-30 09:34:07  [MAIN.EV             ]  INFO        SUB(ticks)   ← tcp://localhost:5555
2026-09-30 09:34:07  [MAIN.EV             ]  INFO        SUB(MS)      ← tcp://localhost:5558
2026-09-30 09:34:07  [MAIN.EV             ]  INFO        SUB(PODS)    ← tcp://localhost:5559
2026-09-30 09:34:07  [MAIN.EV             ]  INFO        PUB(signals) → tcp://*:5560
2026-09-30 09:34:07  [MAIN.EV             ]  INFO        SQLite3      → C:\NewPrism\Backend\OutputDB/ev_output.db
2026-09-30 09:34:07  [MAIN.EV             ]  INFO        Logs         → C:\NewPrism\Backend\Logs/ev_<module>_<date>.log
2026-09-30 09:34:07  [MAIN.EV             ]  INFO        Modules: Scenario · EV · ISE · Entry · ALX · Sizing · Pyramid · Exit
2026-09-30 09:34:07  [MAIN.EV             ]  INFO      ══════════════════════════════════════════════════════════════
2026-09-30 09:34:07  [NewPrism.EV         ]  INFO      ✅  EV Engine (Layer 6) started — PUB tcp://*:5560
2026-09-30 09:34:07  [NewPrism            ]  INFO      ✅  Engine started: EV
2026-09-30 09:34:07  [RiskEngine.RISK     ]  INFO      Risk MS-Feed: SUB ← tcp://localhost:5558
2026-09-30 09:34:07  [RiskEngine.RISK     ]  INFO      Risk EV-Feed: SUB ← tcp://localhost:5560 → inproc://risk_trade_req
2026-09-30 09:34:07  [RiskEngine.RISK     ]  INFO      Risk Publisher: inproc://risk_decision → PUB tcp://*:5561
2026-09-30 09:34:07  [RiskEngine.RISK     ]  INFO      R16 periodic scanner: interval=60s
2026-09-30 09:34:07  [RiskEngine.RISK     ]  INFO      RiskWorker-0 started
2026-09-30 09:34:07  [RiskEngine.RISK     ]  INFO      RiskWorker-1 started
2026-09-30 09:34:07  [RiskEngine.RISK     ]  INFO      RiskWorker-2 started
2026-09-30 09:34:07  [RiskEngine.RISK     ]  INFO      RiskWorker-3 started
2026-09-30 09:34:07  [RiskEngine.RISK     ]  INFO      ══════════════════════════════════════════════════════════════
2026-09-30 09:34:07  [RiskEngine.RISK     ]  INFO       Risk Engine — Layer 7  STARTED
2026-09-30 09:34:07  [RiskEngine.RISK     ]  INFO        SUB(MarketState) ← tcp://localhost:5558
2026-09-30 09:34:07  [RiskEngine.RISK     ]  INFO        SUB(EV signals)  ← tcp://localhost:5560
2026-09-30 09:34:07  [RiskEngine.RISK     ]  INFO        PUB(decisions)   → tcp://*:5561
2026-09-30 09:34:07  [RiskEngine.RISK     ]  INFO        Workers          = 4 parallel Risk threads
2026-09-30 09:34:07  [RiskEngine.RISK     ]  INFO        SQLite3          → C:\NewPrism\Backend\OutputDB/risk_output.db
2026-09-30 09:34:07  [RiskEngine.RISK     ]  INFO        Logs             → C:\NewPrism\Backend\Logs/risk.log
2026-09-30 09:34:07  [RiskEngine.RISK     ]  INFO        R16 scan         every 60 s
2026-09-30 09:34:07  [RiskEngine.RISK     ]  INFO        Modules: R1·R2·R4·R6·R7·R8·R11·R12·R14·R15·R16
2026-09-30 09:34:07  [RiskEngine.RISK     ]  INFO      ══════════════════════════════════════════════════════════════
✅  Risk Engine (Layer 7) started — PUB tcp://*:5561  workers=4
2026-09-30 09:34:07  [NewPrism            ]  INFO      ✅  Engine started: Risk
2026-09-30 09:34:07  [CAEngine.CA         ]  INFO      CA MS-Feed: SUB ← tcp://localhost:5558
2026-09-30 09:34:07  [CAEngine.CA         ]  INFO      CA Risk-Feed: SUB ← tcp://localhost:5561
2026-09-30 09:34:07  [CAEngine.CA         ]  INFO      CA IntraDay worker started
2026-09-30 09:34:07  [CAEngine.CA         ]  INFO      CA EOD worker started (interval=3600s)
2026-09-30 09:34:07  [CAEngine.CA         ]  INFO      CA EOD Scheduler: firing every 3600s
2026-09-30 09:34:07  [CAEngine.CA         ]  INFO      CA Publisher: inproc://ca_result → PUB tcp://*:5562
2026-09-30 09:34:07  [NewPrism.MarketState]  INFO      MarketState scan cycle starting …
2026-09-30 09:34:08  [CAEngine.CA         ]  INFO      CA EOD pipeline starting: cycle=EOD
2026-09-30 09:34:08  [CAEngine.CA         ]  INFO      ══════════════════════════════════════════════════════════════
2026-09-30 09:34:08  [CAEngine.CA         ]  INFO       Capital Allocation Engine — Layer 7  STARTED
2026-09-30 09:34:08  [CAEngine.CA         ]  INFO      PVC: σ_ann=146.107% > σ_target=45.000% → ScaleFactor=0.5000
2026-09-30 09:34:08  [CAEngine.CA         ]  INFO        SUB(MarketState)  ← tcp://localhost:5558
2026-09-30 09:34:08  [CAEngine.CA         ]  WARNING   EMERGENCY/PROTECT activated: ['VOL_SPIKE: σ_ann=134.25% > 1.5×σ_target=45.00%']
2026-09-30 09:34:08  [CAEngine.CA         ]  INFO        SUB(Risk)         ← tcp://localhost:5561
2026-09-30 09:34:08  [CAEngine.CA         ]  INFO        PUB(allocations)  → tcp://*:5562
2026-09-30 09:34:08  [CAEngine.CA         ]  INFO        IntraDay throttle  = 30s
2026-09-30 09:34:08  [CAEngine.CA         ]  INFO        EOD interval       = 3600s
2026-09-30 09:34:08  [CAEngine.CA         ]  INFO        SQLite3            → C:\NewPrism\Backend\OutputDB/ca_output.db
2026-09-30 09:34:08  [CAEngine.CA         ]  INFO        Logs               → C:\NewPrism\Backend\Logs/ca.log
2026-09-30 09:34:08  [CAEngine.CA         ]  INFO        Pods tracked: P1, P2, P3, P4, P5, P6, P7, P8, P9, P10, P0
2026-09-30 09:34:08  [CAEngine.CA         ]  INFO        Pipeline: MCL→DDR→Waterfall→AUM→BaseW→Regime→DD→Beta→Corr→CRE→PVC→Clamp→Caps→RBA→Rebal→Audit
2026-09-30 09:34:08  [CAEngine.CA         ]  INFO      ══════════════════════════════════════════════════════════════
2026-09-30 09:34:08  [CAEngine.CA         ]  INFO      CA EOD [EOD]: dd=NORMAL g=1.000 deployable=7750000 | emg=True mstress=False | beta_sf=N/A pvc_sf=0.5000
✅  Capital Allocation Engine (Layer 7) started — PUB tcp://*:5562  pods=11
2026-09-30 09:34:08  [NewPrism            ]  INFO      ✅  Engine started: CapitalAllocation
2026-09-30 09:34:08  [CAEngine.CA         ]  WARNING   CA EMERGENCY ACTIVE: ['VOL_SPIKE: σ_ann=134.25% > 1.5×σ_target=45.00%']
2026-09-30 09:34:08  [CAEngine.CA         ]  WARNING   CA BREACHES: ['EMERGENCY:VOL_SPIKE: σ_ann=134.25% > 1.5×σ_target=45.00%']
2026-09-30 09:34:08  [NewPrism            ]  ERROR     ❌  Engine Governance failed to start: Non-UTF-8 code starting with '\x97' on line 1351, but no encoding declared; see https://peps.python.org/pep-0263/ for details (TGS.py, line 1351)
2026-09-30 09:34:08  [Portfolio.PORT      ]  INFO      PORT MS-Feed: SUB ← tcp://localhost:5558
2026-09-30 09:34:08  [Portfolio.PORT      ]  INFO      PORT CA-Feed: SUB ← tcp://localhost:5562
2026-09-30 09:34:08  [Portfolio.PORT      ]  INFO      PORT GOV-Feed: SUB ← tcp://localhost:5563
2026-09-30 09:34:08  [Portfolio.PORT      ]  INFO      PORT Publisher: inproc://port_result → PUB tcp://*:5564
2026-09-30 09:34:09  [Portfolio.PORT      ]  INFO      PORT Worker-0 started
2026-09-30 09:34:09  [Portfolio.PORT      ]  INFO      PORT Worker-1 started
2026-09-30 09:34:09  [Portfolio.PORT      ]  INFO      PORT Worker-2 started
2026-09-30 09:34:09  [Portfolio.PORT      ]  INFO      ══════════════════════════════════════════════════════════════
2026-09-30 09:34:09  [Portfolio.PORT      ]  INFO      PORT Worker-3 started
2026-09-30 09:34:09  [Portfolio.PORT      ]  INFO       Portfolio Engine — Layer 8  STARTED
2026-09-30 09:34:09  [Portfolio.PORT      ]  INFO        SUB(MarketState) ← tcp://localhost:5558
2026-09-30 09:34:09  [Portfolio.PORT      ]  INFO        SUB(Risk)        ← tcp://localhost:5561
2026-09-30 09:34:09  [Portfolio.PORT      ]  INFO        SUB(CA)          ← tcp://localhost:5562
2026-09-30 09:34:09  [Portfolio.PORT      ]  INFO        SUB(Governance)  ← tcp://localhost:5563
2026-09-30 09:34:09  [Portfolio.PORT      ]  INFO        PUB(portfolio)   → tcp://*:5564
2026-09-30 09:34:09  [Portfolio.PORT      ]  INFO        Workers          = 4 parallel Portfolio threads
2026-09-30 09:34:09  [Portfolio.PORT      ]  INFO        SQLite3          → C:\NewPrism\Backend\OutputDB/portfolio_output.db
2026-09-30 09:34:09  [Portfolio.PORT      ]  INFO        Logs             → C:\NewPrism\Backend\Logs/portfolio.log
2026-09-30 09:34:09  [Portfolio.PORT      ]  INFO        Engines: TPCE-INDEX · TPCE-FNO · TPCE-CASH · InvestingEngine
2026-09-30 09:34:09  [Portfolio.PORT      ]  INFO      ══════════════════════════════════════════════════════════════
✅  Portfolio Engine (Layer 8) started — PUB tcp://*:5564  workers=4
2026-09-30 09:34:09  [NewPrism            ]  INFO      ✅  Engine started: Portfolio
2026-09-30 09:34:09  [LIVE                ]  INFO      ✅ GDFL: 429 subscriptions sent (stocks=213, indices=9, futures=207)
2026-09-30 09:34:09  [LIVE                ]  INFO      📡 GDFL OC subscription loop started — initial pass in 3s
📊 [09:34:09] src=GDFL  stocks=1/213 | indices=0/9 | futures=0/207 | options=0/617 | greeks=0/617  total_ticks=1
2026-09-30 09:34:09  [INIT.SOR            ]  INFO      SOR initialising | db=C:\NewPrism\Backend\OutputDB\sor_output.db
2026-09-30 09:34:09  [NewPrism.SOR        ]  ERROR     SOR engine start() raised: [Errno 2] No such file or directory: ''
Traceback (most recent call last):
  File "/home/frl/NewPrism/Backend/Engines/SOR/__init__.py", line 147, in start
    ok = mod.start(logs_dir=_LOG_DIR, db_path=_DB_PATH)
  File "/home/frl/NewPrism/Backend/Engines/SOR/SOR.py", line 1142, in start
    os.makedirs(os.path.dirname(db_path), exist_ok=True)
    ~~~~~~~~~~~^^^^^^^^^^^^^^^^^^^^^^^^^^^^^^^^^^^^^^^^^
  File "<frozen os>", line 236, in makedirs
FileNotFoundError: [Errno 2] No such file or directory: ''
2026-09-30 09:34:09  [NewPrism            ]  INFO      ✅  Engine started: SOR
2026-09-30 09:34:09  [NewPrism            ]  INFO      ✅  All engines online: AMA, SFE, MarketState, EV, Risk, CapitalAllocation, Portfolio, SOR
2026-09-30 09:34:09  [NewPrism            ]  INFO      🟢  NewPrism running — Ctrl-C to stop

2026-09-30 09:34:09  [CAEngine.CA         ]  INFO      CA Scheduler fired: cycle=EOD
2026-09-30 09:34:10  [NewPrism.MarketState]  INFO      Candles loaded: 15/20 non-empty
2026-09-30 09:34:10  [NewPrism.MarketState]  ERROR     [MES] runner error: No module named 'timeframes'
2026-09-30 09:34:10  [NewPrism.MarketState]  ERROR     [DPR] runner error: No module named 'timeframes'
2026-09-30 09:34:10  [NewPrism.MarketState]  ERROR     [TWR] runner error: No module named 'timeframes'
2026-09-30 09:34:10  [NewPrism.MarketState]  ERROR     [MRE] runner error: No module named 'timeframes'
2026-09-30 09:34:12  [NewPrism.MarketState]  INFO      Scan cycle complete — 9/13 modules OK | 4 symbols broadcast
2026-09-30 09:34:13  [LIVE                ]  INFO      📡 GDFL OC: subscribed/updated 309 product×expiry combos (depth=10)
2026-09-30 09:34:16  [L3.AMA              ]  INFO        📊 [STOCKS] 213 symbols | 852 ok | 0 err | 9623 ms
2026-09-30 09:34:17  [LIVE                ]  INFO      📡 GDFL OC: subscribed/updated 299 product×expiry combos (depth=10)
2026-09-30 09:34:17  [LIVE                ]  INFO      📡 GDFL OC: subscribed/updated 9 product×expiry combos (depth=10)
2026-09-30 09:34:18  [CAEngine.CA         ]  INFO      ✅ CA DB verification: ca_allocations=6  ca_pod_allocations=66 → C:\NewPrism\Backend\OutputDB/ca_output.db
📊 [09:34:19] src=GDFL  stocks=213/213 | indices=8/9 | futures=176/207 | options=7/617 | greeks=7/617  total_ticks=2,661
2026-09-30 09:34:21  [L3.AMA              ]  INFO        📊 [FUTURES] 207 symbols | 770 ok | 58 err | 4744 ms
Exception in thread AMA-Scanner:
Traceback (most recent call last):
  File "/usr/lib/python3.14/threading.py", line 1082, in _bootstrap_inner
  File "/usr/lib/python3.14/threading.py", line 1024, in run
  File "/home/frl/NewPrism/Backend/Engines/AMA/AMA.py", line 2410, in _scanner_loop
  File "/home/frl/NewPrism/Backend/Engines/AMA/AMA.py", line 2290, in _write_scan_log
sqlite3.OperationalError: unable to open database file
2026-09-30 09:34:21  [L3.AMA              ]  ERROR     ❌ AMA DB verification failed: unable to open database file  path=C:\NewPrism\Backend\OutputDB/ama_output.db
2026-09-30 09:34:26  [NewPrism.MarketState]  ERROR     ❌ MarketState DB verification failed: unable to open database file  path=C:\NewPrism\Backend\OutputDB/marketstate_output.db
2026-09-30 09:35:01  [NewPrism            ]  INFO      ✅  data_miner_patch applied — 1m candle-close ZMQ signals active
2026-09-30 09:35:01  [ZMQ.PUB]  INFO  Killed stale process 205262 on port 5555
Killed
2026-09-30 09:35:02  [ZMQ.PUB]  INFO  Publisher bound → tcp://*:5555
2026-09-30 09:35:02  [NewPrism            ]  INFO      ✅  L1 ZMQ publisher started → tcp://*:5555
════════════════════════════════════════════════════════════════════════════════
  🚀  NewPrism Backend — Multi-Layer Market Intelligence System
  PG         : localhost:5432/live
  Source     : auto-select
  L1 ZMQ PUB : tcp://*:5555  (tick feed → AMA)
  L2 ZMQ PUB : tcp://*:5556  (AMA signals → downstream)
  L2 Candle  : ✅ event-driven (1m close)
  Console    : disabled
  Layer 1    : ✅ LiveData                              (ZMQ :5555)
  Layer 2    : ✅ AMA  (ZMQ :5556)
  Layer 3    : ✅ SFE  (ZMQ :5557)
  Layer 4    : ✅ MarketState  (ZMQ :5558)
  Layer 5    : ✅ PODS  (ZMQ :5559)
  Layer 6    : ✅ EV Engine  (ZMQ :5560)
  Layer 7a   : ✅ Risk Engine  (ZMQ :5561)
  Layer 7b   : ✅ Capital Alloc.  (ZMQ :5562)
  Engines    : AMA, SFE, MarketState, PODS, EV, Risk, CapitalAllocation, Governance, Portfolio, SOR
════════════════════════════════════════════════════════════════════════════════
2026-09-30 09:35:02  [NewPrism            ]  INFO      📥  Bootstrapping instrument tokens …
2026-09-30 09:35:02  [LIVE                ]  INFO      ⬇️  Kite instrument master …
2026-09-30 09:35:03  [LIVE                ]  INFO        → Stocks:213 Indices:9 Futures:207 Options:34971 Products:215
2026-09-30 09:35:03  [LIVE                ]  INFO      🔧 AUTO source selection enabled
2026-09-30 09:35:03  [NewPrism            ]  INFO      🗄️   Connecting PostgreSQL @ localhost:5432/live …
2026-09-30 09:35:03  [LIVE                ]  INFO      ✅ PG pool [10–32] → localhost:5432/live
2026-09-30 09:35:03  [LIVE                ]  INFO      📊 Creating tables …
2026-09-30 09:35:05  [LIVE                ]  INFO      ✅ Tables ready
2026-09-30 09:35:05  [LIVE                ]  INFO      ✅ repair_ohlc_constraints: all MTF tables already have UNIQUE constraint
2026-09-30 09:35:05  [NewPrism            ]  INFO      ✅  PostgreSQL ready
2026-09-30 09:35:05  [NewPrism            ]  INFO      🔧  Starting worker threads …
2026-09-30 09:35:05  [LIVE                ]  INFO      ▶️  OHLC-STO-0
2026-09-30 09:35:05  [LIVE                ]  INFO      ▶️  OHLC-STO-1
2026-09-30 09:35:05  [LIVE                ]  INFO      ▶️  OHLC-STO-2
2026-09-30 09:35:05  [LIVE                ]  INFO      ▶️  OHLC-IND-0
2026-09-30 09:35:05  [LIVE                ]  INFO      ▶️  OHLC-STO-3
2026-09-30 09:35:05  [LIVE                ]  INFO      ▶️  OHLC-IND-1
2026-09-30 09:35:05  [LIVE                ]  INFO      ▶️  OHLC-FUT-0
2026-09-30 09:35:05  [LIVE                ]  INFO      ▶️  OHLC-FUT-1
2026-09-30 09:35:05  [LIVE                ]  INFO      ▶️  OHLC-FUT-2
2026-09-30 09:35:05  [LIVE                ]  INFO      ▶️  OHLC-FUT-3
2026-09-30 09:35:05  [LIVE                ]  INFO      ▶️  OPT-0
2026-09-30 09:35:05  [LIVE                ]  INFO      ▶️  OPT-1
2026-09-30 09:35:05  [LIVE                ]  INFO      ▶️  GRK-4
2026-09-30 09:35:05  [LIVE                ]  INFO      ▶️  GRK-5
2026-09-30 09:35:05  [LIVE                ]  INFO      ▶️  GRK-0
2026-09-30 09:35:05  [LIVE                ]  INFO      ▶️  GRK-1
2026-09-30 09:35:05  [LIVE                ]  INFO      ▶️  GRK-2
2026-09-30 09:35:05  [LIVE                ]  INFO      ▶️  GRK-3
2026-09-30 09:35:05  [LIVE                ]  INFO      ▶️  OPT-2
2026-09-30 09:35:05  [LIVE                ]  INFO      ▶️  OPT-3
2026-09-30 09:35:05  [NewPrism            ]  INFO      ✅  Workers  stocks=4  indices=2  futures=4  options=4  greeks=6
2026-09-30 09:35:05  [LIVE                ]  INFO      🔄 GDFL: connecting …
2026-09-30 09:35:05  [LIVE                ]  INFO      🟡 Kite engine on standby
2026-09-30 09:35:05  [NewPrism            ]  INFO      ✅  L1 source threads started
2026-09-30 09:35:05  [NewPrism            ]  INFO      ⚙️   Starting engines (Layers 2–7) …
2026-09-30 09:35:05  [websocket           ]  INFO      Websocket connected
2026-09-30 09:35:05  [LIVE                ]  INFO      🔌 GDFL connected — authenticating …
2026-09-30 09:35:05  [LIVE                ]  INFO      ✅ GDFL auth OK — subscribing 429 instruments
2026-09-30 09:35:06  [L3.AMA              ]  INFO      ════════════════════════════════════════════════════════════
2026-09-30 09:35:06  [L3.AMA              ]  INFO      ▶  AMA Layer-3 Engine — initialising
2026-09-30 09:35:06  [L3.AMA              ]  INFO      ════════════════════════════════════════════════════════════
2026-09-30 09:35:06  [L3.AMA              ]  INFO        ✅ SQLite ready → C:\NewPrism\Backend\OutputDB/ama_output.db
2026-09-30 09:35:06  [L3.AMA              ]  INFO        ✅ AMAEngine ready
2026-09-30 09:35:06  [L3.AMA              ]  INFO        ✅ AMA ZMQ PUB → tcp://*:5556
2026-09-30 09:35:06  [L3.AMA              ]  INFO        ✅ AMA TickWatcher → tcp://localhost:5555
2026-09-30 09:35:06  [L3.AMA              ]  INFO        ▶ AMA Scanner started
2026-09-30 09:35:06  [L3.AMA              ]  INFO      ════════════════════════════════════════════════════════════
2026-09-30 09:35:06  [L3.AMA              ]  INFO      ✅ AMA Layer-3 ready
2026-09-30 09:35:06  [L3.AMA              ]  INFO         ZMQ SUB  ← tcp://localhost:5555
2026-09-30 09:35:06  [L3.AMA              ]  INFO         ZMQ PUB  → tcp://*:5556
2026-09-30 09:35:06  [L3.AMA              ]  INFO         SQLite   → C:\NewPrism\Backend\OutputDB/ama_output.db
2026-09-30 09:35:06  [L3.AMA              ]  INFO         Schemas  : STOCKS, FUTURES, INDICES, GREEKS
2026-09-30 09:35:06  [L3.AMA              ]  INFO         TFs      : 1m, 5m, 15m, 1H, 1D, 1W
2026-09-30 09:35:06  [L3.AMA              ]  INFO         Interval : 60s
2026-09-30 09:35:06  [L3.AMA              ]  INFO      ════════════════════════════════════════════════════════════
2026-09-30 09:35:06  [NewPrism            ]  INFO      ✅  Engine started: AMA
2026-09-30 09:35:06  [NewPrism.SFE        ]  ERROR     Cannot start SFE engine: sfe_engine binary not found at 'C:\NewPrism\Backend\Engines\SFE\build\sfe_engine.exe'.
Build it first:
  cd /home/frl/NewPrism/Backend/Engines/SFE
  mkdir -p build && cd build
  cmake .. && make -j$(nproc)
Or set SFE_BINARY=/path/to/sfe_engine in your environment.
2026-09-30 09:35:06  [NewPrism            ]  INFO      ✅  Engine started: SFE
2026-09-30 09:35:06  [NewPrism.MarketState]  INFO      MarketState log → C:\NewPrism\Backend\Logs/marketstate_2026-09-30.log
2026-09-30 09:35:06  [NewPrism.MarketState]  INFO      MarketState SQLite DB ready → C:\NewPrism\Backend\OutputDB/marketstate_output.db
2026-09-30 09:35:06  [NewPrism.MarketState]  INFO      ZMQ SUB ← tcp://localhost:5557
2026-09-30 09:35:06  [NewPrism.MarketState]  INFO      ZMQ PUB → tcp://*:5558
2026-09-30 09:35:06  [NewPrism.MarketState]  INFO      ==============================================================
2026-09-30 09:35:06  [NewPrism.MarketState]  INFO        NewPrism MarketState Engine  v1.0
2026-09-30 09:35:06  [NewPrism.MarketState]  INFO        Layer 4 — Parallel Market Analysis (13 modules)
2026-09-30 09:35:06  [NewPrism.MarketState]  INFO        SUB(SFE)  ← tcp://localhost:5557
2026-09-30 09:35:06  [NewPrism.MarketState]  INFO        PUB(MS)   → tcp://*:5558
2026-09-30 09:35:06  [NewPrism.MarketState]  INFO        Log dir   : C:\NewPrism\Backend\Logs
2026-09-30 09:35:06  [NewPrism.MarketState]  INFO        Output DB : C:\NewPrism\Backend\OutputDB/marketstate_output.db
2026-09-30 09:35:06  [NewPrism.MarketState]  INFO        Tables    : STOCKS, FUTURES, GREEKS, INDICES
2026-09-30 09:35:06  [NewPrism.MarketState]  INFO        Timeframes: 1m, 5m, 15m, 1H, 1D
2026-09-30 09:35:06  [NewPrism.MarketState]  INFO        Modules   : DPR, EMIO, IPSE, LDPE, MCL, MES, MONEY, MRE, MSE, MomentumFactor, OI, TWR, VCE
2026-09-30 09:35:06  [NewPrism.MarketState]  INFO      ==============================================================
2026-09-30 09:35:06  [NewPrism.MarketState]  INFO      MarketState background loop started (interval=60s)
2026-09-30 09:35:06  [NewPrism.MarketState]  INFO      MarketState engine started (pid-thread=MarketState-main)
2026-09-30 09:35:06  [NewPrism            ]  INFO      ✅  Engine started: MarketState
2026-09-30 09:35:06  [NewPrism.PODS       ]  INFO      Starting PODS engine: /home/frl/NewPrism/Backend/Engines/PODS/build/pods_engine.exe
2026-09-30 09:35:06  [NewPrism            ]  ERROR     ❌  Engine PODS failed to start: [Errno 8] Exec format error: '/home/frl/NewPrism/Backend/Engines/PODS/build/pods_engine.exe'
2026-09-30 09:35:06  [L3.AMA              ]  INFO        ✅ PG pool ready → localhost:5432/live
2026-09-30 09:35:06  [NewPrism.EV         ]  INFO      Starting EV Engine (Layer 6) | logs=C:\NewPrism\Backend\Logs | db=C:\NewPrism\Backend\OutputDB/ev_output.db
2026-09-30 09:35:06  [MAIN.EV             ]  INFO      MS-Feed thread: SUB ← tcp://localhost:5558
2026-09-30 09:35:06  [ScenarioWorker.EV   ]  INFO      ScenarioWorker ready — SUB:5559 → inproc://ev_scenario + ev_result
2026-09-30 09:35:06  [ISEWorker.EV        ]  INFO      ISEWorker ready — inproc://ev_result → inproc://ev_ise
2026-09-30 09:35:06  [EntryWorker.EV      ]  INFO      EntryWorker ready — inproc://ev_ise → inproc://ev_entry
2026-09-30 09:35:06  [ALXWorker.EV        ]  INFO      ALXWorker ready — inproc://ev_entry → inproc://ev_alx
2026-09-30 09:35:06  [SizingWorker.EV     ]  INFO      SizingWorker ready — inproc://ev_alx → inproc://ev_sizing + PUB:5560
2026-09-30 09:35:07  [PyramidWorker.EV    ]  INFO      PyramidWorker ready — inproc://ev_sizing → inproc://ev_pyramid
2026-09-30 09:35:07  [ExitWorker.EV       ]  INFO      ExitWorker ready — SUB:5555 + inproc://ev_sizing → inproc://ev_exit
2026-09-30 09:35:07  [MAIN.EV             ]  INFO      ══════════════════════════════════════════════════════════════
2026-09-30 09:35:07  [MAIN.EV             ]  INFO       EV Engine — Layer 6  STARTED
2026-09-30 09:35:07  [MAIN.EV             ]  INFO        SUB(ticks)   ← tcp://localhost:5555
2026-09-30 09:35:07  [MAIN.EV             ]  INFO        SUB(MS)      ← tcp://localhost:5558
2026-09-30 09:35:07  [MAIN.EV             ]  INFO        SUB(PODS)    ← tcp://localhost:5559
2026-09-30 09:35:07  [MAIN.EV             ]  INFO        PUB(signals) → tcp://*:5560
2026-09-30 09:35:07  [MAIN.EV             ]  INFO        SQLite3      → C:\NewPrism\Backend\OutputDB/ev_output.db
2026-09-30 09:35:07  [MAIN.EV             ]  INFO        Logs         → C:\NewPrism\Backend\Logs/ev_<module>_<date>.log
2026-09-30 09:35:07  [MAIN.EV             ]  INFO        Modules: Scenario · EV · ISE · Entry · ALX · Sizing · Pyramid · Exit
2026-09-30 09:35:07  [MAIN.EV             ]  INFO      ══════════════════════════════════════════════════════════════
2026-09-30 09:35:07  [NewPrism.EV         ]  INFO      ✅  EV Engine (Layer 6) started — PUB tcp://*:5560
2026-09-30 09:35:07  [NewPrism            ]  INFO      ✅  Engine started: EV
2026-09-30 09:35:07  [RiskEngine.RISK     ]  INFO      Risk MS-Feed: SUB ← tcp://localhost:5558
2026-09-30 09:35:07  [RiskEngine.RISK     ]  INFO      Risk EV-Feed: SUB ← tcp://localhost:5560 → inproc://risk_trade_req
2026-09-30 09:35:07  [RiskEngine.RISK     ]  INFO      Risk Publisher: inproc://risk_decision → PUB tcp://*:5561
2026-09-30 09:35:07  [RiskEngine.RISK     ]  INFO      R16 periodic scanner: interval=60s
2026-09-30 09:35:07  [RiskEngine.RISK     ]  INFO      RiskWorker-0 started
2026-09-30 09:35:07  [RiskEngine.RISK     ]  INFO      RiskWorker-1 started
2026-09-30 09:35:07  [RiskEngine.RISK     ]  INFO      RiskWorker-2 started
2026-09-30 09:35:07  [RiskEngine.RISK     ]  INFO      RiskWorker-3 started
2026-09-30 09:35:07  [RiskEngine.RISK     ]  INFO      ══════════════════════════════════════════════════════════════
2026-09-30 09:35:07  [RiskEngine.RISK     ]  INFO       Risk Engine — Layer 7  STARTED
2026-09-30 09:35:07  [RiskEngine.RISK     ]  INFO        SUB(MarketState) ← tcp://localhost:5558
2026-09-30 09:35:07  [RiskEngine.RISK     ]  INFO        SUB(EV signals)  ← tcp://localhost:5560
2026-09-30 09:35:07  [RiskEngine.RISK     ]  INFO        PUB(decisions)   → tcp://*:5561
2026-09-30 09:35:07  [RiskEngine.RISK     ]  INFO        Workers          = 4 parallel Risk threads
2026-09-30 09:35:07  [RiskEngine.RISK     ]  INFO        SQLite3          → C:\NewPrism\Backend\OutputDB/risk_output.db
2026-09-30 09:35:07  [RiskEngine.RISK     ]  INFO        Logs             → C:\NewPrism\Backend\Logs/risk.log
2026-09-30 09:35:07  [RiskEngine.RISK     ]  INFO        R16 scan         every 60 s
2026-09-30 09:35:07  [RiskEngine.RISK     ]  INFO        Modules: R1·R2·R4·R6·R7·R8·R11·R12·R14·R15·R16
2026-09-30 09:35:07  [RiskEngine.RISK     ]  INFO      ══════════════════════════════════════════════════════════════
✅  Risk Engine (Layer 7) started — PUB tcp://*:5561  workers=4
2026-09-30 09:35:07  [NewPrism            ]  INFO      ✅  Engine started: Risk
2026-09-30 09:35:07  [CAEngine.CA         ]  INFO      CA MS-Feed: SUB ← tcp://localhost:5558
2026-09-30 09:35:07  [CAEngine.CA         ]  INFO      CA Risk-Feed: SUB ← tcp://localhost:5561
2026-09-30 09:35:07  [CAEngine.CA         ]  INFO      CA IntraDay worker started
2026-09-30 09:35:07  [CAEngine.CA         ]  INFO      CA EOD worker started (interval=3600s)
2026-09-30 09:35:07  [LIVE                ]  INFO      ✅ GDFL: 429 subscriptions sent (stocks=213, indices=9, futures=207)
2026-09-30 09:35:07  [LIVE                ]  INFO      📡 GDFL OC subscription loop started — initial pass in 3s
📊 [09:35:07] src=GDFL  stocks=1/213 | indices=0/9 | futures=0/207 | options=0/617 | greeks=0/617  total_ticks=1
2026-09-30 09:35:07  [CAEngine.CA         ]  INFO      CA EOD Scheduler: firing every 3600s
2026-09-30 09:35:07  [CAEngine.CA         ]  INFO      CA Publisher: inproc://ca_result → PUB tcp://*:5562
2026-09-30 09:35:07  [NewPrism.MarketState]  INFO      MarketState scan cycle starting …
2026-09-30 09:35:08  [CAEngine.CA         ]  INFO      ══════════════════════════════════════════════════════════════
2026-09-30 09:35:08  [CAEngine.CA         ]  INFO      CA EOD pipeline starting: cycle=EOD
2026-09-30 09:35:08  [CAEngine.CA         ]  INFO       Capital Allocation Engine — Layer 7  STARTED
2026-09-30 09:35:08  [CAEngine.CA         ]  INFO        SUB(MarketState)  ← tcp://localhost:5558
2026-09-30 09:35:08  [CAEngine.CA         ]  INFO        SUB(Risk)         ← tcp://localhost:5561
2026-09-30 09:35:08  [CAEngine.CA         ]  INFO      PVC: σ_ann=146.107% > σ_target=45.000% → ScaleFactor=0.5000
2026-09-30 09:35:08  [CAEngine.CA         ]  INFO        PUB(allocations)  → tcp://*:5562
2026-09-30 09:35:08  [CAEngine.CA         ]  WARNING   EMERGENCY/PROTECT activated: ['VOL_SPIKE: σ_ann=134.25% > 1.5×σ_target=45.00%']
2026-09-30 09:35:08  [CAEngine.CA         ]  INFO        IntraDay throttle  = 30s
2026-09-30 09:35:08  [CAEngine.CA         ]  INFO        EOD interval       = 3600s
2026-09-30 09:35:08  [CAEngine.CA         ]  INFO        SQLite3            → C:\NewPrism\Backend\OutputDB/ca_output.db
2026-09-30 09:35:08  [CAEngine.CA         ]  INFO        Logs               → C:\NewPrism\Backend\Logs/ca.log
2026-09-30 09:35:08  [CAEngine.CA         ]  INFO        Pods tracked: P1, P2, P3, P4, P5, P6, P7, P8, P9, P10, P0
2026-09-30 09:35:08  [CAEngine.CA         ]  INFO        Pipeline: MCL→DDR→Waterfall→AUM→BaseW→Regime→DD→Beta→Corr→CRE→PVC→Clamp→Caps→RBA→Rebal→Audit
2026-09-30 09:35:08  [CAEngine.CA         ]  INFO      ══════════════════════════════════════════════════════════════
✅  Capital Allocation Engine (Layer 7) started — PUB tcp://*:5562  pods=11
2026-09-30 09:35:08  [CAEngine.CA         ]  INFO      CA EOD [EOD]: dd=NORMAL g=1.000 deployable=7750000 | emg=True mstress=False | beta_sf=N/A pvc_sf=0.5000
2026-09-30 09:35:08  [NewPrism            ]  INFO      ✅  Engine started: CapitalAllocation
2026-09-30 09:35:08  [CAEngine.CA         ]  WARNING   CA EMERGENCY ACTIVE: ['VOL_SPIKE: σ_ann=134.25% > 1.5×σ_target=45.00%']
2026-09-30 09:35:08  [CAEngine.CA         ]  WARNING   CA BREACHES: ['EMERGENCY:VOL_SPIKE: σ_ann=134.25% > 1.5×σ_target=45.00%']
2026-09-30 09:35:08  [NewPrism            ]  ERROR     ❌  Engine Governance failed to start: Non-UTF-8 code starting with '\x97' on line 1351, but no encoding declared; see https://peps.python.org/pep-0263/ for details (TGS.py, line 1351)
2026-09-30 09:35:08  [Portfolio.PORT      ]  INFO      PORT MS-Feed: SUB ← tcp://localhost:5558
2026-09-30 09:35:08  [Portfolio.PORT      ]  INFO      PORT CA-Feed: SUB ← tcp://localhost:5562
2026-09-30 09:35:08  [Portfolio.PORT      ]  INFO      PORT GOV-Feed: SUB ← tcp://localhost:5563
2026-09-30 09:35:08  [Portfolio.PORT      ]  INFO      PORT Publisher: inproc://port_result → PUB tcp://*:5564
2026-09-30 09:35:08  [Portfolio.PORT      ]  INFO      PORT Worker-0 started
2026-09-30 09:35:08  [Portfolio.PORT      ]  INFO      PORT Worker-1 started
2026-09-30 09:35:08  [Portfolio.PORT      ]  INFO      PORT Worker-2 started
2026-09-30 09:35:09  [Portfolio.PORT      ]  INFO      ══════════════════════════════════════════════════════════════
2026-09-30 09:35:09  [Portfolio.PORT      ]  INFO       Portfolio Engine — Layer 8  STARTED
2026-09-30 09:35:09  [Portfolio.PORT      ]  INFO      PORT Worker-3 started
2026-09-30 09:35:09  [Portfolio.PORT      ]  INFO        SUB(MarketState) ← tcp://localhost:5558
2026-09-30 09:35:09  [Portfolio.PORT      ]  INFO        SUB(Risk)        ← tcp://localhost:5561
2026-09-30 09:35:09  [Portfolio.PORT      ]  INFO        SUB(CA)          ← tcp://localhost:5562
2026-09-30 09:35:09  [Portfolio.PORT      ]  INFO        SUB(Governance)  ← tcp://localhost:5563
2026-09-30 09:35:09  [Portfolio.PORT      ]  INFO        PUB(portfolio)   → tcp://*:5564
2026-09-30 09:35:09  [Portfolio.PORT      ]  INFO        Workers          = 4 parallel Portfolio threads
2026-09-30 09:35:09  [Portfolio.PORT      ]  INFO        SQLite3          → C:\NewPrism\Backend\OutputDB/portfolio_output.db
2026-09-30 09:35:09  [Portfolio.PORT      ]  INFO        Logs             → C:\NewPrism\Backend\Logs/portfolio.log
2026-09-30 09:35:09  [Portfolio.PORT      ]  INFO        Engines: TPCE-INDEX · TPCE-FNO · TPCE-CASH · InvestingEngine
2026-09-30 09:35:09  [Portfolio.PORT      ]  INFO      ══════════════════════════════════════════════════════════════
✅  Portfolio Engine (Layer 8) started — PUB tcp://*:5564  workers=4
2026-09-30 09:35:09  [NewPrism            ]  INFO      ✅  Engine started: Portfolio
2026-09-30 09:35:09  [INIT.SOR            ]  INFO      SOR initialising | db=C:\NewPrism\Backend\OutputDB\sor_output.db
2026-09-30 09:35:09  [NewPrism.SOR        ]  ERROR     SOR engine start() raised: [Errno 2] No such file or directory: ''
Traceback (most recent call last):
  File "/home/frl/NewPrism/Backend/Engines/SOR/__init__.py", line 147, in start
    ok = mod.start(logs_dir=_LOG_DIR, db_path=_DB_PATH)
  File "/home/frl/NewPrism/Backend/Engines/SOR/SOR.py", line 1142, in start
    os.makedirs(os.path.dirname(db_path), exist_ok=True)
    ~~~~~~~~~~~^^^^^^^^^^^^^^^^^^^^^^^^^^^^^^^^^^^^^^^^^
  File "<frozen os>", line 236, in makedirs
FileNotFoundError: [Errno 2] No such file or directory: ''
2026-09-30 09:35:09  [NewPrism            ]  INFO      ✅  Engine started: SOR
2026-09-30 09:35:09  [NewPrism            ]  INFO      ✅  All engines online: AMA, SFE, MarketState, EV, Risk, CapitalAllocation, Portfolio, SOR
2026-09-30 09:35:09  [NewPrism            ]  INFO      🟢  NewPrism running — Ctrl-C to stop

2026-09-30 09:35:09  [CAEngine.CA         ]  INFO      CA Scheduler fired: cycle=EOD
2026-09-30 09:35:10  [LIVE                ]  INFO      📡 GDFL OC: subscribed/updated 123 product×expiry combos (depth=10)
2026-09-30 09:35:10  [NewPrism.MarketState]  INFO      Candles loaded: 15/20 non-empty
2026-09-30 09:35:10  [NewPrism.MarketState]  ERROR     [MES] runner error: No module named 'timeframes'
2026-09-30 09:35:10  [NewPrism.MarketState]  ERROR     [DPR] runner error: No module named 'timeframes'
2026-09-30 09:35:10  [NewPrism.MarketState]  ERROR     [TWR] runner error: No module named 'timeframes'
2026-09-30 09:35:10  [NewPrism.MarketState]  ERROR     [MRE] runner error: No module named 'timeframes'
2026-09-30 09:35:12  [NewPrism.MarketState]  INFO      Scan cycle complete — 9/13 modules OK | 4 symbols broadcast
2026-09-30 09:35:16  [LIVE                ]  INFO      📡 GDFL OC: subscribed/updated 494 product×expiry combos (depth=10)
2026-09-30 09:35:17  [L3.AMA              ]  INFO        📊 [STOCKS] 213 symbols | 852 ok | 0 err | 10281 ms
📊 [09:35:17] src=GDFL  stocks=212/213 | indices=9/9 | futures=103/207 | options=1/617 | greeks=1/617  total_ticks=1,353
2026-09-30 09:35:18  [CAEngine.CA         ]  INFO      ✅ CA DB verification: ca_allocations=7  ca_pod_allocations=77 → C:\NewPrism\Backend\OutputDB/ca_output.db
2026-09-30 09:35:21  [L3.AMA              ]  INFO        📊 [FUTURES] 207 symbols | 726 ok | 102 err | 4330 ms
Exception in thread AMA-Scanner:
Traceback (most recent call last):
  File "/usr/lib/python3.14/threading.py", line 1082, in _bootstrap_inner
  File "/usr/lib/python3.14/threading.py", line 1024, in run
  File "/home/frl/NewPrism/Backend/Engines/AMA/AMA.py", line 2410, in _scanner_loop
  File "/home/frl/NewPrism/Backend/Engines/AMA/AMA.py", line 2290, in _write_scan_log
sqlite3.OperationalError: unable to open database file
2026-09-30 09:35:21  [L3.AMA              ]  ERROR     ❌ AMA DB verification failed: unable to open database file  path=C:\NewPrism\Backend\OutputDB/ama_output.db
2026-09-30 09:35:26  [NewPrism.MarketState]  ERROR     ❌ MarketState DB verification failed: unable to open database file  path=C:\NewPrism\Backend\OutputDB/marketstate_output.db
2026-09-30 09:36:02  [NewPrism            ]  INFO      ✅  data_miner_patch applied — 1m candle-close ZMQ signals active
2026-09-30 09:36:02  [ZMQ.PUB]  INFO  Killed stale process 205819 on port 5555
Killed
2026-09-30 09:36:02  [ZMQ.PUB]  INFO  Publisher bound → tcp://*:5555
2026-09-30 09:36:02  [NewPrism            ]  INFO      ✅  L1 ZMQ publisher started → tcp://*:5555
════════════════════════════════════════════════════════════════════════════════
  🚀  NewPrism Backend — Multi-Layer Market Intelligence System
  PG         : localhost:5432/live
  Source     : auto-select
  L1 ZMQ PUB : tcp://*:5555  (tick feed → AMA)
  L2 ZMQ PUB : tcp://*:5556  (AMA signals → downstream)
  L2 Candle  : ✅ event-driven (1m close)
  Console    : disabled
  Layer 1    : ✅ LiveData                              (ZMQ :5555)
  Layer 2    : ✅ AMA  (ZMQ :5556)
  Layer 3    : ✅ SFE  (ZMQ :5557)
  Layer 4    : ✅ MarketState  (ZMQ :5558)
  Layer 5    : ✅ PODS  (ZMQ :5559)
  Layer 6    : ✅ EV Engine  (ZMQ :5560)
  Layer 7a   : ✅ Risk Engine  (ZMQ :5561)
  Layer 7b   : ✅ Capital Alloc.  (ZMQ :5562)
  Engines    : AMA, SFE, MarketState, PODS, EV, Risk, CapitalAllocation, Governance, Portfolio, SOR
════════════════════════════════════════════════════════════════════════════════
2026-09-30 09:36:02  [NewPrism            ]  INFO      📥  Bootstrapping instrument tokens …
2026-09-30 09:36:02  [LIVE                ]  INFO      ⬇️  Kite instrument master …
2026-09-30 09:36:03  [LIVE                ]  INFO        → Stocks:213 Indices:9 Futures:207 Options:34971 Products:215
2026-09-30 09:36:03  [LIVE                ]  INFO      🔧 AUTO source selection enabled
2026-09-30 09:36:03  [NewPrism            ]  INFO      🗄️   Connecting PostgreSQL @ localhost:5432/live …
2026-09-30 09:36:04  [LIVE                ]  INFO      ✅ PG pool [10–32] → localhost:5432/live
2026-09-30 09:36:04  [LIVE                ]  INFO      📊 Creating tables …
2026-09-30 09:36:05  [LIVE                ]  INFO      ✅ Tables ready
2026-09-30 09:36:05  [LIVE                ]  INFO      ✅ repair_ohlc_constraints: all MTF tables already have UNIQUE constraint
2026-09-30 09:36:05  [NewPrism            ]  INFO      ✅  PostgreSQL ready
2026-09-30 09:36:05  [NewPrism            ]  INFO      🔧  Starting worker threads …
2026-09-30 09:36:05  [LIVE                ]  INFO      ▶️  OHLC-STO-0
2026-09-30 09:36:05  [LIVE                ]  INFO      ▶️  OHLC-STO-1
2026-09-30 09:36:05  [LIVE                ]  INFO      ▶️  OHLC-STO-2
2026-09-30 09:36:05  [LIVE                ]  INFO      ▶️  OHLC-STO-3
2026-09-30 09:36:05  [LIVE                ]  INFO      ▶️  OHLC-IND-0
2026-09-30 09:36:05  [LIVE                ]  INFO      ▶️  OHLC-IND-1
2026-09-30 09:36:05  [LIVE                ]  INFO      ▶️  OHLC-FUT-0
2026-09-30 09:36:05  [LIVE                ]  INFO      ▶️  OHLC-FUT-1
2026-09-30 09:36:05  [LIVE                ]  INFO      ▶️  OHLC-FUT-2
2026-09-30 09:36:05  [LIVE                ]  INFO      ▶️  OHLC-FUT-3
2026-09-30 09:36:05  [LIVE                ]  INFO      ▶️  OPT-0
2026-09-30 09:36:05  [LIVE                ]  INFO      ▶️  OPT-1
2026-09-30 09:36:05  [LIVE                ]  INFO      ▶️  OPT-3
2026-09-30 09:36:05  [LIVE                ]  INFO      ▶️  GRK-0
2026-09-30 09:36:05  [LIVE                ]  INFO      ▶️  GRK-1
2026-09-30 09:36:05  [LIVE                ]  INFO      ▶️  GRK-2
2026-09-30 09:36:05  [LIVE                ]  INFO      ▶️  OPT-2
2026-09-30 09:36:05  [LIVE                ]  INFO      ▶️  GRK-4
2026-09-30 09:36:05  [LIVE                ]  INFO      ▶️  GRK-3
2026-09-30 09:36:05  [NewPrism            ]  INFO      ✅  Workers  stocks=4  indices=2  futures=4  options=4  greeks=6
2026-09-30 09:36:05  [LIVE                ]  INFO      ▶️  GRK-5
2026-09-30 09:36:05  [LIVE                ]  INFO      🔄 GDFL: connecting …
2026-09-30 09:36:05  [LIVE                ]  INFO      🟡 Kite engine on standby
2026-09-30 09:36:05  [NewPrism            ]  INFO      ✅  L1 source threads started
2026-09-30 09:36:05  [NewPrism            ]  INFO      ⚙️   Starting engines (Layers 2–7) …
2026-09-30 09:36:05  [websocket           ]  INFO      Websocket connected
2026-09-30 09:36:05  [LIVE                ]  INFO      🔌 GDFL connected — authenticating …
2026-09-30 09:36:05  [LIVE                ]  INFO      ✅ GDFL auth OK — subscribing 429 instruments
2026-09-30 09:36:07  [L3.AMA              ]  INFO      ════════════════════════════════════════════════════════════
2026-09-30 09:36:07  [L3.AMA              ]  INFO      ▶  AMA Layer-3 Engine — initialising
2026-09-30 09:36:07  [L3.AMA              ]  INFO      ════════════════════════════════════════════════════════════
2026-09-30 09:36:07  [L3.AMA              ]  INFO        ✅ SQLite ready → C:\NewPrism\Backend\OutputDB/ama_output.db
2026-09-30 09:36:07  [L3.AMA              ]  INFO        ✅ AMAEngine ready
2026-09-30 09:36:07  [L3.AMA              ]  INFO        ✅ AMA ZMQ PUB → tcp://*:5556
2026-09-30 09:36:07  [L3.AMA              ]  INFO        ✅ AMA TickWatcher → tcp://localhost:5555
2026-09-30 09:36:07  [L3.AMA              ]  INFO        ▶ AMA Scanner started
2026-09-30 09:36:07  [L3.AMA              ]  INFO      ════════════════════════════════════════════════════════════
2026-09-30 09:36:07  [L3.AMA              ]  INFO      ✅ AMA Layer-3 ready
2026-09-30 09:36:07  [L3.AMA              ]  INFO         ZMQ SUB  ← tcp://localhost:5555
2026-09-30 09:36:07  [L3.AMA              ]  INFO         ZMQ PUB  → tcp://*:5556
2026-09-30 09:36:07  [L3.AMA              ]  INFO         SQLite   → C:\NewPrism\Backend\OutputDB/ama_output.db
2026-09-30 09:36:07  [L3.AMA              ]  INFO         Schemas  : STOCKS, FUTURES, INDICES, GREEKS
2026-09-30 09:36:07  [L3.AMA              ]  INFO         TFs      : 1m, 5m, 15m, 1H, 1D, 1W
2026-09-30 09:36:07  [L3.AMA              ]  INFO         Interval : 60s
2026-09-30 09:36:07  [L3.AMA              ]  INFO      ════════════════════════════════════════════════════════════
2026-09-30 09:36:07  [NewPrism            ]  INFO      ✅  Engine started: AMA
2026-09-30 09:36:07  [NewPrism.SFE        ]  ERROR     Cannot start SFE engine: sfe_engine binary not found at 'C:\NewPrism\Backend\Engines\SFE\build\sfe_engine.exe'.
Build it first:
  cd /home/frl/NewPrism/Backend/Engines/SFE
  mkdir -p build && cd build
  cmake .. && make -j$(nproc)
Or set SFE_BINARY=/path/to/sfe_engine in your environment.
2026-09-30 09:36:07  [NewPrism            ]  INFO      ✅  Engine started: SFE
2026-09-30 09:36:07  [NewPrism.MarketState]  INFO      MarketState log → C:\NewPrism\Backend\Logs/marketstate_2026-09-30.log
2026-09-30 09:36:07  [NewPrism.MarketState]  INFO      MarketState SQLite DB ready → C:\NewPrism\Backend\OutputDB/marketstate_output.db
2026-09-30 09:36:07  [NewPrism.MarketState]  INFO      ZMQ SUB ← tcp://localhost:5557
2026-09-30 09:36:07  [NewPrism.MarketState]  INFO      ZMQ PUB → tcp://*:5558
2026-09-30 09:36:07  [NewPrism.MarketState]  INFO      ==============================================================
2026-09-30 09:36:07  [NewPrism.MarketState]  INFO        NewPrism MarketState Engine  v1.0
2026-09-30 09:36:07  [NewPrism.MarketState]  INFO        Layer 4 — Parallel Market Analysis (13 modules)
2026-09-30 09:36:07  [NewPrism.MarketState]  INFO        SUB(SFE)  ← tcp://localhost:5557
2026-09-30 09:36:07  [NewPrism.MarketState]  INFO        PUB(MS)   → tcp://*:5558
2026-09-30 09:36:07  [NewPrism.MarketState]  INFO        Log dir   : C:\NewPrism\Backend\Logs
2026-09-30 09:36:07  [NewPrism.MarketState]  INFO        Output DB : C:\NewPrism\Backend\OutputDB/marketstate_output.db
2026-09-30 09:36:07  [NewPrism.MarketState]  INFO        Tables    : STOCKS, FUTURES, GREEKS, INDICES
2026-09-30 09:36:07  [NewPrism.MarketState]  INFO        Timeframes: 1m, 5m, 15m, 1H, 1D
2026-09-30 09:36:07  [NewPrism.MarketState]  INFO        Modules   : DPR, EMIO, IPSE, LDPE, MCL, MES, MONEY, MRE, MSE, MomentumFactor, OI, TWR, VCE
2026-09-30 09:36:07  [NewPrism.MarketState]  INFO      ==============================================================
2026-09-30 09:36:07  [NewPrism.MarketState]  INFO      MarketState background loop started (interval=60s)
2026-09-30 09:36:07  [NewPrism.MarketState]  INFO      MarketState engine started (pid-thread=MarketState-main)
2026-09-30 09:36:07  [NewPrism            ]  INFO      ✅  Engine started: MarketState
2026-09-30 09:36:07  [NewPrism.PODS       ]  INFO      Starting PODS engine: /home/frl/NewPrism/Backend/Engines/PODS/build/pods_engine.exe
2026-09-30 09:36:07  [NewPrism            ]  ERROR     ❌  Engine PODS failed to start: [Errno 8] Exec format error: '/home/frl/NewPrism/Backend/Engines/PODS/build/pods_engine.exe'
2026-09-30 09:36:07  [L3.AMA              ]  INFO        ✅ PG pool ready → localhost:5432/live
2026-09-30 09:36:07  [NewPrism.EV         ]  INFO      Starting EV Engine (Layer 6) | logs=C:\NewPrism\Backend\Logs | db=C:\NewPrism\Backend\OutputDB/ev_output.db
2026-09-30 09:36:07  [MAIN.EV             ]  INFO      MS-Feed thread: SUB ← tcp://localhost:5558
2026-09-30 09:36:07  [ScenarioWorker.EV   ]  INFO      ScenarioWorker ready — SUB:5559 → inproc://ev_scenario + ev_result
2026-09-30 09:36:07  [ISEWorker.EV        ]  INFO      ISEWorker ready — inproc://ev_result → inproc://ev_ise
2026-09-30 09:36:07  [EntryWorker.EV      ]  INFO      EntryWorker ready — inproc://ev_ise → inproc://ev_entry
2026-09-30 09:36:07  [ALXWorker.EV        ]  INFO      ALXWorker ready — inproc://ev_entry → inproc://ev_alx
2026-09-30 09:36:07  [SizingWorker.EV     ]  INFO      SizingWorker ready — inproc://ev_alx → inproc://ev_sizing + PUB:5560
2026-09-30 09:36:07  [PyramidWorker.EV    ]  INFO      PyramidWorker ready — inproc://ev_sizing → inproc://ev_pyramid
2026-09-30 09:36:07  [ExitWorker.EV       ]  INFO      ExitWorker ready — SUB:5555 + inproc://ev_sizing → inproc://ev_exit
2026-09-30 09:36:07  [MAIN.EV             ]  INFO      ══════════════════════════════════════════════════════════════
2026-09-30 09:36:07  [MAIN.EV             ]  INFO       EV Engine — Layer 6  STARTED
2026-09-30 09:36:07  [MAIN.EV             ]  INFO        SUB(ticks)   ← tcp://localhost:5555
2026-09-30 09:36:07  [MAIN.EV             ]  INFO        SUB(MS)      ← tcp://localhost:5558
2026-09-30 09:36:07  [MAIN.EV             ]  INFO        SUB(PODS)    ← tcp://localhost:5559
2026-09-30 09:36:07  [MAIN.EV             ]  INFO        PUB(signals) → tcp://*:5560
2026-09-30 09:36:07  [MAIN.EV             ]  INFO        SQLite3      → C:\NewPrism\Backend\OutputDB/ev_output.db
2026-09-30 09:36:07  [MAIN.EV             ]  INFO        Logs         → C:\NewPrism\Backend\Logs/ev_<module>_<date>.log
2026-09-30 09:36:07  [MAIN.EV             ]  INFO        Modules: Scenario · EV · ISE · Entry · ALX · Sizing · Pyramid · Exit
2026-09-30 09:36:07  [MAIN.EV             ]  INFO      ══════════════════════════════════════════════════════════════
2026-09-30 09:36:07  [NewPrism.EV         ]  INFO      ✅  EV Engine (Layer 6) started — PUB tcp://*:5560
2026-09-30 09:36:07  [NewPrism            ]  INFO      ✅  Engine started: EV
2026-09-30 09:36:07  [RiskEngine.RISK     ]  INFO      Risk MS-Feed: SUB ← tcp://localhost:5558
2026-09-30 09:36:07  [RiskEngine.RISK     ]  INFO      Risk EV-Feed: SUB ← tcp://localhost:5560 → inproc://risk_trade_req
2026-09-30 09:36:07  [RiskEngine.RISK     ]  INFO      Risk Publisher: inproc://risk_decision → PUB tcp://*:5561
2026-09-30 09:36:07  [RiskEngine.RISK     ]  INFO      R16 periodic scanner: interval=60s
2026-09-30 09:36:07  [RiskEngine.RISK     ]  INFO      RiskWorker-0 started
2026-09-30 09:36:07  [RiskEngine.RISK     ]  INFO      RiskWorker-1 started
2026-09-30 09:36:07  [RiskEngine.RISK     ]  INFO      RiskWorker-2 started
2026-09-30 09:36:07  [RiskEngine.RISK     ]  INFO      RiskWorker-3 started
2026-09-30 09:36:07  [RiskEngine.RISK     ]  INFO      ══════════════════════════════════════════════════════════════
2026-09-30 09:36:07  [RiskEngine.RISK     ]  INFO       Risk Engine — Layer 7  STARTED
2026-09-30 09:36:07  [RiskEngine.RISK     ]  INFO        SUB(MarketState) ← tcp://localhost:5558
2026-09-30 09:36:07  [RiskEngine.RISK     ]  INFO        SUB(EV signals)  ← tcp://localhost:5560
2026-09-30 09:36:07  [RiskEngine.RISK     ]  INFO        PUB(decisions)   → tcp://*:5561
2026-09-30 09:36:07  [RiskEngine.RISK     ]  INFO        Workers          = 4 parallel Risk threads
2026-09-30 09:36:07  [RiskEngine.RISK     ]  INFO        SQLite3          → C:\NewPrism\Backend\OutputDB/risk_output.db
2026-09-30 09:36:07  [RiskEngine.RISK     ]  INFO        Logs             → C:\NewPrism\Backend\Logs/risk.log
2026-09-30 09:36:07  [RiskEngine.RISK     ]  INFO        R16 scan         every 60 s
2026-09-30 09:36:07  [RiskEngine.RISK     ]  INFO        Modules: R1·R2·R4·R6·R7·R8·R11·R12·R14·R15·R16
2026-09-30 09:36:07  [RiskEngine.RISK     ]  INFO      ══════════════════════════════════════════════════════════════
✅  Risk Engine (Layer 7) started — PUB tcp://*:5561  workers=4
2026-09-30 09:36:07  [NewPrism            ]  INFO      ✅  Engine started: Risk
2026-09-30 09:36:08  [CAEngine.CA         ]  INFO      CA MS-Feed: SUB ← tcp://localhost:5558
2026-09-30 09:36:08  [CAEngine.CA         ]  INFO      CA Risk-Feed: SUB ← tcp://localhost:5561
2026-09-30 09:36:08  [CAEngine.CA         ]  INFO      CA IntraDay worker started
2026-09-30 09:36:08  [CAEngine.CA         ]  INFO      CA EOD worker started (interval=3600s)
2026-09-30 09:36:08  [LIVE                ]  INFO      ✅ GDFL: 429 subscriptions sent (stocks=213, indices=9, futures=207)
2026-09-30 09:36:08  [LIVE                ]  INFO      📡 GDFL OC subscription loop started — initial pass in 3s
📊 [09:36:08] src=GDFL  stocks=1/213 | indices=0/9 | futures=0/207 | options=0/617 | greeks=0/617  total_ticks=1
2026-09-30 09:36:08  [CAEngine.CA         ]  INFO      CA EOD Scheduler: firing every 3600s
2026-09-30 09:36:08  [CAEngine.CA         ]  INFO      CA Publisher: inproc://ca_result → PUB tcp://*:5562
2026-09-30 09:36:08  [NewPrism.MarketState]  INFO      MarketState scan cycle starting …
2026-09-30 09:36:08  [CAEngine.CA         ]  INFO      ══════════════════════════════════════════════════════════════
2026-09-30 09:36:08  [CAEngine.CA         ]  INFO      CA EOD pipeline starting: cycle=EOD
2026-09-30 09:36:08  [CAEngine.CA         ]  INFO       Capital Allocation Engine — Layer 7  STARTED
2026-09-30 09:36:08  [CAEngine.CA         ]  INFO        SUB(MarketState)  ← tcp://localhost:5558
2026-09-30 09:36:08  [CAEngine.CA         ]  INFO        SUB(Risk)         ← tcp://localhost:5561
2026-09-30 09:36:08  [CAEngine.CA         ]  INFO        PUB(allocations)  → tcp://*:5562
2026-09-30 09:36:08  [CAEngine.CA         ]  INFO      PVC: σ_ann=146.107% > σ_target=45.000% → ScaleFactor=0.5000
2026-09-30 09:36:08  [CAEngine.CA         ]  INFO        IntraDay throttle  = 30s
2026-09-30 09:36:08  [CAEngine.CA         ]  WARNING   EMERGENCY/PROTECT activated: ['VOL_SPIKE: σ_ann=134.25% > 1.5×σ_target=45.00%']
2026-09-30 09:36:08  [CAEngine.CA         ]  INFO        EOD interval       = 3600s
2026-09-30 09:36:08  [CAEngine.CA         ]  INFO        SQLite3            → C:\NewPrism\Backend\OutputDB/ca_output.db
2026-09-30 09:36:08  [CAEngine.CA         ]  INFO        Logs               → C:\NewPrism\Backend\Logs/ca.log
2026-09-30 09:36:08  [CAEngine.CA         ]  INFO        Pods tracked: P1, P2, P3, P4, P5, P6, P7, P8, P9, P10, P0
2026-09-30 09:36:08  [CAEngine.CA         ]  INFO        Pipeline: MCL→DDR→Waterfall→AUM→BaseW→Regime→DD→Beta→Corr→CRE→PVC→Clamp→Caps→RBA→Rebal→Audit
2026-09-30 09:36:08  [CAEngine.CA         ]  INFO      ══════════════════════════════════════════════════════════════
✅  Capital Allocation Engine (Layer 7) started — PUB tcp://*:5562  pods=11
2026-09-30 09:36:08  [NewPrism            ]  INFO      ✅  Engine started: CapitalAllocation
2026-09-30 09:36:08  [CAEngine.CA         ]  INFO      CA EOD [EOD]: dd=NORMAL g=1.000 deployable=7750000 | emg=True mstress=False | beta_sf=N/A pvc_sf=0.5000
2026-09-30 09:36:09  [CAEngine.CA         ]  WARNING   CA EMERGENCY ACTIVE: ['VOL_SPIKE: σ_ann=134.25% > 1.5×σ_target=45.00%']
2026-09-30 09:36:09  [NewPrism            ]  ERROR     ❌  Engine Governance failed to start: Non-UTF-8 code starting with '\x97' on line 1351, but no encoding declared; see https://peps.python.org/pep-0263/ for details (TGS.py, line 1351)
2026-09-30 09:36:09  [CAEngine.CA         ]  WARNING   CA BREACHES: ['EMERGENCY:VOL_SPIKE: σ_ann=134.25% > 1.5×σ_target=45.00%']
2026-09-30 09:36:09  [Portfolio.PORT      ]  INFO      PORT MS-Feed: SUB ← tcp://localhost:5558
2026-09-30 09:36:09  [Portfolio.PORT      ]  INFO      PORT CA-Feed: SUB ← tcp://localhost:5562
2026-09-30 09:36:09  [Portfolio.PORT      ]  INFO      PORT GOV-Feed: SUB ← tcp://localhost:5563
2026-09-30 09:36:09  [Portfolio.PORT      ]  INFO      PORT Publisher: inproc://port_result → PUB tcp://*:5564
2026-09-30 09:36:09  [Portfolio.PORT      ]  INFO      PORT Worker-0 started
2026-09-30 09:36:09  [Portfolio.PORT      ]  INFO      PORT Worker-1 started
2026-09-30 09:36:09  [Portfolio.PORT      ]  INFO      PORT Worker-2 started
2026-09-30 09:36:09  [Portfolio.PORT      ]  INFO      ══════════════════════════════════════════════════════════════
2026-09-30 09:36:09  [Portfolio.PORT      ]  INFO      PORT Worker-3 started
2026-09-30 09:36:09  [Portfolio.PORT      ]  INFO       Portfolio Engine — Layer 8  STARTED
2026-09-30 09:36:09  [Portfolio.PORT      ]  INFO        SUB(MarketState) ← tcp://localhost:5558
2026-09-30 09:36:09  [Portfolio.PORT      ]  INFO        SUB(Risk)        ← tcp://localhost:5561
2026-09-30 09:36:09  [Portfolio.PORT      ]  INFO        SUB(CA)          ← tcp://localhost:5562
2026-09-30 09:36:09  [Portfolio.PORT      ]  INFO        SUB(Governance)  ← tcp://localhost:5563
2026-09-30 09:36:09  [Portfolio.PORT      ]  INFO        PUB(portfolio)   → tcp://*:5564
2026-09-30 09:36:09  [Portfolio.PORT      ]  INFO        Workers          = 4 parallel Portfolio threads
2026-09-30 09:36:09  [Portfolio.PORT      ]  INFO        SQLite3          → C:\NewPrism\Backend\OutputDB/portfolio_output.db
2026-09-30 09:36:09  [Portfolio.PORT      ]  INFO        Logs             → C:\NewPrism\Backend\Logs/portfolio.log
2026-09-30 09:36:09  [Portfolio.PORT      ]  INFO        Engines: TPCE-INDEX · TPCE-FNO · TPCE-CASH · InvestingEngine
2026-09-30 09:36:09  [Portfolio.PORT      ]  INFO      ══════════════════════════════════════════════════════════════
✅  Portfolio Engine (Layer 8) started — PUB tcp://*:5564  workers=4
2026-09-30 09:36:09  [NewPrism            ]  INFO      ✅  Engine started: Portfolio
2026-09-30 09:36:10  [INIT.SOR            ]  INFO      SOR initialising | db=C:\NewPrism\Backend\OutputDB\sor_output.db
2026-09-30 09:36:10  [NewPrism.SOR        ]  ERROR     SOR engine start() raised: [Errno 2] No such file or directory: ''
Traceback (most recent call last):
  File "/home/frl/NewPrism/Backend/Engines/SOR/__init__.py", line 147, in start
    ok = mod.start(logs_dir=_LOG_DIR, db_path=_DB_PATH)
  File "/home/frl/NewPrism/Backend/Engines/SOR/SOR.py", line 1142, in start
    os.makedirs(os.path.dirname(db_path), exist_ok=True)
    ~~~~~~~~~~~^^^^^^^^^^^^^^^^^^^^^^^^^^^^^^^^^^^^^^^^^
  File "<frozen os>", line 236, in makedirs
FileNotFoundError: [Errno 2] No such file or directory: ''
2026-09-30 09:36:10  [NewPrism            ]  INFO      ✅  Engine started: SOR
2026-09-30 09:36:10  [NewPrism            ]  INFO      ✅  All engines online: AMA, SFE, MarketState, EV, Risk, CapitalAllocation, Portfolio, SOR
2026-09-30 09:36:10  [NewPrism            ]  INFO      🟢  NewPrism running — Ctrl-C to stop

2026-09-30 09:36:10  [CAEngine.CA         ]  INFO      CA Scheduler fired: cycle=EOD
2026-09-30 09:36:10  [LIVE                ]  INFO      📡 GDFL OC: subscribed/updated 104 product×expiry combos (depth=10)
2026-09-30 09:36:11  [NewPrism.MarketState]  INFO      Candles loaded: 15/20 non-empty
2026-09-30 09:36:11  [NewPrism.MarketState]  ERROR     [MES] runner error: No module named 'timeframes'
2026-09-30 09:36:11  [NewPrism.MarketState]  ERROR     [DPR] runner error: No module named 'timeframes'
2026-09-30 09:36:11  [NewPrism.MarketState]  ERROR     [MRE] runner error: No module named 'timeframes'
2026-09-30 09:36:11  [NewPrism.MarketState]  ERROR     [TWR] runner error: No module named 'timeframes'
2026-09-30 09:36:13  [NewPrism.MarketState]  INFO      Scan cycle complete — 9/13 modules OK | 4 symbols broadcast
2026-09-30 09:36:17  [L3.AMA              ]  INFO        📊 [STOCKS] 213 symbols | 852 ok | 0 err | 10365 ms
2026-09-30 09:36:17  [LIVE                ]  INFO      📡 GDFL OC: subscribed/updated 513 product×expiry combos (depth=10)
📊 [09:36:18] src=GDFL  stocks=213/213 | indices=9/9 | futures=161/207 | options=0/617 | greeks=0/617  total_ticks=2,149
2026-09-30 09:36:18  [CAEngine.CA         ]  INFO      ✅ CA DB verification: ca_allocations=8  ca_pod_allocations=88 → C:\NewPrism\Backend\OutputDB/ca_output.db
2026-09-30 09:36:22  [L3.AMA              ]  INFO      ✅ AMA DB verification: ama_results=26575 rows  ama_scan_log=215 rows  → C:\NewPrism\Backend\OutputDB/ama_output.db
2026-09-30 09:36:22  [L3.AMA              ]  INFO        📊 [FUTURES] 207 symbols | 828 ok | 0 err | 5197 ms
2026-09-30 09:36:23  [L3.AMA              ]  INFO        📊 [INDICES] 9 symbols | 32 ok | 0 err | 182 ms
2026-09-30 09:36:27  [NewPrism.MarketState]  INFO      ✅ MarketState DB verification: ms_output=21526 rows → C:\NewPrism\Backend\OutputDB/marketstate_output.db
2026-09-30 09:37:01  [NewPrism            ]  INFO      ✅  data_miner_patch applied — 1m candle-close ZMQ signals active
2026-09-30 09:37:01  [ZMQ.PUB]  INFO  Killed stale process 206334 on port 5555
Killed
2026-09-30 09:37:02  [ZMQ.PUB]  INFO  Publisher bound → tcp://*:5555
2026-09-30 09:37:02  [NewPrism            ]  INFO      ✅  L1 ZMQ publisher started → tcp://*:5555
════════════════════════════════════════════════════════════════════════════════
  🚀  NewPrism Backend — Multi-Layer Market Intelligence System
  PG         : localhost:5432/live
  Source     : auto-select
  L1 ZMQ PUB : tcp://*:5555  (tick feed → AMA)
  L2 ZMQ PUB : tcp://*:5556  (AMA signals → downstream)
  L2 Candle  : ✅ event-driven (1m close)
  Console    : disabled
  Layer 1    : ✅ LiveData                              (ZMQ :5555)
  Layer 2    : ✅ AMA  (ZMQ :5556)
  Layer 3    : ✅ SFE  (ZMQ :5557)
  Layer 4    : ✅ MarketState  (ZMQ :5558)
  Layer 5    : ✅ PODS  (ZMQ :5559)
  Layer 6    : ✅ EV Engine  (ZMQ :5560)
  Layer 7a   : ✅ Risk Engine  (ZMQ :5561)
  Layer 7b   : ✅ Capital Alloc.  (ZMQ :5562)
  Engines    : AMA, SFE, MarketState, PODS, EV, Risk, CapitalAllocation, Governance, Portfolio, SOR
════════════════════════════════════════════════════════════════════════════════
2026-09-30 09:37:02  [NewPrism            ]  INFO      📥  Bootstrapping instrument tokens …
2026-09-30 09:37:02  [LIVE                ]  INFO      ⬇️  Kite instrument master …
2026-09-30 09:37:03  [LIVE                ]  INFO        → Stocks:213 Indices:9 Futures:207 Options:34971 Products:215
2026-09-30 09:37:03  [LIVE                ]  INFO      🔧 AUTO source selection enabled
2026-09-30 09:37:03  [NewPrism            ]  INFO      🗄️   Connecting PostgreSQL @ localhost:5432/live …
2026-09-30 09:37:03  [LIVE                ]  INFO      ✅ PG pool [10–32] → localhost:5432/live
2026-09-30 09:37:03  [LIVE                ]  INFO      📊 Creating tables …
2026-09-30 09:37:05  [LIVE                ]  INFO      ✅ Tables ready
2026-09-30 09:37:05  [LIVE                ]  INFO      ✅ repair_ohlc_constraints: all MTF tables already have UNIQUE constraint
2026-09-30 09:37:05  [NewPrism            ]  INFO      ✅  PostgreSQL ready
2026-09-30 09:37:05  [NewPrism            ]  INFO      🔧  Starting worker threads …
2026-09-30 09:37:05  [LIVE                ]  INFO      ▶️  OHLC-STO-0
2026-09-30 09:37:05  [LIVE                ]  INFO      ▶️  OHLC-STO-1
2026-09-30 09:37:05  [LIVE                ]  INFO      ▶️  OHLC-STO-2
2026-09-30 09:37:05  [LIVE                ]  INFO      ▶️  OHLC-STO-3
2026-09-30 09:37:05  [LIVE                ]  INFO      ▶️  OHLC-IND-0
2026-09-30 09:37:05  [LIVE                ]  INFO      ▶️  OHLC-IND-1
2026-09-30 09:37:05  [LIVE                ]  INFO      ▶️  OHLC-FUT-0
2026-09-30 09:37:05  [LIVE                ]  INFO      ▶️  OHLC-FUT-1
2026-09-30 09:37:05  [LIVE                ]  INFO      ▶️  OHLC-FUT-3
2026-09-30 09:37:05  [LIVE                ]  INFO      ▶️  OHLC-FUT-2
2026-09-30 09:37:05  [LIVE                ]  INFO      ▶️  OPT-0
2026-09-30 09:37:05  [LIVE                ]  INFO      ▶️  OPT-1
2026-09-30 09:37:05  [LIVE                ]  INFO      ▶️  OPT-2
2026-09-30 09:37:05  [LIVE                ]  INFO      ▶️  OPT-3
2026-09-30 09:37:05  [LIVE                ]  INFO      ▶️  GRK-0
2026-09-30 09:37:05  [LIVE                ]  INFO      ▶️  GRK-2
2026-09-30 09:37:05  [LIVE                ]  INFO      ▶️  GRK-3
2026-09-30 09:37:05  [LIVE                ]  INFO      ▶️  GRK-1
2026-09-30 09:37:05  [LIVE                ]  INFO      ▶️  GRK-5
2026-09-30 09:37:05  [LIVE                ]  INFO      ▶️  GRK-4
2026-09-30 09:37:05  [NewPrism            ]  INFO      ✅  Workers  stocks=4  indices=2  futures=4  options=4  greeks=6
2026-09-30 09:37:05  [LIVE                ]  INFO      🔄 GDFL: connecting …
2026-09-30 09:37:05  [LIVE                ]  INFO      🟡 Kite engine on standby
2026-09-30 09:37:05  [NewPrism            ]  INFO      ✅  L1 source threads started
2026-09-30 09:37:05  [NewPrism            ]  INFO      ⚙️   Starting engines (Layers 2–7) …
2026-09-30 09:37:05  [websocket           ]  INFO      Websocket connected
2026-09-30 09:37:05  [LIVE                ]  INFO      🔌 GDFL connected — authenticating …
2026-09-30 09:37:05  [LIVE                ]  INFO      ✅ GDFL auth OK — subscribing 429 instruments
2026-09-30 09:37:06  [L3.AMA              ]  INFO      ════════════════════════════════════════════════════════════
2026-09-30 09:37:06  [L3.AMA              ]  INFO      ▶  AMA Layer-3 Engine — initialising
2026-09-30 09:37:06  [L3.AMA              ]  INFO      ════════════════════════════════════════════════════════════
2026-09-30 09:37:06  [L3.AMA              ]  INFO        ✅ SQLite ready → C:\NewPrism\Backend\OutputDB/ama_output.db
2026-09-30 09:37:06  [L3.AMA              ]  INFO        ✅ AMAEngine ready
2026-09-30 09:37:06  [L3.AMA              ]  INFO        ✅ AMA ZMQ PUB → tcp://*:5556
2026-09-30 09:37:06  [L3.AMA              ]  INFO        ✅ AMA TickWatcher → tcp://localhost:5555
2026-09-30 09:37:06  [L3.AMA              ]  INFO        ▶ AMA Scanner started
2026-09-30 09:37:06  [L3.AMA              ]  INFO      ════════════════════════════════════════════════════════════
2026-09-30 09:37:06  [L3.AMA              ]  INFO      ✅ AMA Layer-3 ready
2026-09-30 09:37:06  [L3.AMA              ]  INFO         ZMQ SUB  ← tcp://localhost:5555
2026-09-30 09:37:06  [L3.AMA              ]  INFO         ZMQ PUB  → tcp://*:5556
2026-09-30 09:37:06  [L3.AMA              ]  INFO         SQLite   → C:\NewPrism\Backend\OutputDB/ama_output.db
2026-09-30 09:37:06  [L3.AMA              ]  INFO         Schemas  : STOCKS, FUTURES, INDICES, GREEKS
2026-09-30 09:37:06  [L3.AMA              ]  INFO         TFs      : 1m, 5m, 15m, 1H, 1D, 1W
2026-09-30 09:37:06  [L3.AMA              ]  INFO         Interval : 60s
2026-09-30 09:37:06  [L3.AMA              ]  INFO      ════════════════════════════════════════════════════════════
2026-09-30 09:37:06  [NewPrism            ]  INFO      ✅  Engine started: AMA
2026-09-30 09:37:06  [NewPrism.SFE        ]  ERROR     Cannot start SFE engine: sfe_engine binary not found at 'C:\NewPrism\Backend\Engines\SFE\build\sfe_engine.exe'.
Build it first:
  cd /home/frl/NewPrism/Backend/Engines/SFE
  mkdir -p build && cd build
  cmake .. && make -j$(nproc)
Or set SFE_BINARY=/path/to/sfe_engine in your environment.
2026-09-30 09:37:06  [NewPrism            ]  INFO      ✅  Engine started: SFE
2026-09-30 09:37:06  [NewPrism.MarketState]  INFO      MarketState log → C:\NewPrism\Backend\Logs/marketstate_2026-09-30.log
2026-09-30 09:37:06  [NewPrism.MarketState]  INFO      MarketState SQLite DB ready → C:\NewPrism\Backend\OutputDB/marketstate_output.db
2026-09-30 09:37:06  [NewPrism.MarketState]  INFO      ZMQ SUB ← tcp://localhost:5557
2026-09-30 09:37:06  [NewPrism.MarketState]  INFO      ZMQ PUB → tcp://*:5558
2026-09-30 09:37:06  [NewPrism.MarketState]  INFO      ==============================================================
2026-09-30 09:37:06  [NewPrism.MarketState]  INFO        NewPrism MarketState Engine  v1.0
2026-09-30 09:37:06  [NewPrism.MarketState]  INFO        Layer 4 — Parallel Market Analysis (13 modules)
2026-09-30 09:37:06  [NewPrism.MarketState]  INFO        SUB(SFE)  ← tcp://localhost:5557
2026-09-30 09:37:06  [NewPrism.MarketState]  INFO        PUB(MS)   → tcp://*:5558
2026-09-30 09:37:06  [NewPrism.MarketState]  INFO        Log dir   : C:\NewPrism\Backend\Logs
2026-09-30 09:37:06  [NewPrism.MarketState]  INFO        Output DB : C:\NewPrism\Backend\OutputDB/marketstate_output.db
2026-09-30 09:37:06  [NewPrism.MarketState]  INFO        Tables    : STOCKS, FUTURES, GREEKS, INDICES
2026-09-30 09:37:06  [NewPrism.MarketState]  INFO        Timeframes: 1m, 5m, 15m, 1H, 1D
2026-09-30 09:37:06  [NewPrism.MarketState]  INFO        Modules   : DPR, EMIO, IPSE, LDPE, MCL, MES, MONEY, MRE, MSE, MomentumFactor, OI, TWR, VCE
2026-09-30 09:37:06  [NewPrism.MarketState]  INFO      ==============================================================
2026-09-30 09:37:06  [NewPrism.MarketState]  INFO      MarketState background loop started (interval=60s)
2026-09-30 09:37:06  [NewPrism.MarketState]  INFO      MarketState engine started (pid-thread=MarketState-main)
2026-09-30 09:37:06  [NewPrism            ]  INFO      ✅  Engine started: MarketState
2026-09-30 09:37:06  [NewPrism.PODS       ]  INFO      Starting PODS engine: /home/frl/NewPrism/Backend/Engines/PODS/build/pods_engine.exe
2026-09-30 09:37:06  [NewPrism            ]  ERROR     ❌  Engine PODS failed to start: [Errno 8] Exec format error: '/home/frl/NewPrism/Backend/Engines/PODS/build/pods_engine.exe'
2026-09-30 09:37:06  [L3.AMA              ]  INFO        ✅ PG pool ready → localhost:5432/live
2026-09-30 09:37:07  [NewPrism.EV         ]  INFO      Starting EV Engine (Layer 6) | logs=C:\NewPrism\Backend\Logs | db=C:\NewPrism\Backend\OutputDB/ev_output.db
2026-09-30 09:37:07  [MAIN.EV             ]  INFO      MS-Feed thread: SUB ← tcp://localhost:5558
2026-09-30 09:37:07  [ScenarioWorker.EV   ]  INFO      ScenarioWorker ready — SUB:5559 → inproc://ev_scenario + ev_result
2026-09-30 09:37:07  [ISEWorker.EV        ]  INFO      ISEWorker ready — inproc://ev_result → inproc://ev_ise
2026-09-30 09:37:07  [EntryWorker.EV      ]  INFO      EntryWorker ready — inproc://ev_ise → inproc://ev_entry
2026-09-30 09:37:07  [ALXWorker.EV        ]  INFO      ALXWorker ready — inproc://ev_entry → inproc://ev_alx
2026-09-30 09:37:07  [SizingWorker.EV     ]  INFO      SizingWorker ready — inproc://ev_alx → inproc://ev_sizing + PUB:5560
2026-09-30 09:37:07  [PyramidWorker.EV    ]  INFO      PyramidWorker ready — inproc://ev_sizing → inproc://ev_pyramid
2026-09-30 09:37:07  [ExitWorker.EV       ]  INFO      ExitWorker ready — SUB:5555 + inproc://ev_sizing → inproc://ev_exit
2026-09-30 09:37:07  [MAIN.EV             ]  INFO      ══════════════════════════════════════════════════════════════
2026-09-30 09:37:07  [MAIN.EV             ]  INFO       EV Engine — Layer 6  STARTED
2026-09-30 09:37:07  [MAIN.EV             ]  INFO        SUB(ticks)   ← tcp://localhost:5555
2026-09-30 09:37:07  [MAIN.EV             ]  INFO        SUB(MS)      ← tcp://localhost:5558
2026-09-30 09:37:07  [MAIN.EV             ]  INFO        SUB(PODS)    ← tcp://localhost:5559
2026-09-30 09:37:07  [MAIN.EV             ]  INFO        PUB(signals) → tcp://*:5560
2026-09-30 09:37:07  [MAIN.EV             ]  INFO        SQLite3      → C:\NewPrism\Backend\OutputDB/ev_output.db
2026-09-30 09:37:07  [MAIN.EV             ]  INFO        Logs         → C:\NewPrism\Backend\Logs/ev_<module>_<date>.log
2026-09-30 09:37:07  [MAIN.EV             ]  INFO        Modules: Scenario · EV · ISE · Entry · ALX · Sizing · Pyramid · Exit
2026-09-30 09:37:07  [MAIN.EV             ]  INFO      ══════════════════════════════════════════════════════════════
2026-09-30 09:37:07  [NewPrism.EV         ]  INFO      ✅  EV Engine (Layer 6) started — PUB tcp://*:5560
2026-09-30 09:37:07  [NewPrism            ]  INFO      ✅  Engine started: EV
2026-09-30 09:37:07  [RiskEngine.RISK     ]  INFO      Risk MS-Feed: SUB ← tcp://localhost:5558
2026-09-30 09:37:07  [RiskEngine.RISK     ]  INFO      Risk EV-Feed: SUB ← tcp://localhost:5560 → inproc://risk_trade_req
2026-09-30 09:37:07  [RiskEngine.RISK     ]  INFO      Risk Publisher: inproc://risk_decision → PUB tcp://*:5561
2026-09-30 09:37:07  [RiskEngine.RISK     ]  INFO      R16 periodic scanner: interval=60s
2026-09-30 09:37:07  [RiskEngine.RISK     ]  INFO      RiskWorker-0 started
2026-09-30 09:37:07  [RiskEngine.RISK     ]  INFO      RiskWorker-1 started
2026-09-30 09:37:07  [RiskEngine.RISK     ]  INFO      RiskWorker-2 started
2026-09-30 09:37:07  [RiskEngine.RISK     ]  INFO      RiskWorker-3 started
2026-09-30 09:37:07  [RiskEngine.RISK     ]  INFO      ══════════════════════════════════════════════════════════════
2026-09-30 09:37:07  [RiskEngine.RISK     ]  INFO       Risk Engine — Layer 7  STARTED
2026-09-30 09:37:07  [RiskEngine.RISK     ]  INFO        SUB(MarketState) ← tcp://localhost:5558
2026-09-30 09:37:07  [RiskEngine.RISK     ]  INFO        SUB(EV signals)  ← tcp://localhost:5560
2026-09-30 09:37:07  [RiskEngine.RISK     ]  INFO        PUB(decisions)   → tcp://*:5561
2026-09-30 09:37:07  [RiskEngine.RISK     ]  INFO        Workers          = 4 parallel Risk threads
2026-09-30 09:37:07  [RiskEngine.RISK     ]  INFO        SQLite3          → C:\NewPrism\Backend\OutputDB/risk_output.db
2026-09-30 09:37:07  [RiskEngine.RISK     ]  INFO        Logs             → C:\NewPrism\Backend\Logs/risk.log
2026-09-30 09:37:07  [RiskEngine.RISK     ]  INFO        R16 scan         every 60 s
2026-09-30 09:37:07  [RiskEngine.RISK     ]  INFO        Modules: R1·R2·R4·R6·R7·R8·R11·R12·R14·R15·R16
2026-09-30 09:37:07  [RiskEngine.RISK     ]  INFO      ══════════════════════════════════════════════════════════════
✅  Risk Engine (Layer 7) started — PUB tcp://*:5561  workers=4
2026-09-30 09:37:07  [NewPrism            ]  INFO      ✅  Engine started: Risk
2026-09-30 09:37:07  [CAEngine.CA         ]  INFO      CA MS-Feed: SUB ← tcp://localhost:5558
2026-09-30 09:37:07  [CAEngine.CA         ]  INFO      CA Risk-Feed: SUB ← tcp://localhost:5561
2026-09-30 09:37:07  [CAEngine.CA         ]  INFO      CA IntraDay worker started
2026-09-30 09:37:07  [CAEngine.CA         ]  INFO      CA EOD worker started (interval=3600s)
2026-09-30 09:37:07  [CAEngine.CA         ]  INFO      CA EOD Scheduler: firing every 3600s
2026-09-30 09:37:07  [LIVE                ]  INFO      ✅ GDFL: 429 subscriptions sent (stocks=213, indices=9, futures=207)
2026-09-30 09:37:07  [LIVE                ]  INFO      📡 GDFL OC subscription loop started — initial pass in 3s
📊 [09:37:07] src=GDFL  stocks=1/213 | indices=0/9 | futures=0/207 | options=0/617 | greeks=0/617  total_ticks=1
2026-09-30 09:37:07  [CAEngine.CA         ]  INFO      CA Publisher: inproc://ca_result → PUB tcp://*:5562
2026-09-30 09:37:07  [NewPrism.MarketState]  INFO      MarketState scan cycle starting …
2026-09-30 09:37:08  [CAEngine.CA         ]  INFO      CA EOD pipeline starting: cycle=EOD
2026-09-30 09:37:08  [CAEngine.CA         ]  INFO      ══════════════════════════════════════════════════════════════
2026-09-30 09:37:08  [CAEngine.CA         ]  INFO       Capital Allocation Engine — Layer 7  STARTED
2026-09-30 09:37:08  [CAEngine.CA         ]  INFO        SUB(MarketState)  ← tcp://localhost:5558
2026-09-30 09:37:08  [CAEngine.CA         ]  INFO      PVC: σ_ann=146.107% > σ_target=45.000% → ScaleFactor=0.5000
2026-09-30 09:37:08  [CAEngine.CA         ]  INFO        SUB(Risk)         ← tcp://localhost:5561
2026-09-30 09:37:08  [CAEngine.CA         ]  WARNING   EMERGENCY/PROTECT activated: ['VOL_SPIKE: σ_ann=134.25% > 1.5×σ_target=45.00%']
2026-09-30 09:37:08  [CAEngine.CA         ]  INFO        PUB(allocations)  → tcp://*:5562
2026-09-30 09:37:08  [CAEngine.CA         ]  INFO        IntraDay throttle  = 30s
2026-09-30 09:37:08  [CAEngine.CA         ]  INFO        EOD interval       = 3600s
2026-09-30 09:37:08  [CAEngine.CA         ]  INFO        SQLite3            → C:\NewPrism\Backend\OutputDB/ca_output.db
2026-09-30 09:37:08  [CAEngine.CA         ]  INFO        Logs               → C:\NewPrism\Backend\Logs/ca.log
2026-09-30 09:37:08  [CAEngine.CA         ]  INFO      CA EOD [EOD]: dd=NORMAL g=1.000 deployable=7750000 | emg=True mstress=False | beta_sf=N/A pvc_sf=0.5000
2026-09-30 09:37:08  [CAEngine.CA         ]  INFO        Pods tracked: P1, P2, P3, P4, P5, P6, P7, P8, P9, P10, P0
2026-09-30 09:37:08  [CAEngine.CA         ]  WARNING   CA EMERGENCY ACTIVE: ['VOL_SPIKE: σ_ann=134.25% > 1.5×σ_target=45.00%']
2026-09-30 09:37:08  [CAEngine.CA         ]  INFO        Pipeline: MCL→DDR→Waterfall→AUM→BaseW→Regime→DD→Beta→Corr→CRE→PVC→Clamp→Caps→RBA→Rebal→Audit
2026-09-30 09:37:08  [CAEngine.CA         ]  WARNING   CA BREACHES: ['EMERGENCY:VOL_SPIKE: σ_ann=134.25% > 1.5×σ_target=45.00%']
2026-09-30 09:37:08  [CAEngine.CA         ]  INFO      ══════════════════════════════════════════════════════════════
✅  Capital Allocation Engine (Layer 7) started — PUB tcp://*:5562  pods=11
2026-09-30 09:37:08  [NewPrism            ]  INFO      ✅  Engine started: CapitalAllocation
2026-09-30 09:37:08  [NewPrism            ]  ERROR     ❌  Engine Governance failed to start: Non-UTF-8 code starting with '\x97' on line 1351, but no encoding declared; see https://peps.python.org/pep-0263/ for details (TGS.py, line 1351)
2026-09-30 09:37:08  [Portfolio.PORT      ]  INFO      PORT MS-Feed: SUB ← tcp://localhost:5558
2026-09-30 09:37:09  [Portfolio.PORT      ]  INFO      PORT CA-Feed: SUB ← tcp://localhost:5562
2026-09-30 09:37:09  [Portfolio.PORT      ]  INFO      PORT GOV-Feed: SUB ← tcp://localhost:5563
2026-09-30 09:37:09  [Portfolio.PORT      ]  INFO      PORT Publisher: inproc://port_result → PUB tcp://*:5564
2026-09-30 09:37:09  [Portfolio.PORT      ]  INFO      PORT Worker-0 started
2026-09-30 09:37:09  [Portfolio.PORT      ]  INFO      PORT Worker-1 started
2026-09-30 09:37:09  [Portfolio.PORT      ]  INFO      PORT Worker-2 started
2026-09-30 09:37:09  [Portfolio.PORT      ]  INFO      ══════════════════════════════════════════════════════════════
2026-09-30 09:37:09  [Portfolio.PORT      ]  INFO      PORT Worker-3 started
2026-09-30 09:37:09  [Portfolio.PORT      ]  INFO       Portfolio Engine — Layer 8  STARTED
2026-09-30 09:37:09  [Portfolio.PORT      ]  INFO        SUB(MarketState) ← tcp://localhost:5558
2026-09-30 09:37:09  [Portfolio.PORT      ]  INFO        SUB(Risk)        ← tcp://localhost:5561
2026-09-30 09:37:09  [Portfolio.PORT      ]  INFO        SUB(CA)          ← tcp://localhost:5562
2026-09-30 09:37:09  [Portfolio.PORT      ]  INFO        SUB(Governance)  ← tcp://localhost:5563
2026-09-30 09:37:09  [Portfolio.PORT      ]  INFO        PUB(portfolio)   → tcp://*:5564
2026-09-30 09:37:09  [Portfolio.PORT      ]  INFO        Workers          = 4 parallel Portfolio threads
2026-09-30 09:37:09  [Portfolio.PORT      ]  INFO        SQLite3          → C:\NewPrism\Backend\OutputDB/portfolio_output.db
2026-09-30 09:37:09  [Portfolio.PORT      ]  INFO        Logs             → C:\NewPrism\Backend\Logs/portfolio.log
2026-09-30 09:37:09  [Portfolio.PORT      ]  INFO        Engines: TPCE-INDEX · TPCE-FNO · TPCE-CASH · InvestingEngine
2026-09-30 09:37:09  [Portfolio.PORT      ]  INFO      ══════════════════════════════════════════════════════════════
✅  Portfolio Engine (Layer 8) started — PUB tcp://*:5564  workers=4
2026-09-30 09:37:09  [NewPrism            ]  INFO      ✅  Engine started: Portfolio
2026-09-30 09:37:09  [INIT.SOR            ]  INFO      SOR initialising | db=C:\NewPrism\Backend\OutputDB\sor_output.db
2026-09-30 09:37:09  [NewPrism.SOR        ]  ERROR     SOR engine start() raised: [Errno 2] No such file or directory: ''
Traceback (most recent call last):
  File "/home/frl/NewPrism/Backend/Engines/SOR/__init__.py", line 147, in start
    ok = mod.start(logs_dir=_LOG_DIR, db_path=_DB_PATH)
  File "/home/frl/NewPrism/Backend/Engines/SOR/SOR.py", line 1142, in start
    os.makedirs(os.path.dirname(db_path), exist_ok=True)
    ~~~~~~~~~~~^^^^^^^^^^^^^^^^^^^^^^^^^^^^^^^^^^^^^^^^^
  File "<frozen os>", line 236, in makedirs
FileNotFoundError: [Errno 2] No such file or directory: ''
2026-09-30 09:37:09  [NewPrism            ]  INFO      ✅  Engine started: SOR
2026-09-30 09:37:09  [NewPrism            ]  INFO      ✅  All engines online: AMA, SFE, MarketState, EV, Risk, CapitalAllocation, Portfolio, SOR
2026-09-30 09:37:09  [NewPrism            ]  INFO      🟢  NewPrism running — Ctrl-C to stop

2026-09-30 09:37:09  [CAEngine.CA         ]  INFO      CA Scheduler fired: cycle=EOD
2026-09-30 09:37:10  [NewPrism.MarketState]  INFO      Candles loaded: 15/20 non-empty
2026-09-30 09:37:10  [NewPrism.MarketState]  ERROR     [MES] runner error: No module named 'timeframes'
2026-09-30 09:37:10  [NewPrism.MarketState]  ERROR     [DPR] runner error: No module named 'timeframes'
2026-09-30 09:37:10  [NewPrism.MarketState]  ERROR     [MRE] runner error: No module named 'timeframes'
2026-09-30 09:37:10  [NewPrism.MarketState]  ERROR     [TWR] runner error: No module named 'timeframes'
2026-09-30 09:37:10  [LIVE                ]  INFO      📡 GDFL OC: subscribed/updated 135 product×expiry combos (depth=10)
2026-09-30 09:37:13  [NewPrism.MarketState]  INFO      Scan cycle complete — 9/13 modules OK | 4 symbols broadcast
2026-09-30 09:37:16  [LIVE                ]  INFO      📡 GDFL OC: subscribed/updated 455 product×expiry combos (depth=10)
2026-09-30 09:37:17  [LIVE                ]  INFO      📡 GDFL OC: subscribed/updated 24 product×expiry combos (depth=10)
📊 [09:37:17] src=GDFL  stocks=213/213 | indices=9/9 | futures=174/207 | options=63/617 | greeks=61/617  total_ticks=5,719
2026-09-30 09:37:18  [LIVE                ]  INFO      📡 GDFL OC: subscribed/updated 3 product×expiry combos (depth=10)
2026-09-30 09:37:18  [L3.AMA              ]  INFO        📊 [STOCKS] 213 symbols | 852 ok | 0 err | 11349 ms
2026-09-30 09:37:18  [CAEngine.CA         ]  INFO      ✅ CA DB verification: ca_allocations=9  ca_pod_allocations=99 → C:\NewPrism\Backend\OutputDB/ca_output.db
2026-09-30 09:37:22  [L3.AMA              ]  INFO      ✅ AMA DB verification: ama_results=27889 rows  ama_scan_log=219 rows  → C:\NewPrism\Backend\OutputDB/ama_output.db
2026-09-30 09:37:24  [L3.AMA              ]  INFO        📊 [FUTURES] 207 symbols | 725 ok | 103 err | 6465 ms
Exception in thread AMA-Scanner:
Traceback (most recent call last):
  File "/usr/lib/python3.14/threading.py", line 1082, in _bootstrap_inner
  File "/usr/lib/python3.14/threading.py", line 1024, in run
  File "/home/frl/NewPrism/Backend/Engines/AMA/AMA.py", line 2410, in _scanner_loop
  File "/home/frl/NewPrism/Backend/Engines/AMA/AMA.py", line 2290, in _write_scan_log
sqlite3.OperationalError: unable to open database file
2026-09-30 09:37:26  [NewPrism.MarketState]  ERROR     ❌ MarketState DB verification failed: unable to open database file  path=C:\NewPrism\Backend\OutputDB/marketstate_output.db
Exception in thread OHLC-FUT-2:
Traceback (most recent call last):
  File "/usr/lib/python3.14/threading.py", line 1082, in _bootstrap_inner
  File "/home/frl/NewPrism/Backend/LiveData/data_miner.py", line 1164, in run
  File "/home/frl/NewPrism/Backend/LiveData/data_miner.py", line 1207, in _maybe_flush
  File "/home/frl/NewPrism/Backend/LiveData/data_miner.py", line 841, in flush_ohlc
  File "/home/frl/NewPrism/Backend/LiveData/data_miner.py", line 497, in get_conn
  File "/home/frl/NewPrism/venv/lib/python3.14/site-packages/psycopg2/pool.py", line 169, in getconn
  File "/home/frl/NewPrism/venv/lib/python3.14/site-packages/psycopg2/pool.py", line 93, in _getconn
  File "/home/frl/NewPrism/venv/lib/python3.14/site-packages/psycopg2/pool.py", line 63, in _connect
  File "/home/frl/NewPrism/venv/lib/python3.14/site-packages/psycopg2/__init__.py", line 122, in connect
psycopg2.OperationalError: could not translate host name "localhost" to address: System error

Exception in thread GRK-2:
Traceback (most recent call last):
  File "/usr/lib/python3.14/threading.py", line 1082, in _bootstrap_inner
  File "/home/frl/NewPrism/Backend/LiveData/data_miner.py", line 1297, in run
  File "/home/frl/NewPrism/Backend/LiveData/data_miner.py", line 1363, in _maybe_flush
  File "/home/frl/NewPrism/Backend/LiveData/data_miner.py", line 961, in flush_greeks
  File "/home/frl/NewPrism/Backend/LiveData/data_miner.py", line 497, in get_conn
  File "/home/frl/NewPrism/venv/lib/python3.14/site-packages/psycopg2/pool.py", line 169, in getconn
  File "/home/frl/NewPrism/venv/lib/python3.14/site-packages/psycopg2/pool.py", line 93, in _getconn
  File "/home/frl/NewPrism/venv/lib/python3.14/site-packages/psycopg2/pool.py", line 63, in _connect
  File "/home/frl/NewPrism/venv/lib/python3.14/site-packages/psycopg2/__init__.py", line 122, in connect
psycopg2.OperationalError: could not translate host name "localhost" to address: System error

Exception in thread GRK-0:
Traceback (most recent call last):
  File "/usr/lib/python3.14/threading.py", line 1082, in _bootstrap_inner
  File "/home/frl/NewPrism/Backend/LiveData/data_miner.py", line 1297, in run
  File "/home/frl/NewPrism/Backend/LiveData/data_miner.py", line 1363, in _maybe_flush
  File "/home/frl/NewPrism/Backend/LiveData/data_miner.py", line 961, in flush_greeks
  File "/home/frl/NewPrism/Backend/LiveData/data_miner.py", line 497, in get_conn
  File "/home/frl/NewPrism/venv/lib/python3.14/site-packages/psycopg2/pool.py", line 169, in getconn
  File "/home/frl/NewPrism/venv/lib/python3.14/site-packages/psycopg2/pool.py", line 93, in _getconn
  File "/home/frl/NewPrism/venv/lib/python3.14/site-packages/psycopg2/pool.py", line 63, in _connect
  File "/home/frl/NewPrism/venv/lib/python3.14/site-packages/psycopg2/__init__.py", line 122, in connect
psycopg2.OperationalError: could not translate host name "localhost" to address: System error

Exception in thread OHLC-IND-1:
Traceback (most recent call last):
  File "/usr/lib/python3.14/threading.py", line 1082, in _bootstrap_inner
  File "/home/frl/NewPrism/Backend/LiveData/data_miner.py", line 1164, in run
  File "/home/frl/NewPrism/Backend/LiveData/data_miner.py", line 1207, in _maybe_flush
  File "/home/frl/NewPrism/Backend/LiveData/data_miner.py", line 841, in flush_ohlc
  File "/home/frl/NewPrism/Backend/LiveData/data_miner.py", line 497, in get_conn
  File "/home/frl/NewPrism/venv/lib/python3.14/site-packages/psycopg2/pool.py", line 169, in getconn
  File "/home/frl/NewPrism/venv/lib/python3.14/site-packages/psycopg2/pool.py", line 93, in _getconn
  File "/home/frl/NewPrism/venv/lib/python3.14/site-packages/psycopg2/pool.py", line 63, in _connect
  File "/home/frl/NewPrism/venv/lib/python3.14/site-packages/psycopg2/__init__.py", line 122, in connect
psycopg2.OperationalError: could not translate host name "localhost" to address: System error

2026-09-30 09:38:02  [NewPrism            ]  INFO      ✅  data_miner_patch applied — 1m candle-close ZMQ signals active
2026-09-30 09:38:02  [ZMQ.PUB]  INFO  Killed stale process 207021 on port 5555
Killed
2026-09-30 09:38:02  [ZMQ.PUB]  INFO  Publisher bound → tcp://*:5555
2026-09-30 09:38:02  [NewPrism            ]  INFO      ✅  L1 ZMQ publisher started → tcp://*:5555
════════════════════════════════════════════════════════════════════════════════
  🚀  NewPrism Backend — Multi-Layer Market Intelligence System
  PG         : localhost:5432/live
  Source     : auto-select
  L1 ZMQ PUB : tcp://*:5555  (tick feed → AMA)
  L2 ZMQ PUB : tcp://*:5556  (AMA signals → downstream)
  L2 Candle  : ✅ event-driven (1m close)
  Console    : disabled
  Layer 1    : ✅ LiveData                              (ZMQ :5555)
  Layer 2    : ✅ AMA  (ZMQ :5556)
  Layer 3    : ✅ SFE  (ZMQ :5557)
  Layer 4    : ✅ MarketState  (ZMQ :5558)
  Layer 5    : ✅ PODS  (ZMQ :5559)
  Layer 6    : ✅ EV Engine  (ZMQ :5560)
  Layer 7a   : ✅ Risk Engine  (ZMQ :5561)
  Layer 7b   : ✅ Capital Alloc.  (ZMQ :5562)
  Engines    : AMA, SFE, MarketState, PODS, EV, Risk, CapitalAllocation, Governance, Portfolio, SOR
════════════════════════════════════════════════════════════════════════════════
2026-09-30 09:38:02  [NewPrism            ]  INFO      📥  Bootstrapping instrument tokens …
2026-09-30 09:38:02  [LIVE                ]  INFO      ⬇️  Kite instrument master …
2026-09-30 09:38:04  [LIVE                ]  INFO        → Stocks:213 Indices:9 Futures:207 Options:34971 Products:215
2026-09-30 09:38:04  [LIVE                ]  INFO      🔧 AUTO source selection enabled
2026-09-30 09:38:04  [NewPrism            ]  INFO      🗄️   Connecting PostgreSQL @ localhost:5432/live …
2026-09-30 09:38:04  [LIVE                ]  INFO      ✅ PG pool [10–32] → localhost:5432/live
2026-09-30 09:38:04  [LIVE                ]  INFO      📊 Creating tables …
2026-09-30 09:38:06  [LIVE                ]  INFO      ✅ Tables ready
2026-09-30 09:38:06  [LIVE                ]  INFO      ✅ repair_ohlc_constraints: all MTF tables already have UNIQUE constraint
2026-09-30 09:38:06  [NewPrism            ]  INFO      ✅  PostgreSQL ready
2026-09-30 09:38:06  [NewPrism            ]  INFO      🔧  Starting worker threads …
2026-09-30 09:38:06  [LIVE                ]  INFO      ▶️  OHLC-STO-0
2026-09-30 09:38:06  [LIVE                ]  INFO      ▶️  OHLC-STO-1
2026-09-30 09:38:06  [LIVE                ]  INFO      ▶️  OHLC-STO-2
2026-09-30 09:38:06  [LIVE                ]  INFO      ▶️  OHLC-STO-3
2026-09-30 09:38:06  [LIVE                ]  INFO      ▶️  OHLC-IND-0
2026-09-30 09:38:06  [LIVE                ]  INFO      ▶️  OHLC-IND-1
2026-09-30 09:38:06  [LIVE                ]  INFO      ▶️  OHLC-FUT-0
2026-09-30 09:38:06  [LIVE                ]  INFO      ▶️  OHLC-FUT-1
2026-09-30 09:38:06  [LIVE                ]  INFO      ▶️  OHLC-FUT-2
2026-09-30 09:38:06  [LIVE                ]  INFO      ▶️  OHLC-FUT-3
2026-09-30 09:38:06  [LIVE                ]  INFO      ▶️  OPT-0
2026-09-30 09:38:06  [LIVE                ]  INFO      ▶️  OPT-1
2026-09-30 09:38:06  [LIVE                ]  INFO      ▶️  OPT-2
2026-09-30 09:38:06  [LIVE                ]  INFO      ▶️  OPT-3
2026-09-30 09:38:06  [LIVE                ]  INFO      ▶️  GRK-0
2026-09-30 09:38:06  [LIVE                ]  INFO      ▶️  GRK-1
2026-09-30 09:38:06  [LIVE                ]  INFO      ▶️  GRK-2
2026-09-30 09:38:06  [LIVE                ]  INFO      ▶️  GRK-3
2026-09-30 09:38:06  [LIVE                ]  INFO      ▶️  GRK-5
2026-09-30 09:38:06  [LIVE                ]  INFO      ▶️  GRK-4
2026-09-30 09:38:06  [NewPrism            ]  INFO      ✅  Workers  stocks=4  indices=2  futures=4  options=4  greeks=6
2026-09-30 09:38:06  [LIVE                ]  INFO      🔄 GDFL: connecting …
2026-09-30 09:38:06  [LIVE                ]  INFO      🟡 Kite engine on standby
2026-09-30 09:38:06  [NewPrism            ]  INFO      ✅  L1 source threads started
2026-09-30 09:38:06  [NewPrism            ]  INFO      ⚙️   Starting engines (Layers 2–7) …
2026-09-30 09:38:06  [websocket           ]  INFO      Websocket connected
2026-09-30 09:38:06  [LIVE                ]  INFO      🔌 GDFL connected — authenticating …
2026-09-30 09:38:06  [LIVE                ]  INFO      ✅ GDFL auth OK — subscribing 429 instruments
2026-09-30 09:38:07  [L3.AMA              ]  INFO      ════════════════════════════════════════════════════════════
2026-09-30 09:38:07  [L3.AMA              ]  INFO      ▶  AMA Layer-3 Engine — initialising
2026-09-30 09:38:07  [L3.AMA              ]  INFO      ════════════════════════════════════════════════════════════
2026-09-30 09:38:07  [L3.AMA              ]  INFO        ✅ SQLite ready → C:\NewPrism\Backend\OutputDB/ama_output.db
2026-09-30 09:38:07  [L3.AMA              ]  INFO        ✅ AMAEngine ready
2026-09-30 09:38:07  [L3.AMA              ]  INFO        ✅ AMA ZMQ PUB → tcp://*:5556
2026-09-30 09:38:07  [L3.AMA              ]  INFO        ✅ AMA TickWatcher → tcp://localhost:5555
2026-09-30 09:38:07  [L3.AMA              ]  INFO        ▶ AMA Scanner started
2026-09-30 09:38:07  [L3.AMA              ]  INFO      ════════════════════════════════════════════════════════════
2026-09-30 09:38:07  [L3.AMA              ]  INFO      ✅ AMA Layer-3 ready
2026-09-30 09:38:07  [L3.AMA              ]  INFO         ZMQ SUB  ← tcp://localhost:5555
2026-09-30 09:38:07  [L3.AMA              ]  INFO         ZMQ PUB  → tcp://*:5556
2026-09-30 09:38:07  [L3.AMA              ]  INFO         SQLite   → C:\NewPrism\Backend\OutputDB/ama_output.db
2026-09-30 09:38:07  [L3.AMA              ]  INFO         Schemas  : STOCKS, FUTURES, INDICES, GREEKS
2026-09-30 09:38:07  [L3.AMA              ]  INFO         TFs      : 1m, 5m, 15m, 1H, 1D, 1W
2026-09-30 09:38:07  [L3.AMA              ]  INFO         Interval : 60s
2026-09-30 09:38:07  [L3.AMA              ]  INFO      ════════════════════════════════════════════════════════════
2026-09-30 09:38:07  [NewPrism            ]  INFO      ✅  Engine started: AMA
2026-09-30 09:38:07  [NewPrism.SFE        ]  ERROR     Cannot start SFE engine: sfe_engine binary not found at 'C:\NewPrism\Backend\Engines\SFE\build\sfe_engine.exe'.
Build it first:
  cd /home/frl/NewPrism/Backend/Engines/SFE
  mkdir -p build && cd build
  cmake .. && make -j$(nproc)
Or set SFE_BINARY=/path/to/sfe_engine in your environment.
2026-09-30 09:38:07  [NewPrism            ]  INFO      ✅  Engine started: SFE
2026-09-30 09:38:07  [NewPrism.MarketState]  INFO      MarketState log → C:\NewPrism\Backend\Logs/marketstate_2026-09-30.log
2026-09-30 09:38:07  [NewPrism.MarketState]  INFO      MarketState SQLite DB ready → C:\NewPrism\Backend\OutputDB/marketstate_output.db
2026-09-30 09:38:07  [NewPrism.MarketState]  INFO      ZMQ SUB ← tcp://localhost:5557
2026-09-30 09:38:07  [NewPrism.MarketState]  INFO      ZMQ PUB → tcp://*:5558
2026-09-30 09:38:07  [NewPrism.MarketState]  INFO      ==============================================================
2026-09-30 09:38:07  [NewPrism.MarketState]  INFO        NewPrism MarketState Engine  v1.0
2026-09-30 09:38:07  [NewPrism.MarketState]  INFO        Layer 4 — Parallel Market Analysis (13 modules)
2026-09-30 09:38:07  [NewPrism.MarketState]  INFO        SUB(SFE)  ← tcp://localhost:5557
2026-09-30 09:38:07  [NewPrism.MarketState]  INFO        PUB(MS)   → tcp://*:5558
2026-09-30 09:38:07  [NewPrism.MarketState]  INFO        Log dir   : C:\NewPrism\Backend\Logs
2026-09-30 09:38:07  [NewPrism.MarketState]  INFO        Output DB : C:\NewPrism\Backend\OutputDB/marketstate_output.db
2026-09-30 09:38:07  [NewPrism.MarketState]  INFO        Tables    : STOCKS, FUTURES, GREEKS, INDICES
2026-09-30 09:38:07  [NewPrism.MarketState]  INFO        Timeframes: 1m, 5m, 15m, 1H, 1D
2026-09-30 09:38:07  [NewPrism.MarketState]  INFO        Modules   : DPR, EMIO, IPSE, LDPE, MCL, MES, MONEY, MRE, MSE, MomentumFactor, OI, TWR, VCE
2026-09-30 09:38:07  [NewPrism.MarketState]  INFO      ==============================================================
2026-09-30 09:38:07  [NewPrism.MarketState]  INFO      MarketState background loop started (interval=60s)
2026-09-30 09:38:07  [NewPrism.MarketState]  INFO      MarketState engine started (pid-thread=MarketState-main)
2026-09-30 09:38:07  [NewPrism            ]  INFO      ✅  Engine started: MarketState
2026-09-30 09:38:07  [NewPrism.PODS       ]  INFO      Starting PODS engine: /home/frl/NewPrism/Backend/Engines/PODS/build/pods_engine.exe
2026-09-30 09:38:07  [NewPrism            ]  ERROR     ❌  Engine PODS failed to start: [Errno 8] Exec format error: '/home/frl/NewPrism/Backend/Engines/PODS/build/pods_engine.exe'
2026-09-30 09:38:07  [NewPrism.EV         ]  INFO      Starting EV Engine (Layer 6) | logs=C:\NewPrism\Backend\Logs | db=C:\NewPrism\Backend\OutputDB/ev_output.db
2026-09-30 09:38:07  [L3.AMA              ]  INFO        ✅ PG pool ready → localhost:5432/live
2026-09-30 09:38:07  [MAIN.EV             ]  INFO      MS-Feed thread: SUB ← tcp://localhost:5558
2026-09-30 09:38:08  [ScenarioWorker.EV   ]  INFO      ScenarioWorker ready — SUB:5559 → inproc://ev_scenario + ev_result
2026-09-30 09:38:08  [ISEWorker.EV        ]  INFO      ISEWorker ready — inproc://ev_result → inproc://ev_ise
2026-09-30 09:38:08  [EntryWorker.EV      ]  INFO      EntryWorker ready — inproc://ev_ise → inproc://ev_entry
2026-09-30 09:38:08  [ALXWorker.EV        ]  INFO      ALXWorker ready — inproc://ev_entry → inproc://ev_alx
2026-09-30 09:38:08  [SizingWorker.EV     ]  INFO      SizingWorker ready — inproc://ev_alx → inproc://ev_sizing + PUB:5560
2026-09-30 09:38:08  [PyramidWorker.EV    ]  INFO      PyramidWorker ready — inproc://ev_sizing → inproc://ev_pyramid
2026-09-30 09:38:08  [ExitWorker.EV       ]  INFO      ExitWorker ready — SUB:5555 + inproc://ev_sizing → inproc://ev_exit
2026-09-30 09:38:08  [MAIN.EV             ]  INFO      ══════════════════════════════════════════════════════════════
2026-09-30 09:38:08  [MAIN.EV             ]  INFO       EV Engine — Layer 6  STARTED
2026-09-30 09:38:08  [MAIN.EV             ]  INFO        SUB(ticks)   ← tcp://localhost:5555
2026-09-30 09:38:08  [MAIN.EV             ]  INFO        SUB(MS)      ← tcp://localhost:5558
2026-09-30 09:38:08  [MAIN.EV             ]  INFO        SUB(PODS)    ← tcp://localhost:5559
2026-09-30 09:38:08  [MAIN.EV             ]  INFO        PUB(signals) → tcp://*:5560
2026-09-30 09:38:08  [MAIN.EV             ]  INFO        SQLite3      → C:\NewPrism\Backend\OutputDB/ev_output.db
2026-09-30 09:38:08  [MAIN.EV             ]  INFO        Logs         → C:\NewPrism\Backend\Logs/ev_<module>_<date>.log
2026-09-30 09:38:08  [MAIN.EV             ]  INFO        Modules: Scenario · EV · ISE · Entry · ALX · Sizing · Pyramid · Exit
2026-09-30 09:38:08  [MAIN.EV             ]  INFO      ══════════════════════════════════════════════════════════════
2026-09-30 09:38:08  [NewPrism.EV         ]  INFO      ✅  EV Engine (Layer 6) started — PUB tcp://*:5560
2026-09-30 09:38:08  [NewPrism            ]  INFO      ✅  Engine started: EV
2026-09-30 09:38:08  [RiskEngine.RISK     ]  INFO      Risk MS-Feed: SUB ← tcp://localhost:5558
2026-09-30 09:38:08  [RiskEngine.RISK     ]  INFO      Risk EV-Feed: SUB ← tcp://localhost:5560 → inproc://risk_trade_req
2026-09-30 09:38:08  [RiskEngine.RISK     ]  INFO      Risk Publisher: inproc://risk_decision → PUB tcp://*:5561
2026-09-30 09:38:08  [RiskEngine.RISK     ]  INFO      R16 periodic scanner: interval=60s
2026-09-30 09:38:08  [RiskEngine.RISK     ]  INFO      RiskWorker-0 started
2026-09-30 09:38:08  [RiskEngine.RISK     ]  INFO      RiskWorker-1 started
2026-09-30 09:38:08  [RiskEngine.RISK     ]  INFO      RiskWorker-2 started
2026-09-30 09:38:08  [RiskEngine.RISK     ]  INFO      RiskWorker-3 started
2026-09-30 09:38:08  [RiskEngine.RISK     ]  INFO      ══════════════════════════════════════════════════════════════
2026-09-30 09:38:08  [RiskEngine.RISK     ]  INFO       Risk Engine — Layer 7  STARTED
2026-09-30 09:38:08  [RiskEngine.RISK     ]  INFO        SUB(MarketState) ← tcp://localhost:5558
2026-09-30 09:38:08  [RiskEngine.RISK     ]  INFO        SUB(EV signals)  ← tcp://localhost:5560
2026-09-30 09:38:08  [RiskEngine.RISK     ]  INFO        PUB(decisions)   → tcp://*:5561
2026-09-30 09:38:08  [RiskEngine.RISK     ]  INFO        Workers          = 4 parallel Risk threads
2026-09-30 09:38:08  [RiskEngine.RISK     ]  INFO        SQLite3          → C:\NewPrism\Backend\OutputDB/risk_output.db
2026-09-30 09:38:08  [RiskEngine.RISK     ]  INFO        Logs             → C:\NewPrism\Backend\Logs/risk.log
2026-09-30 09:38:08  [RiskEngine.RISK     ]  INFO        R16 scan         every 60 s
2026-09-30 09:38:08  [RiskEngine.RISK     ]  INFO        Modules: R1·R2·R4·R6·R7·R8·R11·R12·R14·R15·R16
2026-09-30 09:38:08  [RiskEngine.RISK     ]  INFO      ══════════════════════════════════════════════════════════════
✅  Risk Engine (Layer 7) started — PUB tcp://*:5561  workers=4
2026-09-30 09:38:08  [NewPrism            ]  INFO      ✅  Engine started: Risk
2026-09-30 09:38:08  [CAEngine.CA         ]  INFO      CA MS-Feed: SUB ← tcp://localhost:5558
2026-09-30 09:38:08  [CAEngine.CA         ]  INFO      CA Risk-Feed: SUB ← tcp://localhost:5561
2026-09-30 09:38:08  [CAEngine.CA         ]  INFO      CA IntraDay worker started
2026-09-30 09:38:08  [CAEngine.CA         ]  INFO      CA EOD worker started (interval=3600s)
2026-09-30 09:38:08  [CAEngine.CA         ]  INFO      CA EOD Scheduler: firing every 3600s
2026-09-30 09:38:08  [CAEngine.CA         ]  INFO      CA Publisher: inproc://ca_result → PUB tcp://*:5562
2026-09-30 09:38:08  [LIVE                ]  INFO      ✅ GDFL: 429 subscriptions sent (stocks=213, indices=9, futures=207)
2026-09-30 09:38:08  [LIVE                ]  INFO      📡 GDFL OC subscription loop started — initial pass in 3s
📊 [09:38:08] src=GDFL  stocks=1/213 | indices=0/9 | futures=0/207 | options=0/617 | greeks=0/617  total_ticks=1
2026-09-30 09:38:08  [NewPrism.MarketState]  INFO      MarketState scan cycle starting …
2026-09-30 09:38:09  [CAEngine.CA         ]  INFO      CA EOD pipeline starting: cycle=EOD
2026-09-30 09:38:09  [CAEngine.CA         ]  INFO      ══════════════════════════════════════════════════════════════
2026-09-30 09:38:09  [CAEngine.CA         ]  INFO       Capital Allocation Engine — Layer 7  STARTED
2026-09-30 09:38:09  [CAEngine.CA         ]  INFO      PVC: σ_ann=146.107% > σ_target=45.000% → ScaleFactor=0.5000
2026-09-30 09:38:09  [CAEngine.CA         ]  INFO        SUB(MarketState)  ← tcp://localhost:5558
2026-09-30 09:38:09  [CAEngine.CA         ]  WARNING   EMERGENCY/PROTECT activated: ['VOL_SPIKE: σ_ann=134.25% > 1.5×σ_target=45.00%']
2026-09-30 09:38:09  [CAEngine.CA         ]  INFO        SUB(Risk)         ← tcp://localhost:5561
2026-09-30 09:38:09  [CAEngine.CA         ]  INFO        PUB(allocations)  → tcp://*:5562
2026-09-30 09:38:09  [CAEngine.CA         ]  INFO        IntraDay throttle  = 30s
2026-09-30 09:38:09  [CAEngine.CA         ]  INFO        EOD interval       = 3600s
2026-09-30 09:38:09  [CAEngine.CA         ]  INFO        SQLite3            → C:\NewPrism\Backend\OutputDB/ca_output.db
2026-09-30 09:38:09  [CAEngine.CA         ]  INFO        Logs               → C:\NewPrism\Backend\Logs/ca.log
2026-09-30 09:38:09  [CAEngine.CA         ]  INFO        Pods tracked: P1, P2, P3, P4, P5, P6, P7, P8, P9, P10, P0
2026-09-30 09:38:09  [CAEngine.CA         ]  INFO        Pipeline: MCL→DDR→Waterfall→AUM→BaseW→Regime→DD→Beta→Corr→CRE→PVC→Clamp→Caps→RBA→Rebal→Audit
2026-09-30 09:38:09  [CAEngine.CA         ]  INFO      ══════════════════════════════════════════════════════════════
2026-09-30 09:38:09  [CAEngine.CA         ]  INFO      CA EOD [EOD]: dd=NORMAL g=1.000 deployable=7750000 | emg=True mstress=False | beta_sf=N/A pvc_sf=0.5000
✅  Capital Allocation Engine (Layer 7) started — PUB tcp://*:5562  pods=11
2026-09-30 09:38:09  [NewPrism            ]  INFO      ✅  Engine started: CapitalAllocation
2026-09-30 09:38:09  [CAEngine.CA         ]  WARNING   CA EMERGENCY ACTIVE: ['VOL_SPIKE: σ_ann=134.25% > 1.5×σ_target=45.00%']
2026-09-30 09:38:09  [CAEngine.CA         ]  WARNING   CA BREACHES: ['EMERGENCY:VOL_SPIKE: σ_ann=134.25% > 1.5×σ_target=45.00%']
2026-09-30 09:38:09  [NewPrism            ]  ERROR     ❌  Engine Governance failed to start: Non-UTF-8 code starting with '\x97' on line 1351, but no encoding declared; see https://peps.python.org/pep-0263/ for details (TGS.py, line 1351)
2026-09-30 09:38:09  [Portfolio.PORT      ]  INFO      PORT MS-Feed: SUB ← tcp://localhost:5558
2026-09-30 09:38:09  [Portfolio.PORT      ]  INFO      PORT CA-Feed: SUB ← tcp://localhost:5562
2026-09-30 09:38:10  [Portfolio.PORT      ]  INFO      PORT GOV-Feed: SUB ← tcp://localhost:5563
2026-09-30 09:38:10  [Portfolio.PORT      ]  INFO      PORT Publisher: inproc://port_result → PUB tcp://*:5564
2026-09-30 09:38:10  [Portfolio.PORT      ]  INFO      PORT Worker-0 started
2026-09-30 09:38:10  [Portfolio.PORT      ]  INFO      PORT Worker-1 started
2026-09-30 09:38:10  [Portfolio.PORT      ]  INFO      PORT Worker-2 started
2026-09-30 09:38:10  [Portfolio.PORT      ]  INFO      ══════════════════════════════════════════════════════════════
2026-09-30 09:38:10  [Portfolio.PORT      ]  INFO       Portfolio Engine — Layer 8  STARTED
2026-09-30 09:38:10  [Portfolio.PORT      ]  INFO        SUB(MarketState) ← tcp://localhost:5558
2026-09-30 09:38:10  [Portfolio.PORT      ]  INFO      PORT Worker-3 started
2026-09-30 09:38:10  [Portfolio.PORT      ]  INFO        SUB(Risk)        ← tcp://localhost:5561
2026-09-30 09:38:10  [Portfolio.PORT      ]  INFO        SUB(CA)          ← tcp://localhost:5562
2026-09-30 09:38:10  [Portfolio.PORT      ]  INFO        SUB(Governance)  ← tcp://localhost:5563
2026-09-30 09:38:10  [Portfolio.PORT      ]  INFO        PUB(portfolio)   → tcp://*:5564
2026-09-30 09:38:10  [Portfolio.PORT      ]  INFO        Workers          = 4 parallel Portfolio threads
2026-09-30 09:38:10  [Portfolio.PORT      ]  INFO        SQLite3          → C:\NewPrism\Backend\OutputDB/portfolio_output.db
2026-09-30 09:38:10  [Portfolio.PORT      ]  INFO        Logs             → C:\NewPrism\Backend\Logs/portfolio.log
2026-09-30 09:38:10  [Portfolio.PORT      ]  INFO        Engines: TPCE-INDEX · TPCE-FNO · TPCE-CASH · InvestingEngine
2026-09-30 09:38:10  [Portfolio.PORT      ]  INFO      ══════════════════════════════════════════════════════════════
✅  Portfolio Engine (Layer 8) started — PUB tcp://*:5564  workers=4
2026-09-30 09:38:10  [NewPrism            ]  INFO      ✅  Engine started: Portfolio
2026-09-30 09:38:10  [INIT.SOR            ]  INFO      SOR initialising | db=C:\NewPrism\Backend\OutputDB\sor_output.db
2026-09-30 09:38:10  [CAEngine.CA         ]  INFO      CA Scheduler fired: cycle=EOD
2026-09-30 09:38:10  [NewPrism.SOR        ]  ERROR     SOR engine start() raised: [Errno 2] No such file or directory: ''
Traceback (most recent call last):
  File "/home/frl/NewPrism/Backend/Engines/SOR/__init__.py", line 147, in start
    ok = mod.start(logs_dir=_LOG_DIR, db_path=_DB_PATH)
  File "/home/frl/NewPrism/Backend/Engines/SOR/SOR.py", line 1142, in start
    os.makedirs(os.path.dirname(db_path), exist_ok=True)
    ~~~~~~~~~~~^^^^^^^^^^^^^^^^^^^^^^^^^^^^^^^^^^^^^^^^^
  File "<frozen os>", line 236, in makedirs
FileNotFoundError: [Errno 2] No such file or directory: ''
2026-09-30 09:38:10  [NewPrism            ]  INFO      ✅  Engine started: SOR
2026-09-30 09:38:10  [NewPrism            ]  INFO      ✅  All engines online: AMA, SFE, MarketState, EV, Risk, CapitalAllocation, Portfolio, SOR
2026-09-30 09:38:10  [NewPrism            ]  INFO      🟢  NewPrism running — Ctrl-C to stop

2026-09-30 09:38:11  [LIVE                ]  INFO      📡 GDFL OC: subscribed/updated 135 product×expiry combos (depth=10)
2026-09-30 09:38:11  [NewPrism.MarketState]  INFO      Candles loaded: 15/20 non-empty
2026-09-30 09:38:11  [NewPrism.MarketState]  ERROR     [MES] runner error: No module named 'timeframes'
2026-09-30 09:38:11  [NewPrism.MarketState]  ERROR     [DPR] runner error: No module named 'timeframes'
2026-09-30 09:38:11  [NewPrism.MarketState]  ERROR     [MRE] runner error: No module named 'timeframes'
2026-09-30 09:38:11  [NewPrism.MarketState]  ERROR     [TWR] runner error: No module named 'timeframes'
2026-09-30 09:38:14  [NewPrism.MarketState]  INFO      Scan cycle complete — 9/13 modules OK | 4 symbols broadcast
2026-09-30 09:38:18  [LIVE                ]  INFO      📡 GDFL OC: subscribed/updated 482 product×expiry combos (depth=10)
📊 [09:38:18] src=GDFL  stocks=213/213 | indices=9/9 | futures=159/207 | options=76/617 | greeks=75/617  total_ticks=6,526
2026-09-30 09:38:19  [CAEngine.CA         ]  INFO      ✅ CA DB verification: ca_allocations=10  ca_pod_allocations=110 → C:\NewPrism\Backend\OutputDB/ca_output.db
2026-09-30 09:38:19  [L3.AMA              ]  INFO        📊 [STOCKS] 213 symbols | 852 ok | 0 err | 11698 ms
2026-09-30 09:38:22  [L3.AMA              ]  INFO      ✅ AMA DB verification: ama_results=29428 rows  ama_scan_log=220 rows  → C:\NewPrism\Backend\OutputDB/ama_output.db
2026-09-30 09:38:26  [L3.AMA              ]  INFO        📊 [FUTURES] 207 symbols | 752 ok | 76 err | 7061 ms
Exception in thread AMA-Scanner:
Traceback (most recent call last):
  File "/usr/lib/python3.14/threading.py", line 1082, in _bootstrap_inner
  File "/usr/lib/python3.14/threading.py", line 1024, in run
  File "/home/frl/NewPrism/Backend/Engines/AMA/AMA.py", line 2410, in _scanner_loop
  File "/home/frl/NewPrism/Backend/Engines/AMA/AMA.py", line 2290, in _write_scan_log
sqlite3.OperationalError: unable to open database file
2026-09-30 09:38:27  [NewPrism.MarketState]  ERROR     ❌ MarketState DB verification failed: unable to open database file  path=C:\NewPrism\Backend\OutputDB/marketstate_output.db
2026-09-30 09:39:02  [NewPrism            ]  INFO      ✅  data_miner_patch applied — 1m candle-close ZMQ signals active
2026-09-30 09:39:02  [ZMQ.PUB]  INFO  Killed stale process 207554 on port 5555
Killed
2026-09-30 09:39:02  [ZMQ.PUB]  INFO  Publisher bound → tcp://*:5555
2026-09-30 09:39:02  [NewPrism            ]  INFO      ✅  L1 ZMQ publisher started → tcp://*:5555
════════════════════════════════════════════════════════════════════════════════
  🚀  NewPrism Backend — Multi-Layer Market Intelligence System
  PG         : localhost:5432/live
  Source     : auto-select
  L1 ZMQ PUB : tcp://*:5555  (tick feed → AMA)
  L2 ZMQ PUB : tcp://*:5556  (AMA signals → downstream)
  L2 Candle  : ✅ event-driven (1m close)
  Console    : disabled
  Layer 1    : ✅ LiveData                              (ZMQ :5555)
  Layer 2    : ✅ AMA  (ZMQ :5556)
  Layer 3    : ✅ SFE  (ZMQ :5557)
  Layer 4    : ✅ MarketState  (ZMQ :5558)
  Layer 5    : ✅ PODS  (ZMQ :5559)
  Layer 6    : ✅ EV Engine  (ZMQ :5560)
  Layer 7a   : ✅ Risk Engine  (ZMQ :5561)
  Layer 7b   : ✅ Capital Alloc.  (ZMQ :5562)
  Engines    : AMA, SFE, MarketState, PODS, EV, Risk, CapitalAllocation, Governance, Portfolio, SOR
════════════════════════════════════════════════════════════════════════════════
2026-09-30 09:39:02  [NewPrism            ]  INFO      📥  Bootstrapping instrument tokens …
2026-09-30 09:39:02  [LIVE                ]  INFO      ⬇️  Kite instrument master …
2026-09-30 09:39:04  [LIVE                ]  INFO        → Stocks:213 Indices:9 Futures:207 Options:34971 Products:215
2026-09-30 09:39:04  [LIVE                ]  INFO      🔧 AUTO source selection enabled
2026-09-30 09:39:04  [NewPrism            ]  INFO      🗄️   Connecting PostgreSQL @ localhost:5432/live …
2026-09-30 09:39:04  [LIVE                ]  INFO      ✅ PG pool [10–32] → localhost:5432/live
2026-09-30 09:39:04  [LIVE                ]  INFO      📊 Creating tables …
2026-09-30 09:39:06  [LIVE                ]  INFO      ✅ Tables ready
2026-09-30 09:39:06  [LIVE                ]  INFO      ✅ repair_ohlc_constraints: all MTF tables already have UNIQUE constraint
2026-09-30 09:39:06  [NewPrism            ]  INFO      ✅  PostgreSQL ready
2026-09-30 09:39:06  [NewPrism            ]  INFO      🔧  Starting worker threads …
2026-09-30 09:39:06  [LIVE                ]  INFO      ▶️  OHLC-STO-0
2026-09-30 09:39:06  [LIVE                ]  INFO      ▶️  OHLC-STO-1
2026-09-30 09:39:06  [LIVE                ]  INFO      ▶️  OHLC-STO-2
2026-09-30 09:39:06  [LIVE                ]  INFO      ▶️  OHLC-STO-3
2026-09-30 09:39:06  [LIVE                ]  INFO      ▶️  OHLC-IND-0
2026-09-30 09:39:06  [LIVE                ]  INFO      ▶️  OHLC-IND-1
2026-09-30 09:39:06  [LIVE                ]  INFO      ▶️  OHLC-FUT-0
2026-09-30 09:39:06  [LIVE                ]  INFO      ▶️  OHLC-FUT-1
2026-09-30 09:39:06  [LIVE                ]  INFO      ▶️  OHLC-FUT-2
2026-09-30 09:39:06  [LIVE                ]  INFO      ▶️  OHLC-FUT-3
2026-09-30 09:39:06  [LIVE                ]  INFO      ▶️  OPT-0
2026-09-30 09:39:06  [LIVE                ]  INFO      ▶️  OPT-1
2026-09-30 09:39:06  [LIVE                ]  INFO      ▶️  OPT-2
2026-09-30 09:39:06  [LIVE                ]  INFO      ▶️  GRK-0
2026-09-30 09:39:06  [LIVE                ]  INFO      ▶️  OPT-3
2026-09-30 09:39:06  [LIVE                ]  INFO      ▶️  GRK-1
2026-09-30 09:39:06  [LIVE                ]  INFO      ▶️  GRK-2
2026-09-30 09:39:06  [LIVE                ]  INFO      ▶️  GRK-3
2026-09-30 09:39:06  [LIVE                ]  INFO      ▶️  GRK-4
2026-09-30 09:39:06  [LIVE                ]  INFO      ▶️  GRK-5
2026-09-30 09:39:06  [NewPrism            ]  INFO      ✅  Workers  stocks=4  indices=2  futures=4  options=4  greeks=6
2026-09-30 09:39:06  [LIVE                ]  INFO      🔄 GDFL: connecting …
2026-09-30 09:39:06  [LIVE                ]  INFO      🟡 Kite engine on standby
2026-09-30 09:39:06  [NewPrism            ]  INFO      ✅  L1 source threads started
2026-09-30 09:39:06  [NewPrism            ]  INFO      ⚙️   Starting engines (Layers 2–7) …
2026-09-30 09:39:06  [websocket           ]  INFO      Websocket connected
2026-09-30 09:39:06  [LIVE                ]  INFO      🔌 GDFL connected — authenticating …
2026-09-30 09:39:06  [LIVE                ]  INFO      ✅ GDFL auth OK — subscribing 429 instruments
2026-09-30 09:39:07  [L3.AMA              ]  INFO      ════════════════════════════════════════════════════════════
2026-09-30 09:39:07  [L3.AMA              ]  INFO      ▶  AMA Layer-3 Engine — initialising
2026-09-30 09:39:07  [L3.AMA              ]  INFO      ════════════════════════════════════════════════════════════
2026-09-30 09:39:07  [L3.AMA              ]  INFO        ✅ SQLite ready → C:\NewPrism\Backend\OutputDB/ama_output.db
2026-09-30 09:39:07  [L3.AMA              ]  INFO        ✅ AMAEngine ready
2026-09-30 09:39:07  [L3.AMA              ]  INFO        ✅ AMA ZMQ PUB → tcp://*:5556
2026-09-30 09:39:07  [L3.AMA              ]  INFO        ✅ AMA TickWatcher → tcp://localhost:5555
2026-09-30 09:39:07  [L3.AMA              ]  INFO        ▶ AMA Scanner started
2026-09-30 09:39:07  [L3.AMA              ]  INFO      ════════════════════════════════════════════════════════════
2026-09-30 09:39:07  [L3.AMA              ]  INFO      ✅ AMA Layer-3 ready
2026-09-30 09:39:07  [L3.AMA              ]  INFO         ZMQ SUB  ← tcp://localhost:5555
2026-09-30 09:39:07  [L3.AMA              ]  INFO         ZMQ PUB  → tcp://*:5556
2026-09-30 09:39:07  [L3.AMA              ]  INFO         SQLite   → C:\NewPrism\Backend\OutputDB/ama_output.db
2026-09-30 09:39:07  [L3.AMA              ]  INFO         Schemas  : STOCKS, FUTURES, INDICES, GREEKS
2026-09-30 09:39:07  [L3.AMA              ]  INFO         TFs      : 1m, 5m, 15m, 1H, 1D, 1W
2026-09-30 09:39:07  [L3.AMA              ]  INFO         Interval : 60s
2026-09-30 09:39:07  [L3.AMA              ]  INFO      ════════════════════════════════════════════════════════════
2026-09-30 09:39:07  [NewPrism            ]  INFO      ✅  Engine started: AMA
2026-09-30 09:39:07  [NewPrism.SFE        ]  ERROR     Cannot start SFE engine: sfe_engine binary not found at 'C:\NewPrism\Backend\Engines\SFE\build\sfe_engine.exe'.
Build it first:
  cd /home/frl/NewPrism/Backend/Engines/SFE
  mkdir -p build && cd build
  cmake .. && make -j$(nproc)
Or set SFE_BINARY=/path/to/sfe_engine in your environment.
2026-09-30 09:39:07  [NewPrism            ]  INFO      ✅  Engine started: SFE
2026-09-30 09:39:07  [NewPrism.MarketState]  INFO      MarketState log → C:\NewPrism\Backend\Logs/marketstate_2026-09-30.log
2026-09-30 09:39:07  [NewPrism.MarketState]  INFO      MarketState SQLite DB ready → C:\NewPrism\Backend\OutputDB/marketstate_output.db
2026-09-30 09:39:07  [NewPrism.MarketState]  INFO      ZMQ SUB ← tcp://localhost:5557
2026-09-30 09:39:07  [NewPrism.MarketState]  INFO      ZMQ PUB → tcp://*:5558
2026-09-30 09:39:07  [NewPrism.MarketState]  INFO      ==============================================================
2026-09-30 09:39:07  [NewPrism.MarketState]  INFO        NewPrism MarketState Engine  v1.0
2026-09-30 09:39:07  [NewPrism.MarketState]  INFO        Layer 4 — Parallel Market Analysis (13 modules)
2026-09-30 09:39:07  [NewPrism.MarketState]  INFO        SUB(SFE)  ← tcp://localhost:5557
2026-09-30 09:39:07  [NewPrism.MarketState]  INFO        PUB(MS)   → tcp://*:5558
2026-09-30 09:39:07  [NewPrism.MarketState]  INFO        Log dir   : C:\NewPrism\Backend\Logs
2026-09-30 09:39:07  [NewPrism.MarketState]  INFO        Output DB : C:\NewPrism\Backend\OutputDB/marketstate_output.db
2026-09-30 09:39:07  [NewPrism.MarketState]  INFO        Tables    : STOCKS, FUTURES, GREEKS, INDICES
2026-09-30 09:39:07  [NewPrism.MarketState]  INFO        Timeframes: 1m, 5m, 15m, 1H, 1D
2026-09-30 09:39:07  [NewPrism.MarketState]  INFO        Modules   : DPR, EMIO, IPSE, LDPE, MCL, MES, MONEY, MRE, MSE, MomentumFactor, OI, TWR, VCE
2026-09-30 09:39:07  [NewPrism.MarketState]  INFO      ==============================================================
2026-09-30 09:39:07  [NewPrism.MarketState]  INFO      MarketState background loop started (interval=60s)
2026-09-30 09:39:07  [NewPrism.MarketState]  INFO      MarketState engine started (pid-thread=MarketState-main)
2026-09-30 09:39:07  [NewPrism            ]  INFO      ✅  Engine started: MarketState
2026-09-30 09:39:07  [NewPrism.PODS       ]  INFO      Starting PODS engine: /home/frl/NewPrism/Backend/Engines/PODS/build/pods_engine.exe
2026-09-30 09:39:07  [NewPrism            ]  ERROR     ❌  Engine PODS failed to start: [Errno 8] Exec format error: '/home/frl/NewPrism/Backend/Engines/PODS/build/pods_engine.exe'
2026-09-30 09:39:07  [L3.AMA              ]  INFO        ✅ PG pool ready → localhost:5432/live
2026-09-30 09:39:07  [NewPrism.EV         ]  INFO      Starting EV Engine (Layer 6) | logs=C:\NewPrism\Backend\Logs | db=C:\NewPrism\Backend\OutputDB/ev_output.db
2026-09-30 09:39:07  [MAIN.EV             ]  INFO      MS-Feed thread: SUB ← tcp://localhost:5558
2026-09-30 09:39:07  [ScenarioWorker.EV   ]  INFO      ScenarioWorker ready — SUB:5559 → inproc://ev_scenario + ev_result
2026-09-30 09:39:07  [ISEWorker.EV        ]  INFO      ISEWorker ready — inproc://ev_result → inproc://ev_ise
2026-09-30 09:39:07  [EntryWorker.EV      ]  INFO      EntryWorker ready — inproc://ev_ise → inproc://ev_entry
2026-09-30 09:39:07  [ALXWorker.EV        ]  INFO      ALXWorker ready — inproc://ev_entry → inproc://ev_alx
2026-09-30 09:39:08  [SizingWorker.EV     ]  INFO      SizingWorker ready — inproc://ev_alx → inproc://ev_sizing + PUB:5560
2026-09-30 09:39:08  [PyramidWorker.EV    ]  INFO      PyramidWorker ready — inproc://ev_sizing → inproc://ev_pyramid
2026-09-30 09:39:08  [ExitWorker.EV       ]  INFO      ExitWorker ready — SUB:5555 + inproc://ev_sizing → inproc://ev_exit
2026-09-30 09:39:08  [MAIN.EV             ]  INFO      ══════════════════════════════════════════════════════════════
2026-09-30 09:39:08  [MAIN.EV             ]  INFO       EV Engine — Layer 6  STARTED
2026-09-30 09:39:08  [MAIN.EV             ]  INFO        SUB(ticks)   ← tcp://localhost:5555
2026-09-30 09:39:08  [MAIN.EV             ]  INFO        SUB(MS)      ← tcp://localhost:5558
2026-09-30 09:39:08  [MAIN.EV             ]  INFO        SUB(PODS)    ← tcp://localhost:5559
2026-09-30 09:39:08  [MAIN.EV             ]  INFO        PUB(signals) → tcp://*:5560
2026-09-30 09:39:08  [MAIN.EV             ]  INFO        SQLite3      → C:\NewPrism\Backend\OutputDB/ev_output.db
2026-09-30 09:39:08  [MAIN.EV             ]  INFO        Logs         → C:\NewPrism\Backend\Logs/ev_<module>_<date>.log
2026-09-30 09:39:08  [MAIN.EV             ]  INFO        Modules: Scenario · EV · ISE · Entry · ALX · Sizing · Pyramid · Exit
2026-09-30 09:39:08  [MAIN.EV             ]  INFO      ══════════════════════════════════════════════════════════════
2026-09-30 09:39:08  [NewPrism.EV         ]  INFO      ✅  EV Engine (Layer 6) started — PUB tcp://*:5560
2026-09-30 09:39:08  [NewPrism            ]  INFO      ✅  Engine started: EV
2026-09-30 09:39:08  [RiskEngine.RISK     ]  INFO      Risk MS-Feed: SUB ← tcp://localhost:5558
2026-09-30 09:39:08  [RiskEngine.RISK     ]  INFO      Risk Publisher: inproc://risk_decision → PUB tcp://*:5561
2026-09-30 09:39:08  [RiskEngine.RISK     ]  INFO      Risk EV-Feed: SUB ← tcp://localhost:5560 → inproc://risk_trade_req
2026-09-30 09:39:08  [RiskEngine.RISK     ]  INFO      R16 periodic scanner: interval=60s
2026-09-30 09:39:08  [RiskEngine.RISK     ]  INFO      RiskWorker-0 started
2026-09-30 09:39:08  [RiskEngine.RISK     ]  INFO      RiskWorker-1 started
2026-09-30 09:39:08  [RiskEngine.RISK     ]  INFO      RiskWorker-2 started
2026-09-30 09:39:08  [RiskEngine.RISK     ]  INFO      RiskWorker-3 started
2026-09-30 09:39:08  [RiskEngine.RISK     ]  INFO      ══════════════════════════════════════════════════════════════
2026-09-30 09:39:08  [RiskEngine.RISK     ]  INFO       Risk Engine — Layer 7  STARTED
2026-09-30 09:39:08  [RiskEngine.RISK     ]  INFO        SUB(MarketState) ← tcp://localhost:5558
2026-09-30 09:39:08  [RiskEngine.RISK     ]  INFO        SUB(EV signals)  ← tcp://localhost:5560
2026-09-30 09:39:08  [RiskEngine.RISK     ]  INFO        PUB(decisions)   → tcp://*:5561
2026-09-30 09:39:08  [RiskEngine.RISK     ]  INFO        Workers          = 4 parallel Risk threads
2026-09-30 09:39:08  [RiskEngine.RISK     ]  INFO        SQLite3          → C:\NewPrism\Backend\OutputDB/risk_output.db
2026-09-30 09:39:08  [RiskEngine.RISK     ]  INFO        Logs             → C:\NewPrism\Backend\Logs/risk.log
2026-09-30 09:39:08  [RiskEngine.RISK     ]  INFO        R16 scan         every 60 s
2026-09-30 09:39:08  [RiskEngine.RISK     ]  INFO        Modules: R1·R2·R4·R6·R7·R8·R11·R12·R14·R15·R16
2026-09-30 09:39:08  [RiskEngine.RISK     ]  INFO      ══════════════════════════════════════════════════════════════
✅  Risk Engine (Layer 7) started — PUB tcp://*:5561  workers=4
2026-09-30 09:39:08  [NewPrism            ]  INFO      ✅  Engine started: Risk
2026-09-30 09:39:08  [CAEngine.CA         ]  INFO      CA MS-Feed: SUB ← tcp://localhost:5558
2026-09-30 09:39:08  [CAEngine.CA         ]  INFO      CA Risk-Feed: SUB ← tcp://localhost:5561
2026-09-30 09:39:08  [CAEngine.CA         ]  INFO      CA IntraDay worker started
2026-09-30 09:39:08  [CAEngine.CA         ]  INFO      CA EOD worker started (interval=3600s)
2026-09-30 09:39:08  [CAEngine.CA         ]  INFO      CA EOD Scheduler: firing every 3600s
2026-09-30 09:39:08  [LIVE                ]  INFO      ✅ GDFL: 429 subscriptions sent (stocks=213, indices=9, futures=207)
2026-09-30 09:39:08  [LIVE                ]  INFO      📡 GDFL OC subscription loop started — initial pass in 3s
📊 [09:39:08] src=GDFL  stocks=1/213 | indices=0/9 | futures=0/207 | options=0/617 | greeks=0/617  total_ticks=1
2026-09-30 09:39:08  [CAEngine.CA         ]  INFO      CA Publisher: inproc://ca_result → PUB tcp://*:5562
2026-09-30 09:39:08  [NewPrism.MarketState]  INFO      MarketState scan cycle starting …
2026-09-30 09:39:09  [CAEngine.CA         ]  INFO      ══════════════════════════════════════════════════════════════
2026-09-30 09:39:09  [CAEngine.CA         ]  INFO      CA EOD pipeline starting: cycle=EOD
2026-09-30 09:39:09  [CAEngine.CA         ]  INFO       Capital Allocation Engine — Layer 7  STARTED
2026-09-30 09:39:09  [CAEngine.CA         ]  INFO        SUB(MarketState)  ← tcp://localhost:5558
2026-09-30 09:39:09  [CAEngine.CA         ]  INFO      PVC: σ_ann=146.107% > σ_target=45.000% → ScaleFactor=0.5000
2026-09-30 09:39:09  [CAEngine.CA         ]  INFO        SUB(Risk)         ← tcp://localhost:5561
2026-09-30 09:39:09  [CAEngine.CA         ]  WARNING   EMERGENCY/PROTECT activated: ['VOL_SPIKE: σ_ann=134.25% > 1.5×σ_target=45.00%']
2026-09-30 09:39:09  [CAEngine.CA         ]  INFO        PUB(allocations)  → tcp://*:5562
2026-09-30 09:39:09  [CAEngine.CA         ]  INFO        IntraDay throttle  = 30s
2026-09-30 09:39:09  [CAEngine.CA         ]  INFO        EOD interval       = 3600s
2026-09-30 09:39:09  [CAEngine.CA         ]  INFO        SQLite3            → C:\NewPrism\Backend\OutputDB/ca_output.db
2026-09-30 09:39:09  [CAEngine.CA         ]  INFO      CA EOD [EOD]: dd=NORMAL g=1.000 deployable=7750000 | emg=True mstress=False | beta_sf=N/A pvc_sf=0.5000
2026-09-30 09:39:09  [CAEngine.CA         ]  INFO        Logs               → C:\NewPrism\Backend\Logs/ca.log
2026-09-30 09:39:09  [CAEngine.CA         ]  WARNING   CA EMERGENCY ACTIVE: ['VOL_SPIKE: σ_ann=134.25% > 1.5×σ_target=45.00%']
2026-09-30 09:39:09  [CAEngine.CA         ]  INFO        Pods tracked: P1, P2, P3, P4, P5, P6, P7, P8, P9, P10, P0
2026-09-30 09:39:09  [CAEngine.CA         ]  WARNING   CA BREACHES: ['EMERGENCY:VOL_SPIKE: σ_ann=134.25% > 1.5×σ_target=45.00%']
2026-09-30 09:39:09  [CAEngine.CA         ]  INFO        Pipeline: MCL→DDR→Waterfall→AUM→BaseW→Regime→DD→Beta→Corr→CRE→PVC→Clamp→Caps→RBA→Rebal→Audit
2026-09-30 09:39:09  [CAEngine.CA         ]  INFO      ══════════════════════════════════════════════════════════════
✅  Capital Allocation Engine (Layer 7) started — PUB tcp://*:5562  pods=11
2026-09-30 09:39:09  [NewPrism            ]  INFO      ✅  Engine started: CapitalAllocation
2026-09-30 09:39:09  [NewPrism            ]  ERROR     ❌  Engine Governance failed to start: Non-UTF-8 code starting with '\x97' on line 1351, but no encoding declared; see https://peps.python.org/pep-0263/ for details (TGS.py, line 1351)
2026-09-30 09:39:10  [Portfolio.PORT      ]  INFO      PORT MS-Feed: SUB ← tcp://localhost:5558
2026-09-30 09:39:10  [Portfolio.PORT      ]  INFO      PORT CA-Feed: SUB ← tcp://localhost:5562
2026-09-30 09:39:10  [Portfolio.PORT      ]  INFO      PORT GOV-Feed: SUB ← tcp://localhost:5563
2026-09-30 09:39:10  [Portfolio.PORT      ]  INFO      PORT Publisher: inproc://port_result → PUB tcp://*:5564
2026-09-30 09:39:10  [Portfolio.PORT      ]  INFO      PORT Worker-0 started
2026-09-30 09:39:10  [Portfolio.PORT      ]  INFO      PORT Worker-1 started
2026-09-30 09:39:10  [Portfolio.PORT      ]  INFO      ══════════════════════════════════════════════════════════════
2026-09-30 09:39:10  [Portfolio.PORT      ]  INFO       Portfolio Engine — Layer 8  STARTED
2026-09-30 09:39:10  [Portfolio.PORT      ]  INFO      PORT Worker-2 started
2026-09-30 09:39:10  [Portfolio.PORT      ]  INFO        SUB(MarketState) ← tcp://localhost:5558
2026-09-30 09:39:10  [Portfolio.PORT      ]  INFO      PORT Worker-3 started
2026-09-30 09:39:10  [Portfolio.PORT      ]  INFO        SUB(Risk)        ← tcp://localhost:5561
2026-09-30 09:39:10  [Portfolio.PORT      ]  INFO        SUB(CA)          ← tcp://localhost:5562
2026-09-30 09:39:10  [CAEngine.CA         ]  INFO      CA Scheduler fired: cycle=EOD
2026-09-30 09:39:10  [Portfolio.PORT      ]  INFO        SUB(Governance)  ← tcp://localhost:5563
2026-09-30 09:39:10  [Portfolio.PORT      ]  INFO        PUB(portfolio)   → tcp://*:5564
2026-09-30 09:39:10  [Portfolio.PORT      ]  INFO        Workers          = 4 parallel Portfolio threads
2026-09-30 09:39:10  [Portfolio.PORT      ]  INFO        SQLite3          → C:\NewPrism\Backend\OutputDB/portfolio_output.db
2026-09-30 09:39:10  [Portfolio.PORT      ]  INFO        Logs             → C:\NewPrism\Backend\Logs/portfolio.log
2026-09-30 09:39:10  [Portfolio.PORT      ]  INFO        Engines: TPCE-INDEX · TPCE-FNO · TPCE-CASH · InvestingEngine
2026-09-30 09:39:10  [Portfolio.PORT      ]  INFO      ══════════════════════════════════════════════════════════════
✅  Portfolio Engine (Layer 8) started — PUB tcp://*:5564  workers=4
2026-09-30 09:39:10  [NewPrism            ]  INFO      ✅  Engine started: Portfolio
2026-09-30 09:39:10  [INIT.SOR            ]  INFO      SOR initialising | db=C:\NewPrism\Backend\OutputDB\sor_output.db
2026-09-30 09:39:11  [NewPrism.SOR        ]  ERROR     SOR engine start() raised: [Errno 2] No such file or directory: ''
Traceback (most recent call last):
  File "/home/frl/NewPrism/Backend/Engines/SOR/__init__.py", line 147, in start
    ok = mod.start(logs_dir=_LOG_DIR, db_path=_DB_PATH)
  File "/home/frl/NewPrism/Backend/Engines/SOR/SOR.py", line 1142, in start
    os.makedirs(os.path.dirname(db_path), exist_ok=True)
    ~~~~~~~~~~~^^^^^^^^^^^^^^^^^^^^^^^^^^^^^^^^^^^^^^^^^
  File "<frozen os>", line 236, in makedirs
FileNotFoundError: [Errno 2] No such file or directory: ''
2026-09-30 09:39:11  [NewPrism            ]  INFO      ✅  Engine started: SOR
2026-09-30 09:39:11  [NewPrism            ]  INFO      ✅  All engines online: AMA, SFE, MarketState, EV, Risk, CapitalAllocation, Portfolio, SOR
2026-09-30 09:39:11  [NewPrism            ]  INFO      🟢  NewPrism running — Ctrl-C to stop

2026-09-30 09:39:11  [LIVE                ]  INFO      📡 GDFL OC: subscribed/updated 123 product×expiry combos (depth=10)
2026-09-30 09:39:12  [NewPrism.MarketState]  INFO      Candles loaded: 15/20 non-empty
2026-09-30 09:39:12  [NewPrism.MarketState]  ERROR     [MES] runner error: No module named 'timeframes'
2026-09-30 09:39:12  [NewPrism.MarketState]  ERROR     [DPR] runner error: No module named 'timeframes'
2026-09-30 09:39:12  [NewPrism.MarketState]  ERROR     [MRE] runner error: No module named 'timeframes'
2026-09-30 09:39:12  [NewPrism.MarketState]  ERROR     [TWR] runner error: No module named 'timeframes'
2026-09-30 09:39:14  [NewPrism.MarketState]  INFO      Scan cycle complete — 9/13 modules OK | 4 symbols broadcast
2026-09-30 09:39:17  [LIVE                ]  INFO      📡 GDFL OC: subscribed/updated 434 product×expiry combos (depth=10)
2026-09-30 09:39:18  [LIVE                ]  INFO      📡 GDFL OC: subscribed/updated 60 product×expiry combos (depth=10)
📊 [09:39:18] src=GDFL  stocks=213/213 | indices=9/9 | futures=168/207 | options=18/617 | greeks=17/617  total_ticks=2,326
2026-09-30 09:39:19  [CAEngine.CA         ]  INFO      ✅ CA DB verification: ca_allocations=11  ca_pod_allocations=121 → C:\NewPrism\Backend\OutputDB/ca_output.db
2026-09-30 09:39:22  [L3.AMA              ]  INFO      ✅ AMA DB verification: ama_results=30641 rows  ama_scan_log=220 rows  → C:\NewPrism\Backend\OutputDB/ama_output.db
2026-09-30 09:39:24  [L3.AMA              ]  INFO        📊 [STOCKS] 213 symbols | 852 ok | 0 err | 16314 ms
2026-09-30 09:39:27  [NewPrism.MarketState]  INFO      ✅ MarketState DB verification: ms_output=21619 rows → C:\NewPrism\Backend\OutputDB/marketstate_output.db
📊 [09:39:29] src=GDFL  stocks=213/213 | indices=9/9 | futures=187/207 | options=210/617 | greeks=208/617  total_ticks=17,169
📊 [09:39:36] src=GDFL  stocks=213/213 | indices=9/9 | futures=187/207 | options=386/617 | greeks=382/617  total_ticks=41,913
2026-09-30 09:39:36  [L3.AMA              ]  INFO        📊 [FUTURES] 207 symbols | 700 ok | 128 err | 12798 ms
Exception in thread AMA-Scanner:
Traceback (most recent call last):
  File "/usr/lib/python3.14/threading.py", line 1082, in _bootstrap_inner
  File "/usr/lib/python3.14/threading.py", line 1024, in run
  File "/home/frl/NewPrism/Backend/Engines/AMA/AMA.py", line 2410, in _scanner_loop
  File "/home/frl/NewPrism/Backend/Engines/AMA/AMA.py", line 2290, in _write_scan_log
sqlite3.OperationalError: unable to open database file
2026-09-30 09:40:01  [NewPrism            ]  INFO      ✅  data_miner_patch applied — 1m candle-close ZMQ signals active
2026-09-30 09:40:01  [ZMQ.PUB]  INFO  Killed stale process 208192 on port 5555
Killed
2026-09-30 09:40:02  [ZMQ.PUB]  INFO  Publisher bound → tcp://*:5555
2026-09-30 09:40:02  [NewPrism            ]  INFO      ✅  L1 ZMQ publisher started → tcp://*:5555
════════════════════════════════════════════════════════════════════════════════
  🚀  NewPrism Backend — Multi-Layer Market Intelligence System
  PG         : localhost:5432/live
  Source     : auto-select
  L1 ZMQ PUB : tcp://*:5555  (tick feed → AMA)
  L2 ZMQ PUB : tcp://*:5556  (AMA signals → downstream)
  L2 Candle  : ✅ event-driven (1m close)
  Console    : disabled
  Layer 1    : ✅ LiveData                              (ZMQ :5555)
  Layer 2    : ✅ AMA  (ZMQ :5556)
  Layer 3    : ✅ SFE  (ZMQ :5557)
  Layer 4    : ✅ MarketState  (ZMQ :5558)
  Layer 5    : ✅ PODS  (ZMQ :5559)
  Layer 6    : ✅ EV Engine  (ZMQ :5560)
  Layer 7a   : ✅ Risk Engine  (ZMQ :5561)
  Layer 7b   : ✅ Capital Alloc.  (ZMQ :5562)
  Engines    : AMA, SFE, MarketState, PODS, EV, Risk, CapitalAllocation, Governance, Portfolio, SOR
════════════════════════════════════════════════════════════════════════════════
2026-09-30 09:40:02  [NewPrism            ]  INFO      📥  Bootstrapping instrument tokens …
2026-09-30 09:40:02  [LIVE                ]  INFO      ⬇️  Kite instrument master …
2026-09-30 09:40:03  [LIVE                ]  INFO        → Stocks:213 Indices:9 Futures:207 Options:34971 Products:215
2026-09-30 09:40:03  [LIVE                ]  INFO      🔧 AUTO source selection enabled
2026-09-30 09:40:03  [NewPrism            ]  INFO      🗄️   Connecting PostgreSQL @ localhost:5432/live …
2026-09-30 09:40:03  [LIVE                ]  INFO      ✅ PG pool [10–32] → localhost:5432/live
2026-09-30 09:40:03  [LIVE                ]  INFO      📊 Creating tables …
2026-09-30 09:40:05  [LIVE                ]  INFO      ✅ Tables ready
2026-09-30 09:40:05  [LIVE                ]  INFO      ✅ repair_ohlc_constraints: all MTF tables already have UNIQUE constraint
2026-09-30 09:40:05  [NewPrism            ]  INFO      ✅  PostgreSQL ready
2026-09-30 09:40:05  [NewPrism            ]  INFO      🔧  Starting worker threads …
2026-09-30 09:40:05  [LIVE                ]  INFO      ▶️  OHLC-STO-0
2026-09-30 09:40:05  [LIVE                ]  INFO      ▶️  OHLC-STO-1
2026-09-30 09:40:05  [LIVE                ]  INFO      ▶️  OHLC-STO-2
2026-09-30 09:40:05  [LIVE                ]  INFO      ▶️  OHLC-STO-3
2026-09-30 09:40:05  [LIVE                ]  INFO      ▶️  OHLC-IND-1
2026-09-30 09:40:05  [LIVE                ]  INFO      ▶️  OHLC-IND-0
2026-09-30 09:40:05  [LIVE                ]  INFO      ▶️  OHLC-FUT-1
2026-09-30 09:40:05  [LIVE                ]  INFO      ▶️  OHLC-FUT-0
2026-09-30 09:40:05  [LIVE                ]  INFO      ▶️  OHLC-FUT-2
2026-09-30 09:40:05  [LIVE                ]  INFO      ▶️  OHLC-FUT-3
2026-09-30 09:40:05  [LIVE                ]  INFO      ▶️  OPT-0
2026-09-30 09:40:05  [LIVE                ]  INFO      ▶️  OPT-1
2026-09-30 09:40:05  [LIVE                ]  INFO      ▶️  OPT-2
2026-09-30 09:40:05  [LIVE                ]  INFO      ▶️  OPT-3
2026-09-30 09:40:05  [LIVE                ]  INFO      ▶️  GRK-0
2026-09-30 09:40:05  [LIVE                ]  INFO      ▶️  GRK-1
2026-09-30 09:40:05  [LIVE                ]  INFO      ▶️  GRK-2
2026-09-30 09:40:05  [LIVE                ]  INFO      ▶️  GRK-3
2026-09-30 09:40:05  [LIVE                ]  INFO      ▶️  GRK-4
2026-09-30 09:40:05  [LIVE                ]  INFO      ▶️  GRK-5
2026-09-30 09:40:05  [NewPrism            ]  INFO      ✅  Workers  stocks=4  indices=2  futures=4  options=4  greeks=6
2026-09-30 09:40:05  [LIVE                ]  INFO      🔄 GDFL: connecting …
2026-09-30 09:40:05  [LIVE                ]  INFO      🟡 Kite engine on standby
2026-09-30 09:40:05  [NewPrism            ]  INFO      ✅  L1 source threads started
2026-09-30 09:40:05  [NewPrism            ]  INFO      ⚙️   Starting engines (Layers 2–7) …
2026-09-30 09:40:05  [websocket           ]  INFO      Websocket connected
2026-09-30 09:40:05  [LIVE                ]  INFO      🔌 GDFL connected — authenticating …
2026-09-30 09:40:05  [LIVE                ]  INFO      ✅ GDFL auth OK — subscribing 429 instruments
2026-09-30 09:40:06  [L3.AMA              ]  INFO      ════════════════════════════════════════════════════════════
2026-09-30 09:40:06  [L3.AMA              ]  INFO      ▶  AMA Layer-3 Engine — initialising
2026-09-30 09:40:06  [L3.AMA              ]  INFO      ════════════════════════════════════════════════════════════
2026-09-30 09:40:06  [L3.AMA              ]  INFO        ✅ SQLite ready → C:\NewPrism\Backend\OutputDB/ama_output.db
2026-09-30 09:40:06  [L3.AMA              ]  INFO        ✅ AMAEngine ready
2026-09-30 09:40:06  [L3.AMA              ]  INFO        ✅ AMA ZMQ PUB → tcp://*:5556
2026-09-30 09:40:06  [L3.AMA              ]  INFO        ✅ AMA TickWatcher → tcp://localhost:5555
2026-09-30 09:40:06  [L3.AMA              ]  INFO        ▶ AMA Scanner started
2026-09-30 09:40:06  [L3.AMA              ]  INFO      ════════════════════════════════════════════════════════════
2026-09-30 09:40:06  [L3.AMA              ]  INFO      ✅ AMA Layer-3 ready
2026-09-30 09:40:06  [L3.AMA              ]  INFO         ZMQ SUB  ← tcp://localhost:5555
2026-09-30 09:40:06  [L3.AMA              ]  INFO         ZMQ PUB  → tcp://*:5556
2026-09-30 09:40:06  [L3.AMA              ]  INFO         SQLite   → C:\NewPrism\Backend\OutputDB/ama_output.db
2026-09-30 09:40:06  [L3.AMA              ]  INFO         Schemas  : STOCKS, FUTURES, INDICES, GREEKS
2026-09-30 09:40:06  [L3.AMA              ]  INFO         TFs      : 1m, 5m, 15m, 1H, 1D, 1W
2026-09-30 09:40:06  [L3.AMA              ]  INFO         Interval : 60s
2026-09-30 09:40:06  [L3.AMA              ]  INFO      ════════════════════════════════════════════════════════════
2026-09-30 09:40:06  [NewPrism            ]  INFO      ✅  Engine started: AMA
2026-09-30 09:40:06  [NewPrism.SFE        ]  ERROR     Cannot start SFE engine: sfe_engine binary not found at 'C:\NewPrism\Backend\Engines\SFE\build\sfe_engine.exe'.
Build it first:
  cd /home/frl/NewPrism/Backend/Engines/SFE
  mkdir -p build && cd build
  cmake .. && make -j$(nproc)
Or set SFE_BINARY=/path/to/sfe_engine in your environment.
2026-09-30 09:40:06  [NewPrism            ]  INFO      ✅  Engine started: SFE
2026-09-30 09:40:06  [NewPrism.MarketState]  INFO      MarketState log → C:\NewPrism\Backend\Logs/marketstate_2026-09-30.log
2026-09-30 09:40:06  [NewPrism.MarketState]  INFO      MarketState SQLite DB ready → C:\NewPrism\Backend\OutputDB/marketstate_output.db
2026-09-30 09:40:06  [NewPrism.MarketState]  INFO      ZMQ SUB ← tcp://localhost:5557
2026-09-30 09:40:06  [NewPrism.MarketState]  INFO      ZMQ PUB → tcp://*:5558
2026-09-30 09:40:06  [NewPrism.MarketState]  INFO      ==============================================================
2026-09-30 09:40:06  [NewPrism.MarketState]  INFO        NewPrism MarketState Engine  v1.0
2026-09-30 09:40:06  [NewPrism.MarketState]  INFO        Layer 4 — Parallel Market Analysis (13 modules)
2026-09-30 09:40:06  [NewPrism.MarketState]  INFO        SUB(SFE)  ← tcp://localhost:5557
2026-09-30 09:40:06  [NewPrism.MarketState]  INFO        PUB(MS)   → tcp://*:5558
2026-09-30 09:40:06  [NewPrism.MarketState]  INFO        Log dir   : C:\NewPrism\Backend\Logs
2026-09-30 09:40:06  [NewPrism.MarketState]  INFO        Output DB : C:\NewPrism\Backend\OutputDB/marketstate_output.db
2026-09-30 09:40:06  [NewPrism.MarketState]  INFO        Tables    : STOCKS, FUTURES, GREEKS, INDICES
2026-09-30 09:40:06  [NewPrism.MarketState]  INFO        Timeframes: 1m, 5m, 15m, 1H, 1D
2026-09-30 09:40:06  [NewPrism.MarketState]  INFO        Modules   : DPR, EMIO, IPSE, LDPE, MCL, MES, MONEY, MRE, MSE, MomentumFactor, OI, TWR, VCE
2026-09-30 09:40:06  [NewPrism.MarketState]  INFO      ==============================================================
2026-09-30 09:40:06  [NewPrism.MarketState]  INFO      MarketState background loop started (interval=60s)
2026-09-30 09:40:06  [NewPrism.MarketState]  INFO      MarketState engine started (pid-thread=MarketState-main)
2026-09-30 09:40:06  [NewPrism            ]  INFO      ✅  Engine started: MarketState
2026-09-30 09:40:06  [NewPrism.PODS       ]  INFO      Starting PODS engine: /home/frl/NewPrism/Backend/Engines/PODS/build/pods_engine.exe
2026-09-30 09:40:06  [NewPrism            ]  ERROR     ❌  Engine PODS failed to start: [Errno 8] Exec format error: '/home/frl/NewPrism/Backend/Engines/PODS/build/pods_engine.exe'
2026-09-30 09:40:06  [L3.AMA              ]  INFO        ✅ PG pool ready → localhost:5432/live
2026-09-30 09:40:06  [NewPrism.EV         ]  INFO      Starting EV Engine (Layer 6) | logs=C:\NewPrism\Backend\Logs | db=C:\NewPrism\Backend\OutputDB/ev_output.db
2026-09-30 09:40:06  [MAIN.EV             ]  INFO      MS-Feed thread: SUB ← tcp://localhost:5558
2026-09-30 09:40:06  [ScenarioWorker.EV   ]  INFO      ScenarioWorker ready — SUB:5559 → inproc://ev_scenario + ev_result
2026-09-30 09:40:07  [ISEWorker.EV        ]  INFO      ISEWorker ready — inproc://ev_result → inproc://ev_ise
2026-09-30 09:40:07  [EntryWorker.EV      ]  INFO      EntryWorker ready — inproc://ev_ise → inproc://ev_entry
2026-09-30 09:40:07  [ALXWorker.EV        ]  INFO      ALXWorker ready — inproc://ev_entry → inproc://ev_alx
2026-09-30 09:40:07  [MAIN.EV             ]  INFO      ══════════════════════════════════════════════════════════════
2026-09-30 09:40:07  [PyramidWorker.EV    ]  INFO      PyramidWorker ready — inproc://ev_sizing → inproc://ev_pyramid
2026-09-30 09:40:07  [SizingWorker.EV     ]  INFO      SizingWorker ready — inproc://ev_alx → inproc://ev_sizing + PUB:5560
2026-09-30 09:40:07  [ExitWorker.EV       ]  INFO      ExitWorker ready — SUB:5555 + inproc://ev_sizing → inproc://ev_exit
2026-09-30 09:40:07  [MAIN.EV             ]  INFO       EV Engine — Layer 6  STARTED
2026-09-30 09:40:07  [MAIN.EV             ]  INFO        SUB(ticks)   ← tcp://localhost:5555
2026-09-30 09:40:07  [MAIN.EV             ]  INFO        SUB(MS)      ← tcp://localhost:5558
2026-09-30 09:40:07  [MAIN.EV             ]  INFO        SUB(PODS)    ← tcp://localhost:5559
2026-09-30 09:40:07  [MAIN.EV             ]  INFO        PUB(signals) → tcp://*:5560
2026-09-30 09:40:07  [MAIN.EV             ]  INFO        SQLite3      → C:\NewPrism\Backend\OutputDB/ev_output.db
2026-09-30 09:40:07  [MAIN.EV             ]  INFO        Logs         → C:\NewPrism\Backend\Logs/ev_<module>_<date>.log
2026-09-30 09:40:07  [MAIN.EV             ]  INFO        Modules: Scenario · EV · ISE · Entry · ALX · Sizing · Pyramid · Exit
2026-09-30 09:40:07  [MAIN.EV             ]  INFO      ══════════════════════════════════════════════════════════════
2026-09-30 09:40:07  [NewPrism.EV         ]  INFO      ✅  EV Engine (Layer 6) started — PUB tcp://*:5560
2026-09-30 09:40:07  [NewPrism            ]  INFO      ✅  Engine started: EV
2026-09-30 09:40:07  [RiskEngine.RISK     ]  INFO      Risk MS-Feed: SUB ← tcp://localhost:5558
2026-09-30 09:40:07  [RiskEngine.RISK     ]  INFO      Risk Publisher: inproc://risk_decision → PUB tcp://*:5561
2026-09-30 09:40:07  [RiskEngine.RISK     ]  INFO      Risk EV-Feed: SUB ← tcp://localhost:5560 → inproc://risk_trade_req
2026-09-30 09:40:07  [RiskEngine.RISK     ]  INFO      R16 periodic scanner: interval=60s
2026-09-30 09:40:07  [RiskEngine.RISK     ]  INFO      RiskWorker-0 started
2026-09-30 09:40:07  [RiskEngine.RISK     ]  INFO      RiskWorker-1 started
2026-09-30 09:40:07  [RiskEngine.RISK     ]  INFO      RiskWorker-2 started
2026-09-30 09:40:07  [RiskEngine.RISK     ]  INFO      RiskWorker-3 started
2026-09-30 09:40:07  [RiskEngine.RISK     ]  INFO      ══════════════════════════════════════════════════════════════
2026-09-30 09:40:07  [RiskEngine.RISK     ]  INFO       Risk Engine — Layer 7  STARTED
2026-09-30 09:40:07  [RiskEngine.RISK     ]  INFO        SUB(MarketState) ← tcp://localhost:5558
2026-09-30 09:40:07  [RiskEngine.RISK     ]  INFO        SUB(EV signals)  ← tcp://localhost:5560
2026-09-30 09:40:07  [RiskEngine.RISK     ]  INFO        PUB(decisions)   → tcp://*:5561
2026-09-30 09:40:07  [RiskEngine.RISK     ]  INFO        Workers          = 4 parallel Risk threads
2026-09-30 09:40:07  [RiskEngine.RISK     ]  INFO        SQLite3          → C:\NewPrism\Backend\OutputDB/risk_output.db
2026-09-30 09:40:07  [RiskEngine.RISK     ]  INFO        Logs             → C:\NewPrism\Backend\Logs/risk.log
2026-09-30 09:40:07  [RiskEngine.RISK     ]  INFO        R16 scan         every 60 s
2026-09-30 09:40:07  [RiskEngine.RISK     ]  INFO        Modules: R1·R2·R4·R6·R7·R8·R11·R12·R14·R15·R16
2026-09-30 09:40:07  [RiskEngine.RISK     ]  INFO      ══════════════════════════════════════════════════════════════
✅  Risk Engine (Layer 7) started — PUB tcp://*:5561  workers=4
2026-09-30 09:40:07  [NewPrism            ]  INFO      ✅  Engine started: Risk
2026-09-30 09:40:07  [LIVE                ]  INFO      ✅ GDFL: 429 subscriptions sent (stocks=213, indices=9, futures=207)
2026-09-30 09:40:07  [LIVE                ]  INFO      📡 GDFL OC subscription loop started — initial pass in 3s
📊 [09:40:07] src=GDFL  stocks=1/213 | indices=0/9 | futures=0/207 | options=0/617 | greeks=0/617  total_ticks=1
2026-09-30 09:40:07  [CAEngine.CA         ]  INFO      CA MS-Feed: SUB ← tcp://localhost:5558
2026-09-30 09:40:07  [NewPrism.MarketState]  INFO      MarketState scan cycle starting …
2026-09-30 09:40:07  [CAEngine.CA         ]  INFO      CA Risk-Feed: SUB ← tcp://localhost:5561
2026-09-30 09:40:07  [CAEngine.CA         ]  INFO      CA IntraDay worker started
2026-09-30 09:40:08  [CAEngine.CA         ]  INFO      CA EOD worker started (interval=3600s)
2026-09-30 09:40:08  [CAEngine.CA         ]  INFO      CA EOD Scheduler: firing every 3600s
2026-09-30 09:40:08  [CAEngine.CA         ]  INFO      CA Publisher: inproc://ca_result → PUB tcp://*:5562
2026-09-30 09:40:08  [CAEngine.CA         ]  INFO      ══════════════════════════════════════════════════════════════
2026-09-30 09:40:08  [CAEngine.CA         ]  INFO      CA EOD pipeline starting: cycle=EOD
2026-09-30 09:40:08  [CAEngine.CA         ]  INFO       Capital Allocation Engine — Layer 7  STARTED
2026-09-30 09:40:08  [CAEngine.CA         ]  INFO        SUB(MarketState)  ← tcp://localhost:5558
2026-09-30 09:40:08  [CAEngine.CA         ]  INFO        SUB(Risk)         ← tcp://localhost:5561
2026-09-30 09:40:08  [CAEngine.CA         ]  INFO      PVC: σ_ann=146.107% > σ_target=45.000% → ScaleFactor=0.5000
2026-09-30 09:40:08  [CAEngine.CA         ]  INFO        PUB(allocations)  → tcp://*:5562
2026-09-30 09:40:08  [CAEngine.CA         ]  WARNING   EMERGENCY/PROTECT activated: ['VOL_SPIKE: σ_ann=134.25% > 1.5×σ_target=45.00%']
2026-09-30 09:40:08  [CAEngine.CA         ]  INFO        IntraDay throttle  = 30s
2026-09-30 09:40:08  [CAEngine.CA         ]  INFO        EOD interval       = 3600s
2026-09-30 09:40:08  [CAEngine.CA         ]  INFO        SQLite3            → C:\NewPrism\Backend\OutputDB/ca_output.db
2026-09-30 09:40:08  [CAEngine.CA         ]  INFO        Logs               → C:\NewPrism\Backend\Logs/ca.log
2026-09-30 09:40:09  [CAEngine.CA         ]  INFO        Pods tracked: P1, P2, P3, P4, P5, P6, P7, P8, P9, P10, P0
2026-09-30 09:40:09  [CAEngine.CA         ]  INFO      CA EOD [EOD]: dd=NORMAL g=1.000 deployable=7750000 | emg=True mstress=False | beta_sf=N/A pvc_sf=0.5000
2026-09-30 09:40:09  [CAEngine.CA         ]  INFO        Pipeline: MCL→DDR→Waterfall→AUM→BaseW→Regime→DD→Beta→Corr→CRE→PVC→Clamp→Caps→RBA→Rebal→Audit
2026-09-30 09:40:09  [CAEngine.CA         ]  INFO      ══════════════════════════════════════════════════════════════
✅  Capital Allocation Engine (Layer 7) started — PUB tcp://*:5562  pods=11
2026-09-30 09:40:09  [CAEngine.CA         ]  WARNING   CA EMERGENCY ACTIVE: ['VOL_SPIKE: σ_ann=134.25% > 1.5×σ_target=45.00%']
2026-09-30 09:40:09  [NewPrism            ]  INFO      ✅  Engine started: CapitalAllocation
2026-09-30 09:40:09  [CAEngine.CA         ]  WARNING   CA BREACHES: ['EMERGENCY:VOL_SPIKE: σ_ann=134.25% > 1.5×σ_target=45.00%']
2026-09-30 09:40:09  [NewPrism            ]  ERROR     ❌  Engine Governance failed to start: Non-UTF-8 code starting with '\x97' on line 1351, but no encoding declared; see https://peps.python.org/pep-0263/ for details (TGS.py, line 1351)
2026-09-30 09:40:09  [Portfolio.PORT      ]  INFO      PORT MS-Feed: SUB ← tcp://localhost:5558
2026-09-30 09:40:09  [Portfolio.PORT      ]  INFO      PORT CA-Feed: SUB ← tcp://localhost:5562
2026-09-30 09:40:09  [Portfolio.PORT      ]  INFO      PORT GOV-Feed: SUB ← tcp://localhost:5563
2026-09-30 09:40:09  [LIVE                ]  INFO      📡 GDFL OC: subscribed/updated 102 product×expiry combos (depth=10)
2026-09-30 09:40:09  [Portfolio.PORT      ]  INFO      PORT Publisher: inproc://port_result → PUB tcp://*:5564
2026-09-30 09:40:09  [Portfolio.PORT      ]  INFO      PORT Worker-0 started
2026-09-30 09:40:09  [Portfolio.PORT      ]  INFO      PORT Worker-1 started
2026-09-30 09:40:09  [Portfolio.PORT      ]  INFO      PORT Worker-2 started
2026-09-30 09:40:09  [Portfolio.PORT      ]  INFO      ══════════════════════════════════════════════════════════════
2026-09-30 09:40:09  [Portfolio.PORT      ]  INFO      PORT Worker-3 started
2026-09-30 09:40:09  [Portfolio.PORT      ]  INFO       Portfolio Engine — Layer 8  STARTED
2026-09-30 09:40:09  [Portfolio.PORT      ]  INFO        SUB(MarketState) ← tcp://localhost:5558
2026-09-30 09:40:09  [Portfolio.PORT      ]  INFO        SUB(Risk)        ← tcp://localhost:5561
2026-09-30 09:40:09  [Portfolio.PORT      ]  INFO        SUB(CA)          ← tcp://localhost:5562
2026-09-30 09:40:09  [Portfolio.PORT      ]  INFO        SUB(Governance)  ← tcp://localhost:5563
2026-09-30 09:40:09  [Portfolio.PORT      ]  INFO        PUB(portfolio)   → tcp://*:5564
2026-09-30 09:40:09  [Portfolio.PORT      ]  INFO        Workers          = 4 parallel Portfolio threads
2026-09-30 09:40:09  [Portfolio.PORT      ]  INFO        SQLite3          → C:\NewPrism\Backend\OutputDB/portfolio_output.db
2026-09-30 09:40:09  [Portfolio.PORT      ]  INFO        Logs             → C:\NewPrism\Backend\Logs/portfolio.log
2026-09-30 09:40:09  [Portfolio.PORT      ]  INFO        Engines: TPCE-INDEX · TPCE-FNO · TPCE-CASH · InvestingEngine
2026-09-30 09:40:09  [Portfolio.PORT      ]  INFO      ══════════════════════════════════════════════════════════════
✅  Portfolio Engine (Layer 8) started — PUB tcp://*:5564  workers=4
2026-09-30 09:40:09  [NewPrism            ]  INFO      ✅  Engine started: Portfolio
2026-09-30 09:40:10  [INIT.SOR            ]  INFO      SOR initialising | db=C:\NewPrism\Backend\OutputDB\sor_output.db
2026-09-30 09:40:10  [NewPrism.SOR        ]  ERROR     SOR engine start() raised: [Errno 2] No such file or directory: ''
Traceback (most recent call last):
  File "/home/frl/NewPrism/Backend/Engines/SOR/__init__.py", line 147, in start
    ok = mod.start(logs_dir=_LOG_DIR, db_path=_DB_PATH)
  File "/home/frl/NewPrism/Backend/Engines/SOR/SOR.py", line 1142, in start
    os.makedirs(os.path.dirname(db_path), exist_ok=True)
    ~~~~~~~~~~~^^^^^^^^^^^^^^^^^^^^^^^^^^^^^^^^^^^^^^^^^
  File "<frozen os>", line 236, in makedirs
FileNotFoundError: [Errno 2] No such file or directory: ''
2026-09-30 09:40:10  [NewPrism            ]  INFO      ✅  Engine started: SOR
2026-09-30 09:40:10  [NewPrism            ]  INFO      ✅  All engines online: AMA, SFE, MarketState, EV, Risk, CapitalAllocation, Portfolio, SOR
2026-09-30 09:40:10  [NewPrism            ]  INFO      🟢  NewPrism running — Ctrl-C to stop

2026-09-30 09:40:10  [CAEngine.CA         ]  INFO      CA Scheduler fired: cycle=EOD
2026-09-30 09:40:11  [NewPrism.MarketState]  INFO      Candles loaded: 15/20 non-empty
2026-09-30 09:40:11  [NewPrism.MarketState]  ERROR     [MES] runner error: No module named 'timeframes'
2026-09-30 09:40:11  [NewPrism.MarketState]  ERROR     [DPR] runner error: No module named 'timeframes'
2026-09-30 09:40:11  [NewPrism.MarketState]  ERROR     [MRE] runner error: No module named 'timeframes'
2026-09-30 09:40:11  [NewPrism.MarketState]  ERROR     [TWR] runner error: No module named 'timeframes'
2026-09-30 09:40:16  [LIVE                ]  INFO      📡 GDFL OC: subscribed/updated 515 product×expiry combos (depth=10)
📊 [09:40:17] src=GDFL  stocks=213/213 | indices=9/9 | futures=164/207 | options=104/617 | greeks=51/617  total_ticks=6,496
2026-09-30 09:40:19  [CAEngine.CA         ]  INFO      ✅ CA DB verification: ca_allocations=12  ca_pod_allocations=132 → C:\NewPrism\Backend\OutputDB/ca_output.db
2026-09-30 09:40:26  [NewPrism.MarketState]  INFO      ✅ MarketState DB verification: ms_output=21646 rows → C:\NewPrism\Backend\OutputDB/marketstate_output.db
2026-09-30 09:40:26  [L3.AMA              ]  ERROR     ❌ AMA DB verification failed: database is locked  path=C:\NewPrism\Backend\OutputDB/ama_output.db
📊 [09:40:28] src=GDFL  stocks=213/213 | indices=9/9 | futures=198/207 | options=303/617 | greeks=299/617  total_ticks=23,004
2026-09-30 09:40:30  [NewPrism.MarketState]  INFO      Scan cycle complete — 9/13 modules OK | 4 symbols broadcast
📊 [09:40:35] src=GDFL  stocks=213/213 | indices=9/9 | futures=199/207 | options=350/617 | greeks=345/617  total_ticks=43,024
📊 [09:40:38] src=GDFL  stocks=213/213 | indices=9/9 | futures=199/207 | options=383/617 | greeks=379/617  total_ticks=48,776
📊 [09:40:48] src=GDFL  stocks=213/213 | indices=9/9 | futures=201/207 | options=383/617 | greeks=379/617  total_ticks=67,881
📊 [09:40:58] src=GDFL  stocks=213/213 | indices=9/9 | futures=205/207 | options=383/617 | greeks=379/617  total_ticks=76,431
2026-09-30 09:40:58  [L3.AMA              ]  INFO        📊 [STOCKS] 213 symbols | 852 ok | 0 err | 52068 ms
2026-09-30 09:41:02  [NewPrism            ]  INFO      ✅  data_miner_patch applied — 1m candle-close ZMQ signals active
2026-09-30 09:41:02  [ZMQ.PUB]  INFO  Killed stale process 208785 on port 5555
Killed
2026-09-30 09:41:02  [ZMQ.PUB]  INFO  Publisher bound → tcp://*:5555
2026-09-30 09:41:02  [NewPrism            ]  INFO      ✅  L1 ZMQ publisher started → tcp://*:5555
════════════════════════════════════════════════════════════════════════════════
  🚀  NewPrism Backend — Multi-Layer Market Intelligence System
  PG         : localhost:5432/live
  Source     : auto-select
  L1 ZMQ PUB : tcp://*:5555  (tick feed → AMA)
  L2 ZMQ PUB : tcp://*:5556  (AMA signals → downstream)
  L2 Candle  : ✅ event-driven (1m close)
  Console    : disabled
  Layer 1    : ✅ LiveData                              (ZMQ :5555)
  Layer 2    : ✅ AMA  (ZMQ :5556)
  Layer 3    : ✅ SFE  (ZMQ :5557)
  Layer 4    : ✅ MarketState  (ZMQ :5558)
  Layer 5    : ✅ PODS  (ZMQ :5559)
  Layer 6    : ✅ EV Engine  (ZMQ :5560)
  Layer 7a   : ✅ Risk Engine  (ZMQ :5561)
  Layer 7b   : ✅ Capital Alloc.  (ZMQ :5562)
  Engines    : AMA, SFE, MarketState, PODS, EV, Risk, CapitalAllocation, Governance, Portfolio, SOR
════════════════════════════════════════════════════════════════════════════════
2026-09-30 09:41:02  [NewPrism            ]  INFO      📥  Bootstrapping instrument tokens …
2026-09-30 09:41:02  [LIVE                ]  INFO      ⬇️  Kite instrument master …
2026-09-30 09:41:04  [LIVE                ]  INFO        → Stocks:213 Indices:9 Futures:207 Options:34971 Products:215
2026-09-30 09:41:04  [LIVE                ]  INFO      🔧 AUTO source selection enabled
2026-09-30 09:41:04  [NewPrism            ]  INFO      🗄️   Connecting PostgreSQL @ localhost:5432/live …
2026-09-30 09:41:04  [LIVE                ]  INFO      ✅ PG pool [10–32] → localhost:5432/live
2026-09-30 09:41:04  [LIVE                ]  INFO      📊 Creating tables …
2026-09-30 09:41:06  [LIVE                ]  INFO      ✅ Tables ready
2026-09-30 09:41:06  [LIVE                ]  INFO      ✅ repair_ohlc_constraints: all MTF tables already have UNIQUE constraint
2026-09-30 09:41:06  [NewPrism            ]  INFO      ✅  PostgreSQL ready
2026-09-30 09:41:06  [NewPrism            ]  INFO      🔧  Starting worker threads …
2026-09-30 09:41:06  [LIVE                ]  INFO      ▶️  OHLC-STO-0
2026-09-30 09:41:06  [LIVE                ]  INFO      ▶️  OHLC-STO-2
2026-09-30 09:41:06  [LIVE                ]  INFO      ▶️  OHLC-STO-3
2026-09-30 09:41:06  [LIVE                ]  INFO      ▶️  OHLC-IND-0
2026-09-30 09:41:06  [LIVE                ]  INFO      ▶️  OHLC-STO-1
2026-09-30 09:41:06  [LIVE                ]  INFO      ▶️  OHLC-FUT-2
2026-09-30 09:41:06  [LIVE                ]  INFO      ▶️  OHLC-FUT-3
2026-09-30 09:41:06  [LIVE                ]  INFO      ▶️  OHLC-FUT-0
2026-09-30 09:41:06  [LIVE                ]  INFO      ▶️  OHLC-IND-1
2026-09-30 09:41:06  [LIVE                ]  INFO      ▶️  GRK-0
2026-09-30 09:41:06  [LIVE                ]  INFO      ▶️  GRK-1
2026-09-30 09:41:06  [LIVE                ]  INFO      ▶️  OHLC-FUT-1
2026-09-30 09:41:06  [LIVE                ]  INFO      ▶️  OPT-2
2026-09-30 09:41:06  [LIVE                ]  INFO      ▶️  OPT-3
2026-09-30 09:41:06  [LIVE                ]  INFO      ▶️  OPT-0
2026-09-30 09:41:06  [LIVE                ]  INFO      ▶️  GRK-2
2026-09-30 09:41:06  [LIVE                ]  INFO      ▶️  OPT-1
2026-09-30 09:41:06  [LIVE                ]  INFO      ▶️  GRK-3
2026-09-30 09:41:06  [LIVE                ]  INFO      ▶️  GRK-4
2026-09-30 09:41:06  [LIVE                ]  INFO      ▶️  GRK-5
2026-09-30 09:41:06  [NewPrism            ]  INFO      ✅  Workers  stocks=4  indices=2  futures=4  options=4  greeks=6
2026-09-30 09:41:06  [LIVE                ]  INFO      🔄 GDFL: connecting …
2026-09-30 09:41:06  [LIVE                ]  INFO      🟡 Kite engine on standby
2026-09-30 09:41:06  [NewPrism            ]  INFO      ✅  L1 source threads started
2026-09-30 09:41:06  [NewPrism            ]  INFO      ⚙️   Starting engines (Layers 2–7) …
2026-09-30 09:41:06  [websocket           ]  INFO      Websocket connected
2026-09-30 09:41:06  [LIVE                ]  INFO      🔌 GDFL connected — authenticating …
2026-09-30 09:41:07  [LIVE                ]  INFO      ✅ GDFL auth OK — subscribing 429 instruments
2026-09-30 09:41:08  [L3.AMA              ]  INFO      ════════════════════════════════════════════════════════════
2026-09-30 09:41:08  [L3.AMA              ]  INFO      ▶  AMA Layer-3 Engine — initialising
2026-09-30 09:41:08  [L3.AMA              ]  INFO      ════════════════════════════════════════════════════════════
2026-09-30 09:41:08  [L3.AMA              ]  INFO        ✅ SQLite ready → C:\NewPrism\Backend\OutputDB/ama_output.db
2026-09-30 09:41:08  [L3.AMA              ]  INFO        ✅ AMAEngine ready
2026-09-30 09:41:08  [L3.AMA              ]  INFO        ✅ AMA ZMQ PUB → tcp://*:5556
2026-09-30 09:41:08  [L3.AMA              ]  INFO        ✅ AMA TickWatcher → tcp://localhost:5555
2026-09-30 09:41:08  [L3.AMA              ]  INFO        ▶ AMA Scanner started
2026-09-30 09:41:08  [L3.AMA              ]  INFO      ════════════════════════════════════════════════════════════
2026-09-30 09:41:08  [L3.AMA              ]  INFO      ✅ AMA Layer-3 ready
2026-09-30 09:41:08  [L3.AMA              ]  INFO         ZMQ SUB  ← tcp://localhost:5555
2026-09-30 09:41:08  [L3.AMA              ]  INFO         ZMQ PUB  → tcp://*:5556
2026-09-30 09:41:08  [L3.AMA              ]  INFO         SQLite   → C:\NewPrism\Backend\OutputDB/ama_output.db
2026-09-30 09:41:08  [L3.AMA              ]  INFO         Schemas  : STOCKS, FUTURES, INDICES, GREEKS
2026-09-30 09:41:08  [L3.AMA              ]  INFO         TFs      : 1m, 5m, 15m, 1H, 1D, 1W
2026-09-30 09:41:08  [L3.AMA              ]  INFO         Interval : 60s
2026-09-30 09:41:08  [L3.AMA              ]  INFO      ════════════════════════════════════════════════════════════
2026-09-30 09:41:08  [NewPrism            ]  INFO      ✅  Engine started: AMA
2026-09-30 09:41:08  [NewPrism.SFE        ]  ERROR     Cannot start SFE engine: sfe_engine binary not found at 'C:\NewPrism\Backend\Engines\SFE\build\sfe_engine.exe'.
Build it first:
  cd /home/frl/NewPrism/Backend/Engines/SFE
  mkdir -p build && cd build
  cmake .. && make -j$(nproc)
Or set SFE_BINARY=/path/to/sfe_engine in your environment.
2026-09-30 09:41:08  [NewPrism            ]  INFO      ✅  Engine started: SFE
2026-09-30 09:41:08  [NewPrism.MarketState]  INFO      MarketState log → C:\NewPrism\Backend\Logs/marketstate_2026-09-30.log
2026-09-30 09:41:08  [NewPrism.MarketState]  INFO      MarketState SQLite DB ready → C:\NewPrism\Backend\OutputDB/marketstate_output.db
2026-09-30 09:41:08  [NewPrism.MarketState]  INFO      ZMQ SUB ← tcp://localhost:5557
2026-09-30 09:41:08  [NewPrism.MarketState]  INFO      ZMQ PUB → tcp://*:5558
2026-09-30 09:41:08  [NewPrism.MarketState]  INFO      ==============================================================
2026-09-30 09:41:08  [NewPrism.MarketState]  INFO        NewPrism MarketState Engine  v1.0
2026-09-30 09:41:08  [NewPrism.MarketState]  INFO        Layer 4 — Parallel Market Analysis (13 modules)
2026-09-30 09:41:08  [NewPrism.MarketState]  INFO        SUB(SFE)  ← tcp://localhost:5557
2026-09-30 09:41:08  [NewPrism.MarketState]  INFO        PUB(MS)   → tcp://*:5558
2026-09-30 09:41:08  [NewPrism.MarketState]  INFO        Log dir   : C:\NewPrism\Backend\Logs
2026-09-30 09:41:08  [NewPrism.MarketState]  INFO        Output DB : C:\NewPrism\Backend\OutputDB/marketstate_output.db
2026-09-30 09:41:08  [NewPrism.MarketState]  INFO        Tables    : STOCKS, FUTURES, GREEKS, INDICES
2026-09-30 09:41:08  [NewPrism.MarketState]  INFO        Timeframes: 1m, 5m, 15m, 1H, 1D
2026-09-30 09:41:08  [NewPrism.MarketState]  INFO        Modules   : DPR, EMIO, IPSE, LDPE, MCL, MES, MONEY, MRE, MSE, MomentumFactor, OI, TWR, VCE
2026-09-30 09:41:08  [NewPrism.MarketState]  INFO      ==============================================================
2026-09-30 09:41:08  [NewPrism.MarketState]  INFO      MarketState background loop started (interval=60s)
2026-09-30 09:41:08  [NewPrism.MarketState]  INFO      MarketState engine started (pid-thread=MarketState-main)
2026-09-30 09:41:08  [NewPrism            ]  INFO      ✅  Engine started: MarketState
2026-09-30 09:41:08  [NewPrism.PODS       ]  INFO      Starting PODS engine: /home/frl/NewPrism/Backend/Engines/PODS/build/pods_engine.exe
2026-09-30 09:41:08  [NewPrism            ]  ERROR     ❌  Engine PODS failed to start: [Errno 8] Exec format error: '/home/frl/NewPrism/Backend/Engines/PODS/build/pods_engine.exe'
2026-09-30 09:41:08  [L3.AMA              ]  INFO        ✅ PG pool ready → localhost:5432/live
2026-09-30 09:41:08  [NewPrism.EV         ]  INFO      Starting EV Engine (Layer 6) | logs=C:\NewPrism\Backend\Logs | db=C:\NewPrism\Backend\OutputDB/ev_output.db
2026-09-30 09:41:08  [MAIN.EV             ]  INFO      MS-Feed thread: SUB ← tcp://localhost:5558
2026-09-30 09:41:08  [ScenarioWorker.EV   ]  INFO      ScenarioWorker ready — SUB:5559 → inproc://ev_scenario + ev_result
2026-09-30 09:41:08  [ISEWorker.EV        ]  INFO      ISEWorker ready — inproc://ev_result → inproc://ev_ise
2026-09-30 09:41:08  [EntryWorker.EV      ]  INFO      EntryWorker ready — inproc://ev_ise → inproc://ev_entry
2026-09-30 09:41:08  [ALXWorker.EV        ]  INFO      ALXWorker ready — inproc://ev_entry → inproc://ev_alx
2026-09-30 09:41:08  [SizingWorker.EV     ]  INFO      SizingWorker ready — inproc://ev_alx → inproc://ev_sizing + PUB:5560
2026-09-30 09:41:08  [PyramidWorker.EV    ]  INFO      PyramidWorker ready — inproc://ev_sizing → inproc://ev_pyramid
2026-09-30 09:41:08  [ExitWorker.EV       ]  INFO      ExitWorker ready — SUB:5555 + inproc://ev_sizing → inproc://ev_exit
2026-09-30 09:41:08  [MAIN.EV             ]  INFO      ══════════════════════════════════════════════════════════════
2026-09-30 09:41:08  [MAIN.EV             ]  INFO       EV Engine — Layer 6  STARTED
2026-09-30 09:41:08  [MAIN.EV             ]  INFO        SUB(ticks)   ← tcp://localhost:5555
2026-09-30 09:41:08  [MAIN.EV             ]  INFO        SUB(MS)      ← tcp://localhost:5558
2026-09-30 09:41:08  [MAIN.EV             ]  INFO        SUB(PODS)    ← tcp://localhost:5559
2026-09-30 09:41:08  [MAIN.EV             ]  INFO        PUB(signals) → tcp://*:5560
2026-09-30 09:41:08  [MAIN.EV             ]  INFO        SQLite3      → C:\NewPrism\Backend\OutputDB/ev_output.db
2026-09-30 09:41:08  [MAIN.EV             ]  INFO        Logs         → C:\NewPrism\Backend\Logs/ev_<module>_<date>.log
2026-09-30 09:41:08  [MAIN.EV             ]  INFO        Modules: Scenario · EV · ISE · Entry · ALX · Sizing · Pyramid · Exit
2026-09-30 09:41:08  [MAIN.EV             ]  INFO      ══════════════════════════════════════════════════════════════
2026-09-30 09:41:08  [NewPrism.EV         ]  INFO      ✅  EV Engine (Layer 6) started — PUB tcp://*:5560
2026-09-30 09:41:08  [NewPrism            ]  INFO      ✅  Engine started: EV
2026-09-30 09:41:08  [RiskEngine.RISK     ]  INFO      Risk MS-Feed: SUB ← tcp://localhost:5558
2026-09-30 09:41:08  [RiskEngine.RISK     ]  INFO      Risk EV-Feed: SUB ← tcp://localhost:5560 → inproc://risk_trade_req
2026-09-30 09:41:08  [RiskEngine.RISK     ]  INFO      R16 periodic scanner: interval=60s
2026-09-30 09:41:08  [RiskEngine.RISK     ]  INFO      Risk Publisher: inproc://risk_decision → PUB tcp://*:5561
2026-09-30 09:41:08  [RiskEngine.RISK     ]  INFO      RiskWorker-0 started
2026-09-30 09:41:08  [RiskEngine.RISK     ]  INFO      RiskWorker-1 started
2026-09-30 09:41:08  [RiskEngine.RISK     ]  INFO      RiskWorker-2 started
2026-09-30 09:41:08  [RiskEngine.RISK     ]  INFO      RiskWorker-3 started
2026-09-30 09:41:08  [RiskEngine.RISK     ]  INFO      ══════════════════════════════════════════════════════════════
2026-09-30 09:41:08  [RiskEngine.RISK     ]  INFO       Risk Engine — Layer 7  STARTED
2026-09-30 09:41:08  [RiskEngine.RISK     ]  INFO        SUB(MarketState) ← tcp://localhost:5558
2026-09-30 09:41:08  [RiskEngine.RISK     ]  INFO        SUB(EV signals)  ← tcp://localhost:5560
2026-09-30 09:41:08  [RiskEngine.RISK     ]  INFO        PUB(decisions)   → tcp://*:5561
2026-09-30 09:41:08  [RiskEngine.RISK     ]  INFO        Workers          = 4 parallel Risk threads
2026-09-30 09:41:08  [RiskEngine.RISK     ]  INFO        SQLite3          → C:\NewPrism\Backend\OutputDB/risk_output.db
2026-09-30 09:41:08  [RiskEngine.RISK     ]  INFO        Logs             → C:\NewPrism\Backend\Logs/risk.log
2026-09-30 09:41:08  [RiskEngine.RISK     ]  INFO        R16 scan         every 60 s
2026-09-30 09:41:08  [RiskEngine.RISK     ]  INFO        Modules: R1·R2·R4·R6·R7·R8·R11·R12·R14·R15·R16
2026-09-30 09:41:08  [RiskEngine.RISK     ]  INFO      ══════════════════════════════════════════════════════════════
✅  Risk Engine (Layer 7) started — PUB tcp://*:5561  workers=4
2026-09-30 09:41:08  [NewPrism            ]  INFO      ✅  Engine started: Risk
2026-09-30 09:41:08  [CAEngine.CA         ]  INFO      CA MS-Feed: SUB ← tcp://localhost:5558
2026-09-30 09:41:08  [CAEngine.CA         ]  INFO      CA Risk-Feed: SUB ← tcp://localhost:5561
2026-09-30 09:41:08  [CAEngine.CA         ]  INFO      CA IntraDay worker started
2026-09-30 09:41:08  [CAEngine.CA         ]  INFO      CA EOD worker started (interval=3600s)
2026-09-30 09:41:09  [CAEngine.CA         ]  INFO      CA EOD Scheduler: firing every 3600s
2026-09-30 09:41:09  [CAEngine.CA         ]  INFO      CA Publisher: inproc://ca_result → PUB tcp://*:5562
2026-09-30 09:41:09  [NewPrism.MarketState]  INFO      MarketState scan cycle starting …
2026-09-30 09:41:09  [CAEngine.CA         ]  INFO      ══════════════════════════════════════════════════════════════
2026-09-30 09:41:09  [CAEngine.CA         ]  INFO      CA EOD pipeline starting: cycle=EOD
2026-09-30 09:41:09  [CAEngine.CA         ]  INFO       Capital Allocation Engine — Layer 7  STARTED
2026-09-30 09:41:09  [CAEngine.CA         ]  INFO      PVC: σ_ann=146.107% > σ_target=45.000% → ScaleFactor=0.5000
2026-09-30 09:41:09  [CAEngine.CA         ]  INFO        SUB(MarketState)  ← tcp://localhost:5558
2026-09-30 09:41:09  [CAEngine.CA         ]  WARNING   EMERGENCY/PROTECT activated: ['VOL_SPIKE: σ_ann=134.25% > 1.5×σ_target=45.00%']
2026-09-30 09:41:09  [CAEngine.CA         ]  INFO        SUB(Risk)         ← tcp://localhost:5561
2026-09-30 09:41:09  [CAEngine.CA         ]  INFO        PUB(allocations)  → tcp://*:5562
2026-09-30 09:41:09  [CAEngine.CA         ]  INFO        IntraDay throttle  = 30s
2026-09-30 09:41:09  [CAEngine.CA         ]  INFO        EOD interval       = 3600s
2026-09-30 09:41:09  [CAEngine.CA         ]  INFO        SQLite3            → C:\NewPrism\Backend\OutputDB/ca_output.db
2026-09-30 09:41:09  [CAEngine.CA         ]  INFO        Logs               → C:\NewPrism\Backend\Logs/ca.log
2026-09-30 09:41:09  [CAEngine.CA         ]  INFO        Pods tracked: P1, P2, P3, P4, P5, P6, P7, P8, P9, P10, P0
2026-09-30 09:41:09  [CAEngine.CA         ]  INFO      CA EOD [EOD]: dd=NORMAL g=1.000 deployable=7750000 | emg=True mstress=False | beta_sf=N/A pvc_sf=0.5000
2026-09-30 09:41:09  [CAEngine.CA         ]  INFO        Pipeline: MCL→DDR→Waterfall→AUM→BaseW→Regime→DD→Beta→Corr→CRE→PVC→Clamp→Caps→RBA→Rebal→Audit
2026-09-30 09:41:09  [CAEngine.CA         ]  WARNING   CA EMERGENCY ACTIVE: ['VOL_SPIKE: σ_ann=134.25% > 1.5×σ_target=45.00%']
2026-09-30 09:41:09  [CAEngine.CA         ]  INFO      ══════════════════════════════════════════════════════════════
✅  Capital Allocation Engine (Layer 7) started — PUB tcp://*:5562  pods=11
2026-09-30 09:41:09  [NewPrism            ]  INFO      ✅  Engine started: CapitalAllocation
2026-09-30 09:41:09  [CAEngine.CA         ]  WARNING   CA BREACHES: ['EMERGENCY:VOL_SPIKE: σ_ann=134.25% > 1.5×σ_target=45.00%']
2026-09-30 09:41:09  [NewPrism            ]  ERROR     ❌  Engine Governance failed to start: Non-UTF-8 code starting with '\x97' on line 1351, but no encoding declared; see https://peps.python.org/pep-0263/ for details (TGS.py, line 1351)
2026-09-30 09:41:10  [LIVE                ]  INFO      ✅ GDFL: 429 subscriptions sent (stocks=213, indices=9, futures=207)
2026-09-30 09:41:10  [LIVE                ]  INFO      📡 GDFL OC subscription loop started — initial pass in 3s
📊 [09:41:10] src=GDFL  stocks=1/213 | indices=0/9 | futures=0/207 | options=0/617 | greeks=0/617  total_ticks=1
2026-09-30 09:41:10  [Portfolio.PORT      ]  INFO      PORT MS-Feed: SUB ← tcp://localhost:5558
2026-09-30 09:41:10  [Portfolio.PORT      ]  INFO      PORT CA-Feed: SUB ← tcp://localhost:5562
2026-09-30 09:41:10  [Portfolio.PORT      ]  INFO      PORT GOV-Feed: SUB ← tcp://localhost:5563
2026-09-30 09:41:10  [Portfolio.PORT      ]  INFO      PORT Publisher: inproc://port_result → PUB tcp://*:5564
2026-09-30 09:41:10  [Portfolio.PORT      ]  INFO      PORT Worker-1 started
2026-09-30 09:41:10  [Portfolio.PORT      ]  INFO      PORT Worker-0 started
2026-09-30 09:41:10  [Portfolio.PORT      ]  INFO      ══════════════════════════════════════════════════════════════
2026-09-30 09:41:10  [Portfolio.PORT      ]  INFO      PORT Worker-2 started
2026-09-30 09:41:10  [Portfolio.PORT      ]  INFO       Portfolio Engine — Layer 8  STARTED
2026-09-30 09:41:11  [Portfolio.PORT      ]  INFO      PORT Worker-3 started
2026-09-30 09:41:11  [CAEngine.CA         ]  INFO      CA Scheduler fired: cycle=EOD
2026-09-30 09:41:11  [Portfolio.PORT      ]  INFO        SUB(MarketState) ← tcp://localhost:5558
2026-09-30 09:41:11  [Portfolio.PORT      ]  INFO        SUB(Risk)        ← tcp://localhost:5561
2026-09-30 09:41:11  [Portfolio.PORT      ]  INFO        SUB(CA)          ← tcp://localhost:5562
2026-09-30 09:41:11  [Portfolio.PORT      ]  INFO        SUB(Governance)  ← tcp://localhost:5563
2026-09-30 09:41:11  [Portfolio.PORT      ]  INFO        PUB(portfolio)   → tcp://*:5564
2026-09-30 09:41:11  [Portfolio.PORT      ]  INFO        Workers          = 4 parallel Portfolio threads
2026-09-30 09:41:11  [Portfolio.PORT      ]  INFO        SQLite3          → C:\NewPrism\Backend\OutputDB/portfolio_output.db
2026-09-30 09:41:11  [Portfolio.PORT      ]  INFO        Logs             → C:\NewPrism\Backend\Logs/portfolio.log
2026-09-30 09:41:11  [Portfolio.PORT      ]  INFO        Engines: TPCE-INDEX · TPCE-FNO · TPCE-CASH · InvestingEngine
2026-09-30 09:41:11  [Portfolio.PORT      ]  INFO      ══════════════════════════════════════════════════════════════
✅  Portfolio Engine (Layer 8) started — PUB tcp://*:5564  workers=4
2026-09-30 09:41:11  [NewPrism            ]  INFO      ✅  Engine started: Portfolio
2026-09-30 09:41:11  [INIT.SOR            ]  INFO      SOR initialising | db=C:\NewPrism\Backend\OutputDB\sor_output.db
2026-09-30 09:41:11  [NewPrism.SOR        ]  ERROR     SOR engine start() raised: [Errno 2] No such file or directory: ''
Traceback (most recent call last):
  File "/home/frl/NewPrism/Backend/Engines/SOR/__init__.py", line 147, in start
    ok = mod.start(logs_dir=_LOG_DIR, db_path=_DB_PATH)
  File "/home/frl/NewPrism/Backend/Engines/SOR/SOR.py", line 1142, in start
    os.makedirs(os.path.dirname(db_path), exist_ok=True)
    ~~~~~~~~~~~^^^^^^^^^^^^^^^^^^^^^^^^^^^^^^^^^^^^^^^^^
  File "<frozen os>", line 236, in makedirs
FileNotFoundError: [Errno 2] No such file or directory: ''
2026-09-30 09:41:11  [NewPrism            ]  INFO      ✅  Engine started: SOR
2026-09-30 09:41:11  [NewPrism            ]  INFO      ✅  All engines online: AMA, SFE, MarketState, EV, Risk, CapitalAllocation, Portfolio, SOR
2026-09-30 09:41:11  [NewPrism            ]  INFO      🟢  NewPrism running — Ctrl-C to stop

2026-09-30 09:41:12  [NewPrism.MarketState]  INFO      Candles loaded: 15/20 non-empty
2026-09-30 09:41:13  [NewPrism.MarketState]  ERROR     [MES] runner error: No module named 'timeframes'
2026-09-30 09:41:13  [NewPrism.MarketState]  ERROR     [DPR] runner error: No module named 'timeframes'
2026-09-30 09:41:13  [NewPrism.MarketState]  ERROR     [MRE] runner error: No module named 'timeframes'
2026-09-30 09:41:13  [NewPrism.MarketState]  ERROR     [TWR] runner error: No module named 'timeframes'
2026-09-30 09:41:14  [LIVE                ]  INFO      📡 GDFL OC: subscribed/updated 195 product×expiry combos (depth=10)
2026-09-30 09:41:17  [NewPrism.MarketState]  INFO      Scan cycle complete — 9/13 modules OK | 4 symbols broadcast
2026-09-30 09:41:19  [CAEngine.CA         ]  INFO      ✅ CA DB verification: ca_allocations=13  ca_pod_allocations=143 → C:\NewPrism\Backend\OutputDB/ca_output.db
2026-09-30 09:41:21  [LIVE                ]  INFO      📡 GDFL OC: subscribed/updated 422 product×expiry combos (depth=10)
📊 [09:41:21] src=GDFL  stocks=211/213 | indices=9/9 | futures=158/207 | options=60/617 | greeks=59/617  total_ticks=5,002
2026-09-30 09:41:23  [L3.AMA              ]  INFO      ✅ AMA DB verification: ama_results=33352 rows  ama_scan_log=222 rows  → C:\NewPrism\Backend\OutputDB/ama_output.db
2026-09-30 09:41:23  [L3.AMA              ]  INFO        📊 [STOCKS] 213 symbols | 852 ok | 0 err | 15613 ms
2026-09-30 09:41:28  [NewPrism.MarketState]  INFO      ✅ MarketState DB verification: ms_output=21681 rows → C:\NewPrism\Backend\OutputDB/marketstate_output.db
📊 [09:41:31] src=GDFL  stocks=213/213 | indices=9/9 | futures=195/207 | options=163/617 | greeks=157/617  total_ticks=16,186
📊 [09:41:36] src=GDFL  stocks=213/213 | indices=9/9 | futures=195/207 | options=386/617 | greeks=382/617  total_ticks=36,178
2026-09-30 09:41:37  [L3.AMA              ]  INFO        📊 [FUTURES] 207 symbols | 737 ok | 91 err | 13506 ms
Exception in thread AMA-Scanner:
Traceback (most recent call last):
  File "/usr/lib/python3.14/threading.py", line 1082, in _bootstrap_inner
  File "/usr/lib/python3.14/threading.py", line 1024, in run
  File "/home/frl/NewPrism/Backend/Engines/AMA/AMA.py", line 2410, in _scanner_loop
  File "/home/frl/NewPrism/Backend/Engines/AMA/AMA.py", line 2290, in _write_scan_log
sqlite3.OperationalError: unable to open database file
2026-09-30 09:42:01  [NewPrism            ]  INFO      ✅  data_miner_patch applied — 1m candle-close ZMQ signals active
2026-09-30 09:42:01  [ZMQ.PUB]  INFO  Killed stale process 209495 on port 5555
Killed
2026-09-30 09:42:02  [ZMQ.PUB]  INFO  Publisher bound → tcp://*:5555
2026-09-30 09:42:02  [NewPrism            ]  INFO      ✅  L1 ZMQ publisher started → tcp://*:5555
════════════════════════════════════════════════════════════════════════════════
  🚀  NewPrism Backend — Multi-Layer Market Intelligence System
  PG         : localhost:5432/live
  Source     : auto-select
  L1 ZMQ PUB : tcp://*:5555  (tick feed → AMA)
  L2 ZMQ PUB : tcp://*:5556  (AMA signals → downstream)
  L2 Candle  : ✅ event-driven (1m close)
  Console    : disabled
  Layer 1    : ✅ LiveData                              (ZMQ :5555)
  Layer 2    : ✅ AMA  (ZMQ :5556)
  Layer 3    : ✅ SFE  (ZMQ :5557)
  Layer 4    : ✅ MarketState  (ZMQ :5558)
  Layer 5    : ✅ PODS  (ZMQ :5559)
  Layer 6    : ✅ EV Engine  (ZMQ :5560)
  Layer 7a   : ✅ Risk Engine  (ZMQ :5561)
  Layer 7b   : ✅ Capital Alloc.  (ZMQ :5562)
  Engines    : AMA, SFE, MarketState, PODS, EV, Risk, CapitalAllocation, Governance, Portfolio, SOR
════════════════════════════════════════════════════════════════════════════════
2026-09-30 09:42:02  [NewPrism            ]  INFO      📥  Bootstrapping instrument tokens …
2026-09-30 09:42:02  [LIVE                ]  INFO      ⬇️  Kite instrument master …
2026-09-30 09:42:03  [LIVE                ]  INFO        → Stocks:213 Indices:9 Futures:207 Options:34971 Products:215
2026-09-30 09:42:03  [LIVE                ]  INFO      🔧 AUTO source selection enabled
2026-09-30 09:42:03  [NewPrism            ]  INFO      🗄️   Connecting PostgreSQL @ localhost:5432/live …
2026-09-30 09:42:03  [LIVE                ]  INFO      ✅ PG pool [10–32] → localhost:5432/live
2026-09-30 09:42:03  [LIVE                ]  INFO      📊 Creating tables …
2026-09-30 09:42:05  [LIVE                ]  INFO      ✅ Tables ready
2026-09-30 09:42:05  [LIVE                ]  INFO      ✅ repair_ohlc_constraints: all MTF tables already have UNIQUE constraint
2026-09-30 09:42:05  [NewPrism            ]  INFO      ✅  PostgreSQL ready
2026-09-30 09:42:05  [NewPrism            ]  INFO      🔧  Starting worker threads …
2026-09-30 09:42:05  [LIVE                ]  INFO      ▶️  OHLC-STO-0
2026-09-30 09:42:05  [LIVE                ]  INFO      ▶️  OHLC-STO-3
2026-09-30 09:42:05  [LIVE                ]  INFO      ▶️  OHLC-STO-1
2026-09-30 09:42:05  [LIVE                ]  INFO      ▶️  OHLC-IND-0
2026-09-30 09:42:05  [LIVE                ]  INFO      ▶️  OHLC-IND-1
2026-09-30 09:42:05  [LIVE                ]  INFO      ▶️  OHLC-FUT-0
2026-09-30 09:42:05  [LIVE                ]  INFO      ▶️  OHLC-FUT-1
2026-09-30 09:42:05  [LIVE                ]  INFO      ▶️  OHLC-STO-2
2026-09-30 09:42:05  [LIVE                ]  INFO      ▶️  OHLC-FUT-2
2026-09-30 09:42:05  [LIVE                ]  INFO      ▶️  OHLC-FUT-3
2026-09-30 09:42:05  [LIVE                ]  INFO      ▶️  OPT-0
2026-09-30 09:42:05  [LIVE                ]  INFO      ▶️  OPT-1
2026-09-30 09:42:05  [LIVE                ]  INFO      ▶️  OPT-2
2026-09-30 09:42:05  [LIVE                ]  INFO      ▶️  OPT-3
2026-09-30 09:42:05  [LIVE                ]  INFO      ▶️  GRK-0
2026-09-30 09:42:05  [LIVE                ]  INFO      ▶️  GRK-3
2026-09-30 09:42:05  [LIVE                ]  INFO      ▶️  GRK-4
2026-09-30 09:42:05  [LIVE                ]  INFO      ▶️  GRK-1
2026-09-30 09:42:05  [NewPrism            ]  INFO      ✅  Workers  stocks=4  indices=2  futures=4  options=4  greeks=6
2026-09-30 09:42:05  [LIVE                ]  INFO      ▶️  GRK-2
2026-09-30 09:42:05  [LIVE                ]  INFO      ▶️  GRK-5
2026-09-30 09:42:05  [LIVE                ]  INFO      🔄 GDFL: connecting …
2026-09-30 09:42:05  [LIVE                ]  INFO      🟡 Kite engine on standby
2026-09-30 09:42:05  [NewPrism            ]  INFO      ✅  L1 source threads started
2026-09-30 09:42:05  [NewPrism            ]  INFO      ⚙️   Starting engines (Layers 2–7) …
2026-09-30 09:42:05  [websocket           ]  INFO      Websocket connected
2026-09-30 09:42:05  [LIVE                ]  INFO      🔌 GDFL connected — authenticating …
2026-09-30 09:42:05  [LIVE                ]  INFO      ✅ GDFL auth OK — subscribing 429 instruments
2026-09-30 09:42:07  [L3.AMA              ]  INFO      ════════════════════════════════════════════════════════════
2026-09-30 09:42:07  [L3.AMA              ]  INFO      ▶  AMA Layer-3 Engine — initialising
2026-09-30 09:42:07  [L3.AMA              ]  INFO      ════════════════════════════════════════════════════════════
2026-09-30 09:42:07  [L3.AMA              ]  INFO        ✅ SQLite ready → C:\NewPrism\Backend\OutputDB/ama_output.db
2026-09-30 09:42:07  [L3.AMA              ]  INFO        ✅ AMAEngine ready
2026-09-30 09:42:07  [L3.AMA              ]  INFO        ✅ AMA ZMQ PUB → tcp://*:5556
2026-09-30 09:42:07  [L3.AMA              ]  INFO        ✅ AMA TickWatcher → tcp://localhost:5555
2026-09-30 09:42:07  [L3.AMA              ]  INFO        ▶ AMA Scanner started
2026-09-30 09:42:07  [L3.AMA              ]  INFO      ════════════════════════════════════════════════════════════
2026-09-30 09:42:07  [L3.AMA              ]  INFO      ✅ AMA Layer-3 ready
2026-09-30 09:42:07  [L3.AMA              ]  INFO         ZMQ SUB  ← tcp://localhost:5555
2026-09-30 09:42:07  [L3.AMA              ]  INFO         ZMQ PUB  → tcp://*:5556
2026-09-30 09:42:07  [L3.AMA              ]  INFO         SQLite   → C:\NewPrism\Backend\OutputDB/ama_output.db
2026-09-30 09:42:07  [L3.AMA              ]  INFO         Schemas  : STOCKS, FUTURES, INDICES, GREEKS
2026-09-30 09:42:07  [L3.AMA              ]  INFO         TFs      : 1m, 5m, 15m, 1H, 1D, 1W
2026-09-30 09:42:07  [L3.AMA              ]  INFO         Interval : 60s
2026-09-30 09:42:07  [L3.AMA              ]  INFO      ════════════════════════════════════════════════════════════
2026-09-30 09:42:07  [NewPrism            ]  INFO      ✅  Engine started: AMA
2026-09-30 09:42:07  [NewPrism.SFE        ]  ERROR     Cannot start SFE engine: sfe_engine binary not found at 'C:\NewPrism\Backend\Engines\SFE\build\sfe_engine.exe'.
Build it first:
  cd /home/frl/NewPrism/Backend/Engines/SFE
  mkdir -p build && cd build
  cmake .. && make -j$(nproc)
Or set SFE_BINARY=/path/to/sfe_engine in your environment.
2026-09-30 09:42:07  [NewPrism            ]  INFO      ✅  Engine started: SFE
2026-09-30 09:42:07  [NewPrism.MarketState]  INFO      MarketState log → C:\NewPrism\Backend\Logs/marketstate_2026-09-30.log
2026-09-30 09:42:07  [NewPrism.MarketState]  INFO      MarketState SQLite DB ready → C:\NewPrism\Backend\OutputDB/marketstate_output.db
2026-09-30 09:42:07  [NewPrism.MarketState]  INFO      ZMQ SUB ← tcp://localhost:5557
2026-09-30 09:42:07  [NewPrism.MarketState]  INFO      ZMQ PUB → tcp://*:5558
2026-09-30 09:42:07  [NewPrism.MarketState]  INFO      ==============================================================
2026-09-30 09:42:07  [NewPrism.MarketState]  INFO        NewPrism MarketState Engine  v1.0
2026-09-30 09:42:07  [NewPrism.MarketState]  INFO        Layer 4 — Parallel Market Analysis (13 modules)
2026-09-30 09:42:07  [NewPrism.MarketState]  INFO        SUB(SFE)  ← tcp://localhost:5557
2026-09-30 09:42:07  [NewPrism.MarketState]  INFO        PUB(MS)   → tcp://*:5558
2026-09-30 09:42:07  [NewPrism.MarketState]  INFO        Log dir   : C:\NewPrism\Backend\Logs
2026-09-30 09:42:07  [NewPrism.MarketState]  INFO        Output DB : C:\NewPrism\Backend\OutputDB/marketstate_output.db
2026-09-30 09:42:07  [NewPrism.MarketState]  INFO        Tables    : STOCKS, FUTURES, GREEKS, INDICES
2026-09-30 09:42:07  [NewPrism.MarketState]  INFO        Timeframes: 1m, 5m, 15m, 1H, 1D
2026-09-30 09:42:07  [NewPrism.MarketState]  INFO        Modules   : DPR, EMIO, IPSE, LDPE, MCL, MES, MONEY, MRE, MSE, MomentumFactor, OI, TWR, VCE
2026-09-30 09:42:07  [NewPrism.MarketState]  INFO      ==============================================================
2026-09-30 09:42:07  [NewPrism.MarketState]  INFO      MarketState background loop started (interval=60s)
2026-09-30 09:42:07  [NewPrism.MarketState]  INFO      MarketState engine started (pid-thread=MarketState-main)
2026-09-30 09:42:07  [NewPrism            ]  INFO      ✅  Engine started: MarketState
2026-09-30 09:42:07  [NewPrism.PODS       ]  INFO      Starting PODS engine: /home/frl/NewPrism/Backend/Engines/PODS/build/pods_engine.exe
2026-09-30 09:42:07  [NewPrism            ]  ERROR     ❌  Engine PODS failed to start: [Errno 8] Exec format error: '/home/frl/NewPrism/Backend/Engines/PODS/build/pods_engine.exe'
2026-09-30 09:42:07  [L3.AMA              ]  INFO        ✅ PG pool ready → localhost:5432/live
2026-09-30 09:42:07  [NewPrism.EV         ]  INFO      Starting EV Engine (Layer 6) | logs=C:\NewPrism\Backend\Logs | db=C:\NewPrism\Backend\OutputDB/ev_output.db
2026-09-30 09:42:07  [MAIN.EV             ]  INFO      MS-Feed thread: SUB ← tcp://localhost:5558
2026-09-30 09:42:07  [ScenarioWorker.EV   ]  INFO      ScenarioWorker ready — SUB:5559 → inproc://ev_scenario + ev_result
2026-09-30 09:42:07  [ISEWorker.EV        ]  INFO      ISEWorker ready — inproc://ev_result → inproc://ev_ise
2026-09-30 09:42:07  [EntryWorker.EV      ]  INFO      EntryWorker ready — inproc://ev_ise → inproc://ev_entry
2026-09-30 09:42:07  [ALXWorker.EV        ]  INFO      ALXWorker ready — inproc://ev_entry → inproc://ev_alx
2026-09-30 09:42:07  [SizingWorker.EV     ]  INFO      SizingWorker ready — inproc://ev_alx → inproc://ev_sizing + PUB:5560
2026-09-30 09:42:07  [PyramidWorker.EV    ]  INFO      PyramidWorker ready — inproc://ev_sizing → inproc://ev_pyramid
2026-09-30 09:42:07  [ExitWorker.EV       ]  INFO      ExitWorker ready — SUB:5555 + inproc://ev_sizing → inproc://ev_exit
2026-09-30 09:42:07  [MAIN.EV             ]  INFO      ══════════════════════════════════════════════════════════════
2026-09-30 09:42:07  [MAIN.EV             ]  INFO       EV Engine — Layer 6  STARTED
2026-09-30 09:42:07  [MAIN.EV             ]  INFO        SUB(ticks)   ← tcp://localhost:5555
2026-09-30 09:42:07  [MAIN.EV             ]  INFO        SUB(MS)      ← tcp://localhost:5558
2026-09-30 09:42:07  [MAIN.EV             ]  INFO        SUB(PODS)    ← tcp://localhost:5559
2026-09-30 09:42:07  [MAIN.EV             ]  INFO        PUB(signals) → tcp://*:5560
2026-09-30 09:42:07  [MAIN.EV             ]  INFO        SQLite3      → C:\NewPrism\Backend\OutputDB/ev_output.db
2026-09-30 09:42:07  [MAIN.EV             ]  INFO        Logs         → C:\NewPrism\Backend\Logs/ev_<module>_<date>.log
2026-09-30 09:42:07  [MAIN.EV             ]  INFO        Modules: Scenario · EV · ISE · Entry · ALX · Sizing · Pyramid · Exit
2026-09-30 09:42:07  [MAIN.EV             ]  INFO      ══════════════════════════════════════════════════════════════
2026-09-30 09:42:07  [NewPrism.EV         ]  INFO      ✅  EV Engine (Layer 6) started — PUB tcp://*:5560
2026-09-30 09:42:07  [NewPrism            ]  INFO      ✅  Engine started: EV
2026-09-30 09:42:07  [RiskEngine.RISK     ]  INFO      Risk MS-Feed: SUB ← tcp://localhost:5558
2026-09-30 09:42:07  [RiskEngine.RISK     ]  INFO      Risk EV-Feed: SUB ← tcp://localhost:5560 → inproc://risk_trade_req
2026-09-30 09:42:07  [RiskEngine.RISK     ]  INFO      Risk Publisher: inproc://risk_decision → PUB tcp://*:5561
2026-09-30 09:42:07  [RiskEngine.RISK     ]  INFO      R16 periodic scanner: interval=60s
Killed
2026-09-30 09:43:02  [NewPrism            ]  INFO      ✅  data_miner_patch applied — 1m candle-close ZMQ signals active
2026-09-30 09:43:02  [ZMQ.PUB]  INFO  Killed stale process 210353 on port 5555
2026-09-30 09:43:02  [ZMQ.PUB]  INFO  Publisher bound → tcp://*:5555
2026-09-30 09:43:02  [NewPrism            ]  INFO      ✅  L1 ZMQ publisher started → tcp://*:5555
════════════════════════════════════════════════════════════════════════════════
  🚀  NewPrism Backend — Multi-Layer Market Intelligence System
  PG         : localhost:5432/live
  Source     : auto-select
  L1 ZMQ PUB : tcp://*:5555  (tick feed → AMA)
  L2 ZMQ PUB : tcp://*:5556  (AMA signals → downstream)
  L2 Candle  : ✅ event-driven (1m close)
  Console    : disabled
  Layer 1    : ✅ LiveData                              (ZMQ :5555)
  Layer 2    : ✅ AMA  (ZMQ :5556)
  Layer 3    : ✅ SFE  (ZMQ :5557)
  Layer 4    : ✅ MarketState  (ZMQ :5558)
  Layer 5    : ✅ PODS  (ZMQ :5559)
  Layer 6    : ✅ EV Engine  (ZMQ :5560)
  Layer 7a   : ✅ Risk Engine  (ZMQ :5561)
  Layer 7b   : ✅ Capital Alloc.  (ZMQ :5562)
  Engines    : AMA, SFE, MarketState, PODS, EV, Risk, CapitalAllocation, Governance, Portfolio, SOR
════════════════════════════════════════════════════════════════════════════════
2026-09-30 09:43:02  [NewPrism            ]  INFO      📥  Bootstrapping instrument tokens …
2026-09-30 09:43:02  [LIVE                ]  INFO      ⬇️  Kite instrument master …
2026-09-30 09:43:04  [LIVE                ]  INFO        → Stocks:213 Indices:9 Futures:207 Options:34971 Products:215
2026-09-30 09:43:04  [LIVE                ]  INFO      🔧 AUTO source selection enabled
2026-09-30 09:43:04  [NewPrism            ]  INFO      🗄️   Connecting PostgreSQL @ localhost:5432/live …
2026-09-30 09:43:04  [LIVE                ]  INFO      ✅ PG pool [10–32] → localhost:5432/live
2026-09-30 09:43:04  [LIVE                ]  INFO      📊 Creating tables …
2026-09-30 09:43:06  [LIVE                ]  INFO      ✅ Tables ready
2026-09-30 09:43:06  [LIVE                ]  INFO      ✅ repair_ohlc_constraints: all MTF tables already have UNIQUE constraint
2026-09-30 09:43:06  [NewPrism            ]  INFO      ✅  PostgreSQL ready
2026-09-30 09:43:06  [NewPrism            ]  INFO      🔧  Starting worker threads …
2026-09-30 09:43:06  [LIVE                ]  INFO      ▶️  OHLC-STO-0
2026-09-30 09:43:06  [LIVE                ]  INFO      ▶️  OHLC-STO-1
2026-09-30 09:43:06  [LIVE                ]  INFO      ▶️  OHLC-STO-2
2026-09-30 09:43:06  [LIVE                ]  INFO      ▶️  OHLC-STO-3
2026-09-30 09:43:06  [LIVE                ]  INFO      ▶️  OHLC-IND-0
2026-09-30 09:43:06  [LIVE                ]  INFO      ▶️  OHLC-IND-1
2026-09-30 09:43:06  [LIVE                ]  INFO      ▶️  OHLC-FUT-0
2026-09-30 09:43:06  [LIVE                ]  INFO      ▶️  OHLC-FUT-3
2026-09-30 09:43:06  [LIVE                ]  INFO      ▶️  OHLC-FUT-2
2026-09-30 09:43:06  [LIVE                ]  INFO      ▶️  OPT-0
2026-09-30 09:43:06  [LIVE                ]  INFO      ▶️  OPT-2
2026-09-30 09:43:06  [LIVE                ]  INFO      ▶️  OHLC-FUT-1
2026-09-30 09:43:06  [LIVE                ]  INFO      ▶️  OPT-1
2026-09-30 09:43:06  [LIVE                ]  INFO      ▶️  OPT-3
2026-09-30 09:43:06  [LIVE                ]  INFO      ▶️  GRK-0
2026-09-30 09:43:06  [LIVE                ]  INFO      ▶️  GRK-1
2026-09-30 09:43:06  [LIVE                ]  INFO      ▶️  GRK-2
2026-09-30 09:43:06  [LIVE                ]  INFO      ▶️  GRK-3
2026-09-30 09:43:06  [NewPrism            ]  INFO      ✅  Workers  stocks=4  indices=2  futures=4  options=4  greeks=6
2026-09-30 09:43:06  [LIVE                ]  INFO      ▶️  GRK-5
2026-09-30 09:43:06  [LIVE                ]  INFO      🔄 GDFL: connecting …
2026-09-30 09:43:06  [LIVE                ]  INFO      ▶️  GRK-4
2026-09-30 09:43:06  [LIVE                ]  INFO      🟡 Kite engine on standby
2026-09-30 09:43:06  [NewPrism            ]  INFO      ✅  L1 source threads started
2026-09-30 09:43:06  [NewPrism            ]  INFO      ⚙️   Starting engines (Layers 2–7) …
2026-09-30 09:43:06  [websocket           ]  INFO      Websocket connected
2026-09-30 09:43:06  [LIVE                ]  INFO      🔌 GDFL connected — authenticating …
2026-09-30 09:43:06  [LIVE                ]  INFO      ✅ GDFL auth OK — subscribing 429 instruments
2026-09-30 09:43:07  [L3.AMA              ]  INFO      ════════════════════════════════════════════════════════════
2026-09-30 09:43:07  [L3.AMA              ]  INFO      ▶  AMA Layer-3 Engine — initialising
2026-09-30 09:43:07  [L3.AMA              ]  INFO      ════════════════════════════════════════════════════════════
2026-09-30 09:43:07  [L3.AMA              ]  INFO        ✅ SQLite ready → C:\NewPrism\Backend\OutputDB/ama_output.db
2026-09-30 09:43:07  [L3.AMA              ]  INFO        ✅ AMAEngine ready
2026-09-30 09:43:07  [L3.AMA              ]  INFO        ✅ AMA ZMQ PUB → tcp://*:5556
2026-09-30 09:43:07  [L3.AMA              ]  INFO        ✅ AMA TickWatcher → tcp://localhost:5555
2026-09-30 09:43:07  [L3.AMA              ]  INFO        ▶ AMA Scanner started
2026-09-30 09:43:07  [L3.AMA              ]  INFO      ════════════════════════════════════════════════════════════
2026-09-30 09:43:07  [L3.AMA              ]  INFO      ✅ AMA Layer-3 ready
2026-09-30 09:43:07  [L3.AMA              ]  INFO         ZMQ SUB  ← tcp://localhost:5555
2026-09-30 09:43:07  [L3.AMA              ]  INFO         ZMQ PUB  → tcp://*:5556
2026-09-30 09:43:07  [L3.AMA              ]  INFO         SQLite   → C:\NewPrism\Backend\OutputDB/ama_output.db
2026-09-30 09:43:07  [L3.AMA              ]  INFO         Schemas  : STOCKS, FUTURES, INDICES, GREEKS
2026-09-30 09:43:07  [L3.AMA              ]  INFO         TFs      : 1m, 5m, 15m, 1H, 1D, 1W
2026-09-30 09:43:07  [L3.AMA              ]  INFO         Interval : 60s
2026-09-30 09:43:07  [L3.AMA              ]  INFO      ════════════════════════════════════════════════════════════
2026-09-30 09:43:07  [NewPrism            ]  INFO      ✅  Engine started: AMA
2026-09-30 09:43:07  [NewPrism.SFE        ]  ERROR     Cannot start SFE engine: sfe_engine binary not found at 'C:\NewPrism\Backend\Engines\SFE\build\sfe_engine.exe'.
Build it first:
  cd /home/frl/NewPrism/Backend/Engines/SFE
  mkdir -p build && cd build
  cmake .. && make -j$(nproc)
Or set SFE_BINARY=/path/to/sfe_engine in your environment.
2026-09-30 09:43:07  [NewPrism            ]  INFO      ✅  Engine started: SFE
2026-09-30 09:43:07  [NewPrism.MarketState]  INFO      MarketState log → C:\NewPrism\Backend\Logs/marketstate_2026-09-30.log
2026-09-30 09:43:07  [NewPrism.MarketState]  INFO      MarketState SQLite DB ready → C:\NewPrism\Backend\OutputDB/marketstate_output.db
2026-09-30 09:43:07  [NewPrism.MarketState]  INFO      ZMQ SUB ← tcp://localhost:5557
2026-09-30 09:43:07  [NewPrism.MarketState]  INFO      ZMQ PUB → tcp://*:5558
2026-09-30 09:43:07  [NewPrism.MarketState]  INFO      ==============================================================
2026-09-30 09:43:07  [NewPrism.MarketState]  INFO        NewPrism MarketState Engine  v1.0
2026-09-30 09:43:07  [NewPrism.MarketState]  INFO        Layer 4 — Parallel Market Analysis (13 modules)
2026-09-30 09:43:07  [NewPrism.MarketState]  INFO        SUB(SFE)  ← tcp://localhost:5557
2026-09-30 09:43:07  [NewPrism.MarketState]  INFO        PUB(MS)   → tcp://*:5558
2026-09-30 09:43:07  [NewPrism.MarketState]  INFO        Log dir   : C:\NewPrism\Backend\Logs
2026-09-30 09:43:07  [NewPrism.MarketState]  INFO        Output DB : C:\NewPrism\Backend\OutputDB/marketstate_output.db
2026-09-30 09:43:07  [NewPrism.MarketState]  INFO        Tables    : STOCKS, FUTURES, GREEKS, INDICES
2026-09-30 09:43:07  [NewPrism.MarketState]  INFO        Timeframes: 1m, 5m, 15m, 1H, 1D
2026-09-30 09:43:07  [NewPrism.MarketState]  INFO        Modules   : DPR, EMIO, IPSE, LDPE, MCL, MES, MONEY, MRE, MSE, MomentumFactor, OI, TWR, VCE
2026-09-30 09:43:07  [NewPrism.MarketState]  INFO      ==============================================================
2026-09-30 09:43:07  [NewPrism.MarketState]  INFO      MarketState background loop started (interval=60s)
2026-09-30 09:43:07  [NewPrism.MarketState]  INFO      MarketState engine started (pid-thread=MarketState-main)
2026-09-30 09:43:07  [NewPrism            ]  INFO      ✅  Engine started: MarketState
2026-09-30 09:43:07  [NewPrism.PODS       ]  INFO      Starting PODS engine: /home/frl/NewPrism/Backend/Engines/PODS/build/pods_engine.exe
2026-09-30 09:43:07  [NewPrism            ]  ERROR     ❌  Engine PODS failed to start: [Errno 8] Exec format error: '/home/frl/NewPrism/Backend/Engines/PODS/build/pods_engine.exe'
2026-09-30 09:43:07  [L3.AMA              ]  INFO        ✅ PG pool ready → localhost:5432/live
2026-09-30 09:43:07  [NewPrism.EV         ]  INFO      Starting EV Engine (Layer 6) | logs=C:\NewPrism\Backend\Logs | db=C:\NewPrism\Backend\OutputDB/ev_output.db
2026-09-30 09:43:07  [MAIN.EV             ]  INFO      MS-Feed thread: SUB ← tcp://localhost:5558
2026-09-30 09:43:07  [ScenarioWorker.EV   ]  INFO      ScenarioWorker ready — SUB:5559 → inproc://ev_scenario + ev_result
2026-09-30 09:43:07  [ISEWorker.EV        ]  INFO      ISEWorker ready — inproc://ev_result → inproc://ev_ise
2026-09-30 09:43:07  [EntryWorker.EV      ]  INFO      EntryWorker ready — inproc://ev_ise → inproc://ev_entry
2026-09-30 09:43:07  [ALXWorker.EV        ]  INFO      ALXWorker ready — inproc://ev_entry → inproc://ev_alx
2026-09-30 09:43:08  [SizingWorker.EV     ]  INFO      SizingWorker ready — inproc://ev_alx → inproc://ev_sizing + PUB:5560
2026-09-30 09:43:08  [PyramidWorker.EV    ]  INFO      PyramidWorker ready — inproc://ev_sizing → inproc://ev_pyramid
2026-09-30 09:43:08  [ExitWorker.EV       ]  INFO      ExitWorker ready — SUB:5555 + inproc://ev_sizing → inproc://ev_exit
2026-09-30 09:43:08  [MAIN.EV             ]  INFO      ══════════════════════════════════════════════════════════════
2026-09-30 09:43:08  [MAIN.EV             ]  INFO       EV Engine — Layer 6  STARTED
2026-09-30 09:43:08  [MAIN.EV             ]  INFO        SUB(ticks)   ← tcp://localhost:5555
2026-09-30 09:43:08  [MAIN.EV             ]  INFO        SUB(MS)      ← tcp://localhost:5558
2026-09-30 09:43:08  [MAIN.EV             ]  INFO        SUB(PODS)    ← tcp://localhost:5559
2026-09-30 09:43:08  [MAIN.EV             ]  INFO        PUB(signals) → tcp://*:5560
2026-09-30 09:43:08  [MAIN.EV             ]  INFO        SQLite3      → C:\NewPrism\Backend\OutputDB/ev_output.db
2026-09-30 09:43:08  [MAIN.EV             ]  INFO        Logs         → C:\NewPrism\Backend\Logs/ev_<module>_<date>.log
2026-09-30 09:43:08  [MAIN.EV             ]  INFO        Modules: Scenario · EV · ISE · Entry · ALX · Sizing · Pyramid · Exit
2026-09-30 09:43:08  [MAIN.EV             ]  INFO      ══════════════════════════════════════════════════════════════
2026-09-30 09:43:08  [NewPrism.EV         ]  INFO      ✅  EV Engine (Layer 6) started — PUB tcp://*:5560
2026-09-30 09:43:08  [NewPrism            ]  INFO      ✅  Engine started: EV
2026-09-30 09:43:08  [RiskEngine.RISK     ]  INFO      Risk MS-Feed: SUB ← tcp://localhost:5558
2026-09-30 09:43:08  [RiskEngine.RISK     ]  INFO      Risk EV-Feed: SUB ← tcp://localhost:5560 → inproc://risk_trade_req
2026-09-30 09:43:08  [RiskEngine.RISK     ]  INFO      Risk Publisher: inproc://risk_decision → PUB tcp://*:5561
2026-09-30 09:43:08  [RiskEngine.RISK     ]  INFO      R16 periodic scanner: interval=60s
2026-09-30 09:43:08  [RiskEngine.RISK     ]  INFO      RiskWorker-0 started
2026-09-30 09:43:08  [RiskEngine.RISK     ]  INFO      RiskWorker-1 started
2026-09-30 09:43:08  [RiskEngine.RISK     ]  INFO      RiskWorker-2 started
2026-09-30 09:43:08  [RiskEngine.RISK     ]  INFO      RiskWorker-3 started
2026-09-30 09:43:08  [RiskEngine.RISK     ]  INFO      ══════════════════════════════════════════════════════════════
2026-09-30 09:43:08  [RiskEngine.RISK     ]  INFO       Risk Engine — Layer 7  STARTED
2026-09-30 09:43:08  [RiskEngine.RISK     ]  INFO        SUB(MarketState) ← tcp://localhost:5558
2026-09-30 09:43:08  [RiskEngine.RISK     ]  INFO        SUB(EV signals)  ← tcp://localhost:5560
2026-09-30 09:43:08  [RiskEngine.RISK     ]  INFO        PUB(decisions)   → tcp://*:5561
2026-09-30 09:43:08  [RiskEngine.RISK     ]  INFO        Workers          = 4 parallel Risk threads
2026-09-30 09:43:08  [RiskEngine.RISK     ]  INFO        SQLite3          → C:\NewPrism\Backend\OutputDB/risk_output.db
2026-09-30 09:43:08  [RiskEngine.RISK     ]  INFO        Logs             → C:\NewPrism\Backend\Logs/risk.log
2026-09-30 09:43:08  [RiskEngine.RISK     ]  INFO        R16 scan         every 60 s
2026-09-30 09:43:08  [RiskEngine.RISK     ]  INFO        Modules: R1·R2·R4·R6·R7·R8·R11·R12·R14·R15·R16
2026-09-30 09:43:08  [RiskEngine.RISK     ]  INFO      ══════════════════════════════════════════════════════════════
✅  Risk Engine (Layer 7) started — PUB tcp://*:5561  workers=4
2026-09-30 09:43:08  [NewPrism            ]  INFO      ✅  Engine started: Risk
2026-09-30 09:43:08  [CAEngine.CA         ]  INFO      CA MS-Feed: SUB ← tcp://localhost:5558
2026-09-30 09:43:08  [CAEngine.CA         ]  INFO      CA Risk-Feed: SUB ← tcp://localhost:5561
2026-09-30 09:43:08  [CAEngine.CA         ]  INFO      CA IntraDay worker started
2026-09-30 09:43:08  [LIVE                ]  INFO      ✅ GDFL: 429 subscriptions sent (stocks=213, indices=9, futures=207)
2026-09-30 09:43:08  [LIVE                ]  INFO      📡 GDFL OC subscription loop started — initial pass in 3s
2026-09-30 09:43:08  [CAEngine.CA         ]  INFO      CA EOD worker started (interval=3600s)
📊 [09:43:08] src=GDFL  stocks=1/213 | indices=0/9 | futures=0/207 | options=0/617 | greeks=0/617  total_ticks=1
2026-09-30 09:43:08  [CAEngine.CA         ]  INFO      CA EOD Scheduler: firing every 3600s
2026-09-30 09:43:08  [CAEngine.CA         ]  INFO      CA Publisher: inproc://ca_result → PUB tcp://*:5562
2026-09-30 09:43:08  [NewPrism.MarketState]  INFO      MarketState scan cycle starting …
2026-09-30 09:43:09  [CAEngine.CA         ]  INFO      ══════════════════════════════════════════════════════════════
2026-09-30 09:43:09  [CAEngine.CA         ]  INFO      CA EOD pipeline starting: cycle=EOD
2026-09-30 09:43:09  [CAEngine.CA         ]  INFO       Capital Allocation Engine — Layer 7  STARTED
2026-09-30 09:43:09  [CAEngine.CA         ]  INFO        SUB(MarketState)  ← tcp://localhost:5558
2026-09-30 09:43:09  [CAEngine.CA         ]  INFO        SUB(Risk)         ← tcp://localhost:5561
2026-09-30 09:43:09  [CAEngine.CA         ]  INFO      PVC: σ_ann=146.107% > σ_target=45.000% → ScaleFactor=0.5000
2026-09-30 09:43:09  [CAEngine.CA         ]  INFO        PUB(allocations)  → tcp://*:5562
2026-09-30 09:43:09  [CAEngine.CA         ]  WARNING   EMERGENCY/PROTECT activated: ['VOL_SPIKE: σ_ann=134.25% > 1.5×σ_target=45.00%']
2026-09-30 09:43:09  [CAEngine.CA         ]  INFO        IntraDay throttle  = 30s
2026-09-30 09:43:09  [CAEngine.CA         ]  INFO        EOD interval       = 3600s
2026-09-30 09:43:09  [CAEngine.CA         ]  INFO        SQLite3            → C:\NewPrism\Backend\OutputDB/ca_output.db
2026-09-30 09:43:09  [CAEngine.CA         ]  INFO        Logs               → C:\NewPrism\Backend\Logs/ca.log
2026-09-30 09:43:09  [CAEngine.CA         ]  INFO        Pods tracked: P1, P2, P3, P4, P5, P6, P7, P8, P9, P10, P0
2026-09-30 09:43:09  [CAEngine.CA         ]  INFO      CA EOD [EOD]: dd=NORMAL g=1.000 deployable=7750000 | emg=True mstress=False | beta_sf=N/A pvc_sf=0.5000
2026-09-30 09:43:09  [CAEngine.CA         ]  INFO        Pipeline: MCL→DDR→Waterfall→AUM→BaseW→Regime→DD→Beta→Corr→CRE→PVC→Clamp→Caps→RBA→Rebal→Audit
2026-09-30 09:43:09  [CAEngine.CA         ]  WARNING   CA EMERGENCY ACTIVE: ['VOL_SPIKE: σ_ann=134.25% > 1.5×σ_target=45.00%']
2026-09-30 09:43:09  [CAEngine.CA         ]  INFO      ══════════════════════════════════════════════════════════════
2026-09-30 09:43:09  [CAEngine.CA         ]  WARNING   CA BREACHES: ['EMERGENCY:VOL_SPIKE: σ_ann=134.25% > 1.5×σ_target=45.00%']
✅  Capital Allocation Engine (Layer 7) started — PUB tcp://*:5562  pods=11
2026-09-30 09:43:09  [NewPrism            ]  INFO      ✅  Engine started: CapitalAllocation
2026-09-30 09:43:09  [NewPrism            ]  ERROR     ❌  Engine Governance failed to start: Non-UTF-8 code starting with '\x97' on line 1351, but no encoding declared; see https://peps.python.org/pep-0263/ for details (TGS.py, line 1351)
2026-09-30 09:43:09  [Portfolio.PORT      ]  INFO      PORT MS-Feed: SUB ← tcp://localhost:5558
2026-09-30 09:43:10  [Portfolio.PORT      ]  INFO      PORT CA-Feed: SUB ← tcp://localhost:5562
2026-09-30 09:43:10  [Portfolio.PORT      ]  INFO      PORT GOV-Feed: SUB ← tcp://localhost:5563
2026-09-30 09:43:10  [Portfolio.PORT      ]  INFO      PORT Publisher: inproc://port_result → PUB tcp://*:5564
2026-09-30 09:43:10  [Portfolio.PORT      ]  INFO      PORT Worker-0 started
2026-09-30 09:43:10  [Portfolio.PORT      ]  INFO      PORT Worker-1 started
2026-09-30 09:43:10  [Portfolio.PORT      ]  INFO      PORT Worker-2 started
2026-09-30 09:43:10  [Portfolio.PORT      ]  INFO      ══════════════════════════════════════════════════════════════
2026-09-30 09:43:10  [Portfolio.PORT      ]  INFO      PORT Worker-3 started
2026-09-30 09:43:10  [Portfolio.PORT      ]  INFO       Portfolio Engine — Layer 8  STARTED
2026-09-30 09:43:10  [Portfolio.PORT      ]  INFO        SUB(MarketState) ← tcp://localhost:5558
2026-09-30 09:43:10  [Portfolio.PORT      ]  INFO        SUB(Risk)        ← tcp://localhost:5561
2026-09-30 09:43:10  [Portfolio.PORT      ]  INFO        SUB(CA)          ← tcp://localhost:5562
2026-09-30 09:43:10  [Portfolio.PORT      ]  INFO        SUB(Governance)  ← tcp://localhost:5563
2026-09-30 09:43:10  [CAEngine.CA         ]  INFO      CA Scheduler fired: cycle=EOD
2026-09-30 09:43:10  [Portfolio.PORT      ]  INFO        PUB(portfolio)   → tcp://*:5564
2026-09-30 09:43:10  [Portfolio.PORT      ]  INFO        Workers          = 4 parallel Portfolio threads
2026-09-30 09:43:10  [Portfolio.PORT      ]  INFO        SQLite3          → C:\NewPrism\Backend\OutputDB/portfolio_output.db
2026-09-30 09:43:10  [Portfolio.PORT      ]  INFO        Logs             → C:\NewPrism\Backend\Logs/portfolio.log
2026-09-30 09:43:10  [Portfolio.PORT      ]  INFO        Engines: TPCE-INDEX · TPCE-FNO · TPCE-CASH · InvestingEngine
2026-09-30 09:43:10  [Portfolio.PORT      ]  INFO      ══════════════════════════════════════════════════════════════
✅  Portfolio Engine (Layer 8) started — PUB tcp://*:5564  workers=4
2026-09-30 09:43:10  [NewPrism            ]  INFO      ✅  Engine started: Portfolio
2026-09-30 09:43:10  [INIT.SOR            ]  INFO      SOR initialising | db=C:\NewPrism\Backend\OutputDB\sor_output.db
2026-09-30 09:43:10  [NewPrism.SOR        ]  ERROR     SOR engine start() raised: [Errno 2] No such file or directory: ''
Traceback (most recent call last):
  File "/home/frl/NewPrism/Backend/Engines/SOR/__init__.py", line 147, in start
    ok = mod.start(logs_dir=_LOG_DIR, db_path=_DB_PATH)
  File "/home/frl/NewPrism/Backend/Engines/SOR/SOR.py", line 1142, in start
    os.makedirs(os.path.dirname(db_path), exist_ok=True)
    ~~~~~~~~~~~^^^^^^^^^^^^^^^^^^^^^^^^^^^^^^^^^^^^^^^^^
  File "<frozen os>", line 236, in makedirs
FileNotFoundError: [Errno 2] No such file or directory: ''
2026-09-30 09:43:10  [NewPrism            ]  INFO      ✅  Engine started: SOR
2026-09-30 09:43:10  [NewPrism            ]  INFO      ✅  All engines online: AMA, SFE, MarketState, EV, Risk, CapitalAllocation, Portfolio, SOR
2026-09-30 09:43:10  [NewPrism            ]  INFO      🟢  NewPrism running — Ctrl-C to stop

2026-09-30 09:43:11  [NewPrism.MarketState]  INFO      Candles loaded: 15/20 non-empty
2026-09-30 09:43:11  [NewPrism.MarketState]  ERROR     [MES] runner error: No module named 'timeframes'
2026-09-30 09:43:11  [NewPrism.MarketState]  ERROR     [DPR] runner error: No module named 'timeframes'
2026-09-30 09:43:11  [NewPrism.MarketState]  ERROR     [TWR] runner error: No module named 'timeframes'
2026-09-30 09:43:11  [NewPrism.MarketState]  ERROR     [MRE] runner error: No module named 'timeframes'
2026-09-30 09:43:13  [NewPrism.MarketState]  INFO      Scan cycle complete — 9/13 modules OK | 4 symbols broadcast
2026-09-30 09:43:14  [LIVE                ]  INFO      📡 GDFL OC: subscribed/updated 329 product×expiry combos (depth=10)
📊 [09:43:18] src=GDFL  stocks=213/213 | indices=9/9 | futures=161/207 | options=220/617 | greeks=218/617  total_ticks=15,990
2026-09-30 09:43:19  [CAEngine.CA         ]  INFO      ✅ CA DB verification: ca_allocations=15  ca_pod_allocations=165 → C:\NewPrism\Backend\OutputDB/ca_output.db
2026-09-30 09:43:20  [L3.AMA              ]  INFO        📊 [STOCKS] 213 symbols | 852 ok | 0 err | 12882 ms
2026-09-30 09:43:22  [LIVE                ]  INFO      📡 GDFL OC: subscribed/updated 288 product×expiry combos (depth=10)
2026-09-30 09:43:22  [L3.AMA              ]  INFO      ✅ AMA DB verification: ama_results=36863 rows  ama_scan_log=225 rows  → C:\NewPrism\Backend\OutputDB/ama_output.db
2026-09-30 09:43:27  [L3.AMA              ]  INFO        📊 [FUTURES] 207 symbols | 745 ok | 83 err | 6588 ms
Exception in thread AMA-Scanner:
Traceback (most recent call last):
  File "/usr/lib/python3.14/threading.py", line 1082, in _bootstrap_inner
  File "/usr/lib/python3.14/threading.py", line 1024, in run
  File "/home/frl/NewPrism/Backend/Engines/AMA/AMA.py", line 2410, in _scanner_loop
  File "/home/frl/NewPrism/Backend/Engines/AMA/AMA.py", line 2290, in _write_scan_log
sqlite3.OperationalError: unable to open database file
2026-09-30 09:43:27  [NewPrism.MarketState]  ERROR     ❌ MarketState DB verification failed: unable to open database file  path=C:\NewPrism\Backend\OutputDB/marketstate_output.db
Exception in thread GRK-5:
Exception in thread GRK-1:
Traceback (most recent call last):
  File "/usr/lib/python3.14/threading.py", line 1082, in _bootstrap_inner
  File "/home/frl/NewPrism/Backend/LiveData/data_miner.py", line 1297, in run
  File "/home/frl/NewPrism/Backend/LiveData/data_miner.py", line 1363, in _maybe_flush
  File "/home/frl/NewPrism/Backend/LiveData/data_miner.py", line 961, in flush_greeks
Traceback (most recent call last):
  File "/usr/lib/python3.14/threading.py", line 1082, in _bootstrap_inner
  File "/home/frl/NewPrism/Backend/LiveData/data_miner.py", line 497, in get_conn
  File "/home/frl/NewPrism/Backend/LiveData/data_miner.py", line 1297, in run
  File "/home/frl/NewPrism/Backend/LiveData/data_miner.py", line 1363, in _maybe_flush
  File "/home/frl/NewPrism/Backend/LiveData/data_miner.py", line 961, in flush_greeks
  File "/home/frl/NewPrism/venv/lib/python3.14/site-packages/psycopg2/pool.py", line 169, in getconn
  File "/home/frl/NewPrism/venv/lib/python3.14/site-packages/psycopg2/pool.py", line 93, in _getconn
  File "/home/frl/NewPrism/Backend/LiveData/data_miner.py", line 497, in get_conn
  File "/home/frl/NewPrism/venv/lib/python3.14/site-packages/psycopg2/pool.py", line 169, in getconn
  File "/home/frl/NewPrism/venv/lib/python3.14/site-packages/psycopg2/pool.py", line 93, in _getconn
  File "/home/frl/NewPrism/venv/lib/python3.14/site-packages/psycopg2/pool.py", line 63, in _connect
  File "/home/frl/NewPrism/venv/lib/python3.14/site-packages/psycopg2/__init__.py", line 122, in connect
psycopg2.OperationalError: could not translate host name "localhost" to address: System error

  File "/home/frl/NewPrism/venv/lib/python3.14/site-packages/psycopg2/pool.py", line 63, in _connect
  File "/home/frl/NewPrism/venv/lib/python3.14/site-packages/psycopg2/__init__.py", line 122, in connect
psycopg2.OperationalError: could not translate host name "localhost" to address: System error

Exception in thread OHLC-FUT-2:
Traceback (most recent call last):
  File "/usr/lib/python3.14/threading.py", line 1082, in _bootstrap_inner
  File "/home/frl/NewPrism/Backend/LiveData/data_miner.py", line 1164, in run
  File "/home/frl/NewPrism/Backend/LiveData/data_miner.py", line 1207, in _maybe_flush
  File "/home/frl/NewPrism/Backend/LiveData/data_miner.py", line 841, in flush_ohlc
  File "/home/frl/NewPrism/Backend/LiveData/data_miner.py", line 497, in get_conn
  File "/home/frl/NewPrism/venv/lib/python3.14/site-packages/psycopg2/pool.py", line 169, in getconn
  File "/home/frl/NewPrism/venv/lib/python3.14/site-packages/psycopg2/pool.py", line 93, in _getconn
2026-09-30 09:44:02  [NewPrism            ]  INFO      ✅  data_miner_patch applied — 1m candle-close ZMQ signals active
  File "/home/frl/NewPrism/venv/lib/python3.14/site-packages/psycopg2/pool.py", line 63, in _connect
  File "/home/frl/NewPrism/venv/lib/python3.14/site-packages/psycopg2/__init__.py", line 122, in connect
psycopg2.OperationalError: could not translate host name "localhost" to address: System error

2026-09-30 09:44:02  [ZMQ.PUB]  INFO  Killed stale process 210935 on port 5555
Killed
2026-09-30 09:44:02  [ZMQ.PUB]  INFO  Publisher bound → tcp://*:5555
2026-09-30 09:44:02  [NewPrism            ]  INFO      ✅  L1 ZMQ publisher started → tcp://*:5555
════════════════════════════════════════════════════════════════════════════════
  🚀  NewPrism Backend — Multi-Layer Market Intelligence System
  PG         : localhost:5432/live
  Source     : auto-select
  L1 ZMQ PUB : tcp://*:5555  (tick feed → AMA)
  L2 ZMQ PUB : tcp://*:5556  (AMA signals → downstream)
  L2 Candle  : ✅ event-driven (1m close)
  Console    : disabled
  Layer 1    : ✅ LiveData                              (ZMQ :5555)
  Layer 2    : ✅ AMA  (ZMQ :5556)
  Layer 3    : ✅ SFE  (ZMQ :5557)
  Layer 4    : ✅ MarketState  (ZMQ :5558)
  Layer 5    : ✅ PODS  (ZMQ :5559)
  Layer 6    : ✅ EV Engine  (ZMQ :5560)
  Layer 7a   : ✅ Risk Engine  (ZMQ :5561)
  Layer 7b   : ✅ Capital Alloc.  (ZMQ :5562)
  Engines    : AMA, SFE, MarketState, PODS, EV, Risk, CapitalAllocation, Governance, Portfolio, SOR
════════════════════════════════════════════════════════════════════════════════
2026-09-30 09:44:02  [NewPrism            ]  INFO      📥  Bootstrapping instrument tokens …
2026-09-30 09:44:02  [LIVE                ]  INFO      ⬇️  Kite instrument master …
2026-09-30 09:44:04  [LIVE                ]  INFO        → Stocks:213 Indices:9 Futures:207 Options:34971 Products:215
2026-09-30 09:44:04  [LIVE                ]  INFO      🔧 AUTO source selection enabled
2026-09-30 09:44:04  [NewPrism            ]  INFO      🗄️   Connecting PostgreSQL @ localhost:5432/live …
2026-09-30 09:44:04  [LIVE                ]  INFO      ✅ PG pool [10–32] → localhost:5432/live
2026-09-30 09:44:04  [LIVE                ]  INFO      📊 Creating tables …
2026-09-30 09:44:06  [LIVE                ]  INFO      ✅ Tables ready
2026-09-30 09:44:06  [LIVE                ]  INFO      ✅ repair_ohlc_constraints: all MTF tables already have UNIQUE constraint
2026-09-30 09:44:06  [NewPrism            ]  INFO      ✅  PostgreSQL ready
2026-09-30 09:44:06  [NewPrism            ]  INFO      🔧  Starting worker threads …
2026-09-30 09:44:06  [LIVE                ]  INFO      ▶️  OHLC-STO-0
2026-09-30 09:44:06  [LIVE                ]  INFO      ▶️  OHLC-STO-2
2026-09-30 09:44:06  [LIVE                ]  INFO      ▶️  OHLC-STO-3
2026-09-30 09:44:06  [LIVE                ]  INFO      ▶️  OHLC-IND-0
2026-09-30 09:44:06  [LIVE                ]  INFO      ▶️  OHLC-STO-1
2026-09-30 09:44:06  [LIVE                ]  INFO      ▶️  OHLC-IND-1
2026-09-30 09:44:06  [LIVE                ]  INFO      ▶️  OHLC-FUT-0
2026-09-30 09:44:06  [LIVE                ]  INFO      ▶️  OHLC-FUT-1
2026-09-30 09:44:06  [LIVE                ]  INFO      ▶️  OHLC-FUT-2
2026-09-30 09:44:06  [LIVE                ]  INFO      ▶️  OHLC-FUT-3
2026-09-30 09:44:06  [LIVE                ]  INFO      ▶️  OPT-0
2026-09-30 09:44:06  [LIVE                ]  INFO      ▶️  OPT-1
2026-09-30 09:44:06  [LIVE                ]  INFO      ▶️  OPT-2
2026-09-30 09:44:06  [LIVE                ]  INFO      ▶️  OPT-3
2026-09-30 09:44:06  [LIVE                ]  INFO      ▶️  GRK-0
2026-09-30 09:44:06  [LIVE                ]  INFO      ▶️  GRK-1
2026-09-30 09:44:06  [LIVE                ]  INFO      ▶️  GRK-2
2026-09-30 09:44:06  [LIVE                ]  INFO      ▶️  GRK-3
2026-09-30 09:44:06  [LIVE                ]  INFO      ▶️  GRK-4
2026-09-30 09:44:06  [LIVE                ]  INFO      ▶️  GRK-5
2026-09-30 09:44:06  [NewPrism            ]  INFO      ✅  Workers  stocks=4  indices=2  futures=4  options=4  greeks=6
2026-09-30 09:44:06  [LIVE                ]  INFO      🔄 GDFL: connecting …
2026-09-30 09:44:06  [LIVE                ]  INFO      🟡 Kite engine on standby
2026-09-30 09:44:06  [NewPrism            ]  INFO      ✅  L1 source threads started
2026-09-30 09:44:06  [NewPrism            ]  INFO      ⚙️   Starting engines (Layers 2–7) …
2026-09-30 09:44:06  [websocket           ]  INFO      Websocket connected
2026-09-30 09:44:06  [LIVE                ]  INFO      🔌 GDFL connected — authenticating …
2026-09-30 09:44:07  [LIVE                ]  INFO      ✅ GDFL auth OK — subscribing 429 instruments
2026-09-30 09:44:08  [L3.AMA              ]  INFO      ════════════════════════════════════════════════════════════
2026-09-30 09:44:08  [L3.AMA              ]  INFO      ▶  AMA Layer-3 Engine — initialising
2026-09-30 09:44:08  [L3.AMA              ]  INFO      ════════════════════════════════════════════════════════════
2026-09-30 09:44:08  [L3.AMA              ]  INFO        ✅ SQLite ready → C:\NewPrism\Backend\OutputDB/ama_output.db
2026-09-30 09:44:08  [L3.AMA              ]  INFO        ✅ AMAEngine ready
2026-09-30 09:44:08  [L3.AMA              ]  INFO        ✅ AMA ZMQ PUB → tcp://*:5556
2026-09-30 09:44:08  [L3.AMA              ]  INFO        ✅ AMA TickWatcher → tcp://localhost:5555
2026-09-30 09:44:08  [L3.AMA              ]  INFO        ▶ AMA Scanner started
2026-09-30 09:44:08  [L3.AMA              ]  INFO      ════════════════════════════════════════════════════════════
2026-09-30 09:44:08  [L3.AMA              ]  INFO      ✅ AMA Layer-3 ready
2026-09-30 09:44:08  [L3.AMA              ]  INFO         ZMQ SUB  ← tcp://localhost:5555
2026-09-30 09:44:08  [L3.AMA              ]  INFO         ZMQ PUB  → tcp://*:5556
2026-09-30 09:44:08  [L3.AMA              ]  INFO         SQLite   → C:\NewPrism\Backend\OutputDB/ama_output.db
2026-09-30 09:44:08  [L3.AMA              ]  INFO         Schemas  : STOCKS, FUTURES, INDICES, GREEKS
2026-09-30 09:44:08  [L3.AMA              ]  INFO         TFs      : 1m, 5m, 15m, 1H, 1D, 1W
2026-09-30 09:44:08  [L3.AMA              ]  INFO         Interval : 60s
2026-09-30 09:44:08  [L3.AMA              ]  INFO      ════════════════════════════════════════════════════════════
2026-09-30 09:44:08  [NewPrism            ]  INFO      ✅  Engine started: AMA
2026-09-30 09:44:08  [NewPrism.SFE        ]  ERROR     Cannot start SFE engine: sfe_engine binary not found at 'C:\NewPrism\Backend\Engines\SFE\build\sfe_engine.exe'.
Build it first:
  cd /home/frl/NewPrism/Backend/Engines/SFE
  mkdir -p build && cd build
  cmake .. && make -j$(nproc)
Or set SFE_BINARY=/path/to/sfe_engine in your environment.
2026-09-30 09:44:08  [NewPrism            ]  INFO      ✅  Engine started: SFE
2026-09-30 09:44:08  [NewPrism.MarketState]  INFO      MarketState log → C:\NewPrism\Backend\Logs/marketstate_2026-09-30.log
2026-09-30 09:44:08  [NewPrism.MarketState]  INFO      MarketState SQLite DB ready → C:\NewPrism\Backend\OutputDB/marketstate_output.db
2026-09-30 09:44:08  [NewPrism.MarketState]  INFO      ZMQ SUB ← tcp://localhost:5557
2026-09-30 09:44:08  [NewPrism.MarketState]  INFO      ZMQ PUB → tcp://*:5558
2026-09-30 09:44:08  [NewPrism.MarketState]  INFO      ==============================================================
2026-09-30 09:44:08  [NewPrism.MarketState]  INFO        NewPrism MarketState Engine  v1.0
2026-09-30 09:44:08  [NewPrism.MarketState]  INFO        Layer 4 — Parallel Market Analysis (13 modules)
2026-09-30 09:44:08  [NewPrism.MarketState]  INFO        SUB(SFE)  ← tcp://localhost:5557
2026-09-30 09:44:08  [NewPrism.MarketState]  INFO        PUB(MS)   → tcp://*:5558
2026-09-30 09:44:08  [NewPrism.MarketState]  INFO        Log dir   : C:\NewPrism\Backend\Logs
2026-09-30 09:44:08  [NewPrism.MarketState]  INFO        Output DB : C:\NewPrism\Backend\OutputDB/marketstate_output.db
2026-09-30 09:44:08  [NewPrism.MarketState]  INFO        Tables    : STOCKS, FUTURES, GREEKS, INDICES
2026-09-30 09:44:08  [NewPrism.MarketState]  INFO        Timeframes: 1m, 5m, 15m, 1H, 1D
2026-09-30 09:44:08  [NewPrism.MarketState]  INFO        Modules   : DPR, EMIO, IPSE, LDPE, MCL, MES, MONEY, MRE, MSE, MomentumFactor, OI, TWR, VCE
2026-09-30 09:44:08  [NewPrism.MarketState]  INFO      ==============================================================
2026-09-30 09:44:08  [NewPrism.MarketState]  INFO      MarketState background loop started (interval=60s)
2026-09-30 09:44:08  [NewPrism.MarketState]  INFO      MarketState engine started (pid-thread=MarketState-main)
2026-09-30 09:44:08  [NewPrism            ]  INFO      ✅  Engine started: MarketState
2026-09-30 09:44:08  [NewPrism.PODS       ]  INFO      Starting PODS engine: /home/frl/NewPrism/Backend/Engines/PODS/build/pods_engine.exe
2026-09-30 09:44:08  [NewPrism            ]  ERROR     ❌  Engine PODS failed to start: [Errno 8] Exec format error: '/home/frl/NewPrism/Backend/Engines/PODS/build/pods_engine.exe'
2026-09-30 09:44:08  [L3.AMA              ]  INFO        ✅ PG pool ready → localhost:5432/live
2026-09-30 09:44:08  [NewPrism.EV         ]  INFO      Starting EV Engine (Layer 6) | logs=C:\NewPrism\Backend\Logs | db=C:\NewPrism\Backend\OutputDB/ev_output.db
2026-09-30 09:44:08  [MAIN.EV             ]  INFO      MS-Feed thread: SUB ← tcp://localhost:5558
2026-09-30 09:44:08  [ScenarioWorker.EV   ]  INFO      ScenarioWorker ready — SUB:5559 → inproc://ev_scenario + ev_result
2026-09-30 09:44:08  [ISEWorker.EV        ]  INFO      ISEWorker ready — inproc://ev_result → inproc://ev_ise
2026-09-30 09:44:08  [EntryWorker.EV      ]  INFO      EntryWorker ready — inproc://ev_ise → inproc://ev_entry
2026-09-30 09:44:08  [ALXWorker.EV        ]  INFO      ALXWorker ready — inproc://ev_entry → inproc://ev_alx
2026-09-30 09:44:08  [SizingWorker.EV     ]  INFO      SizingWorker ready — inproc://ev_alx → inproc://ev_sizing + PUB:5560
2026-09-30 09:44:08  [PyramidWorker.EV    ]  INFO      PyramidWorker ready — inproc://ev_sizing → inproc://ev_pyramid
2026-09-30 09:44:08  [ExitWorker.EV       ]  INFO      ExitWorker ready — SUB:5555 + inproc://ev_sizing → inproc://ev_exit
2026-09-30 09:44:08  [MAIN.EV             ]  INFO      ══════════════════════════════════════════════════════════════
2026-09-30 09:44:08  [MAIN.EV             ]  INFO       EV Engine — Layer 6  STARTED
2026-09-30 09:44:08  [MAIN.EV             ]  INFO        SUB(ticks)   ← tcp://localhost:5555
2026-09-30 09:44:08  [MAIN.EV             ]  INFO        SUB(MS)      ← tcp://localhost:5558
2026-09-30 09:44:08  [MAIN.EV             ]  INFO        SUB(PODS)    ← tcp://localhost:5559
2026-09-30 09:44:08  [MAIN.EV             ]  INFO        PUB(signals) → tcp://*:5560
2026-09-30 09:44:08  [MAIN.EV             ]  INFO        SQLite3      → C:\NewPrism\Backend\OutputDB/ev_output.db
2026-09-30 09:44:08  [MAIN.EV             ]  INFO        Logs         → C:\NewPrism\Backend\Logs/ev_<module>_<date>.log
2026-09-30 09:44:08  [MAIN.EV             ]  INFO        Modules: Scenario · EV · ISE · Entry · ALX · Sizing · Pyramid · Exit
2026-09-30 09:44:08  [MAIN.EV             ]  INFO      ══════════════════════════════════════════════════════════════
2026-09-30 09:44:08  [NewPrism.EV         ]  INFO      ✅  EV Engine (Layer 6) started — PUB tcp://*:5560
2026-09-30 09:44:08  [NewPrism            ]  INFO      ✅  Engine started: EV
2026-09-30 09:44:08  [RiskEngine.RISK     ]  INFO      Risk MS-Feed: SUB ← tcp://localhost:5558
2026-09-30 09:44:08  [RiskEngine.RISK     ]  INFO      Risk EV-Feed: SUB ← tcp://localhost:5560 → inproc://risk_trade_req
2026-09-30 09:44:08  [RiskEngine.RISK     ]  INFO      Risk Publisher: inproc://risk_decision → PUB tcp://*:5561
2026-09-30 09:44:08  [RiskEngine.RISK     ]  INFO      R16 periodic scanner: interval=60s
2026-09-30 09:44:08  [RiskEngine.RISK     ]  INFO      RiskWorker-0 started
2026-09-30 09:44:08  [RiskEngine.RISK     ]  INFO      RiskWorker-1 started
2026-09-30 09:44:08  [RiskEngine.RISK     ]  INFO      RiskWorker-2 started
2026-09-30 09:44:08  [RiskEngine.RISK     ]  INFO      RiskWorker-3 started
2026-09-30 09:44:08  [RiskEngine.RISK     ]  INFO      ══════════════════════════════════════════════════════════════
2026-09-30 09:44:08  [RiskEngine.RISK     ]  INFO       Risk Engine — Layer 7  STARTED
2026-09-30 09:44:08  [RiskEngine.RISK     ]  INFO        SUB(MarketState) ← tcp://localhost:5558
2026-09-30 09:44:08  [RiskEngine.RISK     ]  INFO        SUB(EV signals)  ← tcp://localhost:5560
2026-09-30 09:44:08  [RiskEngine.RISK     ]  INFO        PUB(decisions)   → tcp://*:5561
2026-09-30 09:44:08  [RiskEngine.RISK     ]  INFO        Workers          = 4 parallel Risk threads
2026-09-30 09:44:08  [RiskEngine.RISK     ]  INFO        SQLite3          → C:\NewPrism\Backend\OutputDB/risk_output.db
2026-09-30 09:44:08  [RiskEngine.RISK     ]  INFO        Logs             → C:\NewPrism\Backend\Logs/risk.log
2026-09-30 09:44:08  [RiskEngine.RISK     ]  INFO        R16 scan         every 60 s
2026-09-30 09:44:08  [RiskEngine.RISK     ]  INFO        Modules: R1·R2·R4·R6·R7·R8·R11·R12·R14·R15·R16
2026-09-30 09:44:08  [RiskEngine.RISK     ]  INFO      ══════════════════════════════════════════════════════════════
✅  Risk Engine (Layer 7) started — PUB tcp://*:5561  workers=4
2026-09-30 09:44:08  [NewPrism            ]  INFO      ✅  Engine started: Risk
2026-09-30 09:44:09  [CAEngine.CA         ]  INFO      CA MS-Feed: SUB ← tcp://localhost:5558
2026-09-30 09:44:09  [CAEngine.CA         ]  INFO      CA Risk-Feed: SUB ← tcp://localhost:5561
2026-09-30 09:44:09  [CAEngine.CA         ]  INFO      CA IntraDay worker started
2026-09-30 09:44:09  [CAEngine.CA         ]  INFO      CA EOD worker started (interval=3600s)
2026-09-30 09:44:09  [CAEngine.CA         ]  INFO      CA EOD Scheduler: firing every 3600s
2026-09-30 09:44:09  [CAEngine.CA         ]  INFO      CA Publisher: inproc://ca_result → PUB tcp://*:5562
2026-09-30 09:44:09  [NewPrism.MarketState]  INFO      MarketState scan cycle starting …
2026-09-30 09:44:09  [CAEngine.CA         ]  INFO      ══════════════════════════════════════════════════════════════
2026-09-30 09:44:09  [CAEngine.CA         ]  INFO      CA EOD pipeline starting: cycle=EOD
2026-09-30 09:44:09  [CAEngine.CA         ]  INFO       Capital Allocation Engine — Layer 7  STARTED
2026-09-30 09:44:09  [CAEngine.CA         ]  INFO        SUB(MarketState)  ← tcp://localhost:5558
2026-09-30 09:44:09  [CAEngine.CA         ]  INFO        SUB(Risk)         ← tcp://localhost:5561
2026-09-30 09:44:09  [CAEngine.CA         ]  INFO      PVC: σ_ann=146.107% > σ_target=45.000% → ScaleFactor=0.5000
2026-09-30 09:44:09  [CAEngine.CA         ]  INFO        PUB(allocations)  → tcp://*:5562
2026-09-30 09:44:09  [CAEngine.CA         ]  WARNING   EMERGENCY/PROTECT activated: ['VOL_SPIKE: σ_ann=134.25% > 1.5×σ_target=45.00%']
2026-09-30 09:44:09  [CAEngine.CA         ]  INFO        IntraDay throttle  = 30s
2026-09-30 09:44:09  [CAEngine.CA         ]  INFO        EOD interval       = 3600s
2026-09-30 09:44:09  [CAEngine.CA         ]  INFO        SQLite3            → C:\NewPrism\Backend\OutputDB/ca_output.db
2026-09-30 09:44:09  [CAEngine.CA         ]  INFO        Logs               → C:\NewPrism\Backend\Logs/ca.log
2026-09-30 09:44:10  [CAEngine.CA         ]  INFO        Pods tracked: P1, P2, P3, P4, P5, P6, P7, P8, P9, P10, P0
2026-09-30 09:44:10  [CAEngine.CA         ]  INFO        Pipeline: MCL→DDR→Waterfall→AUM→BaseW→Regime→DD→Beta→Corr→CRE→PVC→Clamp→Caps→RBA→Rebal→Audit
2026-09-30 09:44:10  [CAEngine.CA         ]  INFO      ══════════════════════════════════════════════════════════════
✅  Capital Allocation Engine (Layer 7) started — PUB tcp://*:5562  pods=11
2026-09-30 09:44:10  [NewPrism            ]  INFO      ✅  Engine started: CapitalAllocation
2026-09-30 09:44:10  [CAEngine.CA         ]  INFO      CA EOD [EOD]: dd=NORMAL g=1.000 deployable=7750000 | emg=True mstress=False | beta_sf=N/A pvc_sf=0.5000
2026-09-30 09:44:10  [CAEngine.CA         ]  WARNING   CA EMERGENCY ACTIVE: ['VOL_SPIKE: σ_ann=134.25% > 1.5×σ_target=45.00%']
2026-09-30 09:44:10  [CAEngine.CA         ]  WARNING   CA BREACHES: ['EMERGENCY:VOL_SPIKE: σ_ann=134.25% > 1.5×σ_target=45.00%']
2026-09-30 09:44:10  [LIVE                ]  INFO      ✅ GDFL: 429 subscriptions sent (stocks=213, indices=9, futures=207)
2026-09-30 09:44:10  [NewPrism            ]  ERROR     ❌  Engine Governance failed to start: Non-UTF-8 code starting with '\x97' on line 1351, but no encoding declared; see https://peps.python.org/pep-0263/ for details (TGS.py, line 1351)
2026-09-30 09:44:10  [LIVE                ]  INFO      📡 GDFL OC subscription loop started — initial pass in 3s
📊 [09:44:10] src=GDFL  stocks=1/213 | indices=0/9 | futures=0/207 | options=0/617 | greeks=0/617  total_ticks=1
2026-09-30 09:44:10  [Portfolio.PORT      ]  INFO      PORT MS-Feed: SUB ← tcp://localhost:5558
2026-09-30 09:44:10  [Portfolio.PORT      ]  INFO      PORT CA-Feed: SUB ← tcp://localhost:5562
2026-09-30 09:44:10  [Portfolio.PORT      ]  INFO      PORT GOV-Feed: SUB ← tcp://localhost:5563
2026-09-30 09:44:10  [Portfolio.PORT      ]  INFO      PORT Publisher: inproc://port_result → PUB tcp://*:5564
2026-09-30 09:44:11  [Portfolio.PORT      ]  INFO      PORT Worker-0 started
2026-09-30 09:44:11  [Portfolio.PORT      ]  INFO      PORT Worker-1 started
2026-09-30 09:44:11  [Portfolio.PORT      ]  INFO      ══════════════════════════════════════════════════════════════
2026-09-30 09:44:11  [Portfolio.PORT      ]  INFO      PORT Worker-2 started
2026-09-30 09:44:11  [Portfolio.PORT      ]  INFO       Portfolio Engine — Layer 8  STARTED
2026-09-30 09:44:11  [Portfolio.PORT      ]  INFO      PORT Worker-3 started
2026-09-30 09:44:11  [Portfolio.PORT      ]  INFO        SUB(MarketState) ← tcp://localhost:5558
2026-09-30 09:44:11  [Portfolio.PORT      ]  INFO        SUB(Risk)        ← tcp://localhost:5561
2026-09-30 09:44:11  [CAEngine.CA         ]  INFO      CA Scheduler fired: cycle=EOD
2026-09-30 09:44:11  [Portfolio.PORT      ]  INFO        SUB(CA)          ← tcp://localhost:5562
2026-09-30 09:44:11  [Portfolio.PORT      ]  INFO        SUB(Governance)  ← tcp://localhost:5563
2026-09-30 09:44:11  [Portfolio.PORT      ]  INFO        PUB(portfolio)   → tcp://*:5564
2026-09-30 09:44:11  [Portfolio.PORT      ]  INFO        Workers          = 4 parallel Portfolio threads
2026-09-30 09:44:11  [Portfolio.PORT      ]  INFO        SQLite3          → C:\NewPrism\Backend\OutputDB/portfolio_output.db
2026-09-30 09:44:11  [Portfolio.PORT      ]  INFO        Logs             → C:\NewPrism\Backend\Logs/portfolio.log
2026-09-30 09:44:11  [Portfolio.PORT      ]  INFO        Engines: TPCE-INDEX · TPCE-FNO · TPCE-CASH · InvestingEngine
2026-09-30 09:44:11  [Portfolio.PORT      ]  INFO      ══════════════════════════════════════════════════════════════
✅  Portfolio Engine (Layer 8) started — PUB tcp://*:5564  workers=4
2026-09-30 09:44:11  [NewPrism            ]  INFO      ✅  Engine started: Portfolio
2026-09-30 09:44:11  [INIT.SOR            ]  INFO      SOR initialising | db=C:\NewPrism\Backend\OutputDB\sor_output.db
2026-09-30 09:44:11  [NewPrism.SOR        ]  ERROR     SOR engine start() raised: [Errno 2] No such file or directory: ''
Traceback (most recent call last):
  File "/home/frl/NewPrism/Backend/Engines/SOR/__init__.py", line 147, in start
    ok = mod.start(logs_dir=_LOG_DIR, db_path=_DB_PATH)
  File "/home/frl/NewPrism/Backend/Engines/SOR/SOR.py", line 1142, in start
    os.makedirs(os.path.dirname(db_path), exist_ok=True)
    ~~~~~~~~~~~^^^^^^^^^^^^^^^^^^^^^^^^^^^^^^^^^^^^^^^^^
  File "<frozen os>", line 236, in makedirs
FileNotFoundError: [Errno 2] No such file or directory: ''
2026-09-30 09:44:11  [NewPrism            ]  INFO      ✅  Engine started: SOR
2026-09-30 09:44:11  [NewPrism            ]  INFO      ✅  All engines online: AMA, SFE, MarketState, EV, Risk, CapitalAllocation, Portfolio, SOR
2026-09-30 09:44:11  [NewPrism            ]  INFO      🟢  NewPrism running — Ctrl-C to stop

2026-09-30 09:44:13  [LIVE                ]  INFO      📡 GDFL OC: subscribed/updated 97 product×expiry combos (depth=10)
2026-09-30 09:44:13  [NewPrism.MarketState]  INFO      Candles loaded: 15/20 non-empty
2026-09-30 09:44:13  [NewPrism.MarketState]  ERROR     [MES] runner error: No module named 'timeframes'
2026-09-30 09:44:13  [NewPrism.MarketState]  ERROR     [DPR] runner error: No module named 'timeframes'
2026-09-30 09:44:13  [NewPrism.MarketState]  ERROR     [MRE] runner error: No module named 'timeframes'
2026-09-30 09:44:13  [NewPrism.MarketState]  ERROR     [TWR] runner error: No module named 'timeframes'
2026-09-30 09:44:18  [NewPrism.MarketState]  INFO      Scan cycle complete — 9/13 modules OK | 4 symbols broadcast
2026-09-30 09:44:20  [CAEngine.CA         ]  INFO      ✅ CA DB verification: ca_allocations=16  ca_pod_allocations=176 → C:\NewPrism\Backend\OutputDB/ca_output.db
2026-09-30 09:44:20  [LIVE                ]  INFO      📡 GDFL OC: subscribed/updated 520 product×expiry combos (depth=10)
📊 [09:44:20] src=GDFL  stocks=213/213 | indices=9/9 | futures=148/207 | options=87/617 | greeks=85/617  total_ticks=6,594
2026-09-30 09:44:23  [L3.AMA              ]  INFO      ✅ AMA DB verification: ama_results=38132 rows  ama_scan_log=225 rows  → C:\NewPrism\Backend\OutputDB/ama_output.db
2026-09-30 09:44:24  [L3.AMA              ]  INFO        📊 [STOCKS] 213 symbols | 852 ok | 0 err | 15949 ms
2026-09-30 09:44:28  [NewPrism.MarketState]  INFO      ✅ MarketState DB verification: ms_output=21774 rows → C:\NewPrism\Backend\OutputDB/marketstate_output.db
Exception in thread GRK-0:
Traceback (most recent call last):
  File "/usr/lib/python3.14/threading.py", line 1082, in _bootstrap_inner
  File "/home/frl/NewPrism/Backend/LiveData/data_miner.py", line 1297, in run
  File "/home/frl/NewPrism/Backend/LiveData/data_miner.py", line 1364, in _maybe_flush
  File "/home/frl/NewPrism/Backend/LiveData/data_miner.py", line 961, in flush_greeks
Exception in thread OPT-1:
  File "/home/frl/NewPrism/Backend/LiveData/data_miner.py", line 497, in get_conn
  File "/home/frl/NewPrism/venv/lib/python3.14/site-packages/psycopg2/pool.py", line 169, in getconn
  File "/home/frl/NewPrism/venv/lib/python3.14/site-packages/psycopg2/pool.py", line 93, in _getconn
  File "/home/frl/NewPrism/venv/lib/python3.14/site-packages/psycopg2/pool.py", line 63, in _connect
Traceback (most recent call last):
  File "/home/frl/NewPrism/venv/lib/python3.14/site-packages/psycopg2/__init__.py", line 122, in connect
psycopg2.OperationalError: could not translate host name "localhost" to address: System error

  File "/usr/lib/python3.14/threading.py", line 1082, in _bootstrap_inner
  File "/home/frl/NewPrism/Backend/LiveData/data_miner.py", line 1262, in run
  File "/home/frl/NewPrism/Backend/LiveData/data_miner.py", line 1279, in _maybe_flush
  File "/home/frl/NewPrism/Backend/LiveData/data_miner.py", line 928, in flush_options
  File "/home/frl/NewPrism/Backend/LiveData/data_miner.py", line 497, in get_conn
  File "/home/frl/NewPrism/venv/lib/python3.14/site-packages/psycopg2/pool.py", line 169, in getconn
  File "/home/frl/NewPrism/venv/lib/python3.14/site-packages/psycopg2/pool.py", line 93, in _getconn
  File "/home/frl/NewPrism/venv/lib/python3.14/site-packages/psycopg2/pool.py", line 63, in _connect
  File "/home/frl/NewPrism/venv/lib/python3.14/site-packages/psycopg2/__init__.py", line 122, in connect
psycopg2.OperationalError: could not translate host name "localhost" to address: System error

📊 [09:44:30] src=GDFL  stocks=213/213 | indices=9/9 | futures=185/207 | options=157/617 | greeks=151/617  total_ticks=14,238
2026-09-30 09:44:32  [L3.AMA              ]  INFO        📊 [FUTURES] 207 symbols | 737 ok | 91 err | 8192 ms
Exception in thread AMA-Scanner:
Traceback (most recent call last):
  File "/usr/lib/python3.14/threading.py", line 1082, in _bootstrap_inner
  File "/usr/lib/python3.14/threading.py", line 1024, in run
  File "/home/frl/NewPrism/Backend/Engines/AMA/AMA.py", line 2410, in _scanner_loop
  File "/home/frl/NewPrism/Backend/Engines/AMA/AMA.py", line 2290, in _write_scan_log
sqlite3.OperationalError: unable to open database file
Exception in thread OHLC-FUT-1:
Traceback (most recent call last):
Exception in thread OHLC-STO-1:
  File "/usr/lib/python3.14/threading.py", line 1082, in _bootstrap_inner
  File "/home/frl/NewPrism/Backend/LiveData/data_miner.py", line 1164, in run
  File "/home/frl/NewPrism/Backend/LiveData/data_miner.py", line 1207, in _maybe_flush
  File "/home/frl/NewPrism/Backend/LiveData/data_miner.py", line 841, in flush_ohlc
  File "/home/frl/NewPrism/Backend/LiveData/data_miner.py", line 497, in get_conn
  File "/home/frl/NewPrism/venv/lib/python3.14/site-packages/psycopg2/pool.py", line 169, in getconn
  File "/home/frl/NewPrism/venv/lib/python3.14/site-packages/psycopg2/pool.py", line 93, in _getconn
  File "/home/frl/NewPrism/venv/lib/python3.14/site-packages/psycopg2/pool.py", line 63, in _connect
  File "/home/frl/NewPrism/venv/lib/python3.14/site-packages/psycopg2/__init__.py", line 122, in connect
psycopg2.OperationalError: could not translate host name "localhost" to address: System error

Traceback (most recent call last):
  File "/usr/lib/python3.14/threading.py", line 1082, in _bootstrap_inner
  File "/home/frl/NewPrism/Backend/LiveData/data_miner.py", line 1164, in run
  File "/home/frl/NewPrism/Backend/LiveData/data_miner.py", line 1207, in _maybe_flush
  File "/home/frl/NewPrism/Backend/LiveData/data_miner.py", line 841, in flush_ohlc
  File "/home/frl/NewPrism/Backend/LiveData/data_miner.py", line 497, in get_conn
  File "/home/frl/NewPrism/venv/lib/python3.14/site-packages/psycopg2/pool.py", line 169, in getconn
  File "/home/frl/NewPrism/venv/lib/python3.14/site-packages/psycopg2/pool.py", line 93, in _getconn
  File "/home/frl/NewPrism/venv/lib/python3.14/site-packages/psycopg2/pool.py", line 63, in _connect
  File "/home/frl/NewPrism/venv/lib/python3.14/site-packages/psycopg2/__init__.py", line 122, in connect
psycopg2.OperationalError: could not translate host name "localhost" to address: System error

Exception in thread OHLC-IND-0:
Traceback (most recent call last):
  File "/usr/lib/python3.14/threading.py", line 1082, in _bootstrap_inner
  File "/home/frl/NewPrism/Backend/LiveData/data_miner.py", line 1164, in run
  File "/home/frl/NewPrism/Backend/LiveData/data_miner.py", line 1207, in _maybe_flush
  File "/home/frl/NewPrism/Backend/LiveData/data_miner.py", line 841, in flush_ohlc
  File "/home/frl/NewPrism/Backend/LiveData/data_miner.py", line 497, in get_conn
  File "/home/frl/NewPrism/venv/lib/python3.14/site-packages/psycopg2/pool.py", line 169, in getconn
  File "/home/frl/NewPrism/venv/lib/python3.14/site-packages/psycopg2/pool.py", line 93, in _getconn
  File "/home/frl/NewPrism/venv/lib/python3.14/site-packages/psycopg2/pool.py", line 63, in _connect
  File "/home/frl/NewPrism/venv/lib/python3.14/site-packages/psycopg2/__init__.py", line 122, in connect
psycopg2.OperationalError: could not translate host name "localhost" to address: System error

Exception in thread OHLC-STO-0:
Traceback (most recent call last):
  File "/usr/lib/python3.14/threading.py", line 1082, in _bootstrap_inner
  File "/home/frl/NewPrism/Backend/LiveData/data_miner.py", line 1164, in run
  File "/home/frl/NewPrism/Backend/LiveData/data_miner.py", line 1207, in _maybe_flush
  File "/home/frl/NewPrism/Backend/LiveData/data_miner.py", line 841, in flush_ohlc
  File "/home/frl/NewPrism/Backend/LiveData/data_miner.py", line 497, in get_conn
  File "/home/frl/NewPrism/venv/lib/python3.14/site-packages/psycopg2/pool.py", line 169, in getconn
  File "/home/frl/NewPrism/venv/lib/python3.14/site-packages/psycopg2/pool.py", line 93, in _getconn
  File "/home/frl/NewPrism/venv/lib/python3.14/site-packages/psycopg2/pool.py", line 63, in _connect
  File "/home/frl/NewPrism/venv/lib/python3.14/site-packages/psycopg2/__init__.py", line 122, in connect
psycopg2.OperationalError: could not translate host name "localhost" to address: System error

Exception in thread OPT-0:
Traceback (most recent call last):
  File "/usr/lib/python3.14/threading.py", line 1082, in _bootstrap_inner
  File "/home/frl/NewPrism/Backend/LiveData/data_miner.py", line 1262, in run
  File "/home/frl/NewPrism/Backend/LiveData/data_miner.py", line 1279, in _maybe_flush
  File "/home/frl/NewPrism/Backend/LiveData/data_miner.py", line 928, in flush_options
  File "/home/frl/NewPrism/Backend/LiveData/data_miner.py", line 497, in get_conn
  File "/home/frl/NewPrism/venv/lib/python3.14/site-packages/psycopg2/pool.py", line 169, in getconn
  File "/home/frl/NewPrism/venv/lib/python3.14/site-packages/psycopg2/pool.py", line 93, in _getconn
  File "/home/frl/NewPrism/venv/lib/python3.14/site-packages/psycopg2/pool.py", line 63, in _connect
  File "/home/frl/NewPrism/venv/lib/python3.14/site-packages/psycopg2/__init__.py", line 122, in connect
psycopg2.OperationalError: could not translate host name "localhost" to address: System error

Exception in thread OHLC-FUT-3:
Traceback (most recent call last):
  File "/usr/lib/python3.14/threading.py", line 1082, in _bootstrap_inner
  File "/home/frl/NewPrism/Backend/LiveData/data_miner.py", line 1164, in run
  File "/home/frl/NewPrism/Backend/LiveData/data_miner.py", line 1207, in _maybe_flush
  File "/home/frl/NewPrism/Backend/LiveData/data_miner.py", line 841, in flush_ohlc
  File "/home/frl/NewPrism/Backend/LiveData/data_miner.py", line 497, in get_conn
  File "/home/frl/NewPrism/venv/lib/python3.14/site-packages/psycopg2/pool.py", line 169, in getconn
  File "/home/frl/NewPrism/venv/lib/python3.14/site-packages/psycopg2/pool.py", line 93, in _getconn
  File "/home/frl/NewPrism/venv/lib/python3.14/site-packages/psycopg2/pool.py", line 63, in _connect
  File "/home/frl/NewPrism/venv/lib/python3.14/site-packages/psycopg2/__init__.py", line 122, in connect
psycopg2.OperationalError: could not translate host name "localhost" to address: System error

Exception in thread OHLC-IND-1:
Traceback (most recent call last):
  File "/usr/lib/python3.14/threading.py", line 1082, in _bootstrap_inner
  File "/home/frl/NewPrism/Backend/LiveData/data_miner.py", line 1164, in run
  File "/home/frl/NewPrism/Backend/LiveData/data_miner.py", line 1207, in _maybe_flush
  File "/home/frl/NewPrism/Backend/LiveData/data_miner.py", line 841, in flush_ohlc
  File "/home/frl/NewPrism/Backend/LiveData/data_miner.py", line 497, in get_conn
  File "/home/frl/NewPrism/venv/lib/python3.14/site-packages/psycopg2/pool.py", line 169, in getconn
  File "/home/frl/NewPrism/venv/lib/python3.14/site-packages/psycopg2/pool.py", line 93, in _getconn
  File "/home/frl/NewPrism/venv/lib/python3.14/site-packages/psycopg2/pool.py", line 63, in _connect
  File "/home/frl/NewPrism/venv/lib/python3.14/site-packages/psycopg2/__init__.py", line 122, in connect
psycopg2.OperationalError: could not translate host name "localhost" to address: System error

Exception in thread OPT-2:
Traceback (most recent call last):
  File "/usr/lib/python3.14/threading.py", line 1082, in _bootstrap_inner
  File "/home/frl/NewPrism/Backend/LiveData/data_miner.py", line 1262, in run
  File "/home/frl/NewPrism/Backend/LiveData/data_miner.py", line 1279, in _maybe_flush
  File "/home/frl/NewPrism/Backend/LiveData/data_miner.py", line 928, in flush_options
  File "/home/frl/NewPrism/Backend/LiveData/data_miner.py", line 497, in get_conn
  File "/home/frl/NewPrism/venv/lib/python3.14/site-packages/psycopg2/pool.py", line 169, in getconn
  File "/home/frl/NewPrism/venv/lib/python3.14/site-packages/psycopg2/pool.py", line 93, in _getconn
  File "/home/frl/NewPrism/venv/lib/python3.14/site-packages/psycopg2/pool.py", line 63, in _connect
  File "/home/frl/NewPrism/venv/lib/python3.14/site-packages/psycopg2/__init__.py", line 122, in connect
psycopg2.OperationalError: could not translate host name "localhost" to address: System error

📊 [09:44:36] src=GDFL  stocks=213/213 | indices=9/9 | futures=187/207 | options=341/617 | greeks=305/617  total_ticks=30,663
📊 [09:44:41] src=GDFL  stocks=213/213 | indices=9/9 | futures=204/207 | options=341/617 | greeks=305/617  total_ticks=31,673
📊 [09:44:51] src=GDFL  stocks=213/213 | indices=9/9 | futures=205/207 | options=343/617 | greeks=307/617  total_ticks=49,310
📊 [09:45:01] src=GDFL  stocks=213/213 | indices=9/9 | futures=207/207 | options=345/617 | greeks=309/617  total_ticks=56,855
📊 [09:45:06] src=GDFL  stocks=213/213 | indices=9/9 | futures=207/207 | options=347/617 | greeks=311/617  total_ticks=65,351
2026-09-30 09:45:08  [RiskEngine.RISK     ]  INFO      R16 scan: state=Normal CAR=0.00% max_add_beta=4.000
📊 [09:45:11] src=GDFL  stocks=213/213 | indices=9/9 | futures=207/207 | options=347/617 | greeks=311/617  total_ticks=65,867
2026-09-30 09:45:15  [LIVE                ]  INFO      📡 GDFL OC: subscribed/updated 58 product×expiry combos (depth=10)
2026-09-30 09:45:19  [NewPrism.MarketState]  INFO      MarketState scan cycle starting …
2026-09-30 09:45:19  [NewPrism.MarketState]  WARNING   Candle load error [STOCKS/1m]: could not translate host name "localhost" to address: System error

2026-09-30 09:45:19  [NewPrism.MarketState]  WARNING   Candle load error [STOCKS/15m]: could not translate host name "localhost" to address: System error

2026-09-30 09:45:19  [NewPrism.MarketState]  WARNING   Candle load error [STOCKS/1H]: could not translate host name "localhost" to address: System error

2026-09-30 09:45:19  [NewPrism.MarketState]  WARNING   Candle load error [STOCKS/1D]: could not translate host name "localhost" to address: System error

2026-09-30 09:45:19  [NewPrism.MarketState]  WARNING   Candle load error [STOCKS/5m]: could not translate host name "localhost" to address: System error

2026-09-30 09:45:19  [NewPrism.MarketState]  WARNING   Candle load error [FUTURES/1m]: could not translate host name "localhost" to address: System error

2026-09-30 09:45:19  [NewPrism.MarketState]  WARNING   Candle load error [FUTURES/1D]: could not translate host name "localhost" to address: System error

2026-09-30 09:45:19  [NewPrism.MarketState]  WARNING   Candle load error [FUTURES/15m]: could not translate host name "localhost" to address: System error

2026-09-30 09:45:19  [NewPrism.MarketState]  WARNING   Candle load error [FUTURES/1H]: could not translate host name "localhost" to address: System error

2026-09-30 09:45:19  [NewPrism.MarketState]  WARNING   Candle load error [GREEKS/5m]: could not translate host name "localhost" to address: System error

2026-09-30 09:45:19  [NewPrism.MarketState]  WARNING   Candle load error [GREEKS/1m]: could not translate host name "localhost" to address: System error

2026-09-30 09:45:19  [NewPrism.MarketState]  WARNING   Candle load error [GREEKS/1D]: could not translate host name "localhost" to address: System error

2026-09-30 09:45:19  [NewPrism.MarketState]  WARNING   Candle load error [GREEKS/1H]: could not translate host name "localhost" to address: System error

2026-09-30 09:45:19  [NewPrism.MarketState]  WARNING   Candle load error [INDICES/1m]: could not translate host name "localhost" to address: System error

2026-09-30 09:45:19  [NewPrism.MarketState]  WARNING   Candle load error [INDICES/15m]: could not translate host name "localhost" to address: System error

2026-09-30 09:45:19  [NewPrism.MarketState]  WARNING   Candle load error [FUTURES/5m]: could not translate host name "localhost" to address: System error

2026-09-30 09:45:19  [NewPrism.MarketState]  WARNING   Candle load error [INDICES/1H]: could not translate host name "localhost" to address: System error

2026-09-30 09:45:19  [NewPrism.MarketState]  WARNING   Candle load error [INDICES/5m]: could not translate host name "localhost" to address: System error

2026-09-30 09:45:19  [NewPrism.MarketState]  WARNING   Candle load error [GREEKS/15m]: could not translate host name "localhost" to address: System error

2026-09-30 09:45:19  [NewPrism.MarketState]  WARNING   Candle load error [INDICES/1D]: could not translate host name "localhost" to address: System error

2026-09-30 09:45:19  [NewPrism.MarketState]  INFO      Candles loaded: 0/20 non-empty
2026-09-30 09:45:19  [NewPrism.MarketState]  ERROR     [EMIO] DB write error: unable to open database file
2026-09-30 09:45:19  [NewPrism.MarketState]  ERROR     [DPR] runner error: [Errno 24] Too many open files: '/home/frl/NewPrism/Backend/Engines/MarketState/DPR.py'
2026-09-30 09:45:19  [NewPrism.MarketState]  ERROR     [IPSE] DB write error: unable to open database file
2026-09-30 09:45:19  [NewPrism.MarketState]  ERROR     [LDPE] DB write error: unable to open database file
2026-09-30 09:45:19  [NewPrism.MarketState]  ERROR     [MES] runner error: [Errno 24] Too many open files: '/home/frl/NewPrism/Backend/Engines/MarketState/MES.py'
2026-09-30 09:45:19  [NewPrism.MarketState]  ERROR     [MONEY] DB write error: unable to open database file
2026-09-30 09:45:19  [NewPrism.MarketState]  ERROR     [MRE] runner error: [Errno 24] Too many open files: '/home/frl/NewPrism/Backend/Engines/MarketState/MRE.py'
2026-09-30 09:45:19  [NewPrism.MarketState]  ERROR     [OI] DB write error: unable to open database file
2026-09-30 09:45:19  [NewPrism.MarketState]  ERROR     [VCE] DB write error: unable to open database file
2026-09-30 09:45:19  [NewPrism.MarketState]  ERROR     [TWR] runner error: [Errno 24] Too many open files: '/home/frl/NewPrism/Backend/Engines/MarketState/TWR.py'
2026-09-30 09:45:19  [NewPrism.MarketState]  INFO      Scan cycle complete — 9/13 modules OK | 4 symbols broadcast
2026-09-30 09:45:20  [LIVE                ]  INFO      📡 GDFL OC: subscribed/updated 66 product×expiry combos (depth=10)
2026-09-30 09:45:21  [LIVE                ]  INFO      📡 GDFL OC: subscribed/updated 6 product×expiry combos (depth=10)
📊 [09:45:21] src=GDFL  stocks=213/213 | indices=9/9 | futures=207/207 | options=347/617 | greeks=311/617  total_ticks=71,624
2026-09-30 09:45:23  [RiskEngine.RISK     ]  ERROR     ❌ Risk DB verification failed: unable to open database file  path=C:\NewPrism\Backend\OutputDB/risk_output.db
2026-09-30 09:45:29  [LIVE                ]  INFO      📡 GDFL OC: subscribed/updated 3 product×expiry combos (depth=10)
📊 [09:45:31] src=GDFL  stocks=213/213 | indices=9/9 | futures=207/207 | options=347/617 | greeks=311/617  total_ticks=75,107
📊 [09:45:36] src=GDFL  stocks=213/213 | indices=9/9 | futures=207/207 | options=347/617 | greeks=311/617  total_ticks=77,852
2026-09-30 09:45:40  [LIVE                ]  INFO      📡 GDFL OC: subscribed/updated 6 product×expiry combos (depth=10)
📊 [09:45:41] src=GDFL  stocks=213/213 | indices=9/9 | futures=207/207 | options=347/617 | greeks=311/617  total_ticks=78,229
2026-09-30 09:45:45  [LIVE                ]  INFO      📡 GDFL OC: subscribed/updated 3 product×expiry combos (depth=10)
2026-09-30 09:45:50  [LIVE                ]  INFO      📡 GDFL OC: subscribed/updated 3 product×expiry combos (depth=10)
📊 [09:45:51] src=GDFL  stocks=213/213 | indices=9/9 | futures=207/207 | options=349/617 | greeks=313/617  total_ticks=84,071
2026-09-30 09:46:00  [LIVE                ]  INFO      📡 GDFL OC: subscribed/updated 12 product×expiry combos (depth=10)
📊 [09:46:01] src=GDFL  stocks=213/213 | indices=9/9 | futures=207/207 | options=349/617 | greeks=313/617  total_ticks=86,922
2026-09-30 09:46:05  [LIVE                ]  INFO      📡 GDFL OC: subscribed/updated 12 product×expiry combos (depth=10)
📊 [09:46:06] src=GDFL  stocks=213/213 | indices=9/9 | futures=207/207 | options=349/617 | greeks=313/617  total_ticks=90,359
2026-09-30 09:46:08  [RiskEngine.RISK     ]  INFO      R16 scan: state=Normal CAR=0.00% max_add_beta=4.000
2026-09-30 09:46:10  [LIVE                ]  INFO      📡 GDFL OC: subscribed/updated 3 product×expiry combos (depth=10)
📊 [09:46:11] src=GDFL  stocks=213/213 | indices=9/9 | futures=207/207 | options=349/617 | greeks=313/617  total_ticks=90,751
2026-09-30 09:46:16  [LIVE                ]  INFO      📡 GDFL OC: subscribed/updated 13 product×expiry combos (depth=10)
2026-09-30 09:46:21  [NewPrism.MarketState]  INFO      MarketState scan cycle starting …
2026-09-30 09:46:21  [NewPrism.MarketState]  WARNING   Candle load error [STOCKS/1m]: could not translate host name "localhost" to address: System error

2026-09-30 09:46:21  [NewPrism.MarketState]  WARNING   Candle load error [STOCKS/5m]: could not translate host name "localhost" to address: System error

2026-09-30 09:46:21  [NewPrism.MarketState]  WARNING   Candle load error [STOCKS/1D]: could not translate host name "localhost" to address: System error

2026-09-30 09:46:21  [NewPrism.MarketState]  WARNING   Candle load error [FUTURES/1m]: could not translate host name "localhost" to address: System error

2026-09-30 09:46:21  [NewPrism.MarketState]  WARNING   Candle load error [FUTURES/1H]: could not translate host name "localhost" to address: System error

2026-09-30 09:46:21  [NewPrism.MarketState]  WARNING   Candle load error [STOCKS/1H]: could not translate host name "localhost" to address: System error

2026-09-30 09:46:21  [NewPrism.MarketState]  WARNING   Candle load error [STOCKS/15m]: could not translate host name "localhost" to address: System error

2026-09-30 09:46:21  [NewPrism.MarketState]  WARNING   Candle load error [FUTURES/5m]: could not translate host name "localhost" to address: System error

2026-09-30 09:46:21  [NewPrism.MarketState]  WARNING   Candle load error [FUTURES/1D]: could not translate host name "localhost" to address: System error

2026-09-30 09:46:21  [NewPrism.MarketState]  WARNING   Candle load error [FUTURES/15m]: could not translate host name "localhost" to address: System error

2026-09-30 09:46:21  [NewPrism.MarketState]  WARNING   Candle load error [GREEKS/1m]: could not translate host name "localhost" to address: System error

2026-09-30 09:46:21  [NewPrism.MarketState]  WARNING   Candle load error [GREEKS/15m]: could not translate host name "localhost" to address: System error

2026-09-30 09:46:21  [NewPrism.MarketState]  WARNING   Candle load error [GREEKS/1H]: could not translate host name "localhost" to address: System error

2026-09-30 09:46:21  [NewPrism.MarketState]  WARNING   Candle load error [GREEKS/5m]: could not translate host name "localhost" to address: System error

2026-09-30 09:46:21  [NewPrism.MarketState]  WARNING   Candle load error [INDICES/1m]: could not translate host name "localhost" to address: System error

2026-09-30 09:46:21  [NewPrism.MarketState]  WARNING   Candle load error [GREEKS/1D]: could not translate host name "localhost" to address: System error

2026-09-30 09:46:21  [NewPrism.MarketState]  WARNING   Candle load error [INDICES/5m]: could not translate host name "localhost" to address: System error

2026-09-30 09:46:21  [NewPrism.MarketState]  WARNING   Candle load error [INDICES/15m]: could not translate host name "localhost" to address: System error

2026-09-30 09:46:21  [NewPrism.MarketState]  WARNING   Candle load error [INDICES/1H]: could not translate host name "localhost" to address: System error

2026-09-30 09:46:21  [NewPrism.MarketState]  WARNING   Candle load error [INDICES/1D]: could not translate host name "localhost" to address: System error

2026-09-30 09:46:21  [NewPrism.MarketState]  INFO      Candles loaded: 0/20 non-empty
2026-09-30 09:46:21  [NewPrism.MarketState]  ERROR     [DPR] runner error: [Errno 24] Too many open files: '/home/frl/NewPrism/Backend/Engines/MarketState/DPR.py'
2026-09-30 09:46:21  [NewPrism.MarketState]  ERROR     [EMIO] DB write error: unable to open database file
2026-09-30 09:46:21  [LIVE                ]  INFO      📡 GDFL OC: subscribed/updated 6 product×expiry combos (depth=10)
2026-09-30 09:46:21  [NewPrism.MarketState]  ERROR     [IPSE] DB write error: unable to open database file
2026-09-30 09:46:21  [NewPrism.MarketState]  ERROR     [MES] runner error: [Errno 24] Too many open files: '/home/frl/NewPrism/Backend/Engines/MarketState/MES.py'
2026-09-30 09:46:21  [NewPrism.MarketState]  ERROR     [MONEY] DB write error: unable to open database file
2026-09-30 09:46:21  [NewPrism.MarketState]  ERROR     [TWR] runner error: [Errno 24] Too many open files: '/home/frl/NewPrism/Backend/Engines/MarketState/TWR.py'
2026-09-30 09:46:21  [NewPrism.MarketState]  ERROR     [LDPE] DB write error: unable to open database file
2026-09-30 09:46:21  [NewPrism.MarketState]  ERROR     [MRE] runner error: [Errno 24] Too many open files: '/home/frl/NewPrism/Backend/Engines/MarketState/MRE.py'
2026-09-30 09:46:21  [NewPrism.MarketState]  ERROR     [OI] DB write error: unable to open database file
2026-09-30 09:46:21  [NewPrism.MarketState]  ERROR     [VCE] DB write error: unable to open database file
2026-09-30 09:46:21  [NewPrism.MarketState]  INFO      Scan cycle complete — 9/13 modules OK | 4 symbols broadcast
📊 [09:46:21] src=GDFL  stocks=213/213 | indices=9/9 | futures=207/207 | options=351/617 | greeks=315/617  total_ticks=96,782
2026-09-30 09:46:26  [LIVE                ]  INFO      📡 GDFL OC: subscribed/updated 6 product×expiry combos (depth=10)
📊 [09:46:31] src=GDFL  stocks=213/213 | indices=9/9 | futures=207/207 | options=352/617 | greeks=316/617  total_ticks=100,729
2026-09-30 09:46:36  [LIVE                ]  INFO      📡 GDFL OC: subscribed/updated 12 product×expiry combos (depth=10)
📊 [09:46:36] src=GDFL  stocks=213/213 | indices=9/9 | futures=207/207 | options=354/617 | greeks=318/617  total_ticks=103,667
2026-09-30 09:46:41  [LIVE                ]  INFO      📡 GDFL OC: subscribed/updated 12 product×expiry combos (depth=10)
📊 [09:46:41] src=GDFL  stocks=213/213 | indices=9/9 | futures=207/207 | options=354/617 | greeks=318/617  total_ticks=104,025
2026-09-30 09:46:46  [LIVE                ]  INFO      📡 GDFL OC: subscribed/updated 3 product×expiry combos (depth=10)
2026-09-30 09:46:51  [LIVE                ]  INFO      📡 GDFL OC: subscribed/updated 3 product×expiry combos (depth=10)
📊 [09:46:51] src=GDFL  stocks=213/213 | indices=9/9 | futures=207/207 | options=354/617 | greeks=318/617  total_ticks=110,596
2026-09-30 09:46:57  [LIVE                ]  INFO      📡 GDFL OC: subscribed/updated 3 product×expiry combos (depth=10)
📊 [09:47:01] src=GDFL  stocks=213/213 | indices=9/9 | futures=207/207 | options=354/617 | greeks=318/617  total_ticks=115,413
2026-09-30 09:47:02  [LIVE                ]  INFO      📡 GDFL OC: subscribed/updated 9 product×expiry combos (depth=10)
📊 [09:47:06] src=GDFL  stocks=213/213 | indices=9/9 | futures=207/207 | options=354/617 | greeks=318/617  total_ticks=117,490
2026-09-30 09:47:07  [LIVE                ]  INFO      📡 GDFL OC: subscribed/updated 3 product×expiry combos (depth=10)
2026-09-30 09:47:08  [RiskEngine.RISK     ]  INFO      R16 scan: state=Normal CAR=0.00% max_add_beta=4.000
📊 [09:47:11] src=GDFL  stocks=213/213 | indices=9/9 | futures=207/207 | options=354/617 | greeks=318/617  total_ticks=117,834
2026-09-30 09:47:12  [LIVE                ]  INFO      📡 GDFL OC: subscribed/updated 9 product×expiry combos (depth=10)
2026-09-30 09:47:17  [LIVE                ]  INFO      📡 GDFL OC: subscribed/updated 3 product×expiry combos (depth=10)
2026-09-30 09:47:21  [LIVE                ]  INFO      📡 GDFL OC: subscribed/updated 6 product×expiry combos (depth=10)
📊 [09:47:21] src=GDFL  stocks=213/213 | indices=9/9 | futures=207/207 | options=354/617 | greeks=318/617  total_ticks=124,244
2026-09-30 09:47:22  [NewPrism.MarketState]  INFO      MarketState scan cycle starting …
2026-09-30 09:47:22  [NewPrism.MarketState]  WARNING   Candle load error [STOCKS/1m]: could not translate host name "localhost" to address: System error

2026-09-30 09:47:22  [NewPrism.MarketState]  WARNING   Candle load error [STOCKS/5m]: could not translate host name "localhost" to address: System error

2026-09-30 09:47:22  [NewPrism.MarketState]  WARNING   Candle load error [STOCKS/15m]: could not translate host name "localhost" to address: System error

2026-09-30 09:47:22  [NewPrism.MarketState]  WARNING   Candle load error [FUTURES/15m]: could not translate host name "localhost" to address: System error

2026-09-30 09:47:22  [NewPrism.MarketState]  WARNING   Candle load error [STOCKS/1H]: could not translate host name "localhost" to address: System error

2026-09-30 09:47:22  [NewPrism.MarketState]  WARNING   Candle load error [FUTURES/5m]: could not translate host name "localhost" to address: System error

2026-09-30 09:47:22  [NewPrism.MarketState]  WARNING   Candle load error [FUTURES/1m]: could not translate host name "localhost" to address: System error

2026-09-30 09:47:22  [NewPrism.MarketState]  WARNING   Candle load error [STOCKS/1D]: could not translate host name "localhost" to address: System error

2026-09-30 09:47:22  [NewPrism.MarketState]  WARNING   Candle load error [FUTURES/1H]: could not translate host name "localhost" to address: System error

2026-09-30 09:47:22  [NewPrism.MarketState]  WARNING   Candle load error [GREEKS/1m]: could not translate host name "localhost" to address: System error

2026-09-30 09:47:22  [NewPrism.MarketState]  WARNING   Candle load error [FUTURES/1D]: could not translate host name "localhost" to address: System error

2026-09-30 09:47:22  [NewPrism.MarketState]  WARNING   Candle load error [GREEKS/5m]: could not translate host name "localhost" to address: System error

2026-09-30 09:47:22  [NewPrism.MarketState]  WARNING   Candle load error [GREEKS/15m]: could not translate host name "localhost" to address: System error

2026-09-30 09:47:22  [NewPrism.MarketState]  WARNING   Candle load error [GREEKS/1H]: could not translate host name "localhost" to address: System error

2026-09-30 09:47:22  [NewPrism.MarketState]  WARNING   Candle load error [INDICES/1m]: could not translate host name "localhost" to address: System error

2026-09-30 09:47:22  [NewPrism.MarketState]  WARNING   Candle load error [INDICES/5m]: could not translate host name "localhost" to address: System error

2026-09-30 09:47:22  [NewPrism.MarketState]  WARNING   Candle load error [GREEKS/1D]: could not translate host name "localhost" to address: System error

2026-09-30 09:47:22  [NewPrism.MarketState]  WARNING   Candle load error [INDICES/1H]: could not translate host name "localhost" to address: System error

2026-09-30 09:47:22  [NewPrism.MarketState]  WARNING   Candle load error [INDICES/15m]: could not translate host name "localhost" to address: System error

2026-09-30 09:47:22  [NewPrism.MarketState]  WARNING   Candle load error [INDICES/1D]: could not translate host name "localhost" to address: System error

2026-09-30 09:47:22  [NewPrism.MarketState]  INFO      Candles loaded: 0/20 non-empty
2026-09-30 09:47:22  [NewPrism.MarketState]  ERROR     [EMIO] DB write error: unable to open database file
2026-09-30 09:47:22  [NewPrism.MarketState]  ERROR     [DPR] runner error: [Errno 24] Too many open files: '/home/frl/NewPrism/Backend/Engines/MarketState/DPR.py'
2026-09-30 09:47:22  [NewPrism.MarketState]  ERROR     [IPSE] DB write error: unable to open database file
2026-09-30 09:47:22  [NewPrism.MarketState]  ERROR     [LDPE] DB write error: unable to open database file
2026-09-30 09:47:22  [NewPrism.MarketState]  ERROR     [MRE] runner error: [Errno 24] Too many open files: '/home/frl/NewPrism/Backend/Engines/MarketState/MRE.py'
2026-09-30 09:47:22  [NewPrism.MarketState]  ERROR     [MES] runner error: [Errno 24] Too many open files: '/home/frl/NewPrism/Backend/Engines/MarketState/MES.py'
2026-09-30 09:47:22  [NewPrism.MarketState]  ERROR     [MONEY] DB write error: unable to open database file
2026-09-30 09:47:22  [NewPrism.MarketState]  ERROR     [OI] DB write error: unable to open database file
2026-09-30 09:47:22  [NewPrism.MarketState]  ERROR     [TWR] runner error: [Errno 24] Too many open files: '/home/frl/NewPrism/Backend/Engines/MarketState/TWR.py'
2026-09-30 09:47:22  [NewPrism.MarketState]  ERROR     [VCE] DB write error: unable to open database file
2026-09-30 09:47:22  [NewPrism.MarketState]  INFO      Scan cycle complete — 9/13 modules OK | 4 symbols broadcast
2026-09-30 09:47:28  [LIVE                ]  INFO      📡 GDFL OC: subscribed/updated 6 product×expiry combos (depth=10)
📊 [09:47:31] src=GDFL  stocks=213/213 | indices=9/9 | futures=207/207 | options=354/617 | greeks=318/617  total_ticks=129,557
📊 [09:47:36] src=GDFL  stocks=213/213 | indices=9/9 | futures=207/207 | options=354/617 | greeks=318/617  total_ticks=130,841
2026-09-30 09:47:38  [LIVE                ]  INFO      📡 GDFL OC: subscribed/updated 3 product×expiry combos (depth=10)
📊 [09:47:42] src=GDFL  stocks=213/213 | indices=9/9 | futures=207/207 | options=354/617 | greeks=318/617  total_ticks=131,173
2026-09-30 09:47:43  [LIVE                ]  INFO      📡 GDFL OC: subscribed/updated 12 product×expiry combos (depth=10)
2026-09-30 09:47:48  [LIVE                ]  INFO      📡 GDFL OC: subscribed/updated 12 product×expiry combos (depth=10)
2026-09-30 09:47:51  [LIVE                ]  INFO      📡 GDFL OC: subscribed/updated 15 product×expiry combos (depth=10)
📊 [09:47:52] src=GDFL  stocks=213/213 | indices=9/9 | futures=207/207 | options=354/617 | greeks=318/617  total_ticks=137,455
2026-09-30 09:47:58  [LIVE                ]  INFO      📡 GDFL OC: subscribed/updated 6 product×expiry combos (depth=10)
📊 [09:48:02] src=GDFL  stocks=213/213 | indices=9/9 | futures=207/207 | options=354/617 | greeks=318/617  total_ticks=143,175
2026-09-30 09:48:03  [LIVE                ]  INFO      📡 GDFL OC: subscribed/updated 3 product×expiry combos (depth=10)
📊 [09:48:06] src=GDFL  stocks=213/213 | indices=9/9 | futures=207/207 | options=354/617 | greeks=318/617  total_ticks=143,987
2026-09-30 09:48:08  [LIVE                ]  INFO      📡 GDFL OC: subscribed/updated 6 product×expiry combos (depth=10)
2026-09-30 09:48:08  [RiskEngine.RISK     ]  INFO      R16 scan: state=Normal CAR=0.00% max_add_beta=4.000
📊 [09:48:12] src=GDFL  stocks=213/213 | indices=9/9 | futures=207/207 | options=354/617 | greeks=318/617  total_ticks=144,352
2026-09-30 09:48:19  [LIVE                ]  INFO      📡 GDFL OC: subscribed/updated 6 product×expiry combos (depth=10)
📊 [09:48:22] src=GDFL  stocks=213/213 | indices=9/9 | futures=207/207 | options=354/617 | greeks=318/617  total_ticks=150,709
2026-09-30 09:48:23  [NewPrism.MarketState]  INFO      MarketState scan cycle starting …
2026-09-30 09:48:23  [NewPrism.MarketState]  WARNING   Candle load error [STOCKS/1m]: could not translate host name "localhost" to address: System error

2026-09-30 09:48:23  [NewPrism.MarketState]  WARNING   Candle load error [STOCKS/5m]: could not translate host name "localhost" to address: System error

2026-09-30 09:48:23  [NewPrism.MarketState]  WARNING   Candle load error [STOCKS/1H]: could not translate host name "localhost" to address: System error

2026-09-30 09:48:23  [NewPrism.MarketState]  WARNING   Candle load error [STOCKS/1D]: could not translate host name "localhost" to address: System error

2026-09-30 09:48:23  [NewPrism.MarketState]  WARNING   Candle load error [STOCKS/15m]: could not translate host name "localhost" to address: System error

2026-09-30 09:48:23  [NewPrism.MarketState]  WARNING   Candle load error [FUTURES/1m]: could not translate host name "localhost" to address: System error

2026-09-30 09:48:23  [NewPrism.MarketState]  WARNING   Candle load error [FUTURES/1H]: could not translate host name "localhost" to address: System error

2026-09-30 09:48:23  [NewPrism.MarketState]  WARNING   Candle load error [FUTURES/15m]: could not translate host name "localhost" to address: System error

2026-09-30 09:48:23  [NewPrism.MarketState]  WARNING   Candle load error [FUTURES/1D]: could not translate host name "localhost" to address: System error

2026-09-30 09:48:23  [NewPrism.MarketState]  WARNING   Candle load error [GREEKS/15m]: could not translate host name "localhost" to address: System error

2026-09-30 09:48:23  [NewPrism.MarketState]  WARNING   Candle load error [GREEKS/1H]: could not translate host name "localhost" to address: System error

2026-09-30 09:48:23  [NewPrism.MarketState]  WARNING   Candle load error [GREEKS/1m]: could not translate host name "localhost" to address: System error

2026-09-30 09:48:23  [NewPrism.MarketState]  WARNING   Candle load error [GREEKS/1D]: could not translate host name "localhost" to address: System error

2026-09-30 09:48:23  [NewPrism.MarketState]  WARNING   Candle load error [FUTURES/5m]: could not translate host name "localhost" to address: System error

2026-09-30 09:48:23  [NewPrism.MarketState]  WARNING   Candle load error [GREEKS/5m]: could not translate host name "localhost" to address: System error

2026-09-30 09:48:23  [NewPrism.MarketState]  WARNING   Candle load error [INDICES/15m]: could not translate host name "localhost" to address: System error

2026-09-30 09:48:23  [NewPrism.MarketState]  WARNING   Candle load error [INDICES/1D]: could not translate host name "localhost" to address: System error

2026-09-30 09:48:23  [NewPrism.MarketState]  WARNING   Candle load error [INDICES/1H]: could not translate host name "localhost" to address: System error

2026-09-30 09:48:23  [NewPrism.MarketState]  WARNING   Candle load error [INDICES/5m]: could not translate host name "localhost" to address: System error

2026-09-30 09:48:23  [NewPrism.MarketState]  WARNING   Candle load error [INDICES/1m]: could not translate host name "localhost" to address: System error

2026-09-30 09:48:23  [NewPrism.MarketState]  INFO      Candles loaded: 0/20 non-empty
2026-09-30 09:48:23  [NewPrism.MarketState]  ERROR     [DPR] runner error: [Errno 24] Too many open files: '/home/frl/NewPrism/Backend/Engines/MarketState/DPR.py'
2026-09-30 09:48:23  [NewPrism.MarketState]  ERROR     [EMIO] DB write error: unable to open database file
2026-09-30 09:48:23  [NewPrism.MarketState]  ERROR     [IPSE] DB write error: unable to open database file
2026-09-30 09:48:23  [NewPrism.MarketState]  ERROR     [LDPE] DB write error: unable to open database file
2026-09-30 09:48:23  [NewPrism.MarketState]  ERROR     [MONEY] DB write error: unable to open database file
2026-09-30 09:48:23  [NewPrism.MarketState]  ERROR     [MES] runner error: [Errno 24] Too many open files: '/home/frl/NewPrism/Backend/Engines/MarketState/MES.py'
2026-09-30 09:48:23  [NewPrism.MarketState]  ERROR     [VCE] DB write error: unable to open database file
2026-09-30 09:48:23  [NewPrism.MarketState]  ERROR     [OI] DB write error: unable to open database file
2026-09-30 09:48:23  [NewPrism.MarketState]  ERROR     [MRE] runner error: [Errno 24] Too many open files: '/home/frl/NewPrism/Backend/Engines/MarketState/MRE.py'
2026-09-30 09:48:23  [NewPrism.MarketState]  ERROR     [TWR] runner error: [Errno 24] Too many open files: '/home/frl/NewPrism/Backend/Engines/MarketState/TWR.py'
2026-09-30 09:48:23  [NewPrism.MarketState]  INFO      Scan cycle complete — 9/13 modules OK | 4 symbols broadcast
2026-09-30 09:48:29  [LIVE                ]  INFO      📡 GDFL OC: subscribed/updated 3 product×expiry combos (depth=10)
📊 [09:48:32] src=GDFL  stocks=213/213 | indices=9/9 | futures=207/207 | options=354/617 | greeks=318/617  total_ticks=156,630
2026-09-30 09:48:34  [LIVE                ]  INFO      📡 GDFL OC: subscribed/updated 6 product×expiry combos (depth=10)
📊 [09:48:36] src=GDFL  stocks=213/213 | indices=9/9 | futures=207/207 | options=354/617 | greeks=318/617  total_ticks=157,498
📊 [09:48:42] src=GDFL  stocks=213/213 | indices=9/9 | futures=207/207 | options=354/617 | greeks=318/617  total_ticks=157,913
2026-09-30 09:48:44  [LIVE                ]  INFO      📡 GDFL OC: subscribed/updated 12 product×expiry combos (depth=10)
2026-09-30 09:48:49  [LIVE                ]  INFO      📡 GDFL OC: subscribed/updated 12 product×expiry combos (depth=10)
📊 [09:48:52] src=GDFL  stocks=213/213 | indices=9/9 | futures=207/207 | options=354/617 | greeks=318/617  total_ticks=164,379
2026-09-30 09:48:59  [LIVE                ]  INFO      📡 GDFL OC: subscribed/updated 6 product×expiry combos (depth=10)
📊 [09:49:02] src=GDFL  stocks=213/213 | indices=9/9 | futures=207/207 | options=354/617 | greeks=318/617  total_ticks=170,783
2026-09-30 09:49:04  [LIVE                ]  INFO      📡 GDFL OC: subscribed/updated 1 product×expiry combos (depth=10)
📊 [09:49:06] src=GDFL  stocks=213/213 | indices=9/9 | futures=207/207 | options=354/617 | greeks=318/617  total_ticks=171,185
2026-09-30 09:49:08  [RiskEngine.RISK     ]  INFO      R16 scan: state=Normal CAR=0.00% max_add_beta=4.000
2026-09-30 09:49:09  [LIVE                ]  INFO      📡 GDFL OC: subscribed/updated 6 product×expiry combos (depth=10)
📊 [09:49:12] src=GDFL  stocks=213/213 | indices=9/9 | futures=207/207 | options=354/617 | greeks=318/617  total_ticks=171,599
2026-09-30 09:49:20  [LIVE                ]  INFO      📡 GDFL OC: subscribed/updated 3 product×expiry combos (depth=10)
2026-09-30 09:49:21  [LIVE                ]  INFO      📡 GDFL OC: subscribed/updated 3 product×expiry combos (depth=10)
📊 [09:49:22] src=GDFL  stocks=213/213 | indices=9/9 | futures=207/207 | options=354/617 | greeks=318/617  total_ticks=177,898
2026-09-30 09:49:24  [NewPrism.MarketState]  INFO      MarketState scan cycle starting …
2026-09-30 09:49:24  [NewPrism.MarketState]  WARNING   Candle load error [STOCKS/1m]: could not translate host name "localhost" to address: System error

2026-09-30 09:49:24  [NewPrism.MarketState]  WARNING   Candle load error [STOCKS/5m]: could not translate host name "localhost" to address: System error

2026-09-30 09:49:24  [NewPrism.MarketState]  WARNING   Candle load error [STOCKS/15m]: could not translate host name "localhost" to address: System error

2026-09-30 09:49:24  [NewPrism.MarketState]  WARNING   Candle load error [STOCKS/1H]: could not translate host name "localhost" to address: System error

2026-09-30 09:49:24  [NewPrism.MarketState]  WARNING   Candle load error [STOCKS/1D]: could not translate host name "localhost" to address: System error

2026-09-30 09:49:24  [NewPrism.MarketState]  WARNING   Candle load error [FUTURES/5m]: could not translate host name "localhost" to address: System error

2026-09-30 09:49:24  [NewPrism.MarketState]  WARNING   Candle load error [FUTURES/1D]: could not translate host name "localhost" to address: System error

2026-09-30 09:49:24  [NewPrism.MarketState]  WARNING   Candle load error [FUTURES/1H]: could not translate host name "localhost" to address: System error

2026-09-30 09:49:24  [NewPrism.MarketState]  WARNING   Candle load error [FUTURES/15m]: could not translate host name "localhost" to address: System error

2026-09-30 09:49:24  [NewPrism.MarketState]  WARNING   Candle load error [GREEKS/1m]: could not translate host name "localhost" to address: System error

2026-09-30 09:49:24  [NewPrism.MarketState]  WARNING   Candle load error [GREEKS/15m]: could not translate host name "localhost" to address: System error

2026-09-30 09:49:24  [NewPrism.MarketState]  WARNING   Candle load error [GREEKS/5m]: could not translate host name "localhost" to address: System error

2026-09-30 09:49:24  [NewPrism.MarketState]  WARNING   Candle load error [GREEKS/1D]: could not translate host name "localhost" to address: System error

2026-09-30 09:49:24  [NewPrism.MarketState]  WARNING   Candle load error [INDICES/1m]: could not translate host name "localhost" to address: System error

2026-09-30 09:49:24  [NewPrism.MarketState]  WARNING   Candle load error [INDICES/1D]: could not translate host name "localhost" to address: System error

2026-09-30 09:49:24  [NewPrism.MarketState]  WARNING   Candle load error [GREEKS/1H]: could not translate host name "localhost" to address: System error

2026-09-30 09:49:24  [NewPrism.MarketState]  WARNING   Candle load error [FUTURES/1m]: could not translate host name "localhost" to address: System error

2026-09-30 09:49:24  [NewPrism.MarketState]  WARNING   Candle load error [INDICES/1H]: could not translate host name "localhost" to address: System error

2026-09-30 09:49:24  [NewPrism.MarketState]  WARNING   Candle load error [INDICES/15m]: could not translate host name "localhost" to address: System error

2026-09-30 09:49:24  [NewPrism.MarketState]  WARNING   Candle load error [INDICES/5m]: could not translate host name "localhost" to address: System error

2026-09-30 09:49:24  [NewPrism.MarketState]  INFO      Candles loaded: 0/20 non-empty
2026-09-30 09:49:24  [NewPrism.MarketState]  ERROR     [EMIO] DB write error: unable to open database file
2026-09-30 09:49:24  [NewPrism.MarketState]  ERROR     [LDPE] DB write error: unable to open database file
2026-09-30 09:49:24  [NewPrism.MarketState]  ERROR     [MONEY] DB write error: unable to open database file
2026-09-30 09:49:24  [NewPrism.MarketState]  ERROR     [IPSE] DB write error: unable to open database file
2026-09-30 09:49:24  [NewPrism.MarketState]  ERROR     [OI] DB write error: unable to open database file
2026-09-30 09:49:24  [NewPrism.MarketState]  ERROR     [MRE] runner error: [Errno 24] Too many open files: '/home/frl/NewPrism/Backend/Engines/MarketState/MRE.py'
2026-09-30 09:49:24  [NewPrism.MarketState]  ERROR     [VCE] DB write error: unable to open database file
2026-09-30 09:49:24  [NewPrism.MarketState]  ERROR     [DPR] runner error: [Errno 24] Too many open files: '/home/frl/NewPrism/Backend/Engines/MarketState/DPR.py'
2026-09-30 09:49:24  [NewPrism.MarketState]  ERROR     [TWR] runner error: [Errno 24] Too many open files: '/home/frl/NewPrism/Backend/Engines/MarketState/TWR.py'
2026-09-30 09:49:24  [NewPrism.MarketState]  ERROR     [MES] runner error: [Errno 24] Too many open files: '/home/frl/NewPrism/Backend/Engines/MarketState/MES.py'
2026-09-30 09:49:24  [NewPrism.MarketState]  INFO      Scan cycle complete — 9/13 modules OK | 4 symbols broadcast
2026-09-30 09:49:30  [LIVE                ]  INFO      📡 GDFL OC: subscribed/updated 3 product×expiry combos (depth=10)
📊 [09:49:32] src=GDFL  stocks=213/213 | indices=9/9 | futures=207/207 | options=354/617 | greeks=318/617  total_ticks=183,404
📊 [09:49:36] src=GDFL  stocks=213/213 | indices=9/9 | futures=207/207 | options=354/617 | greeks=318/617  total_ticks=184,248
2026-09-30 09:49:40  [LIVE                ]  INFO      📡 GDFL OC: subscribed/updated 3 product×expiry combos (depth=10)
📊 [09:49:42] src=GDFL  stocks=213/213 | indices=9/9 | futures=207/207 | options=354/617 | greeks=318/617  total_ticks=184,710
2026-09-30 09:49:45  [LIVE                ]  INFO      📡 GDFL OC: subscribed/updated 12 product×expiry combos (depth=10)
2026-09-30 09:49:50  [LIVE                ]  INFO      📡 GDFL OC: subscribed/updated 9 product×expiry combos (depth=10)
📊 [09:49:52] src=GDFL  stocks=213/213 | indices=9/9 | futures=207/207 | options=354/617 | greeks=318/617  total_ticks=190,720
2026-09-30 09:49:55  [LIVE                ]  INFO      📡 GDFL OC: subscribed/updated 3 product×expiry combos (depth=10)
2026-09-30 09:50:02  [LIVE                ]  INFO      📡 GDFL OC: subscribed/updated 9 product×expiry combos (depth=10)
📊 [09:50:02] src=GDFL  stocks=213/213 | indices=9/9 | futures=207/207 | options=354/617 | greeks=318/617  total_ticks=196,628
📊 [09:50:06] src=GDFL  stocks=213/213 | indices=9/9 | futures=207/207 | options=354/617 | greeks=318/617  total_ticks=196,894
2026-09-30 09:50:07  [LIVE                ]  INFO      📡 GDFL OC: subscribed/updated 6 product×expiry combos (depth=10)
2026-09-30 09:50:08  [RiskEngine.RISK     ]  INFO      R16 scan: state=Normal CAR=0.00% max_add_beta=4.000
2026-09-30 09:50:12  [LIVE                ]  INFO      📡 GDFL OC: subscribed/updated 12 product×expiry combos (depth=10)
📊 [09:50:12] src=GDFL  stocks=213/213 | indices=9/9 | futures=207/207 | options=354/617 | greeks=318/617  total_ticks=197,373
2026-09-30 09:50:21  [LIVE                ]  INFO      📡 GDFL OC: subscribed/updated 3 product×expiry combos (depth=10)
📊 [09:50:22] src=GDFL  stocks=213/213 | indices=9/9 | futures=207/207 | options=354/617 | greeks=318/617  total_ticks=203,250
2026-09-30 09:50:25  [NewPrism.MarketState]  INFO      MarketState scan cycle starting …
2026-09-30 09:50:25  [NewPrism.MarketState]  WARNING   Candle load error [STOCKS/1m]: could not translate host name "localhost" to address: System error

2026-09-30 09:50:25  [NewPrism.MarketState]  WARNING   Candle load error [STOCKS/5m]: could not translate host name "localhost" to address: System error

2026-09-30 09:50:25  [NewPrism.MarketState]  WARNING   Candle load error [STOCKS/15m]: could not translate host name "localhost" to address: System error

2026-09-30 09:50:25  [NewPrism.MarketState]  WARNING   Candle load error [STOCKS/1H]: could not translate host name "localhost" to address: System error

2026-09-30 09:50:25  [NewPrism.MarketState]  WARNING   Candle load error [FUTURES/1m]: could not translate host name "localhost" to address: System error

2026-09-30 09:50:25  [NewPrism.MarketState]  WARNING   Candle load error [STOCKS/1D]: could not translate host name "localhost" to address: System error

2026-09-30 09:50:25  [NewPrism.MarketState]  WARNING   Candle load error [FUTURES/15m]: could not translate host name "localhost" to address: System error

2026-09-30 09:50:25  [NewPrism.MarketState]  WARNING   Candle load error [FUTURES/1H]: could not translate host name "localhost" to address: System error

2026-09-30 09:50:25  [NewPrism.MarketState]  WARNING   Candle load error [FUTURES/1D]: could not translate host name "localhost" to address: System error

2026-09-30 09:50:25  [NewPrism.MarketState]  WARNING   Candle load error [FUTURES/5m]: could not translate host name "localhost" to address: System error

2026-09-30 09:50:25  [NewPrism.MarketState]  WARNING   Candle load error [GREEKS/1m]: could not translate host name "localhost" to address: System error

2026-09-30 09:50:25  [NewPrism.MarketState]  WARNING   Candle load error [GREEKS/1H]: could not translate host name "localhost" to address: System error

2026-09-30 09:50:25  [NewPrism.MarketState]  WARNING   Candle load error [GREEKS/15m]: could not translate host name "localhost" to address: System error

2026-09-30 09:50:25  [NewPrism.MarketState]  WARNING   Candle load error [GREEKS/5m]: could not translate host name "localhost" to address: System error

2026-09-30 09:50:25  [NewPrism.MarketState]  WARNING   Candle load error [INDICES/15m]: could not translate host name "localhost" to address: System error

2026-09-30 09:50:25  [NewPrism.MarketState]  WARNING   Candle load error [GREEKS/1D]: could not translate host name "localhost" to address: System error

2026-09-30 09:50:25  [NewPrism.MarketState]  WARNING   Candle load error [INDICES/1m]: could not translate host name "localhost" to address: System error

2026-09-30 09:50:25  [NewPrism.MarketState]  WARNING   Candle load error [INDICES/5m]: could not translate host name "localhost" to address: System error

2026-09-30 09:50:25  [NewPrism.MarketState]  WARNING   Candle load error [INDICES/1D]: could not translate host name "localhost" to address: System error

2026-09-30 09:50:25  [NewPrism.MarketState]  WARNING   Candle load error [INDICES/1H]: could not translate host name "localhost" to address: System error

2026-09-30 09:50:25  [NewPrism.MarketState]  INFO      Candles loaded: 0/20 non-empty
2026-09-30 09:50:25  [NewPrism.MarketState]  ERROR     [EMIO] DB write error: unable to open database file
2026-09-30 09:50:25  [NewPrism.MarketState]  ERROR     [DPR] runner error: [Errno 24] Too many open files: '/home/frl/NewPrism/Backend/Engines/MarketState/DPR.py'
2026-09-30 09:50:25  [NewPrism.MarketState]  ERROR     [IPSE] DB write error: unable to open database file
2026-09-30 09:50:25  [NewPrism.MarketState]  ERROR     [LDPE] DB write error: unable to open database file
2026-09-30 09:50:25  [NewPrism.MarketState]  ERROR     [MRE] runner error: [Errno 24] Too many open files: '/home/frl/NewPrism/Backend/Engines/MarketState/MRE.py'
2026-09-30 09:50:25  [NewPrism.MarketState]  ERROR     [MONEY] DB write error: unable to open database file
2026-09-30 09:50:25  [NewPrism.MarketState]  ERROR     [MES] runner error: [Errno 24] Too many open files: '/home/frl/NewPrism/Backend/Engines/MarketState/MES.py'
2026-09-30 09:50:25  [NewPrism.MarketState]  ERROR     [TWR] runner error: [Errno 24] Too many open files: '/home/frl/NewPrism/Backend/Engines/MarketState/TWR.py'
2026-09-30 09:50:25  [NewPrism.MarketState]  ERROR     [VCE] DB write error: unable to open database file
2026-09-30 09:50:25  [NewPrism.MarketState]  ERROR     [OI] DB write error: unable to open database file
2026-09-30 09:50:25  [NewPrism.MarketState]  INFO      Scan cycle complete — 9/13 modules OK | 4 symbols broadcast
2026-09-30 09:50:27  [LIVE                ]  INFO      📡 GDFL OC: subscribed/updated 3 product×expiry combos (depth=10)
2026-09-30 09:50:32  [LIVE                ]  INFO      📡 GDFL OC: subscribed/updated 6 product×expiry combos (depth=10)
📊 [09:50:33] src=GDFL  stocks=213/213 | indices=9/9 | futures=207/207 | options=354/617 | greeks=318/617  total_ticks=209,278
📊 [09:50:36] src=GDFL  stocks=213/213 | indices=9/9 | futures=207/207 | options=354/617 | greeks=318/617  total_ticks=209,583
📊 [09:50:43] src=GDFL  stocks=213/213 | indices=9/9 | futures=207/207 | options=354/617 | greeks=318/617  total_ticks=210,084
2026-09-30 09:50:51  [LIVE                ]  INFO      📡 GDFL OC: subscribed/updated 6 product×expiry combos (depth=10)
📊 [09:50:53] src=GDFL  stocks=213/213 | indices=9/9 | futures=207/207 | options=354/617 | greeks=318/617  total_ticks=216,110
2026-09-30 09:50:58  [LIVE                ]  INFO      📡 GDFL OC: subscribed/updated 9 product×expiry combos (depth=10)
📊 [09:51:03] src=GDFL  stocks=213/213 | indices=9/9 | futures=207/207 | options=354/617 | greeks=318/617  total_ticks=218,308
2026-09-30 09:51:03  [LIVE                ]  INFO      📡 GDFL OC: subscribed/updated 12 product×expiry combos (depth=10)
📊 [09:51:06] src=GDFL  stocks=213/213 | indices=9/9 | futures=207/207 | options=354/617 | greeks=318/617  total_ticks=222,384
2026-09-30 09:51:08  [RiskEngine.RISK     ]  INFO      R16 scan: state=Normal CAR=0.00% max_add_beta=4.000
2026-09-30 09:51:08  [LIVE                ]  INFO      📡 GDFL OC: subscribed/updated 6 product×expiry combos (depth=10)
📊 [09:51:13] src=GDFL  stocks=213/213 | indices=9/9 | futures=207/207 | options=354/617 | greeks=318/617  total_ticks=223,000
2026-09-30 09:51:13  [LIVE                ]  INFO      📡 GDFL OC: subscribed/updated 9 product×expiry combos (depth=10)
2026-09-30 09:51:18  [LIVE                ]  INFO      📡 GDFL OC: subscribed/updated 3 product×expiry combos (depth=10)
2026-09-30 09:51:22  [LIVE                ]  INFO      📡 GDFL OC: subscribed/updated 6 product×expiry combos (depth=10)
📊 [09:51:23] src=GDFL  stocks=213/213 | indices=9/9 | futures=207/207 | options=354/617 | greeks=318/617  total_ticks=229,142
2026-09-30 09:51:24  [LIVE                ]  INFO      📡 GDFL OC: subscribed/updated 6 product×expiry combos (depth=10)
2026-09-30 09:51:27  [NewPrism.MarketState]  INFO      MarketState scan cycle starting …
2026-09-30 09:51:27  [NewPrism.MarketState]  WARNING   Candle load error [STOCKS/1m]: could not translate host name "localhost" to address: System error

2026-09-30 09:51:27  [NewPrism.MarketState]  WARNING   Candle load error [STOCKS/5m]: could not translate host name "localhost" to address: System error

2026-09-30 09:51:27  [NewPrism.MarketState]  WARNING   Candle load error [STOCKS/15m]: could not translate host name "localhost" to address: System error

2026-09-30 09:51:27  [NewPrism.MarketState]  WARNING   Candle load error [STOCKS/1H]: could not translate host name "localhost" to address: System error

2026-09-30 09:51:27  [NewPrism.MarketState]  WARNING   Candle load error [STOCKS/1D]: could not translate host name "localhost" to address: System error

2026-09-30 09:51:27  [NewPrism.MarketState]  WARNING   Candle load error [FUTURES/1m]: could not translate host name "localhost" to address: System error

2026-09-30 09:51:27  [NewPrism.MarketState]  WARNING   Candle load error [FUTURES/5m]: could not translate host name "localhost" to address: System error

2026-09-30 09:51:27  [NewPrism.MarketState]  WARNING   Candle load error [FUTURES/15m]: could not translate host name "localhost" to address: System error

2026-09-30 09:51:27  [NewPrism.MarketState]  WARNING   Candle load error [FUTURES/1D]: could not translate host name "localhost" to address: System error

2026-09-30 09:51:27  [NewPrism.MarketState]  WARNING   Candle load error [GREEKS/5m]: could not translate host name "localhost" to address: System error

2026-09-30 09:51:27  [NewPrism.MarketState]  WARNING   Candle load error [FUTURES/1H]: could not translate host name "localhost" to address: System error

2026-09-30 09:51:27  [NewPrism.MarketState]  WARNING   Candle load error [GREEKS/15m]: could not translate host name "localhost" to address: System error

2026-09-30 09:51:27  [NewPrism.MarketState]  WARNING   Candle load error [GREEKS/1m]: could not translate host name "localhost" to address: System error

2026-09-30 09:51:27  [NewPrism.MarketState]  WARNING   Candle load error [GREEKS/1D]: could not translate host name "localhost" to address: System error

2026-09-30 09:51:27  [NewPrism.MarketState]  WARNING   Candle load error [GREEKS/1H]: could not translate host name "localhost" to address: System error

2026-09-30 09:51:27  [NewPrism.MarketState]  WARNING   Candle load error [INDICES/1m]: could not translate host name "localhost" to address: System error

2026-09-30 09:51:27  [NewPrism.MarketState]  WARNING   Candle load error [INDICES/5m]: could not translate host name "localhost" to address: System error

2026-09-30 09:51:27  [NewPrism.MarketState]  WARNING   Candle load error [INDICES/15m]: could not translate host name "localhost" to address: System error

2026-09-30 09:51:27  [NewPrism.MarketState]  WARNING   Candle load error [INDICES/1H]: could not translate host name "localhost" to address: System error

2026-09-30 09:51:27  [NewPrism.MarketState]  WARNING   Candle load error [INDICES/1D]: could not translate host name "localhost" to address: System error

2026-09-30 09:51:27  [NewPrism.MarketState]  INFO      Candles loaded: 0/20 non-empty
2026-09-30 09:51:27  [NewPrism.MarketState]  ERROR     [EMIO] DB write error: unable to open database file
2026-09-30 09:51:27  [NewPrism.MarketState]  ERROR     [IPSE] DB write error: unable to open database file
2026-09-30 09:51:27  [NewPrism.MarketState]  ERROR     [DPR] runner error: [Errno 24] Too many open files: '/home/frl/NewPrism/Backend/Engines/MarketState/DPR.py'
2026-09-30 09:51:27  [NewPrism.MarketState]  ERROR     [LDPE] DB write error: unable to open database file
2026-09-30 09:51:27  [NewPrism.MarketState]  ERROR     [MONEY] DB write error: unable to open database file
2026-09-30 09:51:27  [NewPrism.MarketState]  ERROR     [MES] runner error: [Errno 24] Too many open files: '/home/frl/NewPrism/Backend/Engines/MarketState/MES.py'
2026-09-30 09:51:27  [NewPrism.MarketState]  ERROR     [VCE] DB write error: unable to open database file
2026-09-30 09:51:27  [NewPrism.MarketState]  ERROR     [OI] DB write error: unable to open database file
2026-09-30 09:51:27  [NewPrism.MarketState]  ERROR     [MRE] runner error: [Errno 24] Too many open files: '/home/frl/NewPrism/Backend/Engines/MarketState/MRE.py'
2026-09-30 09:51:27  [NewPrism.MarketState]  ERROR     [TWR] runner error: [Errno 24] Too many open files: '/home/frl/NewPrism/Backend/Engines/MarketState/TWR.py'
2026-09-30 09:51:27  [NewPrism.MarketState]  INFO      Scan cycle complete — 9/13 modules OK | 4 symbols broadcast
2026-09-30 09:51:29  [LIVE                ]  INFO      📡 GDFL OC: subscribed/updated 9 product×expiry combos (depth=10)
📊 [09:51:33] src=GDFL  stocks=213/213 | indices=9/9 | futures=207/207 | options=354/617 | greeks=318/617  total_ticks=235,119
📊 [09:51:36] src=GDFL  stocks=213/213 | indices=9/9 | futures=207/207 | options=354/617 | greeks=318/617  total_ticks=235,338
📊 [09:51:43] src=GDFL  stocks=213/213 | indices=9/9 | futures=207/207 | options=354/617 | greeks=318/617  total_ticks=235,883
2026-09-30 09:51:49  [LIVE                ]  INFO      📡 GDFL OC: subscribed/updated 3 product×expiry combos (depth=10)
2026-09-30 09:51:52  [LIVE                ]  INFO      📡 GDFL OC: subscribed/updated 6 product×expiry combos (depth=10)
📊 [09:51:54] src=GDFL  stocks=213/213 | indices=9/9 | futures=207/207 | options=354/617 | greeks=318/617  total_ticks=241,685
2026-09-30 09:51:59  [LIVE                ]  INFO      📡 GDFL OC: subscribed/updated 6 product×expiry combos (depth=10)
📊 [09:52:04] src=GDFL  stocks=213/213 | indices=9/9 | futures=207/207 | options=354/617 | greeks=318/617  total_ticks=248,081
2026-09-30 09:52:05  [LIVE                ]  INFO      📡 GDFL OC: subscribed/updated 6 product×expiry combos (depth=10)
📊 [09:52:06] src=GDFL  stocks=213/213 | indices=9/9 | futures=207/207 | options=354/617 | greeks=318/617  total_ticks=248,245
2026-09-30 09:52:08  [RiskEngine.RISK     ]  INFO      R16 scan: state=Normal CAR=0.00% max_add_beta=4.000
2026-09-30 09:52:10  [LIVE                ]  INFO      📡 GDFL OC: subscribed/updated 6 product×expiry combos (depth=10)
2026-09-30 09:52:15  [LIVE                ]  INFO      📡 GDFL OC: subscribed/updated 3 product×expiry combos (depth=10)
📊 [09:52:15] src=GDFL  stocks=213/213 | indices=9/9 | futures=207/207 | options=354/617 | greeks=318/617  total_ticks=248,844
2026-09-30 09:52:20  [LIVE                ]  INFO      📡 GDFL OC: subscribed/updated 6 product×expiry combos (depth=10)
2026-09-30 09:52:22  [LIVE                ]  INFO      📡 GDFL OC: subscribed/updated 3 product×expiry combos (depth=10)
📊 [09:52:25] src=GDFL  stocks=213/213 | indices=9/9 | futures=207/207 | options=354/617 | greeks=318/617  total_ticks=254,978
2026-09-30 09:52:26  [LIVE                ]  INFO      📡 GDFL OC: subscribed/updated 12 product×expiry combos (depth=10)
2026-09-30 09:52:28  [NewPrism.MarketState]  INFO      MarketState scan cycle starting …
2026-09-30 09:52:28  [NewPrism.MarketState]  WARNING   Candle load error [STOCKS/1m]: could not translate host name "localhost" to address: System error

2026-09-30 09:52:28  [NewPrism.MarketState]  WARNING   Candle load error [STOCKS/5m]: could not translate host name "localhost" to address: System error

2026-09-30 09:52:28  [NewPrism.MarketState]  WARNING   Candle load error [STOCKS/15m]: could not translate host name "localhost" to address: System error

2026-09-30 09:52:28  [NewPrism.MarketState]  WARNING   Candle load error [STOCKS/1D]: could not translate host name "localhost" to address: System error

2026-09-30 09:52:28  [NewPrism.MarketState]  WARNING   Candle load error [FUTURES/1m]: could not translate host name "localhost" to address: System error

2026-09-30 09:52:28  [NewPrism.MarketState]  WARNING   Candle load error [GREEKS/1m]: could not translate host name "localhost" to address: System error

2026-09-30 09:52:28  [NewPrism.MarketState]  WARNING   Candle load error [FUTURES/1D]: could not translate host name "localhost" to address: System error

2026-09-30 09:52:28  [NewPrism.MarketState]  WARNING   Candle load error [FUTURES/5m]: could not translate host name "localhost" to address: System error

2026-09-30 09:52:28  [NewPrism.MarketState]  WARNING   Candle load error [STOCKS/1H]: could not translate host name "localhost" to address: System error

2026-09-30 09:52:28  [NewPrism.MarketState]  WARNING   Candle load error [GREEKS/5m]: could not translate host name "localhost" to address: System error

2026-09-30 09:52:28  [NewPrism.MarketState]  WARNING   Candle load error [FUTURES/15m]: could not translate host name "localhost" to address: System error

2026-09-30 09:52:28  [NewPrism.MarketState]  WARNING   Candle load error [GREEKS/1H]: could not translate host name "localhost" to address: System error

2026-09-30 09:52:28  [NewPrism.MarketState]  WARNING   Candle load error [GREEKS/15m]: could not translate host name "localhost" to address: System error

2026-09-30 09:52:28  [NewPrism.MarketState]  WARNING   Candle load error [FUTURES/1H]: could not translate host name "localhost" to address: System error

2026-09-30 09:52:28  [NewPrism.MarketState]  WARNING   Candle load error [INDICES/15m]: could not translate host name "localhost" to address: System error

2026-09-30 09:52:28  [NewPrism.MarketState]  WARNING   Candle load error [INDICES/1H]: could not translate host name "localhost" to address: System error

2026-09-30 09:52:28  [NewPrism.MarketState]  WARNING   Candle load error [INDICES/1m]: could not translate host name "localhost" to address: System error

2026-09-30 09:52:28  [NewPrism.MarketState]  WARNING   Candle load error [GREEKS/1D]: could not translate host name "localhost" to address: System error

2026-09-30 09:52:28  [NewPrism.MarketState]  WARNING   Candle load error [INDICES/5m]: could not translate host name "localhost" to address: System error

2026-09-30 09:52:28  [NewPrism.MarketState]  WARNING   Candle load error [INDICES/1D]: could not translate host name "localhost" to address: System error

2026-09-30 09:52:28  [NewPrism.MarketState]  INFO      Candles loaded: 0/20 non-empty
2026-09-30 09:52:28  [NewPrism.MarketState]  ERROR     [DPR] runner error: [Errno 24] Too many open files: '/home/frl/NewPrism/Backend/Engines/MarketState/DPR.py'
2026-09-30 09:52:28  [NewPrism.MarketState]  ERROR     [IPSE] DB write error: unable to open database file
2026-09-30 09:52:28  [NewPrism.MarketState]  ERROR     [EMIO] DB write error: unable to open database file
2026-09-30 09:52:28  [NewPrism.MarketState]  ERROR     [LDPE] DB write error: unable to open database file
2026-09-30 09:52:28  [NewPrism.MarketState]  ERROR     [MONEY] DB write error: unable to open database file
2026-09-30 09:52:28  [NewPrism.MarketState]  ERROR     [MES] runner error: [Errno 24] Too many open files: '/home/frl/NewPrism/Backend/Engines/MarketState/MES.py'
2026-09-30 09:52:28  [NewPrism.MarketState]  ERROR     [OI] DB write error: unable to open database file
2026-09-30 09:52:28  [NewPrism.MarketState]  ERROR     [MRE] runner error: [Errno 24] Too many open files: '/home/frl/NewPrism/Backend/Engines/MarketState/MRE.py'
2026-09-30 09:52:28  [NewPrism.MarketState]  ERROR     [VCE] DB write error: unable to open database file
2026-09-30 09:52:28  [NewPrism.MarketState]  ERROR     [TWR] runner error: [Errno 24] Too many open files: '/home/frl/NewPrism/Backend/Engines/MarketState/TWR.py'
2026-09-30 09:52:28  [NewPrism.MarketState]  INFO      Scan cycle complete — 9/13 modules OK | 4 symbols broadcast
2026-09-30 09:52:31  [LIVE                ]  INFO      📡 GDFL OC: subscribed/updated 9 product×expiry combos (depth=10)
📊 [09:52:35] src=GDFL  stocks=213/213 | indices=9/9 | futures=207/207 | options=354/617 | greeks=318/617  total_ticks=261,053
2026-09-30 09:52:36  [LIVE                ]  INFO      📡 GDFL OC: subscribed/updated 3 product×expiry combos (depth=10)
📊 [09:52:36] src=GDFL  stocks=213/213 | indices=9/9 | futures=207/207 | options=354/617 | greeks=318/617  total_ticks=261,162
📊 [09:52:45] src=GDFL  stocks=213/213 | indices=9/9 | futures=207/207 | options=354/617 | greeks=318/617  total_ticks=262,472
2026-09-30 09:52:52  [LIVE                ]  INFO      📡 GDFL OC: subscribed/updated 12 product×expiry combos (depth=10)
📊 [09:52:55] src=GDFL  stocks=213/213 | indices=9/9 | futures=207/207 | options=354/617 | greeks=318/617  total_ticks=267,924
2026-09-30 09:52:57  [LIVE                ]  INFO      📡 GDFL OC: subscribed/updated 6 product×expiry combos (depth=10)
2026-09-30 09:53:02  [LIVE                ]  INFO      📡 GDFL OC: subscribed/updated 9 product×expiry combos (depth=10)
📊 [09:53:06] src=GDFL  stocks=213/213 | indices=9/9 | futures=207/207 | options=354/617 | greeks=318/617  total_ticks=273,886
📊 [09:53:06] src=GDFL  stocks=213/213 | indices=9/9 | futures=207/207 | options=354/617 | greeks=318/617  total_ticks=274,031
2026-09-30 09:53:07  [LIVE                ]  INFO      📡 GDFL OC: subscribed/updated 9 product×expiry combos (depth=10)
2026-09-30 09:53:08  [RiskEngine.RISK     ]  INFO      R16 scan: state=Normal CAR=0.00% max_add_beta=4.000
2026-09-30 09:53:12  [LIVE                ]  INFO      📡 GDFL OC: subscribed/updated 6 product×expiry combos (depth=10)
📊 [09:53:16] src=GDFL  stocks=213/213 | indices=9/9 | futures=207/207 | options=354/617 | greeks=318/617  total_ticks=277,033
2026-09-30 09:53:17  [LIVE                ]  INFO      📡 GDFL OC: subscribed/updated 6 product×expiry combos (depth=10)
2026-09-30 09:53:22  [LIVE                ]  INFO      📡 GDFL OC: subscribed/updated 3 product×expiry combos (depth=10)
📊 [09:53:26] src=GDFL  stocks=213/213 | indices=9/9 | futures=207/207 | options=354/617 | greeks=318/617  total_ticks=280,702
2026-09-30 09:53:27  [LIVE                ]  INFO      📡 GDFL OC: subscribed/updated 3 product×expiry combos (depth=10)
2026-09-30 09:53:29  [NewPrism.MarketState]  INFO      MarketState scan cycle starting …
2026-09-30 09:53:29  [NewPrism.MarketState]  WARNING   Candle load error [STOCKS/5m]: could not translate host name "localhost" to address: System error

2026-09-30 09:53:29  [NewPrism.MarketState]  WARNING   Candle load error [STOCKS/1m]: could not translate host name "localhost" to address: System error

2026-09-30 09:53:29  [NewPrism.MarketState]  WARNING   Candle load error [STOCKS/15m]: could not translate host name "localhost" to address: System error

2026-09-30 09:53:29  [NewPrism.MarketState]  WARNING   Candle load error [STOCKS/1D]: could not translate host name "localhost" to address: System error

2026-09-30 09:53:29  [NewPrism.MarketState]  WARNING   Candle load error [FUTURES/15m]: could not translate host name "localhost" to address: System error

2026-09-30 09:53:29  [NewPrism.MarketState]  WARNING   Candle load error [STOCKS/1H]: could not translate host name "localhost" to address: System error

2026-09-30 09:53:29  [NewPrism.MarketState]  WARNING   Candle load error [FUTURES/1H]: could not translate host name "localhost" to address: System error

2026-09-30 09:53:29  [NewPrism.MarketState]  WARNING   Candle load error [FUTURES/1D]: could not translate host name "localhost" to address: System error

2026-09-30 09:53:29  [NewPrism.MarketState]  WARNING   Candle load error [GREEKS/15m]: could not translate host name "localhost" to address: System error

2026-09-30 09:53:29  [NewPrism.MarketState]  WARNING   Candle load error [GREEKS/1m]: could not translate host name "localhost" to address: System error

2026-09-30 09:53:29  [NewPrism.MarketState]  WARNING   Candle load error [GREEKS/1H]: could not translate host name "localhost" to address: System error

2026-09-30 09:53:29  [NewPrism.MarketState]  WARNING   Candle load error [GREEKS/5m]: could not translate host name "localhost" to address: System error

2026-09-30 09:53:29  [NewPrism.MarketState]  WARNING   Candle load error [FUTURES/5m]: could not translate host name "localhost" to address: System error

2026-09-30 09:53:29  [NewPrism.MarketState]  WARNING   Candle load error [GREEKS/1D]: could not translate host name "localhost" to address: System error

2026-09-30 09:53:29  [NewPrism.MarketState]  WARNING   Candle load error [FUTURES/1m]: could not translate host name "localhost" to address: System error

2026-09-30 09:53:29  [NewPrism.MarketState]  WARNING   Candle load error [INDICES/1m]: could not translate host name "localhost" to address: System error

2026-09-30 09:53:29  [NewPrism.MarketState]  WARNING   Candle load error [INDICES/5m]: could not translate host name "localhost" to address: System error

2026-09-30 09:53:29  [NewPrism.MarketState]  WARNING   Candle load error [INDICES/15m]: could not translate host name "localhost" to address: System error

2026-09-30 09:53:29  [NewPrism.MarketState]  WARNING   Candle load error [INDICES/1H]: could not translate host name "localhost" to address: System error

2026-09-30 09:53:29  [NewPrism.MarketState]  WARNING   Candle load error [INDICES/1D]: could not translate host name "localhost" to address: System error

2026-09-30 09:53:29  [NewPrism.MarketState]  INFO      Candles loaded: 0/20 non-empty
2026-09-30 09:53:29  [NewPrism.MarketState]  ERROR     [EMIO] DB write error: unable to open database file
2026-09-30 09:53:29  [NewPrism.MarketState]  ERROR     [DPR] runner error: [Errno 24] Too many open files: '/home/frl/NewPrism/Backend/Engines/MarketState/DPR.py'
2026-09-30 09:53:29  [NewPrism.MarketState]  ERROR     [IPSE] DB write error: unable to open database file
2026-09-30 09:53:29  [NewPrism.MarketState]  ERROR     [LDPE] DB write error: unable to open database file
2026-09-30 09:53:29  [NewPrism.MarketState]  ERROR     [MES] runner error: [Errno 24] Too many open files: '/home/frl/NewPrism/Backend/Engines/MarketState/MES.py'
2026-09-30 09:53:29  [NewPrism.MarketState]  ERROR     [MRE] runner error: [Errno 24] Too many open files: '/home/frl/NewPrism/Backend/Engines/MarketState/MRE.py'
2026-09-30 09:53:29  [NewPrism.MarketState]  ERROR     [VCE] DB write error: unable to open database file
2026-09-30 09:53:29  [NewPrism.MarketState]  ERROR     [MONEY] DB write error: unable to open database file
2026-09-30 09:53:29  [NewPrism.MarketState]  ERROR     [OI] DB write error: unable to open database file
2026-09-30 09:53:29  [NewPrism.MarketState]  ERROR     [TWR] runner error: [Errno 24] Too many open files: '/home/frl/NewPrism/Backend/Engines/MarketState/TWR.py'
2026-09-30 09:53:29  [NewPrism.MarketState]  INFO      Scan cycle complete — 9/13 modules OK | 4 symbols broadcast
2026-09-30 09:53:33  [LIVE                ]  INFO      📡 GDFL OC: subscribed/updated 6 product×expiry combos (depth=10)
📊 [09:53:36] src=GDFL  stocks=213/213 | indices=9/9 | futures=207/207 | options=354/617 | greeks=318/617  total_ticks=286,694
📊 [09:53:36] src=GDFL  stocks=213/213 | indices=9/9 | futures=207/207 | options=354/617 | greeks=318/617  total_ticks=286,722
2026-09-30 09:53:38  [LIVE                ]  INFO      📡 GDFL OC: subscribed/updated 9 product×expiry combos (depth=10)
📊 [09:53:46] src=GDFL  stocks=213/213 | indices=9/9 | futures=207/207 | options=354/617 | greeks=318/617  total_ticks=290,577
2026-09-30 09:53:48  [LIVE                ]  INFO      📡 GDFL OC: subscribed/updated 3 product×expiry combos (depth=10)
2026-09-30 09:53:52  [LIVE                ]  INFO      📡 GDFL OC: subscribed/updated 3 product×expiry combos (depth=10)
📊 [09:53:56] src=GDFL  stocks=213/213 | indices=9/9 | futures=207/207 | options=354/617 | greeks=318/617  total_ticks=293,394
2026-09-30 09:53:58  [LIVE                ]  INFO      📡 GDFL OC: subscribed/updated 3 product×expiry combos (depth=10)
2026-09-30 09:54:03  [LIVE                ]  INFO      📡 GDFL OC: subscribed/updated 12 product×expiry combos (depth=10)
📊 [09:54:06] src=GDFL  stocks=213/213 | indices=9/9 | futures=207/207 | options=354/617 | greeks=318/617  total_ticks=299,391
📊 [09:54:06] src=GDFL  stocks=213/213 | indices=9/9 | futures=207/207 | options=354/617 | greeks=318/617  total_ticks=299,401
2026-09-30 09:54:08  [LIVE                ]  INFO      📡 GDFL OC: subscribed/updated 9 product×expiry combos (depth=10)
2026-09-30 09:54:08  [RiskEngine.RISK     ]  INFO      R16 scan: state=Normal CAR=0.00% max_add_beta=4.000
2026-09-30 09:54:13  [LIVE                ]  INFO      📡 GDFL OC: subscribed/updated 7 product×expiry combos (depth=10)
📊 [09:54:16] src=GDFL  stocks=213/213 | indices=9/9 | futures=207/207 | options=354/617 | greeks=318/617  total_ticks=303,000
2026-09-30 09:54:18  [LIVE                ]  INFO      📡 GDFL OC: subscribed/updated 6 product×expiry combos (depth=10)
2026-09-30 09:54:22  [LIVE                ]  INFO      📡 GDFL OC: subscribed/updated 3 product×expiry combos (depth=10)
📊 [09:54:26] src=GDFL  stocks=213/213 | indices=9/9 | futures=207/207 | options=354/617 | greeks=318/617  total_ticks=306,162
2026-09-30 09:54:28  [LIVE                ]  INFO      📡 GDFL OC: subscribed/updated 9 product×expiry combos (depth=10)
2026-09-30 09:54:30  [NewPrism.MarketState]  INFO      MarketState scan cycle starting …
2026-09-30 09:54:30  [NewPrism.MarketState]  WARNING   Candle load error [STOCKS/1m]: could not translate host name "localhost" to address: System error

2026-09-30 09:54:30  [NewPrism.MarketState]  WARNING   Candle load error [STOCKS/1H]: could not translate host name "localhost" to address: System error

2026-09-30 09:54:30  [NewPrism.MarketState]  WARNING   Candle load error [FUTURES/1m]: could not translate host name "localhost" to address: System error

2026-09-30 09:54:30  [NewPrism.MarketState]  WARNING   Candle load error [STOCKS/5m]: could not translate host name "localhost" to address: System error

2026-09-30 09:54:30  [NewPrism.MarketState]  WARNING   Candle load error [FUTURES/5m]: could not translate host name "localhost" to address: System error

2026-09-30 09:54:30  [NewPrism.MarketState]  WARNING   Candle load error [STOCKS/15m]: could not translate host name "localhost" to address: System error

2026-09-30 09:54:30  [NewPrism.MarketState]  WARNING   Candle load error [FUTURES/1H]: could not translate host name "localhost" to address: System error

2026-09-30 09:54:30  [NewPrism.MarketState]  WARNING   Candle load error [FUTURES/15m]: could not translate host name "localhost" to address: System error

2026-09-30 09:54:30  [NewPrism.MarketState]  WARNING   Candle load error [GREEKS/5m]: could not translate host name "localhost" to address: System error

2026-09-30 09:54:30  [NewPrism.MarketState]  WARNING   Candle load error [STOCKS/1D]: could not translate host name "localhost" to address: System error

2026-09-30 09:54:30  [NewPrism.MarketState]  WARNING   Candle load error [GREEKS/1D]: could not translate host name "localhost" to address: System error

2026-09-30 09:54:30  [NewPrism.MarketState]  WARNING   Candle load error [INDICES/15m]: could not translate host name "localhost" to address: System error

2026-09-30 09:54:30  [NewPrism.MarketState]  WARNING   Candle load error [GREEKS/15m]: could not translate host name "localhost" to address: System error

2026-09-30 09:54:30  [NewPrism.MarketState]  WARNING   Candle load error [GREEKS/1H]: could not translate host name "localhost" to address: System error

2026-09-30 09:54:30  [NewPrism.MarketState]  WARNING   Candle load error [INDICES/1m]: could not translate host name "localhost" to address: System error

2026-09-30 09:54:30  [NewPrism.MarketState]  WARNING   Candle load error [FUTURES/1D]: could not translate host name "localhost" to address: System error

2026-09-30 09:54:30  [NewPrism.MarketState]  WARNING   Candle load error [INDICES/5m]: could not translate host name "localhost" to address: System error

2026-09-30 09:54:30  [NewPrism.MarketState]  WARNING   Candle load error [INDICES/1H]: could not translate host name "localhost" to address: System error

2026-09-30 09:54:30  [NewPrism.MarketState]  WARNING   Candle load error [GREEKS/1m]: could not translate host name "localhost" to address: System error

2026-09-30 09:54:30  [NewPrism.MarketState]  WARNING   Candle load error [INDICES/1D]: could not translate host name "localhost" to address: System error

2026-09-30 09:54:30  [NewPrism.MarketState]  INFO      Candles loaded: 0/20 non-empty
2026-09-30 09:54:30  [NewPrism.MarketState]  ERROR     [DPR] runner error: [Errno 24] Too many open files: '/home/frl/NewPrism/Backend/Engines/MarketState/DPR.py'
2026-09-30 09:54:30  [NewPrism.MarketState]  ERROR     [EMIO] DB write error: unable to open database file
2026-09-30 09:54:30  [NewPrism.MarketState]  ERROR     [IPSE] DB write error: unable to open database file
2026-09-30 09:54:30  [NewPrism.MarketState]  ERROR     [LDPE] DB write error: unable to open database file
2026-09-30 09:54:30  [NewPrism.MarketState]  ERROR     [MES] runner error: [Errno 24] Too many open files: '/home/frl/NewPrism/Backend/Engines/MarketState/MES.py'
2026-09-30 09:54:30  [NewPrism.MarketState]  ERROR     [MRE] runner error: [Errno 24] Too many open files: '/home/frl/NewPrism/Backend/Engines/MarketState/MRE.py'
2026-09-30 09:54:30  [NewPrism.MarketState]  ERROR     [OI] DB write error: unable to open database file
2026-09-30 09:54:30  [NewPrism.MarketState]  ERROR     [VCE] DB write error: unable to open database file
2026-09-30 09:54:30  [NewPrism.MarketState]  ERROR     [TWR] runner error: [Errno 24] Too many open files: '/home/frl/NewPrism/Backend/Engines/MarketState/TWR.py'
2026-09-30 09:54:30  [NewPrism.MarketState]  ERROR     [MONEY] DB write error: unable to open database file
2026-09-30 09:54:30  [NewPrism.MarketState]  INFO      Scan cycle complete — 9/13 modules OK | 4 symbols broadcast
2026-09-30 09:54:33  [LIVE                ]  INFO      📡 GDFL OC: subscribed/updated 6 product×expiry combos (depth=10)
📊 [09:54:36] src=GDFL  stocks=213/213 | indices=9/9 | futures=207/207 | options=355/617 | greeks=319/617  total_ticks=312,232
📊 [09:54:36] src=GDFL  stocks=213/213 | indices=9/9 | futures=207/207 | options=355/617 | greeks=319/617  total_ticks=312,233
2026-09-30 09:54:38  [LIVE                ]  INFO      📡 GDFL OC: subscribed/updated 3 product×expiry combos (depth=10)
2026-09-30 09:54:43  [LIVE                ]  INFO      📡 GDFL OC: subscribed/updated 3 product×expiry combos (depth=10)
📊 [09:54:46] src=GDFL  stocks=213/213 | indices=9/9 | futures=207/207 | options=355/617 | greeks=319/617  total_ticks=316,693
2026-09-30 09:54:48  [LIVE                ]  INFO      📡 GDFL OC: subscribed/updated 6 product×expiry combos (depth=10)
2026-09-30 09:54:52  [LIVE                ]  INFO      📡 GDFL OC: subscribed/updated 3 product×expiry combos (depth=10)
2026-09-30 09:54:53  [LIVE                ]  INFO      📡 GDFL OC: subscribed/updated 3 product×expiry combos (depth=10)
📊 [09:54:57] src=GDFL  stocks=213/213 | indices=9/9 | futures=207/207 | options=355/617 | greeks=319/617  total_ticks=319,044
2026-09-30 09:55:03  [LIVE                ]  INFO      📡 GDFL OC: subscribed/updated 3 product×expiry combos (depth=10)
📊 [09:55:06] src=GDFL  stocks=213/213 | indices=9/9 | futures=207/207 | options=355/617 | greeks=319/617  total_ticks=325,043
📊 [09:55:07] src=GDFL  stocks=213/213 | indices=9/9 | futures=207/207 | options=355/617 | greeks=319/617  total_ticks=325,072
2026-09-30 09:55:08  [RiskEngine.RISK     ]  INFO      R16 scan: state=Normal CAR=0.00% max_add_beta=4.000
📊 [09:55:17] src=GDFL  stocks=213/213 | indices=9/9 | futures=207/207 | options=355/617 | greeks=319/617  total_ticks=330,043
2026-09-30 09:55:18  [LIVE                ]  INFO      📡 GDFL OC: subscribed/updated 3 product×expiry combos (depth=10)
2026-09-30 09:55:23  [LIVE                ]  INFO      📡 GDFL OC: subscribed/updated 3 product×expiry combos (depth=10)
📊 [09:55:27] src=GDFL  stocks=213/213 | indices=9/9 | futures=207/207 | options=355/617 | greeks=319/617  total_ticks=331,939
2026-09-30 09:55:29  [LIVE                ]  INFO      📡 GDFL OC: subscribed/updated 15 product×expiry combos (depth=10)
2026-09-30 09:55:31  [NewPrism.MarketState]  INFO      MarketState scan cycle starting …
2026-09-30 09:55:31  [NewPrism.MarketState]  WARNING   Candle load error [STOCKS/1m]: could not translate host name "localhost" to address: System error

2026-09-30 09:55:31  [NewPrism.MarketState]  WARNING   Candle load error [STOCKS/5m]: could not translate host name "localhost" to address: System error

2026-09-30 09:55:31  [NewPrism.MarketState]  WARNING   Candle load error [FUTURES/1m]: could not translate host name "localhost" to address: System error

2026-09-30 09:55:31  [NewPrism.MarketState]  WARNING   Candle load error [STOCKS/15m]: could not translate host name "localhost" to address: System error

2026-09-30 09:55:31  [NewPrism.MarketState]  WARNING   Candle load error [FUTURES/15m]: could not translate host name "localhost" to address: System error

2026-09-30 09:55:31  [NewPrism.MarketState]  WARNING   Candle load error [STOCKS/1H]: could not translate host name "localhost" to address: System error

2026-09-30 09:55:31  [NewPrism.MarketState]  WARNING   Candle load error [FUTURES/5m]: could not translate host name "localhost" to address: System error

2026-09-30 09:55:31  [NewPrism.MarketState]  WARNING   Candle load error [GREEKS/1m]: could not translate host name "localhost" to address: System error

2026-09-30 09:55:31  [NewPrism.MarketState]  WARNING   Candle load error [FUTURES/1H]: could not translate host name "localhost" to address: System error

2026-09-30 09:55:31  [NewPrism.MarketState]  WARNING   Candle load error [FUTURES/1D]: could not translate host name "localhost" to address: System error

2026-09-30 09:55:31  [NewPrism.MarketState]  WARNING   Candle load error [STOCKS/1D]: could not translate host name "localhost" to address: System error

2026-09-30 09:55:31  [NewPrism.MarketState]  WARNING   Candle load error [GREEKS/1H]: could not translate host name "localhost" to address: System error

2026-09-30 09:55:31  [NewPrism.MarketState]  WARNING   Candle load error [GREEKS/5m]: could not translate host name "localhost" to address: System error

2026-09-30 09:55:31  [NewPrism.MarketState]  WARNING   Candle load error [GREEKS/15m]: could not translate host name "localhost" to address: System error

2026-09-30 09:55:31  [NewPrism.MarketState]  WARNING   Candle load error [GREEKS/1D]: could not translate host name "localhost" to address: System error

2026-09-30 09:55:31  [NewPrism.MarketState]  WARNING   Candle load error [INDICES/5m]: could not translate host name "localhost" to address: System error

2026-09-30 09:55:31  [NewPrism.MarketState]  WARNING   Candle load error [INDICES/1m]: could not translate host name "localhost" to address: System error

2026-09-30 09:55:31  [NewPrism.MarketState]  WARNING   Candle load error [INDICES/15m]: could not translate host name "localhost" to address: System error

2026-09-30 09:55:31  [NewPrism.MarketState]  WARNING   Candle load error [INDICES/1H]: could not translate host name "localhost" to address: System error

2026-09-30 09:55:31  [NewPrism.MarketState]  WARNING   Candle load error [INDICES/1D]: could not translate host name "localhost" to address: System error

2026-09-30 09:55:31  [NewPrism.MarketState]  INFO      Candles loaded: 0/20 non-empty
2026-09-30 09:55:31  [NewPrism.MarketState]  ERROR     [EMIO] DB write error: unable to open database file
2026-09-30 09:55:31  [NewPrism.MarketState]  ERROR     [DPR] runner error: [Errno 24] Too many open files: '/home/frl/NewPrism/Backend/Engines/MarketState/DPR.py'
2026-09-30 09:55:31  [NewPrism.MarketState]  ERROR     [IPSE] DB write error: unable to open database file
2026-09-30 09:55:31  [NewPrism.MarketState]  ERROR     [LDPE] DB write error: unable to open database file
2026-09-30 09:55:31  [NewPrism.MarketState]  ERROR     [MES] runner error: [Errno 24] Too many open files: '/home/frl/NewPrism/Backend/Engines/MarketState/MES.py'
2026-09-30 09:55:31  [NewPrism.MarketState]  ERROR     [MONEY] DB write error: unable to open database file
2026-09-30 09:55:31  [NewPrism.MarketState]  ERROR     [OI] DB write error: unable to open database file
2026-09-30 09:55:31  [NewPrism.MarketState]  ERROR     [TWR] runner error: [Errno 24] Too many open files: '/home/frl/NewPrism/Backend/Engines/MarketState/TWR.py'
2026-09-30 09:55:31  [NewPrism.MarketState]  ERROR     [MRE] runner error: [Errno 24] Too many open files: '/home/frl/NewPrism/Backend/Engines/MarketState/MRE.py'
2026-09-30 09:55:31  [NewPrism.MarketState]  ERROR     [VCE] DB write error: unable to open database file
2026-09-30 09:55:31  [NewPrism.MarketState]  INFO      Scan cycle complete — 9/13 modules OK | 4 symbols broadcast
2026-09-30 09:55:34  [LIVE                ]  INFO      📡 GDFL OC: subscribed/updated 3 product×expiry combos (depth=10)
📊 [09:55:36] src=GDFL  stocks=213/213 | indices=9/9 | futures=207/207 | options=355/617 | greeks=319/617  total_ticks=338,175
📊 [09:55:37] src=GDFL  stocks=213/213 | indices=9/9 | futures=207/207 | options=355/617 | greeks=319/617  total_ticks=338,198
2026-09-30 09:55:39  [LIVE                ]  INFO      📡 GDFL OC: subscribed/updated 9 product×expiry combos (depth=10)
📊 [09:55:47] src=GDFL  stocks=213/213 | indices=9/9 | futures=207/207 | options=355/617 | greeks=319/617  total_ticks=344,252
2026-09-30 09:55:49  [LIVE                ]  INFO      📡 GDFL OC: subscribed/updated 3 product×expiry combos (depth=10)
2026-09-30 09:55:54  [LIVE                ]  INFO      📡 GDFL OC: subscribed/updated 3 product×expiry combos (depth=10)
📊 [09:55:57] src=GDFL  stocks=213/213 | indices=9/9 | futures=207/207 | options=355/617 | greeks=319/617  total_ticks=345,491
2026-09-30 09:56:04  [LIVE                ]  INFO      📡 GDFL OC: subscribed/updated 3 product×expiry combos (depth=10)
📊 [09:56:06] src=GDFL  stocks=213/213 | indices=9/9 | futures=207/207 | options=355/617 | greeks=319/617  total_ticks=351,875
📊 [09:56:07] src=GDFL  stocks=213/213 | indices=9/9 | futures=207/207 | options=355/617 | greeks=319/617  total_ticks=351,926
2026-09-30 09:56:08  [RiskEngine.RISK     ]  INFO      R16 scan: state=Normal CAR=0.00% max_add_beta=4.000
2026-09-30 09:56:14  [LIVE                ]  INFO      📡 GDFL OC: subscribed/updated 9 product×expiry combos (depth=10)
📊 [09:56:17] src=GDFL  stocks=213/213 | indices=9/9 | futures=207/207 | options=355/617 | greeks=319/617  total_ticks=357,616
2026-09-30 09:56:19  [LIVE                ]  INFO      📡 GDFL OC: subscribed/updated 9 product×expiry combos (depth=10)
2026-09-30 09:56:22  [LIVE                ]  INFO      📡 GDFL OC: subscribed/updated 3 product×expiry combos (depth=10)
📊 [09:56:27] src=GDFL  stocks=213/213 | indices=9/9 | futures=207/207 | options=355/617 | greeks=319/617  total_ticks=359,136
2026-09-30 09:56:29  [LIVE                ]  INFO      📡 GDFL OC: subscribed/updated 12 product×expiry combos (depth=10)
2026-09-30 09:56:32  [NewPrism.MarketState]  INFO      MarketState scan cycle starting …
2026-09-30 09:56:32  [NewPrism.MarketState]  WARNING   Candle load error [STOCKS/1D]: could not translate host name "localhost" to address: System error

2026-09-30 09:56:32  [NewPrism.MarketState]  WARNING   Candle load error [STOCKS/1m]: could not translate host name "localhost" to address: System error

2026-09-30 09:56:32  [NewPrism.MarketState]  WARNING   Candle load error [STOCKS/5m]: could not translate host name "localhost" to address: System error

2026-09-30 09:56:32  [NewPrism.MarketState]  WARNING   Candle load error [STOCKS/15m]: could not translate host name "localhost" to address: System error

2026-09-30 09:56:32  [NewPrism.MarketState]  WARNING   Candle load error [FUTURES/5m]: could not translate host name "localhost" to address: System error

2026-09-30 09:56:32  [NewPrism.MarketState]  WARNING   Candle load error [FUTURES/15m]: could not translate host name "localhost" to address: System error

2026-09-30 09:56:32  [NewPrism.MarketState]  WARNING   Candle load error [STOCKS/1H]: could not translate host name "localhost" to address: System error

2026-09-30 09:56:32  [NewPrism.MarketState]  WARNING   Candle load error [FUTURES/1m]: could not translate host name "localhost" to address: System error

2026-09-30 09:56:32  [NewPrism.MarketState]  WARNING   Candle load error [FUTURES/1H]: could not translate host name "localhost" to address: System error

2026-09-30 09:56:32  [NewPrism.MarketState]  WARNING   Candle load error [FUTURES/1D]: could not translate host name "localhost" to address: System error

2026-09-30 09:56:32  [NewPrism.MarketState]  WARNING   Candle load error [GREEKS/1m]: could not translate host name "localhost" to address: System error

2026-09-30 09:56:32  [NewPrism.MarketState]  WARNING   Candle load error [GREEKS/5m]: could not translate host name "localhost" to address: System error

2026-09-30 09:56:32  [NewPrism.MarketState]  WARNING   Candle load error [GREEKS/1H]: could not translate host name "localhost" to address: System error

2026-09-30 09:56:32  [NewPrism.MarketState]  WARNING   Candle load error [GREEKS/15m]: could not translate host name "localhost" to address: System error

2026-09-30 09:56:32  [NewPrism.MarketState]  WARNING   Candle load error [GREEKS/1D]: could not translate host name "localhost" to address: System error

2026-09-30 09:56:32  [NewPrism.MarketState]  WARNING   Candle load error [INDICES/5m]: could not translate host name "localhost" to address: System error

2026-09-30 09:56:32  [NewPrism.MarketState]  WARNING   Candle load error [INDICES/1m]: could not translate host name "localhost" to address: System error

2026-09-30 09:56:32  [NewPrism.MarketState]  WARNING   Candle load error [INDICES/1H]: could not translate host name "localhost" to address: System error

2026-09-30 09:56:32  [NewPrism.MarketState]  WARNING   Candle load error [INDICES/15m]: could not translate host name "localhost" to address: System error

2026-09-30 09:56:32  [NewPrism.MarketState]  WARNING   Candle load error [INDICES/1D]: could not translate host name "localhost" to address: System error

2026-09-30 09:56:32  [NewPrism.MarketState]  INFO      Candles loaded: 0/20 non-empty
2026-09-30 09:56:32  [NewPrism.MarketState]  ERROR     [DPR] runner error: [Errno 24] Too many open files: '/home/frl/NewPrism/Backend/Engines/MarketState/DPR.py'
2026-09-30 09:56:32  [NewPrism.MarketState]  ERROR     [EMIO] DB write error: unable to open database file
2026-09-30 09:56:32  [NewPrism.MarketState]  ERROR     [IPSE] DB write error: unable to open database file
2026-09-30 09:56:32  [NewPrism.MarketState]  ERROR     [LDPE] DB write error: unable to open database file
2026-09-30 09:56:32  [NewPrism.MarketState]  ERROR     [MONEY] DB write error: unable to open database file
2026-09-30 09:56:32  [NewPrism.MarketState]  ERROR     [MES] runner error: [Errno 24] Too many open files: '/home/frl/NewPrism/Backend/Engines/MarketState/MES.py'
2026-09-30 09:56:32  [NewPrism.MarketState]  ERROR     [OI] DB write error: unable to open database file
2026-09-30 09:56:32  [NewPrism.MarketState]  ERROR     [MRE] runner error: [Errno 24] Too many open files: '/home/frl/NewPrism/Backend/Engines/MarketState/MRE.py'
2026-09-30 09:56:32  [NewPrism.MarketState]  ERROR     [VCE] DB write error: unable to open database file
2026-09-30 09:56:32  [NewPrism.MarketState]  ERROR     [TWR] runner error: [Errno 24] Too many open files: '/home/frl/NewPrism/Backend/Engines/MarketState/TWR.py'
2026-09-30 09:56:32  [NewPrism.MarketState]  INFO      Scan cycle complete — 9/13 modules OK | 4 symbols broadcast
2026-09-30 09:56:34  [LIVE                ]  INFO      📡 GDFL OC: subscribed/updated 3 product×expiry combos (depth=10)
📊 [09:56:36] src=GDFL  stocks=213/213 | indices=9/9 | futures=207/207 | options=355/617 | greeks=319/617  total_ticks=365,335
📊 [09:56:37] src=GDFL  stocks=213/213 | indices=9/9 | futures=207/207 | options=355/617 | greeks=319/617  total_ticks=365,409
2026-09-30 09:56:39  [LIVE                ]  INFO      📡 GDFL OC: subscribed/updated 6 product×expiry combos (depth=10)
2026-09-30 09:56:44  [LIVE                ]  INFO      📡 GDFL OC: subscribed/updated 6 product×expiry combos (depth=10)
📊 [09:56:47] src=GDFL  stocks=213/213 | indices=9/9 | futures=207/207 | options=355/617 | greeks=319/617  total_ticks=371,179
2026-09-30 09:56:52  [LIVE                ]  INFO      📡 GDFL OC: subscribed/updated 3 product×expiry combos (depth=10)
2026-09-30 09:56:55  [LIVE                ]  INFO      📡 GDFL OC: subscribed/updated 3 product×expiry combos (depth=10)
📊 [09:56:57] src=GDFL  stocks=213/213 | indices=9/9 | futures=207/207 | options=355/617 | greeks=319/617  total_ticks=372,300
2026-09-30 09:57:05  [LIVE                ]  INFO      📡 GDFL OC: subscribed/updated 3 product×expiry combos (depth=10)
📊 [09:57:06] src=GDFL  stocks=213/213 | indices=9/9 | futures=207/207 | options=355/617 | greeks=319/617  total_ticks=378,352
📊 [09:57:07] src=GDFL  stocks=213/213 | indices=9/9 | futures=207/207 | options=355/617 | greeks=319/617  total_ticks=378,445
2026-09-30 09:57:08  [RiskEngine.RISK     ]  INFO      R16 scan: state=Normal CAR=0.00% max_add_beta=4.000
2026-09-30 09:57:10  [LIVE                ]  INFO      📡 GDFL OC: subscribed/updated 7 product×expiry combos (depth=10)
2026-09-30 09:57:16  [LIVE                ]  INFO      📡 GDFL OC: subscribed/updated 9 product×expiry combos (depth=10)
📊 [09:57:17] src=GDFL  stocks=213/213 | indices=9/9 | futures=207/207 | options=355/617 | greeks=319/617  total_ticks=383,846
2026-09-30 09:57:21  [LIVE                ]  INFO      📡 GDFL OC: subscribed/updated 3 product×expiry combos (depth=10)
2026-09-30 09:57:22  [LIVE                ]  INFO      📡 GDFL OC: subscribed/updated 3 product×expiry combos (depth=10)
2026-09-30 09:57:26  [LIVE                ]  INFO      📡 GDFL OC: subscribed/updated 6 product×expiry combos (depth=10)
📊 [09:57:27] src=GDFL  stocks=213/213 | indices=9/9 | futures=207/207 | options=355/617 | greeks=319/617  total_ticks=385,311
2026-09-30 09:57:33  [NewPrism.MarketState]  INFO      MarketState scan cycle starting …
2026-09-30 09:57:33  [NewPrism.MarketState]  WARNING   Candle load error [STOCKS/1m]: could not translate host name "localhost" to address: System error

2026-09-30 09:57:33  [NewPrism.MarketState]  WARNING   Candle load error [STOCKS/5m]: could not translate host name "localhost" to address: System error

2026-09-30 09:57:33  [NewPrism.MarketState]  WARNING   Candle load error [STOCKS/15m]: could not translate host name "localhost" to address: System error

2026-09-30 09:57:33  [NewPrism.MarketState]  WARNING   Candle load error [STOCKS/1H]: could not translate host name "localhost" to address: System error

2026-09-30 09:57:33  [NewPrism.MarketState]  WARNING   Candle load error [STOCKS/1D]: could not translate host name "localhost" to address: System error

2026-09-30 09:57:33  [NewPrism.MarketState]  WARNING   Candle load error [FUTURES/1m]: could not translate host name "localhost" to address: System error

2026-09-30 09:57:33  [NewPrism.MarketState]  WARNING   Candle load error [FUTURES/1H]: could not translate host name "localhost" to address: System error

2026-09-30 09:57:33  [NewPrism.MarketState]  WARNING   Candle load error [FUTURES/1D]: could not translate host name "localhost" to address: System error

2026-09-30 09:57:33  [NewPrism.MarketState]  WARNING   Candle load error [FUTURES/5m]: could not translate host name "localhost" to address: System error

2026-09-30 09:57:33  [NewPrism.MarketState]  WARNING   Candle load error [FUTURES/15m]: could not translate host name "localhost" to address: System error

2026-09-30 09:57:33  [NewPrism.MarketState]  WARNING   Candle load error [GREEKS/1m]: could not translate host name "localhost" to address: System error

2026-09-30 09:57:33  [NewPrism.MarketState]  WARNING   Candle load error [GREEKS/15m]: could not translate host name "localhost" to address: System error

2026-09-30 09:57:33  [NewPrism.MarketState]  WARNING   Candle load error [GREEKS/1D]: could not translate host name "localhost" to address: System error

2026-09-30 09:57:33  [NewPrism.MarketState]  WARNING   Candle load error [GREEKS/1H]: could not translate host name "localhost" to address: System error

2026-09-30 09:57:33  [NewPrism.MarketState]  WARNING   Candle load error [GREEKS/5m]: could not translate host name "localhost" to address: System error

2026-09-30 09:57:33  [NewPrism.MarketState]  WARNING   Candle load error [INDICES/1m]: could not translate host name "localhost" to address: System error

2026-09-30 09:57:33  [NewPrism.MarketState]  WARNING   Candle load error [INDICES/15m]: could not translate host name "localhost" to address: System error

2026-09-30 09:57:33  [NewPrism.MarketState]  WARNING   Candle load error [INDICES/1H]: could not translate host name "localhost" to address: System error

2026-09-30 09:57:33  [NewPrism.MarketState]  WARNING   Candle load error [INDICES/5m]: could not translate host name "localhost" to address: System error

2026-09-30 09:57:33  [NewPrism.MarketState]  WARNING   Candle load error [INDICES/1D]: could not translate host name "localhost" to address: System error

2026-09-30 09:57:33  [NewPrism.MarketState]  INFO      Candles loaded: 0/20 non-empty
2026-09-30 09:57:33  [NewPrism.MarketState]  ERROR     [EMIO] DB write error: unable to open database file
2026-09-30 09:57:33  [NewPrism.MarketState]  ERROR     [DPR] runner error: [Errno 24] Too many open files: '/home/frl/NewPrism/Backend/Engines/MarketState/DPR.py'
2026-09-30 09:57:33  [NewPrism.MarketState]  ERROR     [LDPE] DB write error: unable to open database file
2026-09-30 09:57:33  [NewPrism.MarketState]  ERROR     [IPSE] DB write error: unable to open database file
2026-09-30 09:57:33  [NewPrism.MarketState]  ERROR     [MES] runner error: [Errno 24] Too many open files: '/home/frl/NewPrism/Backend/Engines/MarketState/MES.py'
2026-09-30 09:57:33  [NewPrism.MarketState]  ERROR     [MRE] runner error: [Errno 24] Too many open files: '/home/frl/NewPrism/Backend/Engines/MarketState/MRE.py'
2026-09-30 09:57:33  [NewPrism.MarketState]  ERROR     [MONEY] DB write error: unable to open database file
2026-09-30 09:57:33  [NewPrism.MarketState]  ERROR     [TWR] runner error: [Errno 24] Too many open files: '/home/frl/NewPrism/Backend/Engines/MarketState/TWR.py'
2026-09-30 09:57:33  [NewPrism.MarketState]  ERROR     [OI] DB write error: unable to open database file
2026-09-30 09:57:33  [NewPrism.MarketState]  ERROR     [VCE] DB write error: unable to open database file
2026-09-30 09:57:34  [NewPrism.MarketState]  INFO      Scan cycle complete — 9/13 modules OK | 4 symbols broadcast
📊 [09:57:36] src=GDFL  stocks=213/213 | indices=9/9 | futures=207/207 | options=355/617 | greeks=319/617  total_ticks=391,314
2026-09-30 09:57:37  [LIVE                ]  INFO      📡 GDFL OC: subscribed/updated 9 product×expiry combos (depth=10)
📊 [09:57:37] src=GDFL  stocks=213/213 | indices=9/9 | futures=207/207 | options=355/617 | greeks=319/617  total_ticks=391,374
2026-09-30 09:57:42  [LIVE                ]  INFO      📡 GDFL OC: subscribed/updated 3 product×expiry combos (depth=10)
2026-09-30 09:57:47  [LIVE                ]  INFO      📡 GDFL OC: subscribed/updated 6 product×expiry combos (depth=10)
📊 [09:57:47] src=GDFL  stocks=213/213 | indices=9/9 | futures=207/207 | options=355/617 | greeks=319/617  total_ticks=397,424
2026-09-30 09:57:52  [LIVE                ]  INFO      📡 GDFL OC: subscribed/updated 3 product×expiry combos (depth=10)
2026-09-30 09:57:57  [LIVE                ]  INFO      📡 GDFL OC: subscribed/updated 9 product×expiry combos (depth=10)
📊 [09:57:57] src=GDFL  stocks=213/213 | indices=9/9 | futures=207/207 | options=355/617 | greeks=319/617  total_ticks=398,310
2026-09-30 09:58:02  [LIVE                ]  INFO      📡 GDFL OC: subscribed/updated 3 product×expiry combos (depth=10)
📊 [09:58:06] src=GDFL  stocks=213/213 | indices=9/9 | futures=207/207 | options=355/617 | greeks=319/617  total_ticks=404,561
📊 [09:58:07] src=GDFL  stocks=213/213 | indices=9/9 | futures=207/207 | options=355/617 | greeks=319/617  total_ticks=404,624
2026-09-30 09:58:08  [LIVE                ]  INFO      📡 GDFL OC: subscribed/updated 6 product×expiry combos (depth=10)
2026-09-30 09:58:08  [RiskEngine.RISK     ]  INFO      R16 scan: state=Normal CAR=0.00% max_add_beta=4.000
2026-09-30 09:58:13  [LIVE                ]  INFO      📡 GDFL OC: subscribed/updated 6 product×expiry combos (depth=10)
📊 [09:58:17] src=GDFL  stocks=213/213 | indices=9/9 | futures=207/207 | options=355/617 | greeks=319/617  total_ticks=410,673
2026-09-30 09:58:18  [LIVE                ]  INFO      📡 GDFL OC: subscribed/updated 3 product×expiry combos (depth=10)
2026-09-30 09:58:22  [LIVE                ]  INFO      📡 GDFL OC: subscribed/updated 3 product×expiry combos (depth=10)
2026-09-30 09:58:23  [LIVE                ]  INFO      📡 GDFL OC: subscribed/updated 3 product×expiry combos (depth=10)
Killed
