cleDate,Open,High,Low,Close,Shares Traded,Turnover (₹ Cr),Volume,volume_adi,volume_obv,volume_cmf,volume_fi,volume_em,volume_sma_em,volume_vpt,volume_vwap,volume_mfi,volume_nvi,volatility_bbm,volatility_bbh,volatility_bbl,volatility_bbw,volatility_bbp,volatility_bbhi,volatility_bbli,volatility_kcc,volatility_kch,volatility_kcl,volatility_kcw,volatility_kcp,volatility_kchi,volatility_kcli,volatility_dcl,volatility_dch,volatility_dcm,volatility_dcw,volatility_dcp,volatility_atr,volatility_ui,trend_macd,trend_macd_signal,trend_macd_diff,trend_sma_fast,trend_sma_slow,trend_ema_fast,trend_ema_slow,trend_vortex_ind_pos,trend_vortex_ind_neg,trend_vortex_ind_diff,trend_trix,trend_mass_index,trend_dpo,trend_kst,trend_kst_sig,trend_kst_diff,trend_ichimoku_conv,trend_ichimoku_base,trend_ichimoku_a,trend_ichimoku_b,trend_stc,trend_adx,trend_adx_pos,trend_adx_neg,trend_cci,trend_visual_ichimoku_a,trend_visual_ichimoku_b,trend_aroon_up,trend_aroon_down,trend_aroon_ind,trend_psar_up,trend_psar_down,trend_psar_up_indicator,trend_psar_down_indicator,momentum_rsi,momentum_stoch_rsi,momentum_stoch_rsi_k,momentum_stoch_rsi_d,momentum_tsi,momentum_uo,momentum_stoch,momentum_stoch_signal,momentum_wr,momentum_ao,momentum_roc,momentum_ppo,momentum_ppo_signal,momentum_ppo_hist,momentum_pvo,momentum_pvo_signal,momentum_pvo_hist,momentum_kama,others_dr,others_dlr,others_cr
24-SEP-2026,10924.55,10963.95,10837.4,10869.85,52767159,2801.12,0,-0.0,0,0.0,0.0,0.0,0.0,0.0,0.0,50.0,1000.0,10869.85,10869.85,10869.85,0.0,0.0,0.0,0.0,10890.4,11016.950000000003,10763.849999999999,2.324065231763792,0.41880679573291246,0.0,0.0,10837.4,10963.95,10900.675,1.1642294971871838,0.2564203871987392,0.0,0.0,0.0,0.0,0.0,10869.85,10869.85,10869.85,10869.85,0.0,0.0,0.0,-2.418413559433211,1.0,324.12580645161506,-28.95537850499964,-28.95537850499964,0.0,10900.675,10900.675,10900.675,10900.675,0.0,0.0,0.0,0.0,0.0,11170.308568548391,11120.76794354839,0.0,0.0,0.0,10899.05,10963.95,0.0,0.0,100.0,0.0,0.0,0.0,0.0,0.0,25.64203871987392,25.64203871987392,-74.35796128012608,0.0,0.0,0.0,0.0,0.0,0.0,0.0,0.0,10869.85,0.0,0.0,0.0
23-SEP-2026,10975.9,11024.35,10952.3,11005.2,42101454,2038.82,0,0.0,0,0.0,0.0,0.0,0.0,0.0,0.0,50.0,1000.0,10937.525000000001,11072.875,10802.175000000003,2.474965771506781,0.75,0.0,0.0,10942.175000000001,11041.475000000002,10842.875,1.8149956475746565,0.8173464249748185,0.0,0.0,10837.4,11024.35,10930.875,1.70925323599261,0.8975661941695664,0.0,0.0,10.797150997150311,2.159430199430062,8.637720797720249,10937.525000000001,10937.525000000001,10890.673076923078,10879.875925925928,0.3657970063149517,0.02279505281395936,0.34300195350099233,0.002432006593920545,1.9298866286081857,256.45080645161397,-22.90971598346766,-25.93254724423365,3.02283126076599,10930.875,10930.875,10930.875,10930.875,0.0,0.0,0.0,0.0,66.66666666666667,11170.308568548391,11120.76794354839,4.0,0.0,4.0,10899.05,10963.95,0.0,0.0,100.0,0.0,0.0,0.0,100.0,48.158690624443985,89.75661941695664,57.69932906841528,-10.24338058304336,0.0,0.0,0.0992396519101979,0.01984793038203958,0.07939172152815832,0.0,0.0,0.0,10882.110673790125,1.2451873760907395,1.2374986780878672,1.2451873760907395
22-SEP-2026,11023.35,11046.4,10899.05,10958.9,73647702,3323.17,0,0.0,0,0.0,0.0,0.0,0.0,0.0,0.0,50.0,1000.0,10944.65,11056.9852423181,10832.3147576819,2.0527882082679745,0.5634262218425105,0.0,0.0,10950.822222222223,11066.13888888889,10835.505555555554,2.1060823438930325,0.5350243291419747,0.0,0.0,10837.4,11046.4,10941.9,1.9096088043016453,0.5813397129186603,0.0,0.0,15.43996558469371,4.815537276482792,10.624428308210916,10944.65,10944.65,10901.16952662722,10885.729561042526,0.426851434506545,0.20799610018029602,0.21885533432624898,0.005551950956853138,2.9145186527578613,249.3258064516158,-22.273212910458227,-24.712769132975172,2.439556222516945,10941.9,10941.9,10941.9,10941.9,0.0,0.0,0.0,0.0,28.622655388008692,11170.308568548391,11120.76794354839,8.0,0.0,8.0,10899.05,10963.95,0.0,1.0,73.07860035302627,0.0,0.0,0.0,99.24270923633031,45.56489262371617,58.133971291866025,57.844209809565534,-41.866028708133975,0.0,0.0,0.14183675515832883,0.04424569533729743,0.0975910598210314,0.0,0.0,0.0,10898.427650562877,-0.42071020971905515,-0.42159768512952667,0.8192385359503618
21-SEP-2026,10953.8,11017.8,10938.65,11006.25,48691794,2646.79,0,0.0,0,0.0,0.0,0.0,0.0,0.0,0.0,50.0,1000.0,10960.05,11071.001903994476,10849.098096005522,2.0246605443310406,0.7081983198877797,0.0,0.0,10960.008333333333,11066.283333333333,10853.733333333332,1.9393233429719208,0.7175566533364736,0.0,0.0,10837.4,11046.4,10941.9,1.9069256070912084,0.807894736842107,0.0,0.0,22.678752334652017,8.388180288116638,14.29057204653538,10960.05,10960.05,10917.335753299954,10894.657000965302,0.5420459788714986,0.33176250882905634,0.2102834700424423,0.0098382230825519,3.845736817677941,233.92580645161615,-20.897472935111473,-23.75894508350925,2.8614721483977767,10941.9,10941.9,10941.9,10941.9,0.0,0.0,0.0,0.0,52.78742168482132,11170.308568548391,11120.76794354839,8.0,0.0,8.0,10899.05,10963.95,1.0,0.0,79.2352891167984,0.0,0.0,0.0,98.63426709368198,51.778149935967,80.7894736842107,76.22668813101113,-19.2105263157893,0.0,0.0,0.20816398655453408,0.07702935358074477,0.1311346329737893,0.0,0.0,0.0,10932.145165769634,0.4320689120258514,0.4311381742912346,1.2548471230053648
18-SEP-2026,10880.8,11001.35,10878.1,10948.7,127617454,6482.24,0,0.0,0,0.0,0.0,0.0,0.0,0.0,0.0,50.0,1000.0,10957.78,11057.432929711073,10858.127070288929,1.818852536025945,0.45444188130581825,0.0,0.0,10956.55,11066.220000000001,10846.88,2.001907534762329,0.4642108142609675,0.0,0.0,10837.4,11046.4,10941.9,1.9073206434149983,0.5325358851674693,0.0,0.0,23.500835944054415,11.410711419304194,12.090124524750221,10957.78,10957.78,10922.161022023038,10898.660186078983,0.5342338146250588,0.4440204937121569,0.0902133209129019,0.013667693964346767,4.803173598485989,236.19580645161477,-21.100260580828163,-23.227208182973033,2.1269476021448703,10941.9,10941.9,10941.9,10941.9,0.0,0.0,0.0,0.0,-28.82544974647202,11170.308568548391,11120.76794354839,8.0,0.0,8.0,10899.05,11017.8,0.0,1.0,60.98134905771516,0.0,0.0,0.0,97.1753790417521,52.44612238477287,53.25358851674693,64.05901116427455,-46.74641148325307,0.0,0.0,0.21563050450983298,0.10474958376656242,0.11088092074327056,0.0,0.0,0.0,10935.88664484109,-0.5228847245882906,-0.5242565509007591,0.725400994493941
17-SEP-2026,10884.75,10924.9,10828.6,10857.35,49746795,2283.98,0,0.0,0,0.0,0.0,0.0,0.0,0.0,0.0,50.0,1000.0,10941.041666666666,11058.850939316242,10823.23239401709,2.1535293665592676,0.14480017241254547,0.0,0.0,10942.172222222223,11049.613888888889,10834.730555555556,1.9638087298327407,0.10526383825848695,0.0,0.0,10828.6,11046.4,10937.5,1.9906696879105747,0.13200183654729153,0.0,0.0,16.58992326259977,12.446553787963309,4.14336947463646,10941.041666666666,10941.041666666666,10912.190095557955,10895.600172295355,0.5166227102871013,0.565160697106732,-0.04853798681963073,0.015358343057030464,5.742886981140437,252.93413978494937,-22.595558911175296,-23.121933304340075,0.5263743931647795,10937.5,10937.5,10937.5,10937.5,0.0,0.0,0.0,0.0,-116.26757715980108,11170.308568548391,11120.76794354839,8.0,20.0,-12.0,10899.05,11017.8,0.0,0.0,43.75157529724907,0.0,0.0,0.0,94.4388857896044,47.91611537443781,13.200183654729154,49.08108195189559,-86.79981634527084,8.412499999998545,0.0,0.15226259224144054,0.11425218546153805,0.038010406779902486,0.0,0.0,0.0,10935.332780401981,-0.8343456300748064,-0.8378457756986535,-0.11499698707894135
16-SEP-2026,10836.95,10900.85,10781.35,10872.45,51556504,2631.25,0,0.0,0,0.0,0.0,0.0,0.0,0.0,0.0,50.0,1000.0,10931.242857142857,11050.409576233278,10812.076138052436,2.1802958848829013,0.2533167918374681,0.0,0.0,10929.226190476193,11038.390476190476,10820.061904761906,1.997658092380075,0.2399507077580758,0.0,0.0,10781.35,11046.4,10913.875,2.4247014128572424,0.34370873420109643,0.0,0.0,12.190889984964087,12.395421027363465,-0.20453104239937758,10931.242857142857,10931.242857142857,10906.076234702885,10893.88534471792,0.5261344633460865,0.6339307341872624,-0.10779627084117593,0.01578505922508537,6.7049885076109605,262.7329493087582,-23.470923454857974,-23.17178904012835,-0.2991344147296253,10913.875,10913.875,10913.875,10913.875,0.0,0.0,0.0,0.0,-103.30542248519683,11170.308568548391,11120.76794354839,8.0,24.0,-16.0,10899.05,11010.232,0.0,0.0,46.44518193934923,0.0,0.0,0.0,92.1926002919135,51.78224608705601,34.370873420109646,33.60821519719524,-65.62912657989035,-6.512857142857683,0.0,0.11190580402863375,0.11378290917495719,-0.0018771051463234434,0.0,0.0,0.0,10934.175879678472,0.13907629393912213,0.13897967243625686,0.02391937331243099
15-SEP-2026,10950.75,10977.5,10788.6,10796.4,65466243,3268.22,0,0.0,0,0.0,0.0,0.0,0.0,0.0,0.0,50.0,1000.0,10914.3875,11057.147803918842,10771.62719608116,2.6160021149852266,0.08676362839954342,0.0,0.0,10919.84375,11038.975,10800.7125,2.181922245911263,-0.018099784901106915,0.0,1.0,10781.35,11046.4,10913.875,2.4284459389040314,0.056781739294470154,0.0,0.0,2.538759753369959,10.424088772564765,-7.885329019194806,10914.3875,10914.3875,10889.202967825518,10886.664208072149,0.600899778171032,0.6281361381819988,-0.027236360010966743,0.013950583546828717,7.776412402697398,279.5883064516147,-24.976675962661567,-23.397399905445,-1.5792760572165676,10913.875,10913.875,10913.875,10913.875,0.0,0.0,0.0,0.0,-82.23448239882121,11170.308568548391,11120.76794354839,8.0,24.0,-16.0,10899.05,10996.49908,0.0,0.0,36.86900464967195,0.0,0.0,0.0,89.01877780403291,46.66486678461183,5.6781739294470155,17.74974366809527,-94.32182607055299,-18.8018749999992,0.0,0.023319905021848122,0.09569030834433538,-0.07237040332248726,0.0,0.0,0.0,10933.4301325127,-0.6994743595049924,-0.7019321491810615,-0.6757222960758535
11-SEP-2026,10996.45,10996.45,10907.7,10937.0,74217169,3328.21,0,0.0,0,0.0,0.0,0.0,0.0,0.0,0.0,50.0,1000.0,10916.900000000001,11052.24403898543,10781.555961014574,2.47953244942113,0.5742552097257962,0.0,0.0,10922.866666666667,11038.622222222222,10807.111111111111,2.1195087166779563,0.5610481858322129,0.0,0.0,10781.35,11046.4,10913.875,2.427887037528962,0.5872476891152615,0.0,0.0,6.1635721388356615,9.571985445818946,-3.4084133069832845,10916.900000000001,10916.900000000001,10896.556357390824,10890.392785251988,0.6595502622372896,0.5907543949976832,0.0687958672396064,0.013178302372147954,8.780697774983631,277.07580645161397,-24.752224879021387,-23.547936013620152,-1.2042888654012351,10913.875,10913.875,10913.875,10913.875,0.0,0.0,0.0,0.0,32.23489336492995,11170.308568548391,11120.76794354839,8.0,24.0,-16.0,10781.35,10996.49908,1.0,0.0,55.24238997018998,0.0,0.0,0.0,86.54506899799442,47.496502673198734,58.72476891152615,32.92460542036093,-41.27523108847385,-27.30999999999949,0.0,0.056596417230997474,0.0878715301216678,-0.03127511289067033,0.0,0.0,0.0,10933.517859527712,1.3022859471675696,1.2938791124151194,0.617763814588046
10-SEP-2026,11027.2,11136.65,10995.65,11029.9,57781211,3079.8,0,0.0,0,0.0,0.0,0.0,0.0,0.0,0.0,50.0,1000.0,10928.2,11073.400027548207,10782.999972451795,2.657345721128932,0.8502065451269795,0.0,0.0,10935.986666666668,11054.266666666666,10817.706666666667,2.163133580996802,0.8969958291060752,0.0,0.0,10781.35,11136.65,10959.0,3.2512216101462204,0.6995496763298614,146.39000000000016,0.0,16.344110934982382,10.926410543651635,5.417700391330747,10928.2,10928.2,10917.070763946082,10900.7266530111,0.7169735506563285,0.5215989960332647,0.19537455462306386,0.014792405319597468,9.811391026040486,265.7758064516147,-23.74275333866955,-22.96875543958348,-0.7739978990860727,10959.0,10959.0,10959.0,10959.0,0.0,0.0,0.0,0.0,141.81398923904442,11170.308568548391,11120.76794354839,36.0,24.0,12.0,10785.652,10996.49908,0.0,0.0,62.92110288598084,0.0,0.0,0.0,84.63727182623128,47.88969494210213,69.95496763298615,44.78597015798643,-30.045032367013853,-16.05500000000029,0.0,0.14993597633665698,0.10028441936466564,0.049651556971991334,0.0,0.0,0.0,10934.926541928491,0.8494102587546903,0.8458230688088264,1.4724214225587229
09-SEP-2026,10999.05,11096.5,10980.55,11029.0,65849298,4304.11,0,0.0,0,0.0,0.0,0.0,0.0,0.0,0.0,50.0,1000.0,10937.363636363636,11087.447934439502,10787.27933828777,2.744432809692427,0.8052829803356333,0.0,0.0,10950.481666666668,11067.701666666668,10833.261666666667,2.1409103922217163,0.8349186714440042,0.0,0.0,10781.35,11136.65,10959.0,3.248497643606979,0.6970166056853367,143.3460000000002,0.0,24.062263998230264,13.55358123456736,10.508682763662904,10937.363636363636,10937.363636363636,10934.290646415915,10910.228382417685,0.7267625741563076,0.5744316799495238,0.1523308942067838,0.017889602052118536,10.824558300397882,256.6121700879794,-22.26846310396804,-22.897505119639074,0.6290420156710361,10959.0,10959.0,10959.0,10959.0,0.0,0.0,0.0,0.0,104.819673808108,11170.308568548391,11120.76794354839,36.0,24.0,12.0,10799.69192,10996.49908,0.0,0.0,62.80868052758711,0.0,0.0,0.0,83.04958066896204,45.745474146472596,69.70166056853367,66.12713237101532,-30.298339431466324,7.332272727273448,0.0,0.22054775715793143,0.12433708692331881,0.09621067023461262,0.0,0.0,0.0,10938.717676895672,-0.008159638799987157,-0.00815997171663696,1.4641416394890472
08-SEP-2026,11089.35,11114.2,10989.05,11044.75,46116248,2359.63,0,0.0,0,0.0,0.0,0.0,0.0,0.0,0.0,50.0,1000.0,10946.3125,11101.785338597829,10790.839661402171,2.8406431590150336,0.8165745891301129,0.0,0.0,10956.02,11078.550000000001,10833.49,2.236761159618194,0.8620745939769815,0.0,0.0,10781.35,11136.65,10959.0,3.245841921651691,0.7413453419645375,141.52640000000034,0.0,31.09144643811851,17.06115427527759,14.030292162840919,10946.3125,10946.3125,10951.28439312116,10920.19294668304,0.7488272224426435,0.5928086313760919,0.1560185910665517,0.022093640983575673,11.838145214105548,-76.46249999999964,-21.567453221866625,-22.81908737646223,1.2516341545956067,10959.0,10959.0,10959.0,10959.0,0.0,0.0,0.0,0.0,104.4727198233684,11170.308568548391,11120.76794354839,36.0,24.0,12.0,10813.1702432,10996.49908,0.0,0.0,64.02022008821609,0.0,0.0,0.0,81.75046507803717,44.941645594173785,74.13453419645376,71.26372079932452,-25.86546580354625,40.87249999999949,0.0,0.2847151748134853,0.1564127045013521,0.12830247031213318,0.0,0.0,0.0,10939.893502524197,0.14280533139903184,0.14270346155775826,1.609037843208494
07-SEP-2026,11193.95,11202.4,11075.1,11118.85,47062144,2345.31,0,0.0,0,0.0,0.0,0.0,0.0,0.0,0.0,50.0,1000.0,10959.584615384616,11134.991537380367,10784.177693388865,3.2009775580275535,0.9539883113029097,0.0,0.0,10972.42,11092.945,10851.895,2.1968717930957737,1.1074673304293745,1.0,0.0,10781.35,11202.4,10991.875,3.841842686345489,0.8015675097969376,143.13876000000027,0.0,42.1554332905871,22.080010078339495,20.075423212247603,10967.0625,10959.584615384616,10977.063717256366,10934.908283965779,0.7943657564516481,0.5668340964916809,0.22753165995996716,0.028143097904870233,12.85424924771557,45.615384615384755,-20.02279072905764,-22.72190046467847,2.69910973562083,10991.875,10991.875,10991.875,10991.875,0.0,0.0,0.0,0.0,159.13004945824738,11170.308568548391,11120.76794354839,48.0,24.0,24.0,10826.109433472,10996.49908,0.0,0.0,69.11742256592899,0.0,0.0,0.0,80.79846300648394,46.44509014241181,80.15675097969377,74.66431524822706,-19.84324902030624,78.06346153846061,2.2907399826124557,0.38551245420504365,0.20223265444209043,0.18327979976295322,0.0,0.0,0.0,10948.711761592942,0.6709069920097788,0.6686664268727327,2.2907399826124664
04-SEP-2026,11157.6,11238.45,11152.2,11187.65,49717026,2764.58,0,0.0,0,0.0,0.0,0.0,0.0,0.0,0.0,50.0,1000.0,10975.875,11181.713500320724,10770.036499679276,3.7507442517471103,1.0144202850050543,1.0,0.0,10992.939999999999,11114.175000000001,10871.705,2.2056883781772774,1.303027178620028,1.0,0.0,10781.35,11238.45,11009.900000000001,4.16458824467298,0.8888645810544715,140.7848840000003,0.7459295429286017,55.83171434832548,28.830350932336692,27.001363415988784,10982.266666666668,10975.875,11009.461606909232,10953.629892560906,0.8252587650580221,0.5588814904517382,0.2663772746062839,0.03634455869851023,13.817228400278688,-16.975000000000364,-18.297902953972905,-22.410527395027888,4.112624441054983,11009.900000000001,11009.900000000001,11009.900000000001,11009.900000000001,0.0,0.0,0.0,0.0,174.22827573901137,11170.308568548391,11120.76794354839,52.0,24.0,28.0,10848.68686746368,10996.49908,0.0,0.0,72.94926286774069,0.5715141669769547,0.0,0.0,80.13979625872057,45.567371128046226,88.88645810544716,81.05924776053156,-11.113541894552844,110.71607142857283,1.6578526514738388,0.5097097025913142,0.2637280640719352,0.245981638519379,0.0,0.0,0.0,10962.138152589578,0.6187690273724344,0.6168625124004734,2.9236833994949363
03-SEP-2026,11175.45,11218.1,11139.4,11164.65,43174621,2415.53,0,0.0,0,0.0,0.0,0.0,0.0,0.0,0.0,50.0,1000.0,10988.46,11208.492407310072,10768.427592689926,4.004790613244674,0.9003728408781871,0.0,0.0,11016.073333333334,11132.853333333334,10899.293333333333,2.120174702298653,1.1361391790831696,1.0,0.0,10781.35,11238.45,11009.900000000001,4.159818573303269,0.8385473638153554,134.57639560000035,0.7479503934902966,64.07573267734188,35.879427281337726,28.19630539600415,10999.4125,10988.46,11033.336744307811,10969.26101163047,0.9778742762613725,0.690369106699752,0.2875051695616204,0.04514609054786426,14.735991860494885,17.790000000000873,-16.467263319291035,-21.729605662596303,5.262342343305267,11009.900000000001,11009.900000000001,11009.900000000001,11009.900000000001,0.0,0.0,0.0,0.0,134.6512727572567,11170.308568548391,11120.76794354839,52.0,24.0,28.0,10879.867918066586,10996.49908,0.0,0.0,69.8299449309188,0.5221039221437774,0.0,0.0,79.1466399753239,49.979475500397555,83.85473638153555,84.29931515555882,-16.14526361846446,120.47666666666737,1.8774694540510455,0.5841390099971527,0.32781025325697877,0.25632875674017397,0.0,0.0,0.0,10978.215893478808,-0.2055838357474582,-0.20579544939387517,2.712088943269686
02-SEP-2026,11080.65,11182.45,11025.6,11178.85,70718982,3591.34,0,0.0,0,0.0,0.0,0.0,0.0,0.0,0.0,50.0,1000.0,11000.359375,11232.488814157201,10768.229935842799,4.2203973751030475,0.8844635683609356,0.0,0.0,11041.941666666668,11164.776666666668,10919.106666666667,2.224880436940078,1.0572855185139896,1.0,0.0,10781.35,11238.45,11009.900000000001,4.155318789300921,0.8696127761977679,136.80375604000034,0.7482457666510351,70.93727714962188,42.89099725499456,28.046279894627318,11013.795833333335,11000.359375,11055.723399029686,10984.786121880064,0.9023880211694846,0.7829095133600095,0.11947850780947511,0.054131611520313934,15.735633255949484,-51.65937499999927,-13.102709546293251,-20.577581894977996,7.474872348684745,11013.525000000001,11009.900000000001,11011.712500000001,11009.900000000001,0.0,0.0,20.831398049233577,17.163562288109215,90.3012994498418,11170.308568548391,11120.76794354839,52.0,24.0,28.0,10908.55448462126,10996.49908,0.0,0.0,70.66398150780634,0.7976856427982764,0.6304345773063361,0.0,78.34084102873848,52.81114612960573,86.96127761977678,86.56749070225317,-13.038722380223215,127.08250000000226,1.568199886428169,0.6457774995575503,0.3914037025170931,0.25437379704045715,0.0,0.0,0.0,11016.321989420232,0.12718714872388404,0.12710633438626218,2.8427255205913715
01-SEP-2026,11063.6,11151.7,11013.55,11142.3,59476364,3147.27,0,0.0,0,0.0,0.0,0.0,0.0,0.0,0.0,50.0,1000.0,11008.70882352941,11243.604705934644,10773.812941124177,4.2674556330017515,0.7843625335247948,0.0,0.0,11067.038333333334,11191.738333333333,10942.338333333333,2.2535387742248987,0.8017709168671469,0.0,0.0,10781.35,11238.45,11009.900000000001,4.152167228031501,0.7896521548895179,139.65338043600042,0.7476401904610712,72.58905954642796,48.83060971328124,23.75844983314672,11029.929166666667,11008.70882352941,11069.042876102043,10996.453816555615,0.9104721952217725,0.7980252724203192,0.1124469228014533,0.062086850016923094,16.761651599846793,-151.35882352941007,-10.693859416018489,-18.990602278684324,8.296742862665836,11073.075,11009.900000000001,11041.487500000001,11009.900000000001,0.0,0.0,19.09130145457456,16.3387812739214,66.41916884924959,11170.308568548391,11120.76794354839,52.0,24.0,28.0,10934.946125851558,10996.49908,0.0,0.0,65.63448192881958,0.6789709704533523,0.6662535117984687,0.0,76.91244958367058,57.34585762661856,78.96521548895178,83.26040983008804,-21.034784511048212,128.81117647059,1.7682464584836421,0.6601133488792735,0.44514563178952926,0.21496771708974427,0.0,0.0,0.0,11032.99929962382,-0.32695670842708413,-0.3274923798006313,2.5064743303725434
31-AUG-2026,11040.8,11104.2,10969.0,11103.8,108009305,6440.2,0,0.0,0,0.0,0.0,0.0,0.0,0.0,0.0,50.0,1000.0,11013.991666666667,11246.38898031054,10781.594353022794,4.220037942233282,0.6932215392793986,0.0,0.0,11087.521666666667,11206.851666666667,10968.191666666666,2.1525098861137284,0.568207212491966,0.0,0.0,10781.35,11238.45,11009.900000000001,4.150175647793454,0.7054255086414322,143.0180423924003,0.7740087190850575,69.98474023285416,53.06143581719583,16.923304415658336,11050.466666666667,11013.991666666667,11074.390125932498,11004.405385699643,0.8549186128803966,0.7979354271908626,0.05698318568953398,0.0681940644294559,17.79919837739114,-141.54166666666606,-7.9101623295388,-17.119261995408483,9.209099665869683,11103.725,11009.900000000001,11056.8125,11009.900000000001,0.0,0.0,17.445945582251706,17.146156004939357,34.025737434337984,11170.308568548391,11120.76794354839,52.0,24.0,28.0,10959.226435783434,10996.49908,0.0,0.0,60.73109865027661,0.6613615084565745,0.7126727072360678,0.6697869321136242,74.89268312112539,60.850162504069665,70.54255086414322,78.82301465762392,-29.45744913585678,106.96361111111219,2.2698909033972274,0.6359702117462901,0.48331054778088145,0.15265966396540864,0.0,0.0,0.0,11046.141258552514,-0.3455300970176767,-0.3461284309375756,2.1522836101694143
28-AUG-2026,11079.15,11089.3,11030.9,11067.7,43684190,1895.79,0,0.0,0,0.0,0.0,0.0,0.0,0.0,0.0,50.0,1000.0,11016.81842105263,11244.285511119988,10789.351330985273,4.129451559856486,0.6118438252590807,0.0,0.0,11099.08,11215.375,10982.785,2.0955790930419473,0.3650844834257742,0.0,0.0,10781.35,11238.45,11009.900000000001,4.1491107734561865,0.6264493546269966,136.00623815316024,0.8134310497154694,64.26700014121707,55.30254868200008,8.964451459216988,11066.737500000001,11016.81842105263,11073.360875789036,11009.093875647819,0.907504012841091,0.7867425762439814,0.12076143659710958,0.07201864237573796,18.739919520382657,-220.41842105263095,-6.493631456600156,-15.202692897400773,8.709061440800618,11103.725,11009.900000000001,11056.8125,11009.900000000001,98.70644264094835,0.0,16.790405655795485,16.501880818278245,35.67904504080189,11170.308568548391,11120.76794354839,52.0,24.0,28.0,10969.0,10996.49908,0.0,0.0,56.470993084636646,0.5432884741702918,0.6278736510267395,0.6689332900204253,72.40071083617272,61.7351916650249,62.64493546269966,70.71756727193154,-37.35506453730034,77.41342105263175,1.7958233884726993,0.5837628497598341,0.503401008176672,0.08036184158316206,0.0,0.0,0.0,11047.608467550028,-0.3251139249626167,-0.3256435685585757,1.8201723114854351
27-AUG-2026,11173.35,11203.75,11060.65,11060.65,51170570,2572.46,0,0.0,0,0.0,0.0,0.0,0.0,0.0,0.0,50.0,1000.0,11019.01,11241.53919493855,10796.48080506145,4.039005227122038,0.5935607573008522,0.0,0.0,11104.508333333335,11221.013333333332,10988.003333333332,2.09833693672465,0.31177488805917075,0.0,0.0,10781.35,11238.45,11009.900000000001,4.148285553783873,0.6110260336906564,136.71561433784424,0.7892928286372112,58.49250861482324,55.940540668564715,2.5519679462585216,11088.758333333333,11019.01,11071.405356436877,11012.912847822054,0.9596598234652384,0.7063126053753849,0.2533472180898535,0.07388230886559907,19.734831838126702,-82.01000000000022,-5.4724267789261365,-13.336466639062783,7.864039860136646,11103.725,11009.900000000001,11056.8125,11009.900000000001,88.91413772001297,0.0,21.440316629251367,15.28754405042196,67.01638184561693,11170.308568548391,11120.76794354839,52.0,24.0,28.0,10969.0,10996.49908,0.0,0.0,55.649997221543245,0.5205337627674158,0.5750612484647607,0.6385358689091892,70.11789346775898,56.7122370784226,61.10260336906564,64.7633632319695,-38.89739663093436,62.243749999999636,2.4475751176318035,0.5311265913303844,0.5089461248074145,0.0221804665229699,0.0,0.0,0.0,11047.806758476621,-0.06369887149092479,-0.06371916784146947,1.7553140107729126
26-AUG-2026,11211.35,11248.4,11146.05,11149.35,37786681,1673.52,0,0.0,0,0.0,0.0,0.0,0.0,0.0,0.0,50.0,1000.0,11032.984999999999,11251.356248336402,10814.613751663595,3.9585161828173137,0.7664384640526027,0.0,0.0,11119.1,11234.244999999999,11003.955,2.071120864098704,0.6313561162013159,0.0,0.0,10781.35,11248.4,11014.875,4.233215217821826,0.7879242051172264,141.81905290405982,0.7251158347100067,60.377536523033996,56.82793983945858,3.549596683575416,11106.454166666665,11025.216666666665,11083.396840061972,11023.019303538938,0.9836439072355324,0.642012614816415,0.3416312924191174,0.0757926682101618,20.709530212074966,-3.084999999999127,-2.767927531319266,-11.247630451224186,8.47970291990492,11108.7,11014.875,11061.7875,11014.875,84.33196078652578,0.0,21.660827403548517,13.847721369766067,113.1620557431151,11170.308568548391,11120.76794354839,80.0,24.0,56.0,10990.556,10996.49908,0.0,0.0,62.9485947246507,0.7228216028098788,0.5955479465825289,0.5994942820246764,68.5258037305603,54.917914188881845,78.45802522836028,67.40185468670852,-21.54197477163972,72.48571428571267,1.941574471975865,0.5477404589471216,0.516704991635356,0.031035467311765652,0.0,0.0,0.0,11053.874611913972,0.8019420196824001,0.7987435531864762,2.571332631085066
25-AUG-2026,11177.25,11216.9,11132.7,11214.9,54323295,2246.72,0,0.0,0,0.0,0.0,0.0,0.0,0.0,0.0,50.0,1000.0,11043.470000000001,11275.225201451876,10811.714798548126,4.197144583212977,0.8698514616415127,0.0,0.0,11132.983333333334,11244.033333333333,11021.933333333332,1.9949728958545137,0.868827855320427,0.0,0.0,10781.35,11248.4,11014.875,4.229196076957688,0.9282732041537307,136.05714761365374,0.5158772328775194,66.39540697507437,58.74143326658174,7.653973708492629,11121.870833333334,11033.838636363636,11103.628095437054,11037.23268846198,0.9723758301138808,0.6777011842537193,0.29467464586016157,0.07867049048595413,21.64670589304661,-14.470000000001164,0.03411077343860869,-9.019085839835714,9.053196613274324,11108.7,11014.875,11061.7875,11014.875,82.6840157379515,0.0,20.71840741848726,13.935058764372476,106.5116175620166,11170.308568548391,11120.76794354839,80.0,24.0,56.0,11016.340400000001,10996.49908,0.0,0.0,67.23933503791002,0.6775304220645032,0.6402952625472659,0.6036348191981852,67.46673304759449,60.064569615997904,90.16730261226883,76.57597706989824,-9.832697387731173,84.30545454545609,1.6772590866644306,0.6015584598889747,0.5336756852860798,0.06788277460289494,0.0,0.0,0.0,11067.50225273659,0.5879266504325242,0.5862051060178786,3.1743768313270193
24-AUG-2026,11200.3,11267.3,11154.2,11197.0,48289123,2225.2,0,0.0,0,0.0,0.0,0.0,0.0,0.0,0.0,50.0,1000.0,11055.375,11292.91959055091,10817.83040944909,4.297359258295798,0.7981019261931951,0.0,0.0,11140.388333333332,11250.018333333333,11030.758333333333,1.9681540125845425,0.7581942290735503,0.0,0.0,10781.35,11267.3,11024.325,4.39559942561875,0.8553349109990751,133.76143285228824,0.4895630736358224,68.925699699892,60.778286553243795,8.147413146648198,11135.870833333334,11040.932608695653,11117.993003831354,11049.067304131462,0.9783435453200939,0.7050760616944873,0.2732674836256066,0.0815932673214999,22.60200167192106,-10.625,2.6422269873794724,-6.692404735241006,9.334631722620479,11118.15,11024.325,11071.2375,11024.325,86.74200034993024,0.0,22.130213277587693,13.109959871212862,109.05052950626505,11170.308568548391,11120.76794354839,88.0,24.0,64.0,11039.54636,10996.49908,0.0,0.0,65.02485407656627,0.5419222437967312,0.6474247562237044,0.6277559884511664,66.15546194095849,54.23658765830228,76.43312101910847,81.68614961991251,-23.566878980891534,111.53239130434667,1.523256868256415,0.6238146424732097,0.5517034767235058,0.07211116574970389,0.0,0.0,0.0,11071.850607843671,-0.15960909147650915,-0.15973660248445043,3.0097011458299683
21-AUG-2026,11178.45,11207.85,11156.9,11182.75,51404594,2103.68,0,0.0,0,0.0,0.0,0.0,0.0,0.0,0.0,50.0,1000.0,11064.2,11306.848171227395,10821.551828772606,4.386185557516935,0.7442837285777476,0.0,0.0,11139.361666666668,11245.461666666666,11033.261666666665,1.904956552716896,0.7044690543512445,0.0,0.0,10781.35,11267.3,11024.325,4.392093418412528,0.8260109064718604,125.48028956705949,0.4955220184202373,68.98589257887761,62.41980775837056,6.566084820507051,11147.370833333334,11046.841666666667,11127.955618626529,11058.969726047651,0.9612496417311559,0.8280022929206082,0.13324734881054767,0.08400221148542389,23.480891941939092,54.649999999999636,4.017203316672541,-4.416352886800609,8.433556203473149,11118.15,11024.325,11071.2375,11024.325,92.01384926170257,0.0,21.512268485660403,12.743888775413877,82.92662645628982,11170.308568548391,11120.76794354839,88.0,24.0,64.0,11066.8767968,10996.49908,0.0,0.0,63.23926359651913,0.43870453984525554,0.55271906856883,0.6134796957799334,64.70104717326464,51.67102661589301,71.65605095541419,79.41882486226383,-28.343949044585813,130.20020833333365,1.2494624142692228,0.6238003565231964,0.566122852683444,0.05767750383975245,0.0,0.0,0.0,11072.443997238785,-0.12726623202643506,-0.12734728427084008,2.878604580559996
20-AUG-2026,11218.05,11218.05,11104.3,11178.15,48060570,2088.28,0,0.0,0,0.0,0.0,0.0,0.0,0.0,0.0,50.0,1000.0,11075.6725,11317.086112861825,10834.258887138176,4.359349066376326,0.7122446592492964,0.0,0.0,11138.64,11248.244999999999,11029.035,1.968014048393692,0.6802381278226376,0.0,0.0,10781.35,11267.3,11024.325,4.38754396177748,0.8165449120279867,124.30726061035355,0.5031971019966319,67.87993665696013,63.51183353808848,4.368103118871645,11152.3125,11052.094,11135.677831145525,11067.797894488565,0.9396774378694838,0.7988865293003515,0.14079090856913223,0.08571379782128821,24.40543551862602,111.97749999999905,5.213731953329212,-2.3811927201758905,7.594924673505103,11118.15,11024.325,11071.2375,11024.325,96.00692463085129,0.0,20.1588802931104,14.851319753302237,65.35126640446344,11170.308568548391,11120.76794354839,88.0,24.0,64.0,11090.927581184,10996.49908,0.0,0.0,62.641277983074815,0.4041374301381589,0.4615880712600486,0.5539106320175277,63.345771754978756,49.83754624552949,70.11397921555486,72.73438373002584,-29.88602078444514,131.5189999999984,0.5333285366741999,0.6133102294067216,0.5755603280280995,0.03774990137862211,0.0,0.0,0.0,11073.293612606212,-0.04113478348349853,-0.04114324615649423,2.8362856893149324
19-AUG-2026,11253.7,11274.55,11143.95,11176.9,92246679,4156.47,0,0.0,0,0.0,0.0,0.0,0.0,0.0,0.0,50.0,1000.0,11091.65,11314.755062694683,10868.544937305316,4.022937303190842,0.6910534861251973,0.0,0.0,11145.59,11252.57,11038.609999999999,1.9196830315846978,0.6463357636941497,0.0,0.0,10781.35,11274.55,11027.95,4.446588199230943,0.8020072992700733,124.93653454931805,0.5112807201298614,66.14017134312599,64.03750109909599,2.1026702440299943,11151.416666666666,11056.89423076923,11142.019703276983,11075.879531933857,0.957688456587042,0.7773136890287526,0.1803747675582894,0.08669222501475023,24.388273334489483,73.0,5.891351709294315,-0.5383914840300232,6.429743193324338,11121.775,11027.95,11074.8625,11027.95,98.00346231542565,0.0,21.826309620657746,13.779444284125264,83.39605909629704,11170.308568548391,11120.76794354839,100.0,24.0,76.0,11104.3,10996.49908,0.0,0.0,62.468415285847406,0.3941449425515309,0.41232897084498177,0.4755453702246202,62.147793295856914,47.170943823242794,68.0412371134021,69.93708909479038,-31.958762886597896,127.94307692307666,-0.0960880971428316,0.5971550264015725,0.5798792677027942,0.017275758698778287,0.0,0.0,0.0,11073.77690179413,-0.011182530204012497,-0.011183155495508856,2.8247859906070483
18-AUG-2026,11205.7,11300.75,11196.8,11231.15,68057376,3650.8,0,0.0,0,0.0,0.0,0.0,0.0,0.0,0.0,50.0,1000.0,11109.585,11316.39779965224,10902.772200347757,3.7231417672620837,0.7939010549743865,0.0,0.0,11159.628333333332,11263.188333333335,11056.068333333333,1.8559757889189197,0.8453151152310966,0.0,0.0,10788.6,11300.75,11044.675,4.609983181189933,0.8641023137752604,124.8278810943863,0.5112807201298614,68.35100853208132,64.90020258569305,3.4508059463882716,11156.958333333334,11070.790384615386,11155.732056618985,11087.381048086903,0.9435806178710003,0.8151929752909954,0.1283876425800049,0.08793029596084499,24.44015985228812,69.26500000000124,7.38356725204117,1.1609118028121956,6.2226554492289745,11165.825,11041.05,11103.4375,11041.05,99.00173115771283,0.0,21.78019937184867,12.833507387869837,115.55040280626737,10900.675,10900.675,100.0,20.0,80.0,11104.3,10996.49908,0.0,0.0,66.75613684140735,0.6420006402008952,0.480094337630195,0.45133712657840847,61.455819759610065,51.54577526123689,79.0203466465711,72.39185432517603,-20.979653353428898,135.73629629629613,0.5956299570519452,0.616475687411096,0.5871985516444546,0.029277135766641482,0.0,0.0,0.0,11081.92585351997,0.48537608818186584,0.4842019362826022,3.323872914529624
17-AUG-2026,11212.25,11244.25,11131.6,11208.5,70110990,3472.63,0,0.0,0,0.0,0.0,0.0,0.0,0.0,0.0,50.0,1000.0,11130.189999999999,11283.203517703492,10977.176482296505,2.749522114240522,0.7558924243273356,0.0,0.0,11173.206666666667,11274.511666666667,11071.901666666668,1.8133558793327498,0.6741934422453599,0.0,0.0,10907.7,11300.75,11104.225,3.5313862566586853,0.7652970360005084,123.61009298494764,0.5141138657794126,67.49737945183733,65.41963795892191,2.077741492915422,11159.429166666667,11078.609615384617,11163.850201754525,11096.352822302688,0.8795254833040433,0.8881956649091992,-0.008670181605155869,0.08871034674144111,24.450241794497035,12.110000000000582,8.690293348174174,2.8480145588982326,5.842278789275942,11180.7,11041.05,11110.875,11041.05,99.5008655788564,16.78063892249096,20.4079006400226,15.671636943584536,68.6028241435296,10930.875,10930.875,96.0,16.0,80.0,11104.3,11300.75,0.0,1.0,63.494619125110106,0.5224876857466958,0.5195444228330407,0.4706559104360724,60.239464677499356,53.82855286217153,72.19291635267521,73.0848333708828,-27.80708364732479,126.84285714285761,0.2652330069729859,0.6082843663385826,0.5914157145832802,0.01686865175530239,0.0,0.0,0.0,11090.908004186977,-0.20167124470779063,-0.20187487498439793,3.1154983739426045
14-AUG-2026,11240.6,11241.6,11161.95,11200.05,63904656,2923.89,0,0.0,0,0.0,0.0,0.0,0.0,0.0,0.0,50.0,1000.0,11143.3425,11270.750475711873,11015.934524288128,2.2867102166494924,0.7225429753638034,0.0,0.0,11187.063333333334,11290.493333333334,11083.633333333335,1.8491001064026524,0.5627799800186838,0.0,0.0,10969.0,11300.75,11134.875,2.9771139135317792,0.6964581763376014,119.21408368645284,0.5164989626110537,65.38530675988659,65.41277171911484,-0.027464959228254315,11164.241666666667,11087.884615384615,11169.419401484598,11104.034094724711,0.9048566995520966,0.8778945519482433,0.026962147603853293,0.08882405875654295,24.472915114265803,-39.54250000000138,9.690378472734276,4.532770697971611,5.157607774762664,11202.525,11041.05,11121.787499999999,11041.05,99.7504327894282,16.519685065174034,19.4736294014683,14.954191287820121,69.78463545496764,10941.9,10941.9,92.0,12.0,80.0,11104.3,11300.75,0.0,0.0,62.27226678993343,0.44107343141747996,0.5351872524550236,0.5116086709727531,58.95453602807622,50.99201145370388,69.64581763376015,73.61969354433548,-30.354182366239858,126.2153448275858,0.5182951455265071,0.5888428133605043,0.590901134338725,-0.0020583209782207845,0.0,0.0,0.0,11103.86026774792,-0.07538921354329764,-0.07541764550147434,3.037760410677226
13-AUG-2026,11292.95,11293.5,11188.35,11252.55,59078309,2803.99,0,0.0,0,0.0,0.0,0.0,0.0,0.0,0.0,50.0,1000.0,11154.475,11279.168534315124,11029.781465684877,2.2357580130866497,0.8932641757997865,0.0,0.0,11200.708333333332,11300.343333333334,11101.073333333334,1.7790839121037774,0.7601579097037447,0.0,0.0,10969.0,11300.75,11134.875,2.9741426647152824,0.8547098718914824,117.80767531780752,0.5160709662337037,67.1734514398704,65.76490766326596,1.4085437766044464,11176.637499999999,11097.357692307693,11182.20872433312,11115.03527289325,0.9865358490566053,0.8212226415094356,0.16531320754716972,0.0892420017480748,24.48301387857357,-86.77499999999964,10.96125417993526,6.058235332555448,4.903018847379812,11202.525,11041.05,11121.787499999999,11041.05,99.8752163947141,16.806964875906846,21.299808748903857,14.040369782150355,113.27149117417879,10941.9,10941.9,88.0,8.0,80.0,11104.3,11297.367,0.0,0.0,66.5774035067504,0.9428844389862528,0.6354818520501428,0.5634045091127358,58.253167508396295,51.79140845406495,85.47098718914823,75.76990705852785,-14.529012810851764,136.65333333333365,1.3396314775122031,0.6043476227528436,0.5935904320215488,0.010757190731294775,0.0,0.0,0.0,11129.415281668606,0.46874790737541083,0.46765270552899807,3.520747756408782
12-AUG-2026,11289.25,11307.9,11189.1,11293.9,70235586,3078.29,0,0.0,0,0.0,0.0,0.0,0.0,0.0,0.0,50.0,1000.0,11167.72,11292.563215274185,11042.876784725813,2.2357869873919864,1.005353854123663,1.0,0.0,11208.945,11310.225,11107.664999999999,1.8071281463152982,0.9194065955766162,0.0,0.0,10969.0,11307.9,11138.45,3.034639120608322,0.95868987902036,117.90690778602671,0.5045715672690609,71.1074855744464,66.83342324550205,4.274062328944353,11195.487500000001,11110.634615384615,11199.391997512641,11128.284511938195,1.0109644354713485,0.8048765336232347,0.20608790184811376,0.09039959586762837,24.541692064092118,-107.06999999999971,11.675229299451424,7.351692946556871,4.3235363528945525,11206.099999999999,11044.625,11125.3625,11044.625,99.93760819735705,17.21486239576645,20.664594632137586,13.068691708474825,131.4367680539594,10941.9,10941.9,100.0,4.0,96.0,11131.6,11297.367,1.0,0.0,69.5268745006697,1.0,0.7946526234679109,0.6551072426576924,57.98796788784809,55.27047610375314,95.868987902036,83.66193090831479,-4.131012097964006,139.10258064516165,2.0437850682616885,0.6389797591727975,0.6026682974517985,0.03631146172099897,0.0,0.0,0.0,11152.220547856583,0.36747226184288273,0.3667987320458366,3.90115778966591
11-AUG-2026,11279.3,11302.25,11220.5,11279.1,104285262,5883.48,0,0.0,0,0.0,0.0,0.0,0.0,0.0,0.0,50.0,1000.0,11179.4375,11299.826062060507,11059.048937939493,2.153749901289881,0.9139201361584096,0.0,0.0,11216.856666666667,11317.891666666666,11115.821666666667,1.8014850862853113,0.8080285709572618,0.0,0.0,10969.0,11307.9,11138.45,3.0314584253456367,0.9150191796990284,114.29121700742402,0.46443022785428084,72.19873755367917,67.90648610713748,4.292251446541684,11213.691666666666,11126.85576923077,11211.654767126081,11139.456029572402,1.086747464102227,0.7906402318535111,0.29610723224871593,0.0915584221024982,24.541544369630202,-30.087499999999636,12.045727422898937,8.396526328281256,3.6492010946176805,11206.099999999999,11044.625,11125.3625,11044.625,99.96880409867853,17.593624378493224,19.656489513454655,12.431146417104168,132.45093259146657,10937.5,10937.5,96.0,0.0,96.0,11135.126,11297.367,0.0,0.0,67.23969340326718,0.8351804190959524,0.926021619360735,0.7853853649595962,57.3007982471054,54.93181294437259,89.60288808664286,90.31428772594238,-10.397111913357138,136.15703125000073,1.9750195512922002,0.6481352173931116,0.6117616814400612,0.036373535953050484,0.0,0.0,0.0,11158.999506707529,-0.13104419199744255,-0.131130129984669,3.765001356964448
10-AUG-2026,11313.6,11318.0,11226.8,11270.45,61959022,2776.75,0,0.0,0,0.0,0.0,0.0,0.0,0.0,0.0,50.0,1000.0,11187.0175,11310.24925838637,11063.78574161363,2.203120865527736,0.8385186622851479,0.0,0.0,11223.414999999999,11322.26,11124.57,1.7614068445299451,0.7379230107744481,0.0,0.0,10969.0,11318.0,11143.5,3.119687620047077,0.8637535816618932,111.98209530668169,0.36968244920678495,71.54090092710794,68.63336907113158,2.9075318559763588,11223.783333333333,11142.163461538461,11220.700187568222,11149.159286641114,1.058965180605272,0.7826228441262605,0.2763423364790115,0.09233211746568058,24.424157096891037,27.88249999999971,12.329268841199674,9.320089164339826,3.0091796768598478,11211.15,11053.3,11132.224999999999,11049.675,99.98440204933927,18.114573210384656,19.524347118972035,11.742896866390806,127.01296069852289,10913.875,10913.875,100.0,0.0,100.0,11138.58148,11297.367,0.0,0.0,65.87570032284276,0.7368879104149011,0.8573561098369512,0.8593434508885324,56.43570998121766,57.516009272590836,81.52321740819926,88.99836446562604,-18.476782591800742,147.58363636363538,1.086161973567969,0.6416708120120591,0.6177435075544607,0.023927304457598386,0.0,0.0,0.0,11166.712551678582,-0.0766905160872744,-0.0767199383073347,3.685423441905833
07-AUG-2026,11276.5,11344.45,11238.95,11312.2,56530860,2939.82,0,0.0,0,0.0,0.0,0.0,0.0,0.0,0.0,50.0,1000.0,11193.244999999999,11328.0225608178,11058.467439182197,2.408194599828767,0.9413012050307484,0.0,0.0,11235.018333333333,11339.318333333333,11130.718333333334,1.8566947895501003,0.8699984020453875,0.0,0.0,10969.0,11344.45,11156.725,3.354255178011388,0.91410307630843,111.33388577601352,0.21123400164776882,73.5407052689443,69.61483631069413,3.925868958250163,11231.891666666668,11162.001923076925,11234.777081788496,11161.236376519551,1.0487023817466155,0.8358796450730531,0.21282273667356233,0.09336851223106515,24.392808652155715,3.7550000000010186,13.336829893763069,10.22265560216581,3.1141742915972586,11238.025000000001,11126.075,11182.050000000001,11062.900000000001,99.99220102466964,18.879482380087126,19.882236237954384,10.985217076999737,143.13506194106597,10913.875,10913.875,100.0,0.0,100.0,11145.7582208,11297.367,0.0,0.0,69.13061409817115,0.9453781075009584,0.8391488123372707,0.8741755138449857,56.08654171877653,61.98693705692576,86.57089319175523,85.89899956219911,-13.429106808244766,159.8542647058821,0.8675957877466682,0.6588938965906639,0.6259735853617013,0.03292031122896255,0.0,0.0,0.0,11187.280787732727,0.370437737623619,0.36975330677577745,4.069513378749479
06-AUG-2026,11244.75,11334.45,11189.85,11304.3,89054988,4803.73,0,0.0,0,0.0,0.0,0.0,0.0,0.0,0.0,50.0,1000.0,11200.2275,11342.611057600576,11057.843942399426,2.542511883809055,0.8654653028545276,0.0,0.0,11245.955,11353.34,11138.570000000002,1.9097533290858681,0.7716627089444467,0.0,0.0,10969.0,11344.45,11156.725,3.352164052024843,0.8930616593421191,114.66049719841222,0.19130313204769486,73.63923339694884,70.41971572794507,3.219517669003764,11240.833333333334,11176.128846153848,11245.472915359496,11171.833681962547,1.0164176541301746,0.9272196462304647,0.08919800789970989,0.09420948633863656,24.4085309307118,-17.477500000000873,14.539603446051288,11.183572461805475,3.3560309842458125,11238.025000000001,11156.725,11197.375,11062.900000000001,99.99610051233482,18.717147208287155,18.153345141639797,12.98265499274226,101.61793581850021,10913.875,10913.875,96.0,32.0,64.0,11157.679727552,11297.367,0.0,0.0,67.81253636210835,0.7636897531999879,0.8153185903719491,0.837274504182057,55.51757640367544,64.3082526993097,83.28128253175048,83.79179771056833,-16.718717468249515,153.4676470588238,0.9582923997499265,0.6591508206557251,0.6326090324205061,0.02654178823521891,0.0,0.0,0.0,11202.794490348002,-0.06983610615088898,-0.06986050291875046,3.9968352829155673
05-AUG-2026,11308.1,11321.95,11163.2,11216.05,100221410,5330.1,0,0.0,0,0.0,0.0,0.0,0.0,0.0,0.0,50.0,1000.0,11202.0875,11344.277196796202,11059.897803203798,2.5386285689377455,0.5490981425328301,0.0,0.0,11249.481666666667,11359.681666666667,11139.281666666666,1.9592013795006091,0.3483136721113109,0.0,0.0,10969.0,11344.45,11156.725,3.351607457092267,0.6580103875349549,119.06944747857099,0.2969849483948074,65.83734821635699,69.50324222562746,-3.665894009270474,11243.608333333332,11183.288461538461,11240.946312996495,11175.108964780138,1.006926746389597,0.9183493432660257,0.08857740312357132,0.09313956606731696,24.505331761051274,-23.9375,14.632012585702203,11.9889552766567,2.6430573090455027,11238.025000000001,11156.725,11197.375,11062.900000000001,49.99805025616741,18.12896676976834,16.46100067732343,13.33735225465392,45.379681474061776,10959.0,10959.0,92.0,28.000000000000004,64.0,11157.679727552,11344.45,0.0,1.0,55.16024695103402,0.0,0.5696892869003154,0.7413855632031784,51.94276339303402,60.37277319708077,46.53341661461558,72.12853077937375,-53.46658338538442,144.80470588235403,0.2977800630435204,0.589142785308423,0.6239157829980896,-0.034772997689666574,0.0,0.0,0.0,11203.031583576141,-0.7806763797846838,-0.7837396108639538,3.184956554138263
04-AUG-2026,11342.6,11342.8,11196.75,11226.3,67722023,3025.37,0,0.0,0,0.0,0.0,0.0,0.0,0.0,0.0,50.0,1000.0,11206.2875,11346.107705531947,11066.467294468053,2.4953885134920384,0.5715651215211035,0.0,0.0,11250.720000000001,11365.130000000001,11136.310000000001,2.033825390730546,0.39327855956646307,0.0,0.0,10969.0,11344.45,11156.725,3.350351309476941,0.6853109601811127,121.76750273071382,0.35716633376086165,59.79214075901473,67.56102193230491,-7.768881173290183,11247.620833333332,11190.876923076923,11238.693034073958,11178.900893314943,1.0144890452582758,0.9389732928194469,0.07551575243882891,0.09083617407452427,24.61589349729924,-29.387500000000728,14.285198414200293,12.610611395104048,1.6745870190962453,11253.2,11156.725,11204.962500000001,11062.900000000001,24.999025128083705,17.853750704935987,16.27624321611322,12.209618201247972,65.69001775228554,10959.0,10959.0,88.0,24.0,64.0,11163.2,11344.45,1.0,0.0,56.18282700667856,0.071177459853511,0.27828907101783296,0.5544323160966992,49.08811027861422,55.368851067061605,50.801582344367795,60.205427163577944,-49.198417655632205,137.7479411764707,0.43075106345861913,0.534866006324207,0.6061058276633131,-0.07123982133910611,0.0,0.0,0.0,11203.160258536724,0.09138689645642462,0.09134516405566728,3.279254083542993
03-AUG-2026,11312.4,11358.2,11265.65,11357.4,99329786,3638.95,0,0.0,0,0.0,0.0,0.0,0.0,0.0,0.0,50.0,1000.0,11218.967499999999,11365.161960479852,11072.773039520145,2.606201693335036,0.9734533016696536,0.0,0.0,11263.95,11376.35,11151.55,1.995747495328025,0.9157028469750862,0.0,0.0,11030.9,11358.2,11194.55,2.9173807660999205,0.997555759242282,122.78075245764258,0.3488520063016163,64.83259485073722,67.01533651599138,-2.182741665254156,11262.6625,11202.901923076923,11256.955644216425,11192.123049365688,1.0301058265417833,0.8725215910473175,0.15758423549446576,0.08993663125645418,24.652247550151323,12.1825000000008,15.36750925874706,13.241403704661023,2.1261055540860365,11260.7,11163.6,11212.150000000001,11069.775000000001,27.081135815678305,17.797852010973333,15.926644627561831,11.2818384943516,146.0117746005059,10959.0,10959.0,100.0,20.0,80.0,11163.2,11344.45,0.0,0.0,66.6566796693314,0.8002179132561216,0.29046512436987754,0.3794811607626753,48.31400357893102,58.012357250700916,99.68491532099209,65.67330475999182,-0.3150846790079113,135.8382352941171,1.614937952383935,0.5792698540283794,0.6007386329363265,-0.021468778907947073,0.0,0.0,0.0,11215.767576432398,1.1677934849416038,1.1610274017977318,4.485342484026922
31-JUL-2026,11146.35,11265.85,11090.75,11247.7,88817222,3236.52,0,0.0,0,0.0,0.0,0.0,0.0,0.0,0.0,50.0,1000.0,11227.9675,11356.95416704352,11098.980832956482,2.297596017151253,0.5764904639071826,0.0,0.0,11263.973333333333,11385.918333333333,11142.028333333332,2.165221745316643,0.433275930405791,0.0,0.0,11060.65,11358.2,11209.425,2.6500789212295195,0.6286338430515893,137.16767721187827,0.42504887466926916,59.2918384285731,65.47063689850773,-6.178798469934634,11264.041666666666,11207.857692307694,11255.531698952358,11196.239860523785,0.9085471036670199,0.8894886205553388,0.019058483111681013,0.0879055973200506,24.80879631490728,-19.467500000000655,15.935123264663831,13.794055825186419,2.1410674394774123,11224.475,11163.6,11194.0375,11069.775000000001,13.540567907839153,17.691342090564156,13.665850900958713,18.99113130457782,-37.690231211610175,10991.875,10991.875,96.0,16.0,80.0,11163.2,11358.2,0.0,1.0,54.84329681212904,0.0,0.29046512436987754,0.286406439919196,43.97914773840823,57.48278216136888,58.68386614320445,69.72345460285477,-41.31613385679555,106.14132352941306,0.14735801765626041,0.529569205083101,0.5865047473656815,-0.056935542282580465,0.0,0.0,0.0,11216.236588723255,-0.9658900804761505,-0.9705850553721973,3.4761289254221506
30-JUL-2026,11087.25,11162.5,11060.9,11127.75,61728126,3467.68,0,0.0,0,0.0,0.0,0.0,0.0,0.0,0.0,50.0,1000.0,11231.322499999998,11345.34976198149,11117.295238018507,2.030522442597324,0.04584325625213198,0.0,0.0,11251.198333333334,11372.788333333334,11129.608333333334,2.161369774093695,-0.007641801683253449,0.0,1.0,11060.9,11358.2,11209.55,2.647061376788006,0.22485704675412083,142.13090949069056,0.6815490020301871,44.70643851458772,61.31779722172373,-16.611358707136013,11257.3125,11205.553846153847,11235.872976036611,11191.166537522024,0.8278476231586894,0.9331193007068469,-0.10527167754815747,0.0829258969085603,24.94625003351415,-31.272499999999127,15.25376513079763,14.19167091755822,1.0620942132394102,11209.55,11163.6,11186.575,11069.775000000001,6.770283953919576,17.89010582611513,12.343917358497308,18.699823546870086,-172.1791831357031,11009.900000000001,11009.900000000001,92.0,12.0,80.0,11163.2,11358.2,0.0,0.0,45.37403160894323,0.0,0.2667393044187072,0.2825565177194874,36.82558812418209,55.81523780745543,22.48570467541208,60.28482871320286,-77.51429532458792,69.14102941176316,-0.720435383860463,0.399479700035692,0.5490997378996836,-0.14962003786399158,0.0,0.0,0.0,11212.85443185558,-1.0664402500066728,-1.072167478749364,2.3726178374126494
29-JUL-2026,11104.95,11110.25,11035.25,11076.3,53815252,2486.5,0,0.0,0,0.0,0.0,0.0,0.0,0.0,0.0,50.0,1000.0,11227.670000000002,11355.776792950242,11099.563207049761,2.2819835807472173,-0.09079614950160367,0.0,1.0,11232.228333333334,11349.438333333335,11115.018333333333,2.0870302227059,-0.16516651025225598,0.0,1.0,11035.25,11358.2,11196.725,2.876375953336718,0.12710945966867682,137.1678185416215,0.9497721975697577,28.665382302608123,54.78731423790061,-26.121931935292487,11247.0,11202.155769230769,11211.323287415593,11182.657905112985,0.7831169900381463,0.976344027004034,-0.19322703696588772,0.07512699269254534,24.92474168556069,24.87999999999738,13.783526951171165,14.384759754032912,-0.6012328028617464,11196.725,11163.6,11180.1625,11069.775000000001,3.385141976959788,18.324885746482355,11.738393641951586,19.142780364637513,-205.6848994857402,11009.900000000001,11009.900000000001,88.0,8.0,80.0,11163.2,11346.308,0.0,0.0,42.022492120448916,0.0,0.0,0.1857348095961949,29.886831755763204,54.63492378286174,12.710945966867682,31.293505595161395,-87.28905403313232,28.362794117647354,-1.1049057816706176,0.25633782724857934,0.4905473557694628,-0.23420952852088345,0.0,0.0,0.0,11201.452747104575,-0.4623576194648593,-0.46342979845022114,1.899290238595741
28-JUL-2026,11067.95,11095.9,11019.15,11067.85,68007844,2843.59,0,0.0,0,0.0,0.0,0.0,0.0,0.0,0.0,50.0,1000.0,11220.3175,11366.163258508761,11074.471741491237,2.599672576266433,-0.022701179516438644,0.0,1.0,11211.596666666668,11328.306666666667,11094.886666666665,2.081951455620819,-0.11582840659182941,0.0,1.0,11019.15,11358.2,11188.675,3.0217504985932986,0.14363663176522806,131.12603668745936,1.1676566820437482,15.096858121683908,46.84922301465728,-31.752364892973368,11231.608333333332,11197.886538461538,11189.25047396704,11174.153615845356,0.8062484252960439,0.9522689734329947,-0.14602054813695076,0.0654876405307894,24.828757172039793,73.58250000000044,11.939947361124407,14.341501811802326,-2.401554450677919,11188.675,11163.6,11176.1375,11069.775000000001,1.692570988479894,18.885620068448848,11.245472772886648,19.219811609817363,-189.58436417615195,11011.712500000001,11009.900000000001,84.0,4.0,80.0,11163.2,11327.644520000002,0.0,0.0,41.48056898799982,0.0,0.0,0.08891310147290239,24.309834977621314,52.91056339189323,14.363663176522806,16.52010460626752,-85.6363368234772,-19.218823529410656,-1.6414057258132504,0.1351051600031345,0.41945891661619716,-0.28435375661306267,0.0,0.0,0.0,11190.61590750225,-0.0762890134792249,-0.0763181283558012,1.8215522753303848
27-JUL-2026,11153.0,11171.2,11052.4,11079.1,73744090,2905.91,0,0.0,0,0.0,0.0,0.0,0.0,0.0,0.0,50.0,1000.0,11214.422499999999,11372.57342941553,11056.271570584468,2.8204917268906398,0.07217292209378234,0.0,0.0,11194.511666666669,11313.981666666668,11075.041666666668,2.1344387956777076,0.016984738149043593,0.0,0.0,11019.15,11358.2,11188.675,3.0233389191463145,0.17681757852824226,129.89343301871355,1.3367235271749038,5.1916399386627745,38.51770639945838,-33.32606646079561,11213.708333333334,11195.45576923077,11172.304247202881,11167.112607264218,0.811993206223975,0.9105851413543719,-0.09859193513039688,0.05510469487112984,24.751782278729,64.6775000000016,10.318648546731273,14.006148328798794,-3.687499782067521,11188.675,11163.6,11176.1375,11069.775000000001,0.846285494239947,18.26061937768695,14.656344239812775,17.962459058554206,-121.7820852350662,11041.487500000001,11009.900000000001,80.0,0.0,80.0,11163.2,11302.964958400002,0.0,0.0,42.54294857461157,0.037879484202717036,0.012626494734239012,0.004208831578079671,20.101168375969337,51.942918504636914,17.681757852824227,14.918788998738234,-82.31824214717578,-63.94161764706041,-1.901911651422443,0.04649044136337989,0.3448652215656337,-0.29837478020225383,0.0,0.0,0.0,11182.893265079863,0.10164575775784002,0.10159413343711066,1.9250495637014309
24-JUL-2026,11071.1,11105.0,10986.65,11077.0,62740598,2914.58,0,0.0,0,0.0,0.0,0.0,0.0,0.0,0.0,50.0,1000.0,11209.134999999998,11377.884059552922,11040.385940447075,3.0109202815903893,0.1084867069775937,0.0,0.0,11170.28,11291.035,11049.525,2.162076510168055,0.11376340524202037,0.0,0.0,10986.65,11358.2,11172.425,3.3147071562613992,0.24317050195128542,128.73908971684222,1.4907083742041245,-2.795543993206593,30.25505632092539,-33.050600314131984,11196.866666666667,11194.425000000001,11157.642055325514,11160.43759931872,0.7632180156657962,0.9754677980852914,-0.21224978241949521,0.04452851279497273,24.79247595518045,61.31500000000233,8.437521834298762,13.328139260826292,-4.89061742652753,11172.425,11172.425,11172.425,11069.775000000001,0.4231427471199735,18.36563127943342,13.695149835162015,20.427894737136167,-149.10710876344416,11056.8125,11009.900000000001,76.0,100.0,-24.0,11163.2,11280.259761728,0.0,0.0,42.388253459272946,0.032363780351144046,0.023414421517953695,0.012013638750730901,16.66235010038158,56.35404175903907,24.31705019512854,18.78749040815852,-75.68294980487146,-89.83882352941146,-1.7918096302009943,-0.025048695163863866,0.2708824382197342,-0.29593113338359806,0.0,0.0,0.0,11171.598441482543,-0.018954608226307013,-0.01895640483908778,1.905730069872158
23-JUL-2026,11177.5,11232.7,11106.55,11128.5,88183022,4677.23,0,0.0,0,0.0,0.0,0.0,0.0,0.0,0.0,50.0,1000.0,11206.6525,11378.582661620921,11034.722338379079,3.068358934497547,0.27272021597840995,0.0,0.0,11158.251666666667,11277.161666666667,11039.341666666665,2.1313374810360957,0.37489838253020813,0.0,0.0,10986.65,11358.2,11172.425,3.3154414308822466,0.3817790337774188,131.43518074515808,1.5850394908040886,-4.913189022527149,23.221407252234883,-28.134596274762032,11185.0375,11196.763461538463,11153.158662198512,11158.071851221039,0.8156561616807978,0.9014291046765842,-0.08577294299578642,0.03509379633989295,24.804207447871786,105.54750000000058,6.773718213556508,12.454995441698992,-5.681277228142484,11172.425,11172.425,11172.425,11069.775000000001,0.21157137355998676,17.205734490080086,19.503616773387535,18.691184240503254,-46.64142051670643,11056.8125,11009.900000000001,72.0,96.0,-24.0,11163.2,11250.8987855552,0.0,0.0,47.43613254000119,0.2153907354679346,0.09521133334059856,0.04375074986426375,14.834614439586346,49.69184723286774,38.17790337774188,26.725570475231546,-61.82209662225812,-82.10970588235068,-1.2594883079202759,-0.04403259889377298,0.20789943079703274,-0.25193202969080575,0.0,0.0,0.0,11168.994960397762,0.46492732689356053,0.4638498780757061,2.3795176566373977
22-JUL-2026,11306.95,11307.4,11194.3,11243.15,73966507,3613.21,0,0.0,0,0.0,0.0,0.0,0.0,0.0,0.0,50.0,1000.0,11209.965,11382.027375608372,11037.902624391629,3.0698111119592513,0.5964330519169727,0.0,0.0,11159.706666666667,11274.051666666668,11045.361666666668,2.0492474115209767,0.8648753042692361,0.0,0.0,10986.65,11358.2,11172.425,3.314461731147252,0.6903512313282176,136.18166267064223,1.607297412329739,2.6295470829645637,19.10303521838082,-16.473488135416257,11179.283333333333,11203.782692307692,11167.003483398741,11164.373936315777,0.8199447387766489,0.8321883951430965,-0.012243656366447642,0.028766944668953496,24.83356985664933,94.33499999999913,5.744399544013583,11.506017789456024,-5.761618245442441,11172.425,11172.425,11172.425,11069.775000000001,0.697026890272569,16.849751781570497,21.621637562064308,16.912058283856354,42.898915028203874,11056.8125,11009.900000000001,68.0,92.0,-24.0,10986.65,11250.8987855552,1.0,0.0,56.561046343050194,0.5454051628112129,0.2643865595434305,0.12767077146732755,15.5445949279477,49.62997104314763,69.03512313282175,43.84335890189738,-30.96487686717824,-52.34926470588289,-0.6104029278124599,0.023553018717969505,0.1710301483812201,-0.1474771296632506,0.0,0.0,0.0,11169.612415300902,1.030237678033874,1.0249668997865058,3.4342700221254185
21-JUL-2026,11369.15,11409.5,11304.35,11311.95,70208672,3510.8,0,0.0,0,0.0,0.0,0.0,0.0,0.0,0.0,50.0,1000.0,11214.005000000001,11391.57358365149,11036.436416348512,3.1669075170109062,0.7757948449716604,0.0,0.0,11168.371666666666,11278.626666666667,11058.116666666665,1.9744149512693991,1.151119374782701,1.0,0.0,10986.65,11409.5,11198.075,3.770731331045423,0.7693035355326967,139.19849640357805,1.6098957678252983,13.997450902561468,18.08191835521695,-4.084467452655481,11179.920833333332,11210.03653846154,11189.302947491244,11175.305496588682,0.8473334635671039,0.7662873608126587,0.08104610275444524,0.025939207612602915,24.887401407423194,2.0449999999982538,5.5949283702457455,10.420175468511435,-4.825247098265689,11198.075,11198.075,11198.075,11095.425,3.933873686227494,17.345619423234783,25.08118273219336,15.440342476548102,121.98591362738577,11061.7875,11014.875,100.0,88.0,12.0,10993.065,11250.8987855552,0.0,0.0,60.94274257213528,0.7038749306407502,0.48822360963996586,0.28260716750799825,17.371385270324343,50.093627859243455,76.93035355326967,61.38112668794442,-23.069646446730328,1.1138235294110927,0.06767336323347271,0.1252534072275184,0.16187480015047978,-0.03662139292296138,0.0,0.0,0.0,11172.466902204013,0.6119281518079944,0.6100634746164957,4.067213439007911
20-JUL-2026,11247.1,11408.9,11236.8,11369.05,84602527,4461.98,0,0.0,0,0.0,0.0,0.0,0.0,0.0,0.0,50.0,1000.0,11222.0325,11411.965562616795,11032.099437383204,3.385002897056228,0.887024507409273,0.0,0.0,11169.488333333333,11287.698333333334,11051.278333333334,2.116659178509073,1.344098074049004,1.0,0.0,10986.65,11409.5,11198.075,3.768033999188653,0.9043396003310851,142.4886467632203,1.6098957678252985,27.299398899082007,19.925414463989963,7.373984435092044,11192.670833333332,11215.965384615383,11216.9563401849,11189.656941285817,0.8144451802100083,0.786444045028853,0.028001135181155323,0.026522804771027784,25.00834924400418,4.267499999999927,4.984267457365872,9.203413712144995,-4.2191462547791225,11198.075,11198.075,11198.075,11095.425,12.008912497417645,17.04694859305456,22.864367819242144,17.54481141274544,105.75209238850556,11061.7875,11014.875,96.0,84.0,12.0,11009.7224,11250.8987855552,0.0,0.0,64.17278559076672,0.8617744462603092,0.7036848465707575,0.4854316719180513,19.815860118368928,53.922209129681065,90.4339600331085,78.7998122397333,-9.566039966891497,39.57308823529638,1.3641166007640837,0.24396993618595245,0.17829382735757432,0.06567610882837813,0.0,0.0,0.0,11173.611561844413,0.5047759228072879,0.503506200189463,4.5925196759844855
17-JUL-2026,11200.9,11311.05,11155.45,11298.65,71119425,4232.58,0,0.0,0,0.0,0.0,0.0,0.0,0.0,0.0,50.0,1000.0,11226.9625,11419.458606129438,11034.466393870562,3.4291751865999016,0.6862050652385561,0.0,0.0,11174.85,11291.11,11058.59,2.0807438131160634,1.032427318080161,1.0,0.0,10986.65,11409.5,11198.075,3.7663793746527645,0.737850301525363,149.5997820868981,1.6182720918592193,31.7940943504982,22.29915044129161,9.49494390920659,11198.699999999999,11219.875,11229.524595541068,11197.73050119057,0.7789712348845736,0.8068660681568344,-0.027894833272260722,0.028080642473567858,25.2315233338635,130.4375,4.438281656110155,8.001693326068608,-3.5634116699584535,11198.075,11198.075,11198.075,11095.425,39.78193689987416,15.959777798945149,20.44862551328826,19.715013561328842,30.877153462327126,11071.2375,11024.325,92.0,80.0,12.0,11025.713504000001,11250.8987855552,0.0,0.0,57.823403702746404,0.6491405651018612,0.7382633140009736,0.6433905900705655,19.898881786547232,55.02335471442684,73.7850301525363,80.38311457963816,-26.214969847463703,75.45514705882306,0.6444687920329972,0.2839333769205981,0.1994217372701791,0.08451163965041902,0.0,0.0,0.0,11175.40402103478,-0.6192250012094225,-0.6211501506724559,3.944856644755901
16-JUL-2026,11196.2,11298.25,11172.4,11188.15,90064449,4657.18,0,0.0,0,0.0,0.0,0.0,0.0,0.0,0.0,50.0,1000.0,11223.7425,11416.573035120857,11030.911964879144,3.436118302266048,0.4077104153196145,0.0,0.0,11185.105,11303.789999999999,11066.42,2.122197332970938,0.512828074314362,0.0,0.0,10986.65,11409.5,11198.075,3.7674599181155517,0.47652831973513027,147.26480387820828,1.6577225320310116,26.13843871442259,23.067008095917807,3.0714306185047846,11184.595833333333,11220.082692307691,11223.159273150135,11197.020834435712,0.7957176733156648,0.8039010554703122,-0.008183382154647423,0.028235750630406925,25.381099125682347,23.957500000000437,3.575752773595478,6.867496195226866,-3.291743421631388,11198.075,11198.075,11198.075,11095.425,69.89096844993708,14.950262061557838,19.160069480854354,18.47268558004432,1.2693905245608768,11071.2375,11024.325,88.0,76.0,12.0,11041.064963840001,11250.8987855552,0.0,0.0,49.538332527795575,0.3200559308698423,0.6103236474106709,0.6840906026608007,17.175769730915434,53.64618860824504,47.652831973513024,70.62394071971927,-52.347168026486976,84.73338235294068,-1.4902178315459524,0.23344101168442516,0.20622559215302833,0.027215419531396834,0.0,0.0,0.0,11175.623099756365,-0.9779929460599246,-0.9828067082892744,2.9282832789780944
15-JUL-2026,11120.75,11221.9,11118.45,11178.85,77757009,3354.41,0,0.0,0,0.0,0.0,0.0,0.0,0.0,0.0,50.0,1000.0,11217.99,11408.960947005025,11027.019052994974,3.4047266400669933,0.397523679350636,0.0,0.0,11195.018333333333,11316.548333333334,11073.488333333333,2.1711442783107064,0.4334800735072287,0.0,0.0,10986.65,11409.5,11198.075,3.7693918429237354,0.454534704978126,142.88332349038734,1.704925591547141,20.667615196534825,22.587129516041212,-1.919514319506387,11178.858333333332,11220.109615384617,11216.342461896269,11195.674846699734,0.7500830131397951,0.8460462027418051,-0.09596318960201,0.02722742927513097,25.42285725464768,-90.23999999999978,3.0551963795080286,5.880301641713934,-2.825105262205905,11198.075,11198.075,11198.075,11095.425,84.94548422496854,14.272287316952113,18.150774442274802,20.2467475838428,-35.13666102088985,11071.2375,11024.325,84.0,72.0,12.0,11055.802365286401,11250.8987855552,0.0,0.0,48.90324205605849,0.29483001413568943,0.4213421700357977,0.5899763771491474,14.855438347392132,53.335481611985834,45.453470497812596,55.630444207953964,-54.546529502187404,66.02338235293973,-0.6121251455853228,0.18460356771282288,0.20190118726498724,-0.017297619552164356,0.0,0.0,0.0,11175.73597126377,-0.08312366208890198,-0.08315822896172165,2.8427255205913715
14-JUL-2026,11135.9,11158.05,11078.45,11102.4,86189346,4085.53,0,0.0,0,0.0,0.0,0.0,0.0,0.0,0.0,50.0,1000.0,11209.155,11404.303653338928,11014.006346661074,3.481951196837353,0.2264777435727603,0.0,0.0,11200.218333333334,11322.033333333335,11078.403333333334,2.175225453194299,0.09849635376048059,0.0,0.0,10986.65,11409.5,11198.075,3.7723628587525133,0.2737377320562845,138.63499114134856,1.8165058965228624,10.04725357771531,20.07915432837603,-10.031900750660721,11176.745833333334,11217.244230769229,11198.812852373765,11188.76559879605,0.7027833959356646,0.8908070885100645,-0.18802369257439988,0.024094593931200347,25.401441854218497,-132.85500000000138,2.131766295079993,4.970648058197125,-2.838881763117132,11198.075,11198.075,11198.075,11095.425,66.53684821110754,14.007660715529868,17.203603461944127,21.269225381263016,-77.38129309719697,11074.8625,11027.95,80.0,68.0,12.0,11069.950270674944,11250.8987855552,0.0,0.0,43.91872422847048,0.10744456053594055,0.24077683518049076,0.4241475508756531,11.24063287694926,52.068098964436174,27.37377320562845,40.16002522565135,-72.62622679437155,15.886911764706383,-0.22780885623778718,0.0897976947412003,0.17948048876022987,-0.08968279401902957,0.0,0.0,0.0,11174.989586877968,-0.6838807211833164,-0.686229901909563,2.1394039476165583
13-JUL-2026,11106.6,11192.5,11085.8,11176.55,67244660,3150.89,0,0.0,0,0.0,0.0,0.0,0.0,0.0,0.0,50.0,1000.0,11204.46,11397.995595175658,11010.92440482434,3.454617093115763,0.42789440109281235,0.0,0.0,11205.289999999999,11325.894999999999,11084.685000000001,2.152643974408492,0.3808507109987106,0.0,0.0,10986.65,11409.5,11198.075,3.773943590320287,0.4490954239091864,135.44149202721377,1.8541396064964009,7.527058536445111,17.568735169989846,-10.041676633544736,11185.1,11215.14423076923,11195.387798162417,11187.860739625972,0.8208332246367354,0.8633031591579049,-0.04246993452116954,0.020923401861261754,25.363034355646203,-136.60999999999876,0.9335223281113553,4.136870335287414,-3.2033480071760585,11243.975,11198.075,11221.025000000001,11095.425,44.36458325348867,13.384989709785657,18.053661988723093,20.070533587179504,-40.41492592177929,11103.4375,11041.05,76.0,64.0,12.0,11078.45,11250.8987855552,0.0,0.0,49.31487833671022,0.3452421368018827,0.24917223715783754,0.30376374745804197,9.789280684630127,53.173140396381825,44.90954239091864,39.24559536478656,-55.09045760908136,-23.178088235294126,0.9050856332890949,0.06727880076112525,0.15704015116040895,-0.08976135039928371,0.0,0.0,0.0,11175.028016277156,0.6678736129125173,0.6656532179038166,2.8215660749688176
10-JUL-2026,11113.3,11201.35,11094.5,11177.45,52649959,2836.5,0,0.0,0,0.0,0.0,0.0,0.0,0.0,0.0,50.0,1000.0,11197.7225,11385.06917724568,11010.37582275432,3.3461568144000626,0.4458957578056895,0.0,0.0,11215.445000000002,11334.9,11095.99,2.1301874334901543,0.3409652170273366,0.0,0.0,10986.65,11409.5,11198.075,3.7762143150091494,0.451223838240513,132.58234282449243,1.8299341611259874,5.53856317890677,15.162700771773231,-9.624137592866461,11194.233333333332,11213.949999999999,11192.62813690666,11187.089573727753,0.8804105188653566,0.8426525834376862,0.037757935427670364,0.017837875957031676,25.364592703963247,-118.62249999999949,0.4830885702742456,3.4379114860338285,-2.954822915759583,11243.975,11198.075,11221.025000000001,11095.425,26.79447729933505,12.708782623159193,17.493819407299597,18.920568062291945,-30.456210383963914,11110.875,11041.05,72.0,60.0,12.0,11078.45,11250.8987855552,0.0,0.0,49.37854573664929,0.3480478300954725,0.2669115091444319,0.25228686049425336,8.671392020409094,57.14920295973251,45.122383824051305,39.13523314019946,-54.877616175948695,-40.70558823529427,0.9902555600229526,0.049508526256138795,0.13553382617955495,-0.08602529992341615,0.0,0.0,0.0,11175.089986190233,0.008052574363293097,0.008052250160872632,2.8298458580385155
09-JUL-2026,11026.5,11109.1,10969.05,11032.85,78371478,3855.72,0,0.0,0,0.0,0.0,0.0,0.0,0.0,0.0,50.0,1000.0,11184.15,11377.86825417342,10990.43174582658,3.46415693947989,0.10948440133950207,0.0,0.0,11203.553333333333,11324.398333333333,11082.708333333334,2.1572620115165724,-0.20629042713117565,0.0,1.0,10969.05,11409.5,11189.275,3.9381624888793585,0.1448518560563083,140.16410854204332,1.8803524590347782,-7.617535043424141,10.606653608733758,-18.2241886521579,11190.379166666666,11207.51923076923,11168.046885074866,11175.66442011829,0.8103554235378466,0.8464355218682772,-0.03608009833043058,0.01238215487776246,25.399262377555047,-107.14999999999964,-0.567763353108666,2.7365600530202454,-3.3043234061289115,11189.275,11189.275,11189.275,11095.425,13.397238649667525,13.219677280642632,15.614649636657058,23.354415651130527,-121.04942730693911,11121.787499999999,11041.05,68.0,100.0,-32.0,11078.45,11409.5,0.0,1.0,40.562533891388156,0.0,0.23109665563245174,0.24906013397824034,4.653413410821983,51.10477486326728,14.485185605630829,34.839037273533584,-85.51481439436917,-75.30411764705968,-0.41745268117446366,-0.06816180906176057,0.09479469913129185,-0.1629565081930524,0.0,0.0,0.0,11172.15047367611,-1.2936761068043312,-1.3021169734951599,1.4995607115093623
08-JUL-2026,11157.75,11177.95,10962.25,10998.55,151846936,6321.14,0,0.0,0,0.0,0.0,0.0,0.0,0.0,0.0,50.0,1000.0,11173.275,11382.415262742492,10964.134737257507,3.743580333295158,0.08227794660673808,0.0,0.0,11183.35,11314.455,11052.244999999999,2.3446462821963094,-0.2047786125624481,0.0,1.0,10962.25,11409.5,11185.875,4.002855026838595,0.08116266070430245,147.71769768783906,1.9570495691377685,-20.574392225667907,4.370444441853425,-24.944836667521333,11183.841666666667,11197.75,11141.970441217194,11162.544833442862,0.8274007315149055,0.8168583108221165,0.01054242069278899,0.004951038655791821,25.531451406324827,-44.774999999999636,-2.1594615397008936,1.8749611741372856,-4.034422713838179,11185.575,11185.875,11185.725,11095.425,6.698619324833762,12.929413405722855,17.35812523496697,20.85710525409572,-102.3229474867792,11121.787499999999,11041.05,64.0,100.0,-36.0,11078.45,11400.691,0.0,0.0,38.79323822553648,0.0,0.11601594336515751,0.20467470271401367,0.8486057192539984,43.21866134662774,8.116266070430246,22.574611833370785,-91.88373392956976,-92.23970588235352,-0.7082242484427257,-0.1843163233174863,0.03897249464153623,-0.22328881795902253,0.0,0.0,0.0,11157.314444148024,-0.31088975196799096,-0.3113740181071023,1.1840089789647346
07-JUL-2026,11287.65,11327.95,11214.85,11248.9,91748676,4249.18,0,0.0,0,0.0,0.0,0.0,0.0,0.0,0.0,50.0,1000.0,11174.405,11384.91875228236,10963.891247717642,3.767784544812164,0.6769361839602763,0.0,0.0,11175.546666666667,11307.446666666667,11043.646666666667,2.360510925043481,0.7780641900429597,0.0,0.0,10962.25,11409.5,11185.875,4.002450242317153,0.6409167132476236,165.8859279190553,1.865726168120085,-10.520369878699057,1.3922815777429283,-11.912651456441985,11193.875,11196.01923076923,11158.421142568395,11168.941512447094,0.8445149099754576,0.7392654692352788,0.10524944074017883,0.0008779165584379184,25.640687438624163,68.74499999999898,-2.1916414493293814,1.0776379622822574,-3.269279411611639,11145.1,11185.875,11165.4875,11095.425,7.756646754136551,12.70267442096799,21.572525131630346,17.73777843719631,74.66055463692463,11125.3625,11044.625,60.0,96.0,-36.0,11078.45,11383.15336,0.0,0.0,54.42050442886162,0.6157425102361895,0.2052475034120632,0.18412003413655742,2.706431208766078,52.64470400139822,64.09167132476236,28.89770766694114,-35.90832867523764,-63.393529411765485,1.0819068158332177,-0.09419307878884275,0.012339379955460434,-0.10653245874430319,0.0,0.0,0.0,11158.430006485927,2.2762091366589354,2.2506900164319887,3.4871686361817256
06-JUL-2026,11149.9,11287.3,11105.3,11261.1,69248776,3028.89,0,0.0,0,0.0,0.0,0.0,0.0,0.0,0.0,50.0,1000.0,11169.59,11367.147772815952,10972.032227184049,3.5374221044094094,0.7316031373902272,0.0,0.0,11163.511666666667,11296.401666666667,11030.621666666668,2.380792065579115,0.8671771139037308,0.0,0.0,10962.25,11409.5,11185.875,4.00417562327713,0.6681945220793748,167.49733512714977,1.763505018509137,-1.5501772150764737,0.803789819179048,-2.353967034255522,11195.370833333332,11195.326923076924,11174.217889865566,11175.768067080642,0.8301842928396308,0.7354805985290379,0.09470369431059289,-0.0005601416762594962,25.804022000962163,142.36000000000058,-2.6068875280179014,0.29484138626802886,-2.9017289142859304,11145.1,11185.875,11165.4875,11095.425,15.934417496940972,12.038689019458754,19.809670226250496,21.207060530799343,45.03340269411706,11125.3625,11044.625,56.00000000000001,92.0,-35.99999999999999,11078.45,11366.3172256,0.0,0.0,55.02316039577407,0.6394882436899739,0.4184102513087211,0.24655789936198058,4.29434155490775,55.69190490269402,66.81945220793747,46.34246320104336,-33.18054779206253,-52.373088235293835,0.15965276635107356,-0.01387087854518633,0.007097328255331081,-0.020968206800517412,0.0,0.0,0.0,11160.66423616521,0.10845504893812752,0.1083962789389048,3.5994056955707787
03-JUL-2026,11191.05,11192.15,11119.45,11136.2,57728011,2867.28,0,0.0,0,0.0,0.0,0.0,0.0,0.0,0.0,50.0,1000.0,11164.015,11358.713472259025,10969.316527740973,3.4879650781376768,0.4285690337544258,0.0,0.0,11152.933333333334,11277.533333333335,11028.333333333334,2.2343897569548283,0.43285179240235344,0.0,0.0,10962.25,11409.5,11185.875,4.006175197722325,0.3889323644494147,164.91260161443475,1.7661921961428515,-4.468115416340879,-0.2505912279249374,-4.217524188415942,11180.725,11190.163461538461,11168.368983732402,11172.837099148743,0.7674497714467945,0.8105878601041768,-0.043138088657382334,-0.002351212550387764,25.837447662458253,205.03499999999985,-3.1148993574719217,-0.44856440607279324,-2.6663349513991284,11145.1,11185.875,11165.4875,11099.05,17.969723572390787,11.422131146628749,18.539824182052854,19.84763851031513,-13.054830287204686,11132.224999999999,11049.675,52.0,88.0,-36.0,11078.45,11350.154536576,0.0,0.0,48.0225985895258,0.36365346596501813,0.5396280732970605,0.3877619426726149,3.149072416833034,53.67485967509972,38.89323644494147,56.601453325880435,-61.10676355505853,-50.63999999999942,-1.5536666976073974,-0.03999087587772406,-0.0023203125712799475,-0.03767056330644412,0.0,0.0,0.0,11159.860153598755,-1.1091278827112805,-1.1153245680576518,2.450355800678028
02-JUL-2026,11088.5,11170.6,11068.25,11132.5,89617376,4571.93,0,0.0,0,0.0,0.0,0.0,0.0,0.0,0.0,50.0,1000.0,11164.252499999999,11358.784961237188,10969.720038762809,3.4849169030741582,0.4183876567487534,0.0,0.0,11143.351666666666,11265.601666666667,11021.101666666667,2.194133392840664,0.4556169052488042,0.0,0.0,10962.25,11409.5,11185.875,4.006089973332295,0.3806595863610956,158.6563414529913,1.8320411725950339,-6.998487335664322,-1.6001704494728144,-5.398316886191507,11161.012499999999,11183.251923076923,11162.850678542802,11169.849165878466,0.7274745077355828,0.8754395218002792,-0.14796501406469642,-0.004361928787155609,25.76317995549515,134.39750000000095,-3.019886714820083,-1.123573638775917,-1.8963130760441662,11145.1,11185.875,11165.4875,11158.6,13.179667585252318,11.2707182030684,17.65898714674213,21.281353941332032,-36.23340963148591,11182.050000000001,11062.900000000001,48.0,84.0,-36.0,11078.45,11334.63835511296,0.0,0.0,47.82846629557054,0.35600430299289926,0.45304867088263046,0.4703623318294707,2.2166516265256693,52.464604617211016,38.065958636109556,47.92621576299616,-61.934041363890444,-31.928088235292307,-2.0806487789217156,-0.06265516419902271,-0.014387282896828502,-0.04826788130219421,0.0,0.0,0.0,11159.526886563002,-0.033224977999679606,-0.03323049871841732,2.4163166925026625
01-JUL-2026,11058.45,11097.8,11011.95,11084.15,59481908,2658.84,0,0.0,0,0.0,0.0,0.0,0.0,0.0,0.0,50.0,1000.0,11164.645,11358.496530558825,10970.793469441176,3.4725964069403794,0.2923797667009533,0.0,0.0,11132.508333333333,11252.998333333333,11012.018333333333,2.164651422523072,0.29932636180042466,0.0,0.0,10962.25,11409.5,11185.875,4.005949136761625,0.27255449972051343,154.8457073076921,1.947686728430548,-12.758197673188988,-3.831775894216049,-8.926421778972939,11143.137499999999,11174.784615384615,11150.74288184391,11163.501079517098,0.6591459585538697,0.963218803265451,-0.30407284471158125,-0.007269383334566362,25.58249721018743,23.5049999999992,-3.7354591227737024,-1.7754875740929943,-1.959971548680708,11145.1,11185.875,11165.4875,11185.875,9.257799784984982,11.566793891569512,16.65528233662324,22.726252213705457,-88.36572875206654,11197.375,11062.900000000001,44.0,80.0,-36.0,11078.45,11319.742820908441,0.0,0.0,45.253992544046234,0.2545653878508855,0.324741052269601,0.4391392654830973,0.631875920343714,52.07638019988493,27.292063136684146,34.75041940591172,-72.70793686331585,-29.27014705882175,-1.8984568952928005,-0.11428491458291569,-0.03436680923404594,-0.07991810534886976,0.0,0.0,0.0,11158.079266386787,-0.43431394565461856,-0.43525982839884847,1.971508346481321
30-JUN-2026,11040.85,11069.2,10952.25,11030.25,94451873,4207.0,0,0.0,0,0.0,0.0,0.0,0.0,0.0,0.0,50.0,1000.0,11162.765000000001,11361.01440630428,10964.515593695722,3.551976706564718,0.16578714541870312,0.0,0.0,11122.935000000001,11247.16,10998.710000000001,2.233673036837839,0.1269470718454385,0.0,0.0,10952.25,11409.5,11180.875,4.096207346477328,0.17058501913613996,152.55113657692283,2.048549913545746,-21.425113776112994,-7.3504434705954385,-14.074670305517555,11129.979166666666,11167.638461538461,11132.205515406386,11153.630629182499,0.6496437054631822,0.9685044765211016,-0.31886077105791943,-0.011580232365570412,25.402517874957336,16.084999999999127,-4.735284924363496,-2.4053550465902,-2.329929877773296,11140.1,11180.875,11160.4875,11180.875,4.628899892492491,12.273534422481301,15.609838088333323,24.140783009581863,-125.72858733539279,11197.375,11062.900000000001,40.0,100.0,-60.0,11078.45,11305.443108072104,0.0,0.0,42.50710718923492,0.19515694533219305,0.26857554539199263,0.34878842284807465,-1.547479062420661,54.097398120964996,20.761245674740444,28.706422482511375,-79.23875432525955,-76.19338235294344,-1.411314649875088,-0.19209093871242303,-0.06591163512972137,-0.12617930358270166,0.0,0.0,0.0,11156.15637766638,-0.4862799583188582,-0.48746614633365937,1.4756413381969313
29-JUN-2026,11101.05,11124.35,10963.7,11012.05,123572208,5331.54,0,0.0,0,0.0,0.0,0.0,0.0,0.0,0.0,50.0,1000.0,11159.4125,11365.327302466942,10953.49769753306,3.690423711229264,0.1421760402007535,0.0,0.0,11111.11,11240.73,10981.49,2.333160233316021,0.11788304274031598,0.0,0.0,10952.25,11409.5,11180.875,4.09743792515959,0.1307818480043724,153.3610229192305,2.125684936365841,-29.42312367127124,-11.764979510730601,-17.65814416054064,11116.079166666668,11159.398076923078,11113.72005149771,11143.143175168982,0.7115506143943817,0.9232533645406651,-0.21170275014628337,-0.016942338192750903,25.363480451437646,-57.01250000000073,-6.460000432786521,-3.1768093802636184,-3.283191052522903,11140.1,11180.875,11160.4875,11180.875,2.3144499462462456,12.353865265555282,17.033811891272855,22.304412598592002,-105.02772928366488,11204.962500000001,11062.900000000001,36.0,96.0,-60.0,11078.45,11284.251521587777,0.0,0.0,41.5891323058707,0.17226786739996375,0.2073300668610141,0.2668822215075358,-3.5814155121308895,55.02699962708732,15.916955017300813,21.323421276241795,-84.08304498269919,-102.00867647059022,-1.4921033916726774,-0.2640468960036049,-0.10553868730449809,-0.15850820869910684,0.0,0.0,0.0,11149.934843711519,-0.16500079327305128,-0.16513706950718188,1.3082057250100032
25-JUN-2026,11305.0,11315.7,11116.0,11143.3,113736114,4959.38,0,0.0,0,0.0,0.0,0.0,0.0,0.0,0.0,50.0,1000.0,11162.727499999999,11365.336748246467,10960.11825175353,3.6301029160922953,0.45205672947276626,0.0,0.0,11114.500000000002,11253.405000000002,10975.595000000001,2.4995276440685705,0.6036679745149466,0.0,0.0,10952.25,11409.5,11180.875,4.09622110725179,0.41782394751230023,168.3899206273076,2.101394011766226,-24.883979017375168,-14.388779412059517,-10.495199605315651,11119.487500000001,11151.163461538461,11118.270812805755,11143.15479182313,0.7474120977675957,0.7961446199727684,-0.04873252220517277,-0.020454034941300638,25.348890264359802,13.822500000000218,-7.149000069488933,-3.9080579043058705,-3.2409421651830623,11140.1,11180.875,11160.4875,11180.875,1.1572249731231228,12.12424630066215,23.19918756682381,19.313837301355903,23.266007682219936,11212.150000000001,11069.775000000001,32.0,92.0,-60.0,10952.25,11284.251521587777,1.0,0.0,49.97865446856403,0.6891848356204291,0.35220321611752864,0.2760362761235117,-2.830820240639873,50.17994411145026,50.851743412296756,29.176648034779333,-49.148256587703244,-89.26117647058891,0.36838881683239333,-0.22331179528830633,-0.12909330890125975,-0.09421848638704658,0.0,0.0,0.0,11149.881649330295,1.1918761720115745,1.1848292662943294,2.5156740893388596
24-JUN-2026,11168.85,11279.25,11131.4,11241.6,74874326,3215.62,0,0.0,0,0.0,0.0,0.0,0.0,0.0,0.0,50.0,1000.0,11168.3825,11373.156671405963,10963.608328594037,3.6670336354608737,0.6787762086822161,0.0,0.0,11132.541666666666,11272.226666666667,10992.856666666667,2.5094898215067762,0.8903723854863911,0.0,0.0,10952.25,11409.5,11180.875,4.094147026214405,0.6328048113723354,166.33592856457688,2.0537974434341355,-13.202495553299741,-14.151522640307563,0.9490270870078223,11124.908333333333,11150.928846153845,11137.244533912562,11150.447029465862,0.7815779987701686,0.7830622760331615,-0.001484277262992828,-0.02081788868108692,25.384523991901613,9.067500000001019,-6.037751725094311,-4.338979036016251,-1.6987726890780603,11140.1,11180.875,11160.4875,11180.875,44.63850611592404,11.911028690404246,21.675270922085243,18.045142953653862,41.8422660352496,11194.0375,11069.775000000001,28.000000000000004,88.0,-60.0,10959.519,11284.251521587777,0.0,0.0,55.17183498418193,1.0,0.620484234340131,0.39333917243955785,-0.5244241406273518,49.287448975473,77.01623635879686,47.92831159613147,-22.98376364120314,-70.81132352941313,0.5820221803687282,-0.11840328480473646,-0.1269553040819551,0.008552019277218645,0.0,0.0,0.0,11154.5917518028,0.8821444275932677,0.8782762655103582,3.420010395727635
23-JUN-2026,11293.65,11306.95,11149.55,11171.3,70369767,3649.6,0,0.0,0,0.0,0.0,0.0,0.0,0.0,0.0,50.0,1000.0,11164.79,11366.692212964592,10962.88778703541,3.616766870932475,0.5161216657915981,0.0,0.0,11148.843333333334,11282.698333333334,11014.988333333333,2.4012356438769666,0.5838843026658173,0.0,0.0,10952.25,11409.5,11180.875,4.095464401927846,0.4790595954073248,165.44233570811934,1.9673797802742519,-9.507857562321078,-13.222789624710266,3.714932062389188,11124.395833333334,11152.603846153845,11142.483836387551,11151.991693949873,0.8194240284880219,0.7588869795656391,0.060537048922382763,-0.020243842408496904,25.49740715371233,-131.9400000000005,-5.323162140263457,-4.68692577945337,-0.6362363608100869,11133.975,11180.875,11157.425,11180.875,72.31925305796202,11.92260251047741,21.38974765037839,16.78132974493776,37.518739815317836,11186.575,11069.775000000001,24.0,84.0,-60.0,10966.64262,11284.251521587777,0.0,0.0,51.0869963151068,0.7505989841944829,0.8132612732716374,0.5953162412430989,0.07628759226363346,48.39817596411721,58.30449826989589,62.05749268032983,-41.69550173010411,-35.16205882352915,-0.05502149416907662,-0.08525703590219887,-0.11861565044600386,0.033358614543804996,0.0,0.0,0.0,11155.212237224318,-0.6253558212354182,-0.6273193611052719,2.7732673403956687
22-JUN-2026,11237.15,11324.75,11193.65,11273.05,66426415,3670.47,0,0.0,0,0.0,0.0,0.0,0.0,0.0,0.0,50.0,1000.0,11162.845,11359.726192347058,10965.96380765294,3.52743753670428,0.7798769112636534,0.0,0.0,11148.835000000001,11284.49,11013.18,2.433527808062452,0.9578342117872525,0.0,0.0,10952.25,11408.9,11180.575,4.090803016614489,0.7025073907806844,164.2431021373075,1.914629039680254,1.6119626022627926,-10.255839179315656,11.867801781578448,11144.4125,11160.171153846151,11162.570938481775,11160.958975879512,0.8287025753513684,0.7611503777723608,0.06755219757900754,-0.01724754431500064,25.62303166882258,-164.29500000000007,-5.050717765056038,-4.958462472457607,-0.09225529259843057,11138.5,11180.875,11159.6875,11180.875,86.15962652898101,12.070622390124209,20.719196096663715,15.631903087121785,93.06075417129328,11180.1625,11069.775000000001,20.0,80.0,-60.0,10973.6237676,11284.251521587777,0.0,0.0,56.147728455048814,1.0,0.9168663280648278,0.7835372785588653,2.230205068019855,48.9180475223813,85.38727708277845,73.56933723715706,-14.612722917221546,14.921176470588762,2.1771346478924203,0.01444286826738171,-0.09200394670332675,0.10644681497070846,0.0,0.0,0.0,11156.093004161237,0.9108161091368139,0.9066931950803436,3.7093428152182417
19-JUN-2026,11287.95,11295.8,11135.35,11169.75,90648756,5154.11,0,0.0,0,0.0,0.0,0.0,0.0,0.0,0.0,50.0,1000.0,11152.880000000001,11325.710652373935,10980.049347626067,3.0993008509718356,0.5488050000630076,0.0,0.0,11147.075,11280.575,11013.574999999999,2.3952471836782454,0.5849250936329589,0.0,0.0,10952.25,11327.95,11140.1,3.36863662121354,0.578919350545647,163.86379192357663,1.8769426067575352,2.065246633179413,-7.791622016816642,9.856868649996056,11158.679166666667,11164.090384615383,11163.675409484578,11161.610162851399,0.8057167846068214,0.7812673928599819,0.024449391746839466,-0.014528112680291066,25.72790736590871,96.01999999999862,-6.041021975931361,-5.283587207841989,-0.7574347680893725,11138.5,11180.875,11159.6875,11180.875,93.0798132644905,11.625259178698368,19.23559219340561,17.114376182951105,45.356592779965254,11176.1375,11069.775000000001,16.0,76.0,-60.0,10987.668816896,11284.251521587777,0.0,0.0,50.44175445171693,0.671210509333859,0.8072698311761141,0.8457991441708597,2.154334301594782,45.32199273642649,57.8919350545647,67.19457013574635,-42.1080649454353,51.470147058824296,1.5565688204354278,0.018503124576533456,-0.06990253244735471,0.08840565702388817,0.0,0.0,0.0,11156.351108427161,-0.9163447336789865,-0.9205689977171971,2.7590077139978852
18-JUN-2026,11319.25,11341.6,11240.05,11303.65,76938926,4038.23,0,0.0,0,0.0,0.0,0.0,0.0,0.0,0.0,50.0,1000.0,11153.130000000001,11326.815705802177,10979.444294197825,3.1145643564125227,0.9333114210660416,0.0,0.0,11161.658333333333,11298.043333333333,11025.273333333333,2.443812486047851,1.0205545575637591,1.0,0.0,10952.25,11341.6,11146.925,3.4909482808861756,0.9025298574547305,164.662412731219,1.7024362037419676,13.078329601752557,-3.6176316931028016,16.69596129485536,11163.241666666667,11172.726923076922,11185.209961871566,11172.131632269813,0.8949109466083057,0.7215644351211241,0.1733465114871816,-0.009741298252036833,25.747233291187193,107.96999999999935,-5.171996707000769,-5.52271054030651,0.3507138333057407,11146.925,11180.875,11163.9,11180.875,96.53990663224525,11.595748266528714,19.801334181065656,15.808699331587428,135.1924181387488,11176.1375,11069.775000000001,12.0,72.0,-60.0,11001.152064220161,11284.251521587777,0.0,0.0,56.59869952881502,1.0,0.8904035031112864,0.871513220784076,4.185591871696474,48.25788871753148,90.25298574547304,77.84406596093874,-9.747014254526952,65.62176470588383,0.48671425650508054,0.11706207939742531,-0.03250961007839871,0.14957168947582403,0.0,0.0,0.0,11162.048746840863,1.1987734729962618,1.191645095977556,3.990855439587482
17-JUN-2026,11334.3,11358.3,11271.45,11303.95,83172301,3590.43,0,0.0,0,0.0,0.0,0.0,0.0,0.0,0.0,50.0,1000.0,11158.92,11344.221598482041,10973.618401517959,3.3211385776050246,0.8913349943769007,0.0,0.0,11180.403333333334,11315.238333333333,11045.568333333333,2.41198811849662,0.9581401960420809,0.0,0.0,10952.25,11358.3,11155.275,3.638793001473254,0.8661494889791931,156.88117145809696,1.4627752356025527,21.58170423978845,1.4222354934754486,20.159468746313003,11166.8125,11181.455769230768,11203.477660045171,11181.895955805383,0.9054042553191486,0.7284893617021274,0.17691489361702117,-0.0037500996732730595,25.681843966869003,-22.719999999999345,-3.4174177521382165,-5.4873726102359,2.069954858097683,11155.275,11180.875,11168.075,11180.875,98.26995331612262,11.707420525878614,19.778499321837664,15.178457480891888,137.35922225926493,11172.425,11069.775000000001,8.0,68.0,-60.0,11021.578940366951,11284.251521587777,0.0,0.0,56.611705634999275,1.0,0.8904035031112864,0.8626922791328955,5.745665371080899,49.82337112418728,86.6149488979193,78.253289899319,-13.38505110208069,85.40529411764692,0.38051344895259226,0.19300576865575042,0.012593465668431114,0.1804123029873193,0.0,0.0,0.0,11167.749629313756,0.0026540099879346357,0.0026539747697285065,3.993615367277381
16-JUN-2026,11234.5,11311.55,11180.35,11294.6,91711430,4792.06,0,0.0,0,0.0,0.0,0.0,0.0,0.0,0.0,50.0,1000.0,11164.7075,11359.142767569954,10970.272232430047,3.483033793226626,0.8340250501449468,0.0,0.0,11200.156666666666,11339.526666666668,11060.786666666667,2.48871518761495,0.8388223194852987,0.0,0.0,10952.25,11358.3,11155.275,3.6369067438622933,0.8431227681320058,154.31305431228716,1.4354178076444657,27.25207805318132,6.588204005416624,20.663874047764697,11180.012499999999,11187.84423076923,11217.496481576683,11190.244403523502,0.8374848963658329,0.8611395111069805,-0.023654614741147606,0.0026342404890021204,25.63552755760784,-32.20750000000044,-1.081199206883861,-5.081363086071496,4.000163879187635,11161.0,11180.875,11170.9375,11180.875,99.1349766580613,10.888662505068412,18.573847165313996,18.483128637079805,83.03351275636305,11172.425,11069.775000000001,4.0,64.0,-60.0,11048.516625137596,11284.251521587777,0.0,0.0,56.04796487090707,0.962473755212157,0.9874912517373856,0.9227660859866527,6.816920337979571,53.39193319075927,84.31227681320058,87.06007048553097,-15.687723186799415,89.646029411766,1.4223882473375087,0.24353425242973592,0.05878162302069208,0.18475262940904386,0.0,0.0,0.0,11175.0796939019,-0.0827144493738996,-0.08274867664983532,3.907597620942327
15-JUN-2026,11250.0,11257.05,11162.15,11180.6,144535207,6465.6,0,0.0,0,0.0,0.0,0.0,0.0,0.0,0.0,50.0,1000.0,11168.617499999998,11361.01809842682,10976.216901573176,3.4453789545003652,0.5311394561606816,0.0,0.0,11218.426666666666,11355.591666666667,11081.261666666665,2.4453518140392987,0.3621125408571222,0.0,0.0,10952.25,11358.3,11155.275,3.6356335061165748,0.5623691663588247,152.12674888105852,1.4425948263276884,22.2900965331537,9.72858251096404,12.56151402218966,11184.020833333334,11185.438461538462,11211.820099795656,11189.530003262502,0.8592460459031983,0.8465929361398493,0.01265310976334899,0.0070080939156623254,25.569985232402896,-84.46749999999884,0.03945247060104795,-4.359201652361766,4.398654122962814,11237.15,11180.875,11209.0125,11180.875,99.56748832903065,10.26501552163279,17.42032139861392,18.188621640408723,25.822811069314014,11172.425,11069.775000000001,0.0,60.0,-60.0,11073.299295126588,11284.251521587777,0.0,0.0,49.56694601193011,0.5310550683477469,0.8311762745199681,0.9030236764562133,5.740539549032284,46.82597663304641,56.23691663588247,75.72138078233412,-43.76308336411753,82.73558823529675,0.4320682685829811,0.19920494003460945,0.08686628642347556,0.11233865361113389,0.0,0.0,0.0,11175.259522666469,-1.0093318931170603,-1.0144601843036227,2.8588250987824138
12-JUN-2026,10888.35,11039.1,10791.85,11012.3,142412323,6777.67,0,0.0,0,0.0,0.0,0.0,0.0,0.0,0.0,50.0,1000.0,11160.405,11364.421315278949,10956.388684721052,3.656073686912764,0.13702657849324504,0.0,0.0,11209.865,11355.689999999999,11064.039999999999,2.601726247372289,-0.17740442310989146,0.0,1.0,10791.85,11358.3,11075.075,5.075532653160875,0.38917821519992823,175.78907399295267,1.5023114524490522,4.722844954407265,8.727434999652687,-4.004590045245422,11178.033333333333,11173.913461538461,11181.124699827094,11176.401854872687,0.7842807585076711,0.8841168833932782,-0.09983612488560711,0.006889925593990755,25.586065231728906,-130.15500000000065,-0.1722383719698864,-3.5840059081929834,3.411767536223097,11075.075,11100.375,11087.725,11100.675,89.10902742466483,12.092214885970256,14.561788064368608,30.834427826464477,-163.5176618098488,11198.075,11095.425,0.0,100.0,-100.0,11073.299295126588,11358.3,0.0,1.0,41.869522329703344,0.018664580141470984,0.5040644679004583,0.774243998052604,2.1520721312852977,52.364514309280466,38.91782151999282,59.82233832302529,-61.08217848000718,30.445735294117185,-0.6482229128981507,0.04225729367764455,0.07794448787430937,-0.035687194196664815,0.0,0.0,0.0,11174.577826075662,-1.5052859417204911,-1.51673036329818,1.3105056647515712
11-JUN-2026,10775.05,10818.8,10740.55,10779.1,143651213,8065.8,0,0.0,0,0.0,0.0,0.0,0.0,0.0,0.0,50.0,1000.0,11140.4875,11403.273389794334,10877.701610205664,4.71767307838791,-0.1876082659590905,0.0,1.0,11168.646666666666,11302.326666666666,11034.966666666665,2.393844195984359,-0.9570117693995527,0.0,1.0,10740.55,11358.3,11049.425,5.545089476560159,0.062403885066776354,185.3851665936574,1.8675065483848625,-27.69734183753826,1.4424796322144973,-29.139821469752757,11157.104166666666,11151.223076923077,11119.274746007542,11146.97208784508,0.7219255583126538,0.8939950372208437,-0.1720694789081899,-0.0003227839798962291,25.476509422664854,-128.4375,-2.648723597720764,-3.2074472273737005,0.5587236296529365,11049.425,11049.425,11049.425,11075.025,61.20876310894532,14.012793278171149,12.96075194221618,29.519806208936245,-222.87536239020616,11198.075,11095.425,84.0,100.0,-16.0,11073.299295126588,11346.971,0.0,0.0,33.99245032541832,0.0,0.18323988282973935,0.5061602084167219,-4.07422743376343,45.35408187148562,6.240388506677635,33.798375554184304,-93.75961149332237,-62.01882352941175,-2.2769202873914884,-0.24847412929059087,0.012660764441329318,-0.26113489373192017,0.0,0.0,0.0,11144.260542016587,-2.117632102285616,-2.1403755861998164,-0.8348781261930949
10-JUN-2026,10968.35,11066.55,10788.2,10803.0,101273444,5584.09,0,0.0,0,0.0,0.0,0.0,0.0,0.0,0.0,50.0,1000.0,11128.995,11427.307771935768,10830.682228064234,5.361001095530497,-0.04639799342918209,0.0,1.0,11135.496666666668,11282.226666666666,10988.766666666666,2.6353561837834425,-0.6330221040914161,0.0,1.0,10740.55,11358.3,11049.425,5.550815684614828,0.10109267503035327,195.59164993429155,2.107569148295686,-50.87558115501815,-9.021132525232034,-41.85444862978612,11139.683333333334,11132.159615384615,11070.617092775612,11121.49267393063,0.7874443803176131,0.7907582894271402,-0.0033139091095271134,-0.011559432662116429,25.563798444932985,14.304999999998472,-5.340968129972803,-3.2094256706747384,-2.131542459298065,11049.425,11049.425,11049.425,11075.025,33.68853362089091,13.784715632014397,21.111443435404173,26.234091196539204,-140.91888867747164,11198.075,11095.425,80.0,96.0,-16.0,11073.299295126588,11322.71416,0.0,0.0,35.335181009683524,0.05936228518082372,0.026008955107431644,0.2377711019458764,-8.341840388557955,41.13628899146756,10.109267503035326,18.422492509901925,-89.89073249696467,-135.24308823529464,-1.8983749619734682,-0.45745281363420953,-0.08136195117377847,-0.37609086246043105,0.0,0.0,0.0,11104.78490070235,0.22172537595903652,0.22147992799403937,-0.6150038868981689
09-JUN-2026,10983.45,11011.15,10901.75,10965.3,80037061,4829.34,0,0.0,0,0.0,0.0,0.0,0.0,0.0,0.0,50.0,1000.0,11127.3325,11428.887611505346,10825.777388494655,5.4200790981189035,0.23133849532321935,0.0,0.0,11110.509999999998,11252.439999999999,10968.58,2.5548782189116324,-0.011554991897416576,0.0,1.0,10740.55,11358.3,11049.425,5.551645014651984,0.36382031566167544,196.84748494086236,2.163297641253554,-55.50838311423831,-18.318582643033288,-37.189800471205025,11124.85,11123.588461538464,11054.414463117826,11109.922846232064,0.8256996994822393,0.7758970274086676,0.0498026720735717,-0.022151402461309627,25.60693139156013,114.26749999999993,-5.946111211198351,-3.308913831357218,-2.6371973798411332,11049.425,11049.425,11049.425,11075.025,16.844266810445454,13.572929246297415,19.42534146017785,24.13886009023918,-92.6035701401841,11198.075,11095.425,76.0,92.0,-16.0,11073.299295126588,11299.4275936,0.0,0.0,43.709268550575295,0.42958170338354035,0.16298132952145475,0.12407672248620855,-9.060500966263847,42.25287957036024,36.38203156616754,17.577229191960164,-63.61796843383246,-190.17029411764815,-1.5973724121220823,-0.49962888025873203,-0.1650153369907692,-0.33461354326796283,0.0,0.0,0.0,11100.133142308034,1.5023604554290415,1.4911867941853174,0.8781169933347543
08-JUN-2026,11009.0,11043.7,10906.1,10931.7,67153943,3778.68,0,0.0,0,0.0,0.0,0.0,0.0,0.0,0.0,50.0,1000.0,11111.4725,11419.089161569236,10803.855838430763,5.536919819929112,0.20779784963055864,0.0,0.0,11080.178333333333,11222.758333333333,10937.598333333332,2.5736047870469143,-0.020684294197400675,0.0,1.0,10740.55,11358.3,11049.425,5.559569175012583,0.30942938081748517,190.92273644677616,2.2594456304178876,-61.185838972724014,-26.892033908971435,-34.29380506375258,11099.025,11114.082692307691,11035.535314945853,11096.721153918577,0.8216404695401341,0.7822626284754542,0.0393778410646799,-0.032404807782426936,25.68484410098097,59.82749999999942,-7.807319724851197,-3.5051691367927558,-4.302150588058442,11049.425,11049.425,11049.425,11075.025,8.422133405222727,13.139199308167267,19.65292190841051,22.840208433038946,-80.98559763293751,11198.075,11095.425,72.0,88.0,-16.0,11073.299295126588,11277.072489856,0.0,0.0,42.482713294496456,0.3753555478673019,0.28809984547722206,0.15903004336870277,-10.02739581177304,40.872645142179636,30.942938081748515,25.81141238365046,-69.05706191825148,-233.08382352941044,-2.7567250213492707,-0.5513866494799458,-0.2422895994886045,-0.30909704999134124,0.0,0.0,0.0,11087.50669126121,-0.3064211649475901,-0.3068915958449381,0.5690050920665879
05-JUN-2026,11172.8,11188.75,11080.05,11106.2,73708656,4322.25,0,0.0,0,0.0,0.0,0.0,0.0,0.0,0.0,50.0,1000.0,11103.727499999999,11403.58738807275,10803.867611927248,5.401067129443718,0.5041227588256183,0.0,0.0,11072.648333333334,11210.053333333333,10935.243333333334,2.481881404764799,0.6220904139829965,0.0,0.0,10740.55,11358.3,11049.425,5.563447049650669,0.5919061108862832,197.53546280209846,2.2903119351738273,-51.01648571116493,-31.716924269410136,-19.299561441754797,11093.6,11114.228846153846,11046.406804954184,11097.423290665349,0.8101030736372914,0.806202990064072,0.0039000835732193595,-0.03887925909445376,25.714485275743186,169.32250000000022,-7.491825005161654,-3.7629278365884087,-3.728897168573245,11049.425,11049.425,11049.425,11075.025,4.2110667026113635,12.6298632504063,23.2445443882824,20.6095722049667,8.20099155883895,11198.075,11095.425,68.0,84.0,-16.0,11073.299295126588,11255.61159026176,0.0,0.0,50.28530987449126,0.7203092818962828,0.5084155110490417,0.31983222868257283,-8.162343862367068,42.21490627514925,59.19061108862832,42.171860245514786,-40.80938891137168,-191.9039705882351,-0.5827432796541008,-0.4597146956994755,-0.2857746187307787,-0.1739400769686968,0.0,0.0,0.0,11087.69679561406,1.5962750532853898,1.5836685622828028,2.1743630316885643
04-JUN-2026,11066.7,11183.9,11065.7,11159.4,92033304,5333.81,0,0.0,0,0.0,0.0,0.0,0.0,0.0,0.0,50.0,1000.0,11104.887499999999,11405.419632849387,10804.35536715061,5.412610129537796,0.5906932970580548,0.0,0.0,11056.771666666666,11195.841666666665,10917.701666666666,2.515562484106643,0.8689808489729425,0.0,0.0,10740.55,11358.3,11049.425,5.562865900262385,0.6780250910562531,189.6019165218885,2.3152080389707073,-38.22378460069922,-33.018296335667955,-5.2054882650312635,11084.129166666666,11113.56923076923,11063.790373422771,11102.01415802347,0.7968151430932169,0.7921768196499651,0.004638323443251768,-0.041537260436756464,25.722294437250522,64.86250000000109,-7.847995302858737,-4.255214231112912,-3.592781071745825,11026.05,11049.425,11037.7375,11075.025,3.8696622452519964,12.056868292784968,22.172228865068654,20.218874850249314,14.753017745148695,11221.025000000001,11095.425,64.0,80.0,-16.0,11073.299295126588,11235.00912665129,0.0,0.0,52.405142993971374,0.8140273592806522,0.6365640630147457,0.47769313984700307,-5.982793984291998,45.024743826133715,67.80250910562532,52.64535275866738,-32.19749089437469,-121.56058823529565,-1.0081566213225317,-0.3442959453719912,-0.29747888405902123,-0.046817061312969976,0.0,0.0,0.0,11089.393308804483,0.47901172318163265,0.4778681125920059,2.663790208696515
03-JUN-2026,11129.85,11174.15,11056.65,11130.8,86408629,4994.21,0,0.0,0,0.0,0.0,0.0,0.0,0.0,0.0,50.0,1000.0,11104.802500000002,11405.304306109387,10804.300693890616,5.412105368094301,0.5432568115589534,0.0,0.0,11037.701666666666,11179.836666666666,10895.566666666668,2.575445582647704,0.8274996775366127,0.0,0.0,10740.55,11358.3,11049.425,5.562908480362437,0.6317280453257791,182.39172486969966,2.341443965682617,-30.046895871981178,-32.4240162429306,2.37712037094942,11080.883333333333,11111.775000000001,11074.099546742344,11104.146442614325,0.7833530331337928,0.8032943150188727,-0.01994128188507993,-0.04194197651950808,25.668941548538488,198.84749999999804,-9.1476190198168,-5.1514830992165725,-3.996135920600227,10998.8,11049.425,11024.1125,11075.025,5.718846244236227,11.45835083779585,21.128757382407613,19.629810537922882,6.252479071418004,11221.025000000001,11095.425,60.0,76.0,-16.0,11073.299295126588,11215.230761585239,0.0,0.0,51.142620859996036,0.7582111037631434,0.7641825816466928,0.6363873852368267,-4.652208667481523,44.83896921423688,63.172804532577906,63.388641575610514,-36.827195467422094,-79.97176470588238,-0.34870968463932256,-0.2705916751662277,-0.29210144228046253,0.021509767114234857,0.0,0.0,0.0,11090.571444569723,-0.2562861802605898,-0.25661515549053604,2.400677102259907
02-JUN-2026,11084.15,11170.95,11034.25,11138.9,100218170,5932.11,0,0.0,0,0.0,0.0,0.0,0.0,0.0,0.0,50.0,1000.0,11107.539999999999,11408.236828383677,10806.843171616321,5.41428306148216,0.552145545013841,0.0,0.0,11022.955,11165.64,10880.27,2.5888702258151195,0.9062970879910296,0.0,0.0,10740.55,11358.3,11049.425,5.5615374781454765,0.6448401456900046,177.82255238272975,2.3737396105020947,-22.65193295492827,-30.469599585330133,7.817666630401863,11067.154166666667,11115.853846153845,11084.068847243521,11106.72078019845,0.7650185153207079,0.8186649782229115,-0.05364646290220365,-0.04059435944307257,25.502025200218586,196.41000000000167,-10.223038215300367,-6.291759842094506,-3.9312783732058607,10964.65,11049.425,11007.037499999999,11075.025,9.035462305510666,10.731098436487581,19.95229148165569,19.44920637232301,1.7507848485873392,11189.275,11095.425,56.00000000000001,72.0,-15.999999999999993,11073.299295126588,11196.243531121829,0.0,0.0,51.499005846520255,0.7739669269167581,0.7820684633201846,0.7276050359938743,-3.487147939872146,50.53908004058614,64.48401456900046,65.15310940240123,-35.515985430999535,-43.2616176470583,-1.4574938183684032,-0.20394798251625387,-0.2744707503276208,0.07052276781136693,0.0,0.0,0.0,11091.782490793712,0.07277104969993786,0.07274458441024478,2.4751951498870772
01-JUN-2026,11257.65,11290.75,11148.5,11159.1,94281500,4772.18,0,0.0,0,0.0,0.0,0.0,0.0,0.0,0.0,50.0,1000.0,11113.9825,11413.29754685699,10814.66745314301,5.3862788943025475,0.5753679116265029,0.0,0.0,11022.906666666666,11170.326666666666,10875.486666666668,2.6747935813663033,0.9619228508117432,0.0,0.0,10740.55,11358.3,11049.425,5.558313592809778,0.6775394577094311,175.22529714445682,2.385780517490021,-14.98862089222348,-27.373403846708804,12.384782954485324,11055.083333333334,11122.028846153846,11095.612101513749,11110.600722405972,0.8269774962942992,0.7570985812462687,0.06987891504803045,-0.03769569068330171,25.41206316206328,180.6175000000003,-10.295026682431038,-7.416514098812412,-2.878512583618626,11015.65,11049.425,11032.537499999999,11075.025,17.78517258549362,10.885613137968138,23.633165885891174,18.234607765551857,45.13446288843358,11185.725,11095.425,52.0,68.0,-16.0,10740.55,11196.243531121829,1.0,0.0,52.43089708603828,0.8151659507910453,0.7824479938236489,0.7762330129301754,-2.267013770533085,53.59086596407549,67.75394577094312,65.13692162417384,-32.24605422905689,8.719411764705,-1.2814104804072943,-0.13490378483313664,-0.246557357228724,0.11165357239558735,0.0,0.0,0.0,11092.200570695364,0.18134645252225745,0.18118221836811443,2.6610302810066377
29-MAY-2026,11586.75,11604.6,11137.65,11200.25,294928203,14945.21,0,0.0,0,0.0,0.0,0.0,0.0,0.0,0.0,50.0,1000.0,11123.3925,11421.126734301333,10825.658265698667,5.35329908211606,0.6290706461424478,0.0,0.0,11059.548333333334,11228.938333333334,10890.158333333333,3.0632354033746765,0.9153186925635118,0.0,0.0,10740.55,11604.6,11172.575,7.767863985739972,0.532029396446965,204.3977674300112,2.398345630493969,-5.531169892756225,-23.00495705591829,17.473787163162065,11047.220833333333,11120.157692307692,11111.710239742402,11117.241409635159,0.8289858078791329,0.713512765994225,0.11547304188490792,-0.03308550750260906,25.633984661569773,57.20750000000044,-8.177363712863981,-8.030807444939436,-0.14655626792454512,11196.400000000001,11172.575,11184.487500000001,11172.575,58.89258629274681,12.579892184453106,31.101359050694345,15.109760819431429,101.0157298817088,11165.4875,11095.425,100.0,64.0,36.0,10751.554,11196.243531121829,0.0,0.0,54.354926268198334,0.9002275125368506,0.829786796748218,0.7981010846306837,-0.6981546617820524,40.85566161200672,53.20293964469651,61.81363332821336,-46.79706035530349,52.00926470588092,-0.835354948382416,-0.04975307892443927,-0.20719650156786704,0.15744342264342776,0.0,0.0,0.0,11096.958480398745,0.3687573370612318,0.3680790940622458,3.039600362470507
27-MAY-2026,11486.1,11507.1,11394.7,11484.15,138051651,8136.33,0,0.0,0,0.0,0.0,0.0,0.0,0.0,0.0,50.0,1000.0,11140.435000000001,11477.234376632441,10803.635623367561,6.046431340112657,1.0102666807710659,1.0,0.0,11127.798333333334,11300.603333333333,10954.993333333332,3.1058255159488772,1.531080312105167,1.0,0.0,10740.55,11604.6,11172.575,7.755980803263077,0.860598345003182,214.64299068701013,2.398345630493969,24.588840661159338,-13.486197512502766,38.07503817366211,11072.516666666668,11128.736538461539,11169.008664397417,11144.419823736258,0.8510980096065791,0.7079792446464986,0.14311876496008047,-0.02248097095010989,25.796857899851766,-128.13500000000204,-3.6498827947566403,-7.842909074359863,4.193026279603222,11253.175,11172.575,11212.875,11172.575,79.4462931463734,14.153151299046291,27.737484242385825,13.475512499375528,160.36197537836657,11165.4875,11095.425,96.0,60.0,36.0,10785.67584,11196.243531121829,0.0,0.0,64.90232338764406,1.0,0.9051311544426319,0.8391219816714995,4.39592075655563,49.88848747335968,86.05983450031819,69.00557330531926,-13.940165499681799,110.88882352941073,2.7149705740300094,0.22063814043318883,-0.12162957316765587,0.3422677136008447,0.0,0.0,0.0,11225.578527730742,2.534764848998905,2.5031724344007245,5.651411933007355
26-MAY-2026,11502.6,11576.2,11480.65,11515.6,109516205,5562.76,0,0.0,0,0.0,0.0,0.0,0.0,0.0,0.0,50.0,1000.0,11154.135,11526.674855720163,10781.595144279838,6.679852013986965,0.9851360122278013,0.0,0.0,11191.621666666668,11346.146666666667,11037.096666666666,2.7614407384810127,1.5483039421884237,1.0,0.0,10740.55,11604.6,11172.575,7.746454565952457,0.8969967015797699,202.73369161830922,2.398243747385007,50.415756728629276,-0.7058066642763574,51.121563392905635,11114.458333333334,11143.328846153845,11222.330408336276,11171.914651607647,0.906916276651065,0.6669429277171071,0.23997334893395794,-0.007715344700781295,25.86984645795314,-375.03499999999985,0.4671187288095605,-7.130327969914538,7.597446698724099,11255.35,11172.575,11213.962500000001,11172.575,89.72314657318671,15.893533148820556,29.297838937168645,13.003860157555277,166.660600454831,11165.4875,11099.05,92.0,56.00000000000001,35.99999999999999,10818.4328064,11196.243531121829,0.0,0.0,65.84390831170907,1.0,0.9667425041789502,0.9005534851232667,8.747619025193197,46.76937944974922,89.699670157977,76.32081476766389,-10.300329842023018,182.95705882352922,4.570344069812856,0.45127230471076335,-0.007049197591972034,0.4583215023027354,0.0,0.0,0.0,11322.192464490332,0.27385570547233673,0.2734814039435207,5.940744352497962
25-MAY-2026,11512.35,11561.15,11483.95,11524.6,120103920,3757.56,0,0.0,0,0.0,0.0,0.0,0.0,0.0,0.0,50.0,1000.0,11171.8,11577.91287962831,10765.68712037169,7.27032133816055,0.9343619935458548,0.0,0.0,11248.005,11399.310000000001,11096.7,2.6903437542924333,1.4140312613595016,1.0,0.0,10740.55,11604.6,11172.575,7.734205768094678,0.9074127654649616,190.1803224564782,2.380445344196852,70.79393020908537,13.594140710395989,57.199789498689384,11176.583333333334,11158.409615384615,11268.833422438387,11198.039492229302,0.9247571610597208,0.6602240571891899,0.264533103870531,0.009376383846155321,25.88648636886185,-368.7999999999993,3.57264656550179,-5.86588727098643,9.438533836488219,11319.425,11172.575,11246.0,11172.575,94.86157328659336,17.50960200932523,28.43196460434918,12.619541410969632,144.79832137207399,11165.4875,11158.6,88.0,52.0,36.0,10849.879494144001,11196.243531121829,0.0,0.0,66.12398693494293,1.0,1.0,0.9572912195405273,12.302940814189057,45.61923906487052,90.74127654649617,88.83359373493045,-9.258723453503837,255.0558823529409,6.916161831692813,0.6321993261250032,0.12080050715142301,0.5113988189735802,0.0,0.0,0.0,11385.012806770095,0.07815485081106299,0.07812432581104645,6.023542183194808
22-MAY-2026,11366.8,11415.2,11319.55,11372.3,81902087,2870.16,0,0.0,0,0.0,0.0,0.0,0.0,0.0,0.0,50.0,1000.0,11176.7625,11590.064935118642,10763.46006488136,7.395745147463612,0.7365549817579324,0.0,0.0,11288.856666666667,11435.966666666667,11141.746666666666,2.6062869667639905,0.7836086375274705,0.0,0.0,10740.55,11604.6,11172.575,7.73077176865842,0.7311498177188811,191.6672902108305,2.3055976721517895,73.80367945777289,25.63604845987137,48.16763099790152,11224.025,11169.49230769231,11284.751357447867,11210.947677990094,0.9654844336381413,0.6241697059393545,0.3413147276987868,0.024596392527376238,25.84294574534456,-211.46250000000146,5.931051715528262,-4.374456524243105,10.305508239771367,11319.425,11172.575,11246.0,11172.575,97.43078664329667,17.608152938619476,26.21576453966509,17.88536353122579,75.41162791925524,11165.4875,11185.875,84.0,48.0,36.0,10880.06831437824,11196.243531121829,0.0,0.0,57.52735597944241,0.7324550313304263,0.9108183437768087,0.9591869493185863,12.823519954495218,42.33855172335866,73.11498177188811,84.51864282545375,-26.885018228111893,277.89338235294235,5.269832453947971,0.6583179368740436,0.22830399309594715,0.43001394377809643,0.0,0.0,0.0,11383.027697833213,-1.3215209204657907,-1.3303307097372041,4.622418892625002
21-MAY-2026,11395.85,11431.75,11339.6,11377.55,113211988,5069.38,0,0.0,0,0.0,0.0,0.0,0.0,0.0,0.0,50.0,1000.0,11187.1525,11609.57454425787,10764.73045574213,7.551913576897603,0.7253640672736411,0.0,0.0,11314.653333333332,11460.108333333334,11169.198333333332,2.5710907036185677,0.7162066160209899,0.0,0.0,10740.55,11604.6,11172.575,7.723591861289108,0.737225854985243,181.7155611897474,1.9728685611742258,75.73948095508786,35.65673495891467,40.08274599617319,11258.379166666666,11182.850000000002,11299.028071686656,11223.288590731569,1.062785667262297,0.5824696698956068,0.4803159973666903,0.03794533501246628,25.698159762360095,-255.45249999999942,8.131938931987634,-2.598908275926842,10.730847207914476,11319.425,11172.575,11246.0,11172.575,98.71539332164834,17.787325029967544,25.915637168439332,17.235176824246288,73.66772557597506,11160.4875,11180.875,80.0,44.0,36.0,10909.04958180311,11196.243531121829,0.0,0.0,57.73135667308112,0.727412934355586,0.8199559885620041,0.9102581107796043,13.297723826629406,41.1120627569349,72.18887800097977,78.68171210645467,-27.811121999020234,273.8107352941188,3.7595870610015227,0.6748421404545824,0.31761162256767417,0.3572305178869082,0.0,0.0,0.0,11382.457698058684,0.046164803953474554,0.04615415128625955,4.670717627198151
20-MAY-2026,11127.1,11378.9,11074.9,11359.0,99817058,3948.69,0,0.0,0,0.0,0.0,0.0,0.0,0.0,0.0,50.0,1000.0,11189.92,11616.0675406476,10763.7724593524,7.616632480797006,0.6983819966942147,0.0,0.0,11328.113333333333,11492.148333333334,11164.078333333333,2.896069189514949,0.5941465744099313,0.0,0.0,10740.55,11604.6,11172.575,7.721681656347866,0.7157571899774318,193.94400507077268,1.6238467978988624,74.91323448198636,43.508034863529005,31.40519961845736,11293.987500000001,11196.19423076923,11308.254522196401,11233.341287714415,0.9490242261103633,0.7008374457903387,0.2481867803200246,0.04906093835964806,25.675899947475067,-83.71999999999935,10.820567630601417,-0.380220870324818,11.200788500926235,11319.425,11172.575,11246.0,11172.575,99.35769666082417,16.853636455437687,22.951403173015816,25.2231640047531,30.737941984986637,11160.4875,11180.875,76.0,40.0,36.0,10936.871598530986,11196.243531121829,0.0,0.0,56.69517070314242,0.6011713930814075,0.6870131195891401,0.805929150642651,13.392888062033942,51.75300377064959,65.05655545279929,70.12013840855572,-34.94344454720072,223.48647058823735,3.908815646239828,0.6668829207914909,0.3874658822124375,0.2794170385790534,0.0,0.0,0.0,11380.80623128174,-0.16304037336684063,-0.16317342882601338,4.500062098373014
19-MAY-2026,11189.7,11276.25,11161.05,11180.7,105931496,4851.0,0,0.0,0,0.0,0.0,0.0,0.0,0.0,0.0,50.0,1000.0,11183.7575,11606.683325973063,10760.831674026937,7.563215242695725,0.49638529996014746,0.0,0.0,11336.66,11500.465,11172.855,2.889828221010426,0.023946155489762675,0.0,0.0,10740.55,11604.6,11172.575,7.725936475285709,0.5094033910074659,194.34460456369547,1.6222936046687362,59.18881648189745,46.6441911872027,12.544625294694747,11300.195833333331,11197.63269230769,11288.6307495508,11229.441933068903,0.9445507768520603,0.7234294077910374,0.22112136906102298,0.05497703153891911,25.598818134435223,-24.357500000000073,12.487870115641634,2.143213388668738,10.344656726972897,11339.75,11172.575,11256.1625,11172.575,97.84991464835707,15.98663992194568,21.24720895488498,23.350286345124683,7.580682167404231,11160.4875,11180.875,72.0,36.0,36.0,10963.580734589746,11196.243531121829,0.0,0.0,47.81222493360293,0.22543250927008093,0.5180056122356915,0.6749915734622786,10.709560710952834,54.31602730095076,39.31281317108094,58.85274887495331,-60.68718682891906,157.1623529411754,0.6707964920494859,0.5270860015545019,0.4153899060808504,0.1116960954736515,0.0,0.0,0.0,11378.613671304074,-1.5696804296152722,-1.5821303675570775,2.8597450746790543
18-MAY-2026,11205.85,11206.55,11071.45,11162.5,80965481,3482.33,0,0.0,0,0.0,0.0,0.0,0.0,0.0,0.0,50.0,1000.0,11177.1525,11597.063102956152,10757.241897043848,7.513731300635859,0.4825528339879403,0.0,0.0,11339.873333333333,11503.518333333335,11176.228333333333,2.886187441247163,-0.04194547139641432,0.0,1.0,10740.55,11604.6,11172.575,7.73050202187007,0.4883397951507438,188.42014410732577,1.6007415707014099,44.74274749058168,46.2639024478785,-1.5211549572968224,11300.454166666668,11194.590384615383,11269.226018850677,11224.483271360095,0.9092070170166414,0.7615792043875134,0.14762781262912805,0.05673134240791611,25.499678861698825,-46.35250000000087,13.413042328655026,4.777443278789411,8.635599049865615,11338.025000000001,11172.575,11255.300000000001,11172.575,93.24111655128024,15.692476986380543,20.14764940029991,25.5740667313049,-14.077063074889592,11160.4875,11180.875,68.0,32.0,36.0,10989.221505206157,11196.243531121829,0.0,0.0,47.00268488582486,0.0,0.2755346341171629,0.4935177886473316,8.30133346022975,50.44811283442983,22.486192688699905,42.28518710419337,-77.5138073113001,84.3464705882343,0.027779271286990016,0.3986174366239676,0.41203541218947387,-0.01341797556550628,0.0,0.0,0.0,11377.115651451015,-0.16278050569284996,-0.1629131371094772,2.692309461492104
15-MAY-2026,11452.1,11477.55,11229.25,11250.7,120487812,5432.12,0,0.0,0,0.0,0.0,0.0,0.0,0.0,0.0,50.0,1000.0,11180.657500000001,11601.793160179708,10759.521839820294,7.533289704647637,0.583159070369523,0.0,0.0,11351.845,11526.095000000001,11177.595,3.0699855397955296,0.20977044476327403,0.0,0.0,10740.55,11604.6,11172.575,7.728078603606282,0.5904172212256245,201.08312969659312,1.6574800087179504,39.950610845071424,45.00124412731709,-5.050633282245663,11310.445833333333,11197.64423076923,11266.375862104418,11226.425251259347,0.9352045880666152,0.7403220469835674,0.1948825410830478,0.05705882953600531,25.538843311401408,-41.75750000000153,15.567148954118771,7.415722464009718,8.151426490109053,11323.825,11172.575,11248.2,11172.575,85.13806396441285,15.29375503586506,27.72384819464048,22.63262281789245,51.764640419225536,11157.425,11180.875,64.0,28.000000000000004,36.0,11013.83664499791,11196.243531121829,0.0,0.0,51.30557728646211,0.22503134930791543,0.15015461952599887,0.3145649552929511,7.491305474896357,46.60038939518544,37.95038134478839,33.2497957348564,-62.04961865521161,76.9308823529409,1.0771912171632,0.3558622620374182,0.4008007821590628,-0.044938520121644565,0.0,0.0,0.0,11374.937350258253,0.7901455767077348,0.7870402734310389,3.503728202321099
14-MAY-2026,11530.65,11543.7,11382.15,11442.2,109017256,5267.55,0,0.0,0,0.0,0.0,0.0,0.0,0.0,0.0,50.0,1000.0,11202.1525,11630.543852007713,10773.761147992287,7.64837564937119,0.7801731394377898,0.0,0.0,11366.03,11509.740000000002,11222.32,2.528763341289807,0.765012873147309,0.0,0.0,10740.55,11604.6,11172.575,7.71324975267031,0.8120479138938725,210.2748167269338,1.6330811233489528,51.01716349209164,46.204428000272,4.8127354918196374,11335.720833333333,11204.149999999998,11293.425729472969,11242.408565980877,0.9514836436491759,0.6860686034059903,0.26541504024318563,0.05965537559258091,25.539596626010358,-43.05249999999978,18.4795621167376,9.874549676397967,8.605012440339634,11323.825,11172.575,11248.2,11172.575,74.57026296380909,15.238833817213164,27.19217873620259,20.294767271974155,95.0183046795238,11159.6875,11180.875,60.0,24.0,36.0,11037.467179197993,11196.243531121829,0.0,0.0,59.0748711689111,0.6313475019679972,0.28545961709197093,0.23704962357837756,9.269576506223306,48.671045198248954,71.52625580783737,43.987609947108545,-28.473744192162624,83.34779411764612,2.722890051980008,0.45379211396450886,0.4113990485201521,0.04239306544435678,0.0,0.0,0.0,11378.008782658,1.702116312762758,1.687792621827633,5.265482044370451
13-MAY-2026,11318.1,11490.3,11270.55,11437.55,110631757,4906.12,0,0.0,0,0.0,0.0,0.0,0.0,0.0,0.0,50.0,1000.0,11235.075,11628.103369841152,10842.04663015885,6.996452980352179,0.7575831867834784,0.0,0.0,11359.778333333334,11514.223333333332,11205.333333333334,2.7191551713083393,0.7517778713026227,0.0,0.0,10788.2,11604.6,11196.400000000001,7.26652915089574,0.7953821656050941,211.22233505424043,1.5937733672421097,58.73520715010454,48.71058383023851,10.02462331986603,11358.925000000001,11214.45,11315.598694169435,11256.863487019331,0.9189229768279866,0.7113424419865547,0.2075805348414319,0.06345626177711548,25.64143147111556,-34.82500000000073,19.91178265001014,12.035067889864699,7.87671476014544,11316.3,11172.575,11244.4375,11172.575,70.35307016289397,14.517729299584515,25.098204261264872,22.64271202305225,65.55360219524864,11159.6875,11180.875,56.00000000000001,20.0,36.00000000000001,11060.152492030073,11196.243531121829,0.0,0.0,58.82941963534443,0.6185109528179358,0.4916299346979495,0.30908139043863975,10.591390630948478,53.310353075639156,70.71096695011818,60.06253470091463,-29.289033049881823,106.37632352941364,2.4952729162746,0.5217724032794223,0.4334737194720062,0.08829868380741612,0.0,0.0,0.0,11378.662122302068,-0.04063903794726542,-0.04064729784207799,5.222703165177056
12-MAY-2026,11347.35,11446.85,11275.05,11293.15,159845774,7774.71,0,0.0,0,0.0,0.0,0.0,0.0,0.0,0.0,50.0,1000.0,11259.5825,11599.296511007777,10919.868488992224,6.034220380867163,0.5494055277561555,0.0,0.0,11341.198333333334,11503.268333333333,11179.128333333332,2.8580754032606013,0.3517667263116771,0.0,0.0,10901.75,11604.6,11253.175,6.242238555470421,0.5568755780038407,207.2801015488165,1.6358263713589167,52.593672042847174,49.48720147276025,3.106470570086927,11366.666666666666,11214.046153846155,11312.145048912598,11259.551376869751,0.9287327891829499,0.7279577871217752,0.2007750020611747,0.06524802568767053,25.774227611536492,224.5674999999992,19.8651337243164,13.845344240844097,6.019789483472303,11307.575,11172.575,11240.075,11172.575,66.30074974413452,13.848132247500766,23.570051178630756,21.264066371075238,33.56334065811041,11163.9,11180.875,52.0,16.0,36.0,11081.93039234887,11196.243531121829,0.0,0.0,51.652280126748536,0.2431631082956574,0.4976738543605302,0.4249211353834836,9.469297976664944,49.83326987441033,41.583044171433755,61.27342230979642,-58.416955828566245,125.83411764705852,0.8294457712997446,0.46710273156077253,0.44019952188975947,0.026903209671013062,0.0,0.0,0.0,11374.1458805108,-1.2625081420409079,-1.2705454959043294,3.8942579704411617
11-MAY-2026,11526.55,11538.4,11323.45,11339.0,73239120,3830.26,0,0.0,0,0.0,0.0,0.0,0.0,0.0,0.0,50.0,1000.0,11278.2675,11591.237278532992,10965.297721467008,5.549961969477879,0.5970261414451523,0.0,0.0,11328.903333333332,11504.748333333333,11153.05833333333,3.104360498559605,0.5287089956116696,0.0,0.0,10906.1,11604.6,11255.35,6.193327122272991,0.619756621331424,211.07709139393484,1.6564718387748243,50.84011978453782,49.75778513511577,1.0823346494220516,11354.570833333333,11215.39423076923,11316.276579849122,11265.436460064584,0.9031721401948396,0.738502391502568,0.16466974869227158,0.06629046651586815,25.91014344702273,237.33250000000044,19.715277580065923,15.376924892459394,4.338352687606529,11307.575,11172.575,11240.075,11172.575,73.33975913865297,13.716235229557096,24.74773298019691,19.44402629100191,56.65947841360203,11168.075,11180.875,48.0,12.0,36.0,11102.837176654915,11196.243531121829,0.0,0.0,53.58843403152508,0.34441949239560143,0.4020311845030649,0.4637783245205149,9.150624145600764,42.09430611754953,50.18287536340607,54.15896216165265,-49.81712463659393,171.86029411764684,-1.2639159188969114,0.45129294337386333,0.44241820618658023,0.0088747371872831,0.0,0.0,0.0,11372.789757835484,0.40599832641912137,0.4051763771961703,4.316066919046713
08-MAY-2026,11658.85,11661.85,11554.15,11598.85,65835756,2977.54,0,0.0,0,0.0,0.0,0.0,0.0,0.0,0.0,50.0,1000.0,11311.625,11611.678349423044,11011.571650576956,5.305220946115947,0.978623219091354,0.0,0.0,11352.496666666666,11529.546666666667,11175.446666666667,3.1191376698635196,1.1957168408170946,1.0,0.0,11034.25,11661.85,11348.05,5.548274452167575,0.8996175908221797,222.25438225454135,1.6382264394702848,69.61565439942933,53.729358987978486,15.886295411450845,11361.508333333333,11227.096153846154,11359.749413718488,11290.133759319058,0.907346849792893,0.7281279871207935,0.17921886267209952,0.07118936247584322,25.986648802704835,212.97500000000036,22.157915640926625,16.93536674900817,5.2225488919184535,11366.650000000001,11201.2,11283.925000000001,11201.2,83.49252987124386,14.19099747585283,26.20748728006039,17.33996102182828,151.17102505129327,11170.9375,11180.875,100.0,8.0,92.0,11122.90768958872,11196.243531121829,0.0,0.0,62.70417814262589,0.8211518868572669,0.4695781625161753,0.45642773379325674,12.015027881436389,51.15715684937972,89.32926829268293,60.36506260917423,-10.67073170731708,206.19279411764728,0.7229323700024315,0.6166061083374451,0.4772557866167533,0.13935032172069184,0.0,0.0,0.0,11382.513569839879,2.2916482935003035,2.2657844277093275,6.706624286443685
07-MAY-2026,11755.7,11777.3,11657.8,11708.6,109660251,5491.79,0,0.0,0,0.0,0.0,0.0,0.0,0.0,0.0,50.0,1000.0,11341.744999999999,11672.624281460752,11010.865718539246,5.834715583197352,1.0543638126576313,1.0,0.0,11385.656666666666,11565.441666666668,11205.871666666668,3.158096283130498,1.3981375902698583,1.0,0.0,11034.25,11777.3,11405.775,6.551460996522135,0.9075432339681058,217.8739440290871,1.6382264394702848,92.28747605611716,61.44098240160622,30.846493654510937,11376.841666666667,11247.403846153846,11413.418734684874,11321.131258628757,0.8969034225329899,0.6887475246657219,0.20815589786726807,0.08022346375670414,25.84821218130616,30.55500000000029,24.747947281158954,18.482853376847896,6.265093904311058,11424.375,11258.925,11341.65,11258.925,91.74626493562192,15.12865307635863,28.53662055988146,16.290632677111493,181.96700164367527,11209.0125,11180.875,100.0,4.0,96.0,11155.244228213396,11196.243531121829,0.0,0.0,65.7628313342598,0.9811123949741806,0.715561258075683,0.5290568683649745,15.419118706231727,50.085219823996404,90.26705390663753,76.59306585424217,-9.732946093362479,242.36191176470675,1.5965846970827622,0.8151789246836738,0.5448404142301374,0.2703385104535364,0.0,0.0,0.0,11403.337836754796,0.9462144954025531,0.9417659260352096,7.716297832996766
06-MAY-2026,11754.1,11792.45,11600.85,11720.6,114737708,5110.42,0,0.0,0,0.0,0.0,0.0,0.0,0.0,0.0,50.0,1000.0,11369.805,11728.11761057906,11011.49238942094,6.302880490545963,0.9895097041562245,0.0,0.0,11429.026666666667,11597.571666666667,11260.481666666667,2.9494200147694127,1.3649717681726945,1.0,0.0,11034.25,11792.45,11413.35,6.668540049719416,0.905236085465576,215.24654962617842,1.6382264394702848,109.95585511983518,71.14395694525201,38.81189817458316,11405.866666666667,11274.646153846154,11460.677390887202,11350.721535767367,0.8518072697680735,0.7171775396717764,0.13462973009629708,0.09167397076583333,25.849695024821397,7.744999999998981,25.836943917968398,19.96608379932865,5.870860118639747,11431.95,11266.5,11349.225,11266.5,95.87313246781096,15.596106643566383,26.67042617370245,17.169087132166272,156.77440810324615,11087.725,11100.675,100.0,0.0,100.0,11205.008689956325,11196.243531121829,0.0,0.0,66.0902892855695,0.9982376906506223,0.9335006574940233,0.7062133593619606,18.159663126056724,53.68361069123018,90.03467406380022,89.87699875437353,-9.965325936199774,291.1561764705875,3.0627049937128032,0.9687124714790354,0.629614825679917,0.3390976457991184,0.0,0.0,0.0,11426.698702613669,0.10248876893907966,0.10243628505719471,7.82669494059256
05-MAY-2026,11734.7,11766.25,11577.8,11700.15,100106440,5654.82,0,0.0,0,0.0,0.0,0.0,0.0,0.0,0.0,50.0,1000.0,11398.2725,11766.43987834167,11030.10512165833,6.460055738124702,0.9099731776342355,0.0,0.0,11476.566666666668,11652.436666666666,11300.696666666667,3.0648538906815896,1.1356494380318791,1.0,0.0,11034.25,11792.45,11413.35,6.651885186987771,0.8782643102083869,212.56689466356065,1.6388899793502811,120.91420504018424,81.09800656423846,39.81619847594578,11432.75,11310.071153846155,11497.519330750709,11376.605125710525,0.8485843585093696,0.731101635380419,0.1174827231289507,0.10369645888486236,25.705136666719024,-39.27249999999913,27.50744403435944,21.532128433295807,5.975315601063635,11510.85,11290.325,11400.587500000001,11266.5,97.93656623390548,15.865391738218992,24.942669457373086,16.849212629470212,129.1873526904369,11049.425,11075.025,96.0,0.0,96.0,11263.752820960692,11196.243531121829,0.0,0.0,64.95021012282604,0.9402712284440098,0.9732071046896044,0.8740896734197703,20.00480854149481,53.69884574650745,87.19833564493743,89.16668787179172,-12.801664355062565,340.31897058823597,2.8354083260455933,1.0628320461516638,0.7162582697742664,0.3465737763773974,0.0,0.0,0.0,11473.580181344738,-0.174479122229243,-0.17463151433716462,7.638559869731409
04-MAY-2026,11740.75,11801.95,11698.5,11733.1,92111438,5725.13,0,0.0,0,0.0,0.0,0.0,0.0,0.0,0.0,50.0,1000.0,11427.9825,11803.46026801693,11052.50473198307,6.571199562423725,0.9063056803755193,0.0,0.0,11536.335,11709.04,11363.63,2.9941051469119238,1.0696563504241319,1.0,0.0,11071.45,11801.95,11436.7,6.3922043982828995,0.9057494866529769,201.65520519720465,1.6003800342993968,130.75035719954394,91.02847669129956,39.72188050824438,11463.925000000001,11345.844230769231,11533.762510635215,11403.012153435671,0.9302431687986894,0.6974500228129182,0.23279314598577117,0.11593688731434952,25.586362896174368,-247.28249999999935,29.71066278534809,23.103629970099064,6.607032815249028,11536.25,11351.85,11444.05,11271.25,98.96828311695273,16.291999469850346,25.29553925327815,16.227729380227235,138.72547771241338,11049.425,11075.025,100.0,0.0,100.0,11316.622538864623,11196.243531121829,0.0,0.0,65.96885022049754,0.9936378048010269,0.9773822412985531,0.9613633344940603,21.819498371204855,51.158461111106405,90.5749486652977,89.26931945801176,-9.425051334702308,389.7370588235299,3.293423716876489,1.1466299907445903,0.8023326139683312,0.34429737677625905,0.0,0.0,0.0,11524.338474099257,0.2816203211069901,0.2812245140221492,7.94169192767149
30-APR-2026,11714.8,11731.05,11554.9,11694.65,109742234,6964.06,0,0.0,0,0.0,0.0,0.0,0.0,0.0,0.0,50.0,1000.0,11454.759999999998,11826.079495313634,11083.440504686363,6.483234835363384,0.8230237073835538,0.0,0.0,11570.438333333334,11735.928333333333,11404.948333333332,2.860565783808548,0.875284508630934,0.0,0.0,11071.45,11801.95,11436.7,6.377261505260696,0.8531143052703613,199.30968467748426,1.5660762763447984,133.89947519106863,99.60267639125337,34.296798799815264,11506.754166666666,11373.896153846155,11558.51443207595,11424.614956884881,0.8777956583139018,0.7340470951426986,0.14374856317120321,0.1268821866732057,25.525702766602727,-292.2599999999984,32.1916479493265,24.627195062608944,7.564452886717557,11536.25,11354.025000000001,11445.1375,11271.25,99.48414155847635,15.667967227176831,23.675551228774474,20.349237176994876,90.31531148328135,11049.425,11075.025,96.0,0.0,96.0,11374.861834200869,11196.243531121829,0.0,0.0,63.644395330973715,0.871859563758116,0.935256199001051,0.9619485149964029,22.673718858252183,56.850479465497706,85.31143052703612,87.69490494575707,-14.688569472963874,384.1614705882348,4.596760489057026,1.1720261531472973,0.8762713218041245,0.2957548313431728,0.0,0.0,0.0,11548.34132390352,-0.3277053805047281,-0.328243510562487,7.58796119541667
29-APR-2026,11738.65,11863.0,11713.05,11769.25,130058451,7877.66,0,0.0,0,0.0,0.0,0.0,0.0,0.0,0.0,50.0,1000.0,11483.21,11859.33003615863,11107.089963841368,6.550782162106775,0.8802509471728355,0.0,0.0,11603.013333333332,11767.343333333334,11438.683333333332,2.8325400528138815,1.005801334712669,1.0,0.0,11071.45,11863.0,11467.225,6.893107415086891,0.8815614932726927,196.21371620973588,1.5182596160384043,140.79181008253727,107.84050312951015,32.951306953027114,11557.316666666666,11406.109615384617,11590.93528867965,11450.143478597112,1.0111197043911662,0.6518002921715227,0.3593194122196435,0.1375188966832794,25.511092119937793,-232.5099999999984,34.25508666607224,26.220895508838066,8.034191157234172,11569.025,11448.625,11508.825,11301.775,99.74207077923819,15.774858800239132,27.02176978381763,19.104456997052623,125.5213870293807,11049.425,11075.025,100.0,12.0,88.0,11426.112414096764,11196.243531121829,0.0,0.0,66.13743519724117,1.0,0.9551657895197144,0.9559347432731062,24.128285190573067,59.00058214447555,88.15614932726928,88.01417617320101,-11.84385067273073,383.6329411764709,5.435610302351624,1.2296073874157887,0.9469385349264574,0.28266885248933127,0.0,0.0,0.0,11572.337891356065,0.637898526249181,0.6358725647547914,8.27426321430378
28-APR-2026,11479.85,11715.35,11465.05,11686.75,173286528,10592.88,0,0.0,0,0.0,0.0,0.0,0.0,0.0,0.0,50.0,1000.0,11493.34,11879.78707735985,11106.89292264015,6.724713222785536,0.7502412507830942,0.0,0.0,11625.305,11792.69,11457.92,2.8796663829465157,0.6835439256803167,0.0,0.0,11071.45,11863.0,11467.225,6.887031968078898,0.7773356073526623,207.01234458876235,1.3054386282672936,138.00612590824676,113.87362768525749,24.13249822298927,11593.654166666667,11428.438461538462,11605.676013498165,11467.669887589918,0.909484330956724,0.6885591112584987,0.22092521969822532,0.14577283597673993,25.613623503943327,-51.13999999999942,35.00073330380891,27.90262879544834,7.098104508360567,11593.225,11448.625,11520.925,11301.775,99.8710353896191,14.876716953490027,24.147382015440087,25.744353065822306,52.89782005710451,11049.425,11075.025,96.0,8.0,88.0,11426.112414096764,11863.0,0.0,1.0,61.143871549119766,0.7390316797004604,0.8702970811528589,0.9202396898912081,23.93741437212561,59.288738855288265,77.73356073526622,83.73371352985718,-22.26643926473377,354.24514705882393,3.8757588416720665,1.2034365068146426,0.9982381293040945,0.20519837751054815,0.0,0.0,0.0,11579.336881422294,-0.7009792467659315,-0.7034476483736896,7.515283099582781
27-APR-2026,11326.35,11532.1,11316.8,11508.35,84190818,5137.26,0,0.0,0,0.0,0.0,0.0,0.0,0.0,0.0,50.0,1000.0,11492.977499999999,11879.35396987746,11106.601030122538,6.723696620435588,0.5198931627550673,0.0,0.0,11636.711666666666,11808.446666666667,11464.976666666666,2.9516070333156934,0.1262798303587931,0.0,0.0,11071.45,11863.0,11467.225,6.88724919195221,0.5519550249510454,223.3061101298862,1.1619119290433229,120.01955140236714,115.10281242867943,4.916738973687714,11599.166666666666,11441.859615384614,11590.702780652293,11470.683229249926,0.8504007260756535,0.6984170935437731,0.1519836325318804,0.14869368805377897,25.752388485714807,-55.42749999999978,35.92447665913595,29.703650915345015,6.2208257437909324,11589.9,11448.625,11519.2625,11301.775,58.638696126696146,14.738555468342964,21.19463634611559,27.49646016682278,-14.879700980656908,11037.7375,11075.025,92.0,4.0,88.0,11426.112414096764,11863.0,0.0,0.0,52.00067945987715,0.04686548223401407,0.5952990539781582,0.8069206415502438,20.853326303587274,57.67364636329399,44.03944773175548,69.97638593143031,-55.96055226824452,299.4801470588227,0.5781230882172976,1.0463156291886833,1.0078536292810123,0.03846199990767096,0.0,0.0,0.0,11576.02153059216,-1.526515070485801,-1.5382862580635148,5.874046099992181
24-APR-2026,11426.4,11447.65,11293.2,11331.7,79242971,4134.14,0,0.0,0,0.0,0.0,0.0,0.0,0.0,0.0,50.0,1000.0,11483.3325,11875.654768390375,11091.010231609625,6.832899219636373,0.30675007230392565,0.0,0.0,11632.435000000001,11798.119999999999,11466.749999999998,2.8486726983645365,-0.4075504722817308,0.0,1.0,11071.45,11863.0,11467.225,6.893033881932786,0.32878529467500506,222.49049911689752,1.390622788313037,90.46802378206667,110.17585469935688,-19.70783091729021,11590.345833333333,11449.586538461539,11550.856199013479,11460.388175231412,0.7899982542176522,0.789188846037868,0.0008094081797842545,0.14458241719666368,25.829945551546473,-190.1825000000008,35.20096757782325,31.15287890833353,4.048088669489719,11578.1,11448.625,11513.3625,11301.775,29.319348063348073,14.715727952938707,19.686929274974187,26.32076503088092,-49.19026439979258,11024.1125,11075.025,88.0,0.0,88.0,11426.112414096764,11841.152,0.0,0.0,44.849097886301934,0.0,0.2619657206448249,0.5758539519252807,15.681714581947864,53.875304417885125,10.321546122035848,44.0315181963525,-89.67845387796415,218.78999999999905,-0.9254604351456261,0.7893975526726861,0.9641624139593471,-0.17476486128666102,0.0,0.0,0.0,11574.859123123952,-1.5349724330594672,-1.546875093707456,4.248908678592622
23-APR-2026,11447.4,11528.85,11401.35,11414.0,94902420,4574.17,0,0.0,0,0.0,0.0,0.0,0.0,0.0,0.0,50.0,1000.0,11485.4175,11875.795687498954,11095.039312501045,6.797805782836446,0.40852780420756624,0.0,0.0,11616.746666666668,11784.411666666667,11449.081666666667,2.886608528377422,-0.1046183361663643,0.0,1.0,11071.45,11863.0,11467.225,6.891782558187365,0.432758511780683,219.95644920520772,1.5962797341371457,72.84938506209255,102.71056077190403,-29.861175709811477,11600.416666666666,11460.167307692307,11529.801399165251,11456.952014103159,0.7889903751718724,0.7978786093105484,-0.00888823413867601,0.13709774712877357,25.833980816949666,-146.41749999999956,33.267227984511784,32.09946565315051,1.1677623313612742,11578.1,11467.225,11522.6625,11301.775,14.659674031674037,14.211293504745052,21.0972071899159,24.59427103867686,-14.882957781745286,11007.037499999999,11075.025,84.0,36.0,48.0,11426.112414096764,11808.27488,0.0,0.0,48.408998810090885,0.16722306076762786,0.07136284766721405,0.30954254076339904,12.601945249350932,51.55875147243531,24.213013756435235,26.191335870075505,-75.78698624356477,167.0495588235317,1.070117726232277,0.6358531044942597,0.8985005520663296,-0.2626474475720699,0.0,0.0,0.0,11568.278230691842,0.7262811405172931,0.7236564199470052,5.006048841520339
22-APR-2026,11411.95,11523.6,11400.15,11501.05,70854844,3286.09,0,0.0,0,0.0,0.0,0.0,0.0,0.0,0.0,50.0,1000.0,11491.5925,11878.84487542844,11104.340124571561,6.739751264734445,0.5122110290344059,0.0,0.0,11592.783333333335,11760.843333333334,11424.723333333333,2.8993899940624046,0.22708159784203777,0.0,0.0,11071.45,11863.0,11467.225,6.888079263165651,0.5427326132272111,210.305804284687,1.696551247900483,65.15957540898307,95.20036369931984,-30.040788290336764,11613.920833333332,11473.31923076923,11525.378106985982,11460.218531576998,0.8194402190447221,0.7750228171585032,0.0444174018862189,0.12891944272164943,25.440103528605242,107.25749999999971,30.598968920354274,32.62857954230449,-2.0296106219502192,11578.1,11467.225,11522.6625,11301.775,7.329837015837018,13.749091402713843,20.20354548262705,23.59365180511447,-5.950335660849623,11032.537499999999,11075.025,80.0,32.0,48.0,11426.112414096764,11777.3703872,0.0,0.0,51.94246094499563,0.33320418382551165,0.16680908153104657,0.16671254994769516,11.190279941921727,53.53219028135079,38.438642741729694,24.324400873400247,-61.561357258270306,81.75485294117607,1.429138371990469,0.5685718403139098,0.8325148097158458,-0.26394296940193596,0.0,0.0,0.0,11564.915498753842,0.7626598913614835,0.7597663434525614,5.806887859538068
21-APR-2026,11426.5,11506.8,11426.5,11442.7,103416325,5772.21,0,0.0,0,0.0,0.0,0.0,0.0,0.0,0.0,50.0,1000.0,11495.7775,11878.995827425722,11112.559172574278,6.667114554465277,0.43074770150406333,0.0,0.0,11568.186666666666,11725.116666666665,11411.256666666666,2.7131304935143863,0.10018267167952159,0.0,0.0,11071.45,11863.0,11467.225,6.885571680558355,0.4690164866401369,197.30522385621822,1.7720268807928727,53.737535647613186,86.90779808897852,-33.17026244136534,11600.908333333333,11482.64423076923,11512.658398218908,11458.920862571294,0.8212990093484028,0.7585461141342269,0.06275289521417593,0.11937613175133088,25.148509772172023,212.82250000000022,28.325940357815927,32.71952357824411,-4.39358322042818,11578.1,11467.225,11522.6625,11301.775,3.664918507918509,13.319903736542004,19.621327386609025,22.913738913394642,-17.4536619259773,11184.487500000001,11172.575,76.0,28.000000000000004,48.0,11426.112414096764,11748.320163968001,0.0,0.0,49.49538224623835,0.21825492015052173,0.23956072158122046,0.1592442169264937,9.266046074883727,51.10196829666607,26.23727623727627,29.629644245147052,-73.76272376272372,41.18382352941262,-1.3462541545066935,0.4689580833317221,0.759803464439021,-0.2908453811072989,0.0,0.0,0.0,11556.286497654814,-0.5073449815451547,-0.508636345829494,5.270081923853609
20-APR-2026,11402.65,11503.4,11318.55,11434.4,90248039,4314.9,0,0.0,0,0.0,0.0,0.0,0.0,0.0,0.0,50.0,1000.0,11508.4625,11864.989249171738,11151.935750828261,6.195905824461585,0.3961333193483273,0.0,0.0,11541.925,11698.494999999999,11385.355,2.7130656281339505,0.15662323561346414,0.0,0.0,11071.45,11863.0,11467.225,6.877982180504123,0.45853073084454454,196.05970147059642,1.8796322734372426,43.51414226593806,78.22906692437043,-34.714924658432366,11578.058333333334,11480.73076923077,11500.618644646767,11457.10450238083,0.7725377708095782,0.7979796180159642,-0.02544184720638598,0.10895986716635887,25.045021872345213,212.13750000000073,27.315109216075108,32.453350959435994,-5.1382417433608865,11578.1,11467.225,11522.6625,11301.775,1.8324592539592546,13.510012691074971,18.313028774090213,25.279783095769826,-41.86770337973076,11212.875,11172.575,72.0,24.0,48.0,11426.112414096764,11721.012954129921,0.0,0.0,49.140741173006276,0.20159598300328677,0.2510183623264401,0.219129388479569,7.624656385434167,53.61929000311665,24.78062478062462,29.818847919876845,-75.21937521937538,25.120441176473832,-2.3418683702577656,0.3798005181579313,0.6838028751828031,-0.3040023570248718,0.0,0.0,0.0,11548.061449222449,-0.07253532820051811,-0.07256164779789742,5.19372392443318
17-APR-2026,11272.05,11436.65,11244.65,11409.95,140654553,6079.95,0,0.0,0,0.0,0.0,0.0,0.0,0.0,0.0,50.0,1000.0,11520.835000000001,11844.102598283476,11197.567401716526,5.611877928700052,0.3284934825067675,0.0,0.0,11503.848333333333,11669.273333333334,11338.423333333334,2.8759941057405607,0.2161906201198929,0.0,0.0,11229.25,11863.0,11546.125,5.500903363341285,0.2851282051282063,195.65373132353676,2.0490810669181148,33.05804611487292,69.19486276247093,-36.13681664759801,11552.170833333332,11476.667307692307,11486.669622393418,11453.611576278545,0.7279811627515843,0.9278279232307383,-0.19984676047915395,0.09777986122086485,25.092269204354047,179.3149999999987,25.605111855718015,31.721513615701717,-6.116401759983702,11553.825,11467.225,11510.525000000001,11301.775,0.9162296269796273,14.057328465442504,17.04197240387902,26.196638573271603,-76.99568666559932,11213.962500000001,11172.575,68.0,20.0,48.0,11426.112414096764,11695.344176882127,0.0,0.0,48.04857107735477,0.15029230063020257,0.19004773459467042,0.22687560616744365,5.959787915970927,54.11730951612022,26.732433088057086,25.91677803531931,-73.26756691194291,8.40808823529369,-2.650461580465161,0.28862552125775853,0.6047674043977943,-0.3161418831400358,0.0,0.0,0.0,11535.261317705163,-0.21382844749177066,-0.2140573869331419,4.968789817706787
16-APR-2026,11349.75,11349.75,11202.3,11254.95,106392993,6292.31,0,0.0,0,0.0,0.0,0.0,0.0,0.0,0.0,50.0,1000.0,11521.047499999999,11843.609342868876,11198.485657131121,5.599522836250396,0.08752483301602498,0.0,0.0,11464.728333333334,11627.283333333333,11302.173333333334,2.8357409835412475,-0.14525340141285575,0.0,1.0,11202.3,11863.0,11532.65,5.73472160409026,0.07968820947480157,196.85335819118322,2.3585401082687896,12.124545755890722,57.78079936115489,-45.65625360526417,11515.070833333333,11466.296153846155,11451.020449717507,11438.895903961617,0.6764765689989836,1.0029577594971801,-0.32648119049819657,0.08372594222656715,25.173761645473878,212.0525000000016,21.7045657782177,30.327011294828992,-8.622445516611293,11458.825,11467.225,11463.025000000001,11301.775,0.45811481348981364,14.772358573941199,15.767357645966888,25.762710652371613,-120.6349206349203,11246.0,11172.575,64.0,16.0,48.0,11426.112414096764,11659.288642731557,0.0,0.0,41.71842160011947,0.0,0.11729609454449652,0.1861207304885357,2.4948311218129633,50.30154831829093,7.968820947480157,19.827292938720607,-92.03117905251985,-33.572352941178906,-3.8050794220586823,0.10599402125594697,0.5050127277694249,-0.39901870651347787,0.0,0.0,0.0,11500.933597923096,-1.3584634463779444,-1.3677749864621447,3.542827177927932
15-APR-2026,11186.95,11288.4,11155.25,11274.65,123883804,5346.51,0,0.0,0,0.0,0.0,0.0,0.0,0.0,0.0,50.0,1000.0,11512.670000000002,11851.2912816702,11174.048718329805,5.882584694431391,0.14854542096999146,0.0,0.0,11410.494999999999,11571.369999999999,11249.619999999999,2.819772498914377,0.07779331779331983,0.0,0.0,11155.25,11863.0,11509.125,6.14757480236991,0.16870363829035626,190.48302237206485,2.6123165881061667,-2.8430063288469682,45.65603822315452,-48.499044552001486,11476.866666666667,11462.540384615386,11423.886534376354,11426.7295407052,0.6730718361485849,1.0319313758833086,-0.35885953973472373,0.06853614426845578,25.266257556407385,181.97999999999774,16.496011369430526,28.270931079898062,-11.774919710467536,11343.675,11467.225,11405.45,11301.775,0.22905740674490682,15.664627481279267,14.993000078591312,26.232872912867833,-122.03226702273768,11246.0,11172.575,60.0,12.0,48.0,11426.112414096764,11613.589778458401,0.0,0.0,42.7507608024096,0.04227604027428097,0.06418944696816126,0.12384442536910938,-0.025321144099718505,56.93511008052117,16.870363829035625,17.190539288190944,-83.12963617096437,-84.43602941176323,-3.9073220206083703,-0.024880315218097932,0.39903411917192033,-0.42391443439001825,0.0,0.0,0.0,11463.673764070276,0.17503409610881704,0.17488108995067364,3.7240624295643343
13-APR-2026,10952.85,11051.2,10893.55,11035.9,138654615,6792.55,0,0.0,0,0.0,0.0,0.0,0.0,0.0,0.0,50.0,1000.0,11492.5875,11889.304614421559,11095.87038557844,6.903878076569946,-0.07558331037202913,0.0,1.0,11347.611666666668,11499.221666666668,11196.001666666667,2.672104129988009,-0.5280049688894755,0.0,1.0,10893.55,11863.0,11378.275,8.435437189405787,0.1468358347516636,209.54472013485838,3.097632044477102,-33.58290603821479,29.808249370880656,-63.39115540909545,11421.970833333333,11449.399999999998,11364.196298318453,11397.779204356668,0.6057873509572201,1.0253791014283447,-0.4195917504711245,0.04902306997522,25.157473358031034,276.66250000000036,10.368529415211302,25.431381386128653,-15.06285197091735,11211.2,11378.275,11294.7375,11301.775,0.11452870337245341,17.539385452501083,13.021778702658798,31.81229417498555,-202.4991869083679,11246.0,11172.575,56.00000000000001,100.0,-43.99999999999999,11426.112414096764,11558.589005043394,0.0,0.0,34.723363789284505,0.0,0.014092013424760396,0.0651925183124727,-5.097318703212473,53.8327873618827,14.683583475166358,13.174256083894031,-85.31641652483363,-179.08441176470478,-5.632917616174918,-0.29464429373555606,0.26029843659042506,-0.5549427303259811,0.0,0.0,0.0,11378.811797998364,-2.117582363975823,-2.140324771841229,1.52761997635662
10-APR-2026,11131.75,11237.0,11128.2,11193.4,111137042,5336.44,0,0.0,0,0.0,0.0,0.0,0.0,0.0,0.0,50.0,1000.0,11487.6,11896.540749987049,11078.659250012952,7.119689926303989,0.14029018872621735,0.0,0.0,11320.990000000002,11461.95,11180.03,2.4902415778125415,0.04742480136208491,0.0,0.0,10893.55,11863.0,11378.275,8.43909955082002,0.3092990871112488,208.70024812137257,3.36233736401757,-44.720059302953814,14.902587636113765,-59.62264693906758,11373.983333333332,11443.030769230769,11337.919944730998,11382.640004033952,0.6262684737451474,0.9944323367159299,-0.3681638629707825,0.030060283716496362,25.075284496365303,199.14999999999964,6.525100033492571,22.245173881203026,-15.720073847710456,11211.2,11378.275,11294.7375,11301.775,0.057264351686226705,17.92776990761646,18.539608650339463,29.600694285803268,-115.8822741344828,11246.0,11172.575,52.0,96.0,-44.0,11426.112414096764,11465.483544337318,0.0,0.0,42.40630793409111,0.24457014963239185,0.09561539663555768,0.0579656190094931,-6.886888328173151,55.37125563992953,30.929908711124877,20.82795200510894,-69.07009128887512,-227.11235294117796,-4.892835142426241,-0.3928795014786134,0.1296628489766174,-0.5225423504552308,0.0,0.0,0.0,11366.97668429729,1.4271604490798229,1.4170723829785459,2.9765820135512433
09-APR-2026,11106.65,11146.95,11024.05,11092.2,131018358,5855.53,0,0.0,0,0.0,0.0,0.0,0.0,0.0,0.0,50.0,1000.0,11475.26,11915.118243755838,11035.401756244162,7.666200918425169,0.06456425969291002,0.0,0.0,11294.011666666667,11431.816666666668,11156.206666666667,2.4403197741812193,-0.23223637265217542,0.0,1.0,10893.55,11863.0,11378.275,8.448174594736857,0.2049100005157577,204.76522330923535,3.6961425538249384,-61.00905335022071,-0.2797405611531296,-60.72931278906758,11324.4375,11439.626923076923,11300.116876310845,11361.125929661066,0.6234480403039879,0.9857911365382972,-0.36234309623430927,0.010488852912309114,25.00558981744235,33.090000000000146,2.7379073912792733,18.853027148621635,-16.115119757342363,11208.575,11378.275,11293.425,11301.775,0.028632175843113353,18.698508846710546,17.44005307325648,31.492584122566026,-137.51643465872726,11256.1625,11172.575,48.0,92.0,-44.0,11426.112414096764,11385.412848130092,0.0,0.0,39.212702072042546,0.14290851460982434,0.12915955474740548,0.0796223216025745,-9.427941041226864,54.78196986657441,20.49100005157577,22.034830745955656,-79.50899994842423,-274.19750000000204,-5.087385286756363,-0.5369983021747985,-0.003669381253665782,-0.5333289209211327,0.0,0.0,0.0,11353.779608006282,-0.9041042042632119,-0.9082160285377228,2.0455664061601597
08-APR-2026,11065.3,11153.25,10985.1,11135.25,234617097,9184.95,0,0.0,0,0.0,0.0,0.0,0.0,0.0,0.0,50.0,1000.0,11452.079999999998,11911.854387498879,10992.305612501117,8.029535027678483,0.15545057683234995,0.0,0.0,11258.325,11400.195000000002,11116.455,2.5202683347656207,0.06624021991964463,0.0,0.0,10893.55,11863.0,11378.275,8.465274430496477,0.2493166228273769,201.1037009783118,3.905396641774404,-69.64163782201103,-14.152120013324712,-55.48951780868632,11293.345833333333,11438.578846153849,11274.752741493792,11344.394379315803,0.5623815135522883,1.0349951324486348,-0.47261361889634657,-0.00793788053304267,24.877573683635177,-120.37999999999738,-1.6849051523486729,15.265930029432418,-16.95083518178109,11200.175,11378.275,11289.224999999999,11301.775,0.014316087921556676,19.562593675552254,16.399997019071417,30.99589074487271,-119.59177372225678,11255.300000000001,11172.575,44.0,88.0,-44.0,11426.112414096764,11316.55204939188,0.0,0.0,41.23996566765708,0.2466493807616818,0.2113760150012994,0.14538365546142085,-10.807650514981168,57.08939039968171,29.411048917011488,26.943985893237365,-70.58895108298852,-306.6866176470576,-3.2419938566345334,-0.6138859025298733,-0.1257126855089073,-0.488173217020966,0.0,0.0,0.0,11339.85759262946,0.38811056418022183,0.3873593581760204,2.441616029660021
07-APR-2026,10622.1,10766.95,10583.0,10747.3,128949668,6280.95,0,0.0,0,0.0,0.0,0.0,0.0,0.0,0.0,50.0,1000.0,11404.015000000001,11940.982390164409,10867.047609835594,9.417163870170414,-0.11150361458535742,0.0,1.0,11180.74,11328.66,11032.82,2.6459787098170615,-0.9651162790697685,0.0,1.0,10583.0,11863.0,11223.0,11.224117120154611,0.12835937499999944,236.2183308804806,4.282609698098618,-106.55900015378938,-32.63349604141765,-73.92550411237173,11244.645833333334,11419.217307692308,11193.606165879362,11300.165166033152,0.5864246126716213,1.0084078599319817,-0.4219832472603604,-0.03143355325600881,24.82519071390939,9.984999999998763,-10.101387616211936,10.9962269212071,-21.097614537419034,11043.2,11223.0,11133.1,11223.0,0.007158043960778338,21.574709737900672,13.543339123796292,38.279557305604435,-209.01552873927452,11248.2,11172.575,40.0,100.0,-60.0,11426.112414096764,11257.331762477015,0.0,0.0,31.1560876494613,0.0,0.1298526317905021,0.15679606717973563,-15.952828432620118,48.51494752369157,17.311136866505027,22.40439527836408,-82.68886313349498,-393.23529411764684,-5.157213833758407,-0.9429862182376951,-0.2891673920546649,-0.6538188261830302,0.0,0.0,0.0,11222.746729103546,-3.4839810511663516,-3.5461191949760718,-1.127430461321921
06-APR-2026,10863.25,10863.25,10580.95,10694.35,123785928,6306.29,0,0.0,0,0.0,0.0,0.0,0.0,0.0,0.0,50.0,1000.0,11352.702500000001,11951.435961128556,10753.969038871446,10.547857853732271,-0.049787629005291975,0.0,1.0,11106.158333333335,11274.278333333335,10938.038333333334,3.0275095123651505,-0.7247452216670602,0.0,1.0,10580.95,11863.0,11221.975,11.29290580811044,0.08845208845208821,240.82649779243246,4.637228679761911,-138.49244357436874,-53.80528554800787,-84.68715802636086,11184.675000000001,11390.453846153845,11116.797524974845,11255.289968549214,0.672112566589485,0.9681989669521854,-0.2960864003627004,-0.05817671784036011,24.864623179544417,148.34749999999804,-18.879269084358548,5.863518221158916,-24.742787305517464,11008.8,11221.975,11115.3875,11221.975,0.003579021980389169,22.816586220732603,15.343150164581571,34.93010222265625,-172.1084384678684,11248.2,11172.575,36.0,100.0,-64.0,11426.112414096764,11153.25,0.0,0.0,30.07517081022978,0.0,0.08221646025389401,0.14114836901523184,-20.264572545037655,48.84170556671188,11.963287266589269,19.56182435003525,-88.03671273341074,-419.5748529411776,-6.304976344839668,-1.2304653541699926,-0.47742698447773046,-0.7530383696922621,0.0,0.0,0.0,11118.789805140592,-0.49268188289151027,-0.49389956124699097,-1.6145576985882926
02-APR-2026,10838.5,10876.75,10610.3,10842.35,119136150,5410.19,0,0.0,0,0.0,0.0,0.0,0.0,0.0,0.0,50.0,1000.0,11309.8125,11925.500351816958,10694.124648183042,10.887675667778893,0.12037378306192824,0.0,0.0,11041.926666666666,11218.206666666669,10865.646666666666,3.192921042161149,-0.06607858709628163,0.0,1.0,10580.95,11863.0,11221.975,11.335731693164668,0.20389220389220372,243.38884801318926,4.781174957435872,-150.12699390588386,-73.06962721958308,-77.05736668630078,11129.783333333335,11367.56153846154,11074.574828824869,11224.701822730753,0.71367364816437,0.956852751453373,-0.24317910328900305,-0.08332839421394836,24.983337321730893,132.88750000000073,-26.005779780448187,0.1289747060293374,-26.134754486477522,10965.35,11221.975,11093.6625,11221.975,0.0017895109901945845,23.881577824273258,14.503807107530745,32.07716171770719,-133.61743869468825,11244.4375,11172.575,32.0,96.0,-64.0,11426.112414096764,11050.236,0.0,0.0,36.68701470825604,0.30236228893832506,0.10078742964610843,0.10428550723016816,-21.494874064739662,52.119787833907694,27.576748602173197,18.950390911755818,-72.4232513978268,-484.4773529411759,-5.727303159276753,-1.3374697722648357,-0.6494355420351515,-0.6880342302296841,0.0,0.0,0.0,11088.162137336505,1.3839083254241658,1.3744197560065174,-0.2529933715736621
01-APR-2026,11095.6,11095.85,10904.2,10929.05,136059136,5182.89,0,0.0,0,0.0,0.0,0.0,0.0,0.0,0.0,50.0,1000.0,11269.61,11874.397666540897,10664.822333459104,10.733071801790775,0.21844663934050967,0.0,0.0,11003.188333333334,11179.433333333336,10826.943333333333,3.2035260082949,0.28967252026061896,0.0,0.0,10580.95,11863.0,11221.975,11.37617007154639,0.2715182715182705,244.39996321187033,4.8964934541289455,-150.61529409261675,-88.57876059418982,-62.036533498426934,11086.979166666666,11353.557692307691,11052.186393621043,11202.80168771366,0.7792902741269243,0.9340812367004638,-0.15479096257353953,-0.10471452695353209,25.033638834343687,164.78999999999905,-31.15728482735361,-5.7445642501452525,-25.412720577208358,10934.675,11221.975,11078.325,11221.975,0.0008947554950972923,23.548288510455453,20.058042461232986,29.600120359740384,-73.35601184611474,11240.075,11172.575,28.000000000000004,92.0,-64.0,10580.95,11050.236,1.0,0.0,40.251216701661185,0.4653546840380077,0.25590565765877765,0.14630318251959334,-21.263252495384037,51.97837102864005,36.92780989762888,25.489281922130434,-63.07219010237112,-490.7679411764693,-4.488888112071463,-1.3444430981742683,-0.7884370532629749,-0.5560060449112935,0.0,0.0,0.0,11076.327716252084,0.7996421440001455,0.7964619484146951,0.5446257308058478
30-MAR-2026,10720.75,10955.4,10696.2,10788.05,173728028,7270.91,0,0.0,0,0.0,0.0,0.0,0.0,0.0,0.0,50.0,1000.0,11224.28,11830.74277082768,10617.817229172322,10.806265895499372,0.14034890434853037,0.0,0.0,10957.61,11145.03,10770.189999999999,3.4208189559584796,0.04764699605165001,0.0,0.0,10580.95,11863.0,11221.975,11.422113489684854,0.1615381615381605,245.8799668906832,5.093393540192775,-160.52931510395865,-102.96887149614359,-57.56044360781506,11033.116666666667,11332.367307692308,11011.550025371653,11172.079340475611,0.7262070932204661,0.9773515241568742,-0.25114443093640815,-0.12489678841815764,25.198963542300888,185.67000000000007,-36.31007404954833,-11.611907074476237,-24.69816697507209,10908.975,11221.975,11065.475,11221.975,0.00044737774754864614,23.935913053507797,18.486141051176926,33.56918991535637,-103.47760713274667,11240.075,11172.575,24.0,88.0,-64.0,10591.248000000001,11050.236,0.0,0.0,36.638818055034896,0.33798021542829,0.36856572946820765,0.24175293892436456,-22.286174585571004,48.272255177836485,22.368634228006574,28.957730909269532,-77.63136577199343,-522.9760294117641,-5.652679633386977,-1.4368794761631605,-0.918125537843012,-0.5187539383201485,0.0,0.0,0.0,11055.511483991106,-1.2901395821228734,-1.2985341621931212,-0.7525402834445805
27-MAR-2026,10987.6,11025.45,10808.0,10830.4,226986561,8643.2,0,0.0,0,0.0,0.0,0.0,0.0,0.0,0.0,50.0,1000.0,11177.3375,11752.326656310785,10602.348343689215,10.288481605047444,0.19830952793440307,0.0,0.0,10922.461666666666,11118.311666666668,10726.611666666668,3.586187912157172,0.2649689388137142,0.0,0.0,10580.95,11715.35,11148.150000000001,10.14910751330538,0.2198959802538778,245.03197020161502,5.233146704144494,-163.0889690005497,-114.99289099702483,-48.096078003524866,10984.820833333333,11302.81153846154,10983.68079069909,11146.76975969964,0.7573134200002862,0.9477561667789419,-0.1904427467786557,-0.14246597546000206,25.382179785582448,77.61250000000109,-41.036583554366025,-17.32358629331816,-23.712997261047864,10908.975,11221.975,11065.475,11221.975,0.00022368887377432307,23.909142116168898,19.276916483398537,31.16054797431696,-75.48535965611869,11283.925000000001,11201.2,20.0,84.0,-64.0,10601.340040000001,11050.236,0.0,0.0,38.42625692866132,0.438019212618792,0.4137847040283633,0.34608536371844956,-22.518182119930312,46.19292046538294,27.042116103853783,28.779520076496397,-72.95788389614621,-465.503235294118,-5.079338647408631,-1.4631052091000063,-1.0271214720944108,-0.43598373700559545,0.0,0.0,0.0,11040.796991822717,0.392563994419759,0.3917954726077255,-0.3629304912211362
25-MAR-2026,10977.95,11029.3,10925.95,10956.05,131039068,5507.62,0,0.0,0,0.0,0.0,0.0,0.0,0.0,0.0,50.0,1000.0,11140.802500000002,11672.936616060031,10608.668383939972,9.552886626614725,0.3264041954611678,0.0,0.0,10920.15,11110.57,10729.730000000001,3.4874978823550804,0.5942653082659355,0.0,0.0,10580.95,11532.1,11056.525000000001,8.53753578344109,0.3943647163959404,240.41877318145347,5.285641828565634,-153.21247026995115,-122.6368068516101,-30.57566341834105,10959.912499999999,11273.867307692308,10979.429899822308,11132.642370092259,0.7955032119914343,0.9186152748037119,-0.1231120628122776,-0.15511724444914352,25.405318397461876,133.84749999999804,-42.8560475796475,-22.81038047255595,-20.045667107091553,10867.1,11221.975,11044.5375,11221.975,0.00011184443688716153,23.86240985442293,18.222511058134895,29.265885701980395,-46.766930739104325,11341.65,11258.925,16.0,80.0,-64.0,10611.2302392,11050.236,0.0,0.0,43.5174114910342,0.7478963624591125,0.507965263502065,0.4301052323328786,-21.066339200797472,45.39465936547385,43.835456351524954,31.082068894461756,-56.164543648475046,-407.309264705882,-2.6557203719252542,-1.3762453259214995,-1.0969462428598287,-0.27929908306167084,0.0,0.0,0.0,11039.917106390581,1.1601602895553231,1.153482032759534,0.7930192228963406
