[H[2J[3J[H[2J[3J[H[2J[3J[H[2J[3J[H[2J[3J[H[2J[3J[H[2J[3J[H[2J[3J[H[2J[3J[H[2J[3J[H[2J[3J[H[2J[3J[H[2J[3J[H[2J[3J[H[2J[3J[H[2J[3J[H[2J[3J[H[2J[3J[H[2J[3J[H[2J[3J[H[2J[3J[H[2J[3J[H[2J[3J[H[2J[3J[H[2J[3J[H[2J[3J[H[2J[3J[H[2J[3J[H[2J[3J[H[2J[3J[H[2J[3J[H[2J[3J[H[2J[3J[H[2J[3J[H[2J[3J[H[2J[3J[H[2J[3J[H[2J[3J[H[2J[3J[H[2J[3J[H[2J[3J[H[2J[3J[H[2J[3J[H[2J[3J[H[2J[3J[H[2J[3J[H[2J[3J[H[2J[3J[H[2J[3J[H[2J[3J[H[2J[3J[H[2J[3J[H[2J[3J[H[2J[3J[H[2J[3J[H[2J[3J[H[2J[3J[H[2J[3J[H[2J[3J[H[2J[3J[H[2J[3J[H[2J[3J[H[2J[3J[H[2J[3J[H[2J[3J[H[2J[3J[H[2J[3J[H[2J[3J[H[2J[3J[H[2J[3J[H[2J[3J[H[2J[3J[H[2J[3J[H[2J[3J[H[2J[3J[H[2J[3J[H[2J[3J[H[2J[3J[H[2J[3J[H[2J[3J[H[2J[3J[H[2J[3J[H[2J[3J[H[2J[3J[H[2J[3J[H[2J[3J[H[2J[3J[H[2J[3J[H[2J[3J[H[2J[3J[H[2J[3J[H[2J[3JInitializing System Monitor V2...
[1m[96m============================================================[0m
[1mSYSTEM MONITOR V2[0m | Time: 2026-09-28 14:01:18
[96m------------------------------------------------------------[0m
[1m[ CPU ][0m Used: [92m7.8%[0m | Free: 92.2%
        [93mTop 5 (Logged 10):[0m chrome (2.19%)
[96m------------------------------------------------------------[0m
[1m[ RAM ][0m Used: [92m7.46 GB (50.3%)[0m | Available: 7.38 GB | Total: 14.84 GB
[1m[ SWAP ][0m Used: 0.0 GB (0.0%) | Free: 4.0 GB | Total: 4.0 GB
        [93mTop 5 RAM Processes (Logged 10):[0m
          1. chrome (PID 7552) - 999.87 MB (6.58%)
          2. chrome (PID 6787) - 551.64 MB (3.63%)
          3. code (PID 50824) - 509.34 MB (3.35%)
          4. code (PID 50476) - 492.56 MB (3.24%)
          5. code (PID 51580) - 453.17 MB (2.98%)
[96m------------------------------------------------------------[0m
[1m[ DISK ][0m Used: [92m20.92 GB (2.28%)[0m | Free: 894.91 GB | Total: 915.83 GB
         [93mI/O:[0m Read 0.0 MB/s | Write 0.09 MB/s | Activity: 0.3%
[96m------------------------------------------------------------[0m
[1m[ NET ][0m Upload: 0.02 MB/s | Download: 0.05 MB/s
[96m------------------------------------------------------------[0m
[1m[ BATTERY ][0m [92m98.22%[0m (Charging/Plugged in)
[1m[96m============================================================[0m
[1m[92mData logged to 2026_logs/2026-09-28.jsonl... (Press Ctrl+C to stop)[0m
[1m[96m============================================================[0m
[1mSYSTEM MONITOR V2[0m | Time: 2026-09-28 14:01:23
[96m------------------------------------------------------------[0m
[1m[ CPU ][0m Used: [92m7.3%[0m | Free: 92.7%
        [93mTop 5 (Logged 10):[0m chrome (3.68%)
[96m------------------------------------------------------------[0m
[1m[ RAM ][0m Used: [92m7.47 GB (50.3%)[0m | Available: 7.38 GB | Total: 14.84 GB
[1m[ SWAP ][0m Used: 0.0 GB (0.0%) | Free: 4.0 GB | Total: 4.0 GB
        [93mTop 5 RAM Processes (Logged 10):[0m
          1. chrome (PID 7552) - 1003.54 MB (6.6%)
          2. chrome (PID 6787) - 545.96 MB (3.59%)
          3. code (PID 50824) - 515.75 MB (3.39%)
          4. code (PID 50476) - 497.11 MB (3.27%)
          5. code (PID 51580) - 453.21 MB (2.98%)
[96m------------------------------------------------------------[0m
[1m[ DISK ][0m Used: [92m20.92 GB (2.28%)[0m | Free: 894.91 GB | Total: 915.83 GB
         [93mI/O:[0m Read 0.0 MB/s | Write 0.06 MB/s | Activity: 1.79%
[96m------------------------------------------------------------[0m
[1m[ NET ][0m Upload: 0.0 MB/s | Download: 0.0 MB/s
[96m------------------------------------------------------------[0m
[1m[ BATTERY ][0m [92m98.22%[0m (Charging/Plugged in)
[1m[96m============================================================[0m
[1m[92mData logged to 2026_logs/2026-09-28.jsonl... (Press Ctrl+C to stop)[0m
[1m[96m============================================================[0m
[1mSYSTEM MONITOR V2[0m | Time: 2026-09-28 14:01:28
[96m------------------------------------------------------------[0m
[1m[ CPU ][0m Used: [92m6.5%[0m | Free: 93.5%
        [93mTop 5 (Logged 10):[0m code (2.93%)
[96m------------------------------------------------------------[0m
[1m[ RAM ][0m Used: [92m7.51 GB (50.6%)[0m | Available: 7.33 GB | Total: 14.84 GB
[1m[ SWAP ][0m Used: 0.0 GB (0.0%) | Free: 4.0 GB | Total: 4.0 GB
        [93mTop 5 RAM Processes (Logged 10):[0m
          1. chrome (PID 7552) - 1001.5 MB (6.59%)
          2. chrome (PID 6787) - 545.74 MB (3.59%)
          3. code (PID 50824) - 542.15 MB (3.57%)
          4. code (PID 50476) - 501.28 MB (3.3%)
          5. code (PID 51580) - 452.19 MB (2.98%)
[96m------------------------------------------------------------[0m
[1m[ DISK ][0m Used: [92m20.92 GB (2.28%)[0m | Free: 894.91 GB | Total: 915.83 GB
         [93mI/O:[0m Read 0.0 MB/s | Write 0.07 MB/s | Activity: 0.82%
[96m------------------------------------------------------------[0m
[1m[ NET ][0m Upload: 0.02 MB/s | Download: 0.02 MB/s
[96m------------------------------------------------------------[0m
[1m[ BATTERY ][0m [92m98.22%[0m (Charging/Plugged in)
[1m[96m============================================================[0m
[1m[92mData logged to 2026_logs/2026-09-28.jsonl... (Press Ctrl+C to stop)[0m
[1m[96m============================================================[0m
[1mSYSTEM MONITOR V2[0m | Time: 2026-09-28 14:01:34
[96m------------------------------------------------------------[0m
[1m[ CPU ][0m Used: [92m7.3%[0m | Free: 92.7%
[96m------------------------------------------------------------[0m
[1m[ RAM ][0m Used: [92m7.47 GB (50.3%)[0m | Available: 7.38 GB | Total: 14.84 GB
[1m[ SWAP ][0m Used: 0.0 GB (0.0%) | Free: 4.0 GB | Total: 4.0 GB
        [93mTop 5 RAM Processes (Logged 10):[0m
          1. chrome (PID 7552) - 1001.05 MB (6.59%)
          2. chrome (PID 6787) - 547.42 MB (3.6%)
          3. code (PID 50476) - 508.19 MB (3.34%)
          4. code (PID 51580) - 452.24 MB (2.98%)
          5. code (PID 50824) - 444.8 MB (2.93%)
[96m------------------------------------------------------------[0m
[1m[ DISK ][0m Used: [92m20.92 GB (2.28%)[0m | Free: 894.91 GB | Total: 915.83 GB
         [93mI/O:[0m Read 0.0 MB/s | Write 0.08 MB/s | Activity: 1.02%
[96m------------------------------------------------------------[0m
[1m[ NET ][0m Upload: 0.0 MB/s | Download: 0.0 MB/s
[96m------------------------------------------------------------[0m
[1m[ BATTERY ][0m [92m98.22%[0m (Charging/Plugged in)
[1m[96m============================================================[0m
[1m[92mData logged to 2026_logs/2026-09-28.jsonl... (Press Ctrl+C to stop)[0m
[1m[96m============================================================[0m
[1mSYSTEM MONITOR V2[0m | Time: 2026-09-28 14:01:39
[96m------------------------------------------------------------[0m
[1m[ CPU ][0m Used: [92m5.3%[0m | Free: 94.7%
        [93mTop 5 (Logged 10):[0m chrome (4.08%)
[96m------------------------------------------------------------[0m
[1m[ RAM ][0m Used: [92m7.47 GB (50.3%)[0m | Available: 7.37 GB | Total: 14.84 GB
[1m[ SWAP ][0m Used: 0.0 GB (0.0%) | Free: 4.0 GB | Total: 4.0 GB
        [93mTop 5 RAM Processes (Logged 10):[0m
          1. chrome (PID 7552) - 1003.52 MB (6.6%)
          2. chrome (PID 6787) - 545.68 MB (3.59%)
          3. code (PID 50476) - 493.5 MB (3.25%)
          4. code (PID 51580) - 452.46 MB (2.98%)
          5. code (PID 50824) - 444.89 MB (2.93%)
[96m------------------------------------------------------------[0m
[1m[ DISK ][0m Used: [92m20.92 GB (2.28%)[0m | Free: 894.91 GB | Total: 915.83 GB
         [93mI/O:[0m Read 0.0 MB/s | Write 0.36 MB/s | Activity: 0.96%
[96m------------------------------------------------------------[0m
[1m[ NET ][0m Upload: 0.0 MB/s | Download: 0.0 MB/s
[96m------------------------------------------------------------[0m
[1m[ BATTERY ][0m [92m98.22%[0m (Charging/Plugged in)
[1m[96m============================================================[0m
[1m[92mData logged to 2026_logs/2026-09-28.jsonl... (Press Ctrl+C to stop)[0m
[1m[96m============================================================[0m
[1mSYSTEM MONITOR V2[0m | Time: 2026-09-28 14:01:44
[96m------------------------------------------------------------[0m
[1m[ CPU ][0m Used: [92m9.2%[0m | Free: 90.8%
        [93mTop 5 (Logged 10):[0m chrome (5.7%)
[96m------------------------------------------------------------[0m
[1m[ RAM ][0m Used: [92m7.29 GB (49.1%)[0m | Available: 7.56 GB | Total: 14.84 GB
[1m[ SWAP ][0m Used: 0.0 GB (0.0%) | Free: 4.0 GB | Total: 4.0 GB
        [93mTop 5 RAM Processes (Logged 10):[0m
          1. chrome (PID 7552) - 966.45 MB (6.36%)
          2. chrome (PID 6787) - 545.32 MB (3.59%)
          3. code (PID 51580) - 452.52 MB (2.98%)
          4. code (PID 50824) - 444.96 MB (2.93%)
          5. gnome-shell (PID 4411) - 428.11 MB (2.82%)
[96m------------------------------------------------------------[0m
[1m[ DISK ][0m Used: [92m20.92 GB (2.28%)[0m | Free: 894.91 GB | Total: 915.83 GB
         [93mI/O:[0m Read 0.0 MB/s | Write 0.82 MB/s | Activity: 1.68%
[96m------------------------------------------------------------[0m
[1m[ NET ][0m Upload: 0.0 MB/s | Download: 0.0 MB/s
[96m------------------------------------------------------------[0m
[1m[ BATTERY ][0m [92m98.22%[0m (Charging/Plugged in)
[1m[96m============================================================[0m
[1m[92mData logged to 2026_logs/2026-09-28.jsonl... (Press Ctrl+C to stop)[0m
[1m[96m============================================================[0m
[1mSYSTEM MONITOR V2[0m | Time: 2026-09-28 14:01:49
[96m------------------------------------------------------------[0m
[1m[ CPU ][0m Used: [92m3.8%[0m | Free: 96.2%
[96m------------------------------------------------------------[0m
[1m[ RAM ][0m Used: [92m7.25 GB (48.8%)[0m | Available: 7.59 GB | Total: 14.84 GB
[1m[ SWAP ][0m Used: 0.0 GB (0.0%) | Free: 4.0 GB | Total: 4.0 GB
        [93mTop 5 RAM Processes (Logged 10):[0m
          1. chrome (PID 7552) - 935.01 MB (6.15%)
          2. chrome (PID 6787) - 545.5 MB (3.59%)
          3. code (PID 51580) - 452.57 MB (2.98%)
          4. code (PID 50824) - 445.02 MB (2.93%)
          5. gnome-shell (PID 4411) - 428.11 MB (2.82%)
[96m------------------------------------------------------------[0m
[1m[ DISK ][0m Used: [92m20.92 GB (2.28%)[0m | Free: 894.91 GB | Total: 915.83 GB
         [93mI/O:[0m Read 0.0 MB/s | Write 0.03 MB/s | Activity: 0.98%
[96m------------------------------------------------------------[0m
[1m[ NET ][0m Upload: 0.0 MB/s | Download: 0.0 MB/s
[96m------------------------------------------------------------[0m
[1m[ BATTERY ][0m [92m98.22%[0m (Charging/Plugged in)
[1m[96m============================================================[0m
[1m[92mData logged to 2026_logs/2026-09-28.jsonl... (Press Ctrl+C to stop)[0m
[1m[96m============================================================[0m
[1mSYSTEM MONITOR V2[0m | Time: 2026-09-28 14:01:54
[96m------------------------------------------------------------[0m
[1m[ CPU ][0m Used: [92m5.8%[0m | Free: 94.2%
[96m------------------------------------------------------------[0m
[1m[ RAM ][0m Used: [92m7.25 GB (48.9%)[0m | Available: 7.59 GB | Total: 14.84 GB
[1m[ SWAP ][0m Used: 0.0 GB (0.0%) | Free: 4.0 GB | Total: 4.0 GB
        [93mTop 5 RAM Processes (Logged 10):[0m
          1. chrome (PID 7552) - 938.6 MB (6.18%)
          2. chrome (PID 6787) - 546.39 MB (3.59%)
          3. code (PID 51580) - 452.62 MB (2.98%)
          4. code (PID 50824) - 446.07 MB (2.93%)
          5. gnome-shell (PID 4411) - 428.14 MB (2.82%)
[96m------------------------------------------------------------[0m
[1m[ DISK ][0m Used: [92m20.92 GB (2.28%)[0m | Free: 894.91 GB | Total: 915.83 GB
         [93mI/O:[0m Read 0.0 MB/s | Write 0.05 MB/s | Activity: 1.06%
[96m------------------------------------------------------------[0m
[1m[ NET ][0m Upload: 0.01 MB/s | Download: 0.0 MB/s
[96m------------------------------------------------------------[0m
[1m[ BATTERY ][0m [92m98.22%[0m (Charging/Plugged in)
[1m[96m============================================================[0m
[1m[92mData logged to 2026_logs/2026-09-28.jsonl... (Press Ctrl+C to stop)[0m
[1m[96m============================================================[0m
[1mSYSTEM MONITOR V2[0m | Time: 2026-09-28 14:01:59
[96m------------------------------------------------------------[0m
[1m[ CPU ][0m Used: [92m5.4%[0m | Free: 94.6%
        [93mTop 5 (Logged 10):[0m chrome (2.04%)
[96m------------------------------------------------------------[0m
[1m[ RAM ][0m Used: [92m7.23 GB (48.7%)[0m | Available: 7.61 GB | Total: 14.84 GB
[1m[ SWAP ][0m Used: 0.0 GB (0.0%) | Free: 4.0 GB | Total: 4.0 GB
        [93mTop 5 RAM Processes (Logged 10):[0m
          1. chrome (PID 7552) - 938.37 MB (6.17%)
          2. chrome (PID 6787) - 545.37 MB (3.59%)
          3. code (PID 51580) - 452.68 MB (2.98%)
          4. code (PID 50824) - 446.8 MB (2.94%)
          5. gnome-shell (PID 4411) - 428.2 MB (2.82%)
[96m------------------------------------------------------------[0m
[1m[ DISK ][0m Used: [92m20.92 GB (2.28%)[0m | Free: 894.91 GB | Total: 915.83 GB
         [93mI/O:[0m Read 0.0 MB/s | Write 0.11 MB/s | Activity: 0.24%
[96m------------------------------------------------------------[0m
[1m[ NET ][0m Upload: 0.0 MB/s | Download: 0.0 MB/s
[96m------------------------------------------------------------[0m
[1m[ BATTERY ][0m [92m98.22%[0m (Charging/Plugged in)
[1m[96m============================================================[0m
[1m[92mData logged to 2026_logs/2026-09-28.jsonl... (Press Ctrl+C to stop)[0m
[1m[96m============================================================[0m
[1mSYSTEM MONITOR V2[0m | Time: 2026-09-28 14:02:04
[96m------------------------------------------------------------[0m
[1m[ CPU ][0m Used: [92m6.1%[0m | Free: 93.9%
[96m------------------------------------------------------------[0m
[1m[ RAM ][0m Used: [92m7.31 GB (49.2%)[0m | Available: 7.54 GB | Total: 14.84 GB
[1m[ SWAP ][0m Used: 0.0 GB (0.0%) | Free: 4.0 GB | Total: 4.0 GB
        [93mTop 5 RAM Processes (Logged 10):[0m
          1. chrome (PID 7552) - 944.02 MB (6.21%)
          2. chrome (PID 6787) - 545.8 MB (3.59%)
          3. code (PID 51580) - 452.73 MB (2.98%)
          4. code (PID 50824) - 446.79 MB (2.94%)
          5. gnome-shell (PID 4411) - 428.2 MB (2.82%)
[96m------------------------------------------------------------[0m
[1m[ DISK ][0m Used: [92m20.92 GB (2.28%)[0m | Free: 894.91 GB | Total: 915.83 GB
         [93mI/O:[0m Read 0.0 MB/s | Write 0.05 MB/s | Activity: 0.92%
[96m------------------------------------------------------------[0m
[1m[ NET ][0m Upload: 0.01 MB/s | Download: 0.01 MB/s
[96m------------------------------------------------------------[0m
[1m[ BATTERY ][0m [92m98.22%[0m (Charging/Plugged in)
[1m[96m============================================================[0m
[1m[92mData logged to 2026_logs/2026-09-28.jsonl... (Press Ctrl+C to stop)[0m
[1m[96m============================================================[0m
[1mSYSTEM MONITOR V2[0m | Time: 2026-09-28 14:02:09
[96m------------------------------------------------------------[0m
[1m[ CPU ][0m Used: [92m6.7%[0m | Free: 93.3%
        [93mTop 5 (Logged 10):[0m code (2.36%)
[96m------------------------------------------------------------[0m
[1m[ RAM ][0m Used: [92m7.26 GB (48.9%)[0m | Available: 7.59 GB | Total: 14.84 GB
[1m[ SWAP ][0m Used: 0.0 GB (0.0%) | Free: 4.0 GB | Total: 4.0 GB
        [93mTop 5 RAM Processes (Logged 10):[0m
          1. chrome (PID 7552) - 939.04 MB (6.18%)
          2. chrome (PID 6787) - 545.3 MB (3.59%)
          3. code (PID 51580) - 452.93 MB (2.98%)
          4. code (PID 50824) - 446.28 MB (2.94%)
          5. code (PID 50476) - 439.59 MB (2.89%)
[96m------------------------------------------------------------[0m
[1m[ DISK ][0m Used: [92m20.92 GB (2.28%)[0m | Free: 894.91 GB | Total: 915.83 GB
         [93mI/O:[0m Read 0.03 MB/s | Write 0.59 MB/s | Activity: 1.98%
[96m------------------------------------------------------------[0m
[1m[ NET ][0m Upload: 0.0 MB/s | Download: 0.0 MB/s
[96m------------------------------------------------------------[0m
[1m[ BATTERY ][0m [92m98.22%[0m (Charging/Plugged in)
[1m[96m============================================================[0m
[1m[92mData logged to 2026_logs/2026-09-28.jsonl... (Press Ctrl+C to stop)[0m
[1m[96m============================================================[0m
[1mSYSTEM MONITOR V2[0m | Time: 2026-09-28 14:02:14
[96m------------------------------------------------------------[0m
[1m[ CPU ][0m Used: [92m6.9%[0m | Free: 93.1%
        [93mTop 5 (Logged 10):[0m code (2.27%)
[96m------------------------------------------------------------[0m
[1m[ RAM ][0m Used: [92m7.25 GB (48.8%)[0m | Available: 7.59 GB | Total: 14.84 GB
[1m[ SWAP ][0m Used: 0.0 GB (0.0%) | Free: 4.0 GB | Total: 4.0 GB
        [93mTop 5 RAM Processes (Logged 10):[0m
          1. chrome (PID 7552) - 938.48 MB (6.17%)
          2. chrome (PID 6787) - 545.04 MB (3.59%)
          3. code (PID 50476) - 458.57 MB (3.02%)
          4. code (PID 51580) - 452.95 MB (2.98%)
          5. code (PID 50824) - 446.92 MB (2.94%)
[96m------------------------------------------------------------[0m
[1m[ DISK ][0m Used: [92m20.92 GB (2.28%)[0m | Free: 894.91 GB | Total: 915.83 GB
         [93mI/O:[0m Read 0.0 MB/s | Write 0.02 MB/s | Activity: 0.96%
[96m------------------------------------------------------------[0m
[1m[ NET ][0m Upload: 0.0 MB/s | Download: 0.0 MB/s
[96m------------------------------------------------------------[0m
[1m[ BATTERY ][0m [92m98.22%[0m (Charging/Plugged in)
[1m[96m============================================================[0m
[1m[92mData logged to 2026_logs/2026-09-28.jsonl... (Press Ctrl+C to stop)[0m
[1m[96m============================================================[0m
[1mSYSTEM MONITOR V2[0m | Time: 2026-09-28 14:02:19
[96m------------------------------------------------------------[0m
[1m[ CPU ][0m Used: [92m9.7%[0m | Free: 90.3%
        [93mTop 5 (Logged 10):[0m chrome (2.62%)
[96m------------------------------------------------------------[0m
[1m[ RAM ][0m Used: [92m7.31 GB (49.2%)[0m | Available: 7.54 GB | Total: 14.84 GB
[1m[ SWAP ][0m Used: 0.0 GB (0.0%) | Free: 4.0 GB | Total: 4.0 GB
        [93mTop 5 RAM Processes (Logged 10):[0m
          1. chrome (PID 7552) - 968.73 MB (6.37%)
          2. chrome (PID 6787) - 545.14 MB (3.59%)
          3. code (PID 50476) - 454.44 MB (2.99%)
          4. code (PID 51580) - 453.02 MB (2.98%)
          5. code (PID 50824) - 446.5 MB (2.94%)
[96m------------------------------------------------------------[0m
[1m[ DISK ][0m Used: [92m20.92 GB (2.28%)[0m | Free: 894.91 GB | Total: 915.83 GB
         [93mI/O:[0m Read 0.0 MB/s | Write 0.69 MB/s | Activity: 0.31%
[96m------------------------------------------------------------[0m
[1m[ NET ][0m Upload: 0.0 MB/s | Download: 0.0 MB/s
[96m------------------------------------------------------------[0m
[1m[ BATTERY ][0m [92m98.22%[0m (Charging/Plugged in)
[1m[96m============================================================[0m
[1m[92mData logged to 2026_logs/2026-09-28.jsonl... (Press Ctrl+C to stop)[0m
[1m[96m============================================================[0m
[1mSYSTEM MONITOR V2[0m | Time: 2026-09-28 14:02:25
[96m------------------------------------------------------------[0m
[1m[ CPU ][0m Used: [92m8.9%[0m | Free: 91.1%
        [93mTop 5 (Logged 10):[0m code (2.94%), code (2.47%)
[96m------------------------------------------------------------[0m
[1m[ RAM ][0m Used: [92m7.37 GB (49.6%)[0m | Available: 7.47 GB | Total: 14.84 GB
[1m[ SWAP ][0m Used: 0.0 GB (0.0%) | Free: 4.0 GB | Total: 4.0 GB
        [93mTop 5 RAM Processes (Logged 10):[0m
          1. chrome (PID 7552) - 966.87 MB (6.36%)
          2. chrome (PID 6787) - 544.97 MB (3.59%)
          3. code (PID 50476) - 470.73 MB (3.1%)
          4. code (PID 51580) - 452.24 MB (2.98%)
          5. code (PID 50824) - 446.54 MB (2.94%)
[96m------------------------------------------------------------[0m
[1m[ DISK ][0m Used: [92m20.92 GB (2.28%)[0m | Free: 894.91 GB | Total: 915.83 GB
         [93mI/O:[0m Read 0.0 MB/s | Write 0.06 MB/s | Activity: 1.06%
[96m------------------------------------------------------------[0m
[1m[ NET ][0m Upload: 0.0 MB/s | Download: 0.0 MB/s
[96m------------------------------------------------------------[0m
[1m[ BATTERY ][0m [92m98.22%[0m (Charging/Plugged in)
[1m[96m============================================================[0m
[1m[92mData logged to 2026_logs/2026-09-28.jsonl... (Press Ctrl+C to stop)[0m
[1m[96m============================================================[0m
[1mSYSTEM MONITOR V2[0m | Time: 2026-09-28 14:02:30
[96m------------------------------------------------------------[0m
[1m[ CPU ][0m Used: [92m4.7%[0m | Free: 95.3%
[96m------------------------------------------------------------[0m
[1m[ RAM ][0m Used: [92m7.31 GB (49.2%)[0m | Available: 7.54 GB | Total: 14.84 GB
[1m[ SWAP ][0m Used: 0.0 GB (0.0%) | Free: 4.0 GB | Total: 4.0 GB
        [93mTop 5 RAM Processes (Logged 10):[0m
          1. chrome (PID 7552) - 965.79 MB (6.35%)
          2. chrome (PID 6787) - 545.05 MB (3.59%)
          3. code (PID 50476) - 461.02 MB (3.03%)
          4. code (PID 51580) - 452.29 MB (2.98%)
          5. code (PID 50824) - 447.0 MB (2.94%)
[96m------------------------------------------------------------[0m
[1m[ DISK ][0m Used: [92m20.92 GB (2.28%)[0m | Free: 894.91 GB | Total: 915.83 GB
         [93mI/O:[0m Read 0.0 MB/s | Write 0.03 MB/s | Activity: 1.72%
[96m------------------------------------------------------------[0m
[1m[ NET ][0m Upload: 0.0 MB/s | Download: 0.0 MB/s
[96m------------------------------------------------------------[0m
[1m[ BATTERY ][0m [92m98.22%[0m (Charging/Plugged in)
[1m[96m============================================================[0m
[1m[92mData logged to 2026_logs/2026-09-28.jsonl... (Press Ctrl+C to stop)[0m
[1m[96m============================================================[0m
[1mSYSTEM MONITOR V2[0m | Time: 2026-09-28 14:02:35
[96m------------------------------------------------------------[0m
[1m[ CPU ][0m Used: [92m4.0%[0m | Free: 96.0%
[96m------------------------------------------------------------[0m
[1m[ RAM ][0m Used: [92m7.33 GB (49.4%)[0m | Available: 7.51 GB | Total: 14.84 GB
[1m[ SWAP ][0m Used: 0.0 GB (0.0%) | Free: 4.0 GB | Total: 4.0 GB
        [93mTop 5 RAM Processes (Logged 10):[0m
          1. chrome (PID 7552) - 965.87 MB (6.35%)
          2. chrome (PID 6787) - 544.81 MB (3.58%)
          3. code (PID 50824) - 471.4 MB (3.1%)
          4. code (PID 50476) - 464.82 MB (3.06%)
          5. code (PID 51580) - 452.37 MB (2.98%)
[96m------------------------------------------------------------[0m
[1m[ DISK ][0m Used: [92m20.92 GB (2.28%)[0m | Free: 894.91 GB | Total: 915.83 GB
         [93mI/O:[0m Read 0.0 MB/s | Write 0.09 MB/s | Activity: 0.29%
[96m------------------------------------------------------------[0m
[1m[ NET ][0m Upload: 0.01 MB/s | Download: 0.02 MB/s
[96m------------------------------------------------------------[0m
[1m[ BATTERY ][0m [92m98.22%[0m (Charging/Plugged in)
[1m[96m============================================================[0m
[1m[92mData logged to 2026_logs/2026-09-28.jsonl... (Press Ctrl+C to stop)[0m
[1m[96m============================================================[0m
[1mSYSTEM MONITOR V2[0m | Time: 2026-09-28 14:02:40
[96m------------------------------------------------------------[0m
[1m[ CPU ][0m Used: [92m7.6%[0m | Free: 92.4%
        [93mTop 5 (Logged 10):[0m code (2.12%)
[96m------------------------------------------------------------[0m
[1m[ RAM ][0m Used: [92m7.41 GB (49.9%)[0m | Available: 7.43 GB | Total: 14.84 GB
[1m[ SWAP ][0m Used: 0.0 GB (0.0%) | Free: 4.0 GB | Total: 4.0 GB
        [93mTop 5 RAM Processes (Logged 10):[0m
          1. chrome (PID 7552) - 965.77 MB (6.35%)
          2. chrome (PID 6787) - 544.81 MB (3.58%)
          3. code (PID 50824) - 471.21 MB (3.1%)
          4. code (PID 51580) - 452.43 MB (2.98%)
          5. code (PID 50476) - 443.2 MB (2.92%)
[96m------------------------------------------------------------[0m
[1m[ DISK ][0m Used: [92m20.92 GB (2.28%)[0m | Free: 894.91 GB | Total: 915.83 GB
         [93mI/O:[0m Read 0.0 MB/s | Write 0.32 MB/s | Activity: 1.0%
[96m------------------------------------------------------------[0m
[1m[ NET ][0m Upload: 0.0 MB/s | Download: 0.0 MB/s
[96m------------------------------------------------------------[0m
[1m[ BATTERY ][0m [92m98.22%[0m (Charging/Plugged in)
[1m[96m============================================================[0m
[1m[92mData logged to 2026_logs/2026-09-28.jsonl... (Press Ctrl+C to stop)[0m
[1m[96m============================================================[0m
[1mSYSTEM MONITOR V2[0m | Time: 2026-09-28 14:02:45
[96m------------------------------------------------------------[0m
[1m[ CPU ][0m Used: [92m8.3%[0m | Free: 91.7%
        [93mTop 5 (Logged 10):[0m chrome (4.49%)
[96m------------------------------------------------------------[0m
[1m[ RAM ][0m Used: [92m7.34 GB (49.5%)[0m | Available: 7.5 GB | Total: 14.84 GB
[1m[ SWAP ][0m Used: 0.0 GB (0.0%) | Free: 4.0 GB | Total: 4.0 GB
        [93mTop 5 RAM Processes (Logged 10):[0m
          1. chrome (PID 7552) - 969.82 MB (6.38%)
          2. chrome (PID 6787) - 545.0 MB (3.59%)
          3. code (PID 50824) - 471.17 MB (3.1%)
          4. code (PID 51580) - 452.49 MB (2.98%)
          5. code (PID 50476) - 449.67 MB (2.96%)
[96m------------------------------------------------------------[0m
[1m[ DISK ][0m Used: [92m20.92 GB (2.28%)[0m | Free: 894.91 GB | Total: 915.83 GB
         [93mI/O:[0m Read 0.0 MB/s | Write 0.05 MB/s | Activity: 1.76%
[96m------------------------------------------------------------[0m
[1m[ NET ][0m Upload: 0.0 MB/s | Download: 0.0 MB/s
[96m------------------------------------------------------------[0m
[1m[ BATTERY ][0m [92m98.22%[0m (Charging/Plugged in)
[1m[96m============================================================[0m
[1m[92mData logged to 2026_logs/2026-09-28.jsonl... (Press Ctrl+C to stop)[0m
[1m[96m============================================================[0m
[1mSYSTEM MONITOR V2[0m | Time: 2026-09-28 14:02:50
[96m------------------------------------------------------------[0m
[1m[ CPU ][0m Used: [92m4.6%[0m | Free: 95.4%
        [93mTop 5 (Logged 10):[0m chrome (3.15%)
[96m------------------------------------------------------------[0m
[1m[ RAM ][0m Used: [92m7.26 GB (48.9%)[0m | Available: 7.58 GB | Total: 14.84 GB
[1m[ SWAP ][0m Used: 0.0 GB (0.0%) | Free: 4.0 GB | Total: 4.0 GB
        [93mTop 5 RAM Processes (Logged 10):[0m
          1. chrome (PID 7552) - 942.93 MB (6.2%)
          2. chrome (PID 6787) - 545.73 MB (3.59%)
          3. code (PID 50824) - 471.18 MB (3.1%)
          4. code (PID 51580) - 452.54 MB (2.98%)
          5. code (PID 50476) - 439.42 MB (2.89%)
[96m------------------------------------------------------------[0m
[1m[ DISK ][0m Used: [92m20.92 GB (2.28%)[0m | Free: 894.91 GB | Total: 915.83 GB
         [93mI/O:[0m Read 0.0 MB/s | Write 0.7 MB/s | Activity: 0.24%
[96m------------------------------------------------------------[0m
[1m[ NET ][0m Upload: 0.0 MB/s | Download: 0.01 MB/s
[96m------------------------------------------------------------[0m
[1m[ BATTERY ][0m [92m98.22%[0m (Charging/Plugged in)
[1m[96m============================================================[0m
[1m[92mData logged to 2026_logs/2026-09-28.jsonl... (Press Ctrl+C to stop)[0m
[1m[96m============================================================[0m
[1mSYSTEM MONITOR V2[0m | Time: 2026-09-28 14:02:55
[96m------------------------------------------------------------[0m
[1m[ CPU ][0m Used: [92m9.6%[0m | Free: 90.4%
        [93mTop 5 (Logged 10):[0m chrome (8.03%)
[96m------------------------------------------------------------[0m
[1m[ RAM ][0m Used: [92m7.3 GB (49.2%)[0m | Available: 7.54 GB | Total: 14.84 GB
[1m[ SWAP ][0m Used: 0.0 GB (0.0%) | Free: 4.0 GB | Total: 4.0 GB
        [93mTop 5 RAM Processes (Logged 10):[0m
          1. chrome (PID 7552) - 952.45 MB (6.27%)
          2. chrome (PID 6787) - 547.86 MB (3.6%)
          3. code (PID 50824) - 471.18 MB (3.1%)
          4. code (PID 51580) - 452.6 MB (2.98%)
          5. code (PID 50476) - 429.77 MB (2.83%)
[96m------------------------------------------------------------[0m
[1m[ DISK ][0m Used: [92m20.92 GB (2.28%)[0m | Free: 894.91 GB | Total: 915.83 GB
         [93mI/O:[0m Read 0.0 MB/s | Write 0.04 MB/s | Activity: 0.84%
[96m------------------------------------------------------------[0m
[1m[ NET ][0m Upload: 0.01 MB/s | Download: 0.01 MB/s
[96m------------------------------------------------------------[0m
[1m[ BATTERY ][0m [92m98.22%[0m (Charging/Plugged in)
[1m[96m============================================================[0m
[1m[92mData logged to 2026_logs/2026-09-28.jsonl... (Press Ctrl+C to stop)[0m
[1m[96m============================================================[0m
[1mSYSTEM MONITOR V2[0m | Time: 2026-09-28 14:03:00
[96m------------------------------------------------------------[0m
[1m[ CPU ][0m Used: [92m9.6%[0m | Free: 90.4%
        [93mTop 5 (Logged 10):[0m chrome (2.6%), code (2.35%)
[96m------------------------------------------------------------[0m
[1m[ RAM ][0m Used: [92m7.38 GB (49.7%)[0m | Available: 7.46 GB | Total: 14.84 GB
[1m[ SWAP ][0m Used: 0.0 GB (0.0%) | Free: 4.0 GB | Total: 4.0 GB
        [93mTop 5 RAM Processes (Logged 10):[0m
          1. chrome (PID 7552) - 946.14 MB (6.22%)
          2. chrome (PID 6787) - 545.79 MB (3.59%)
          3. code (PID 50824) - 471.48 MB (3.1%)
          4. code (PID 51580) - 452.65 MB (2.98%)
          5. code (PID 50476) - 448.12 MB (2.95%)
[96m------------------------------------------------------------[0m
[1m[ DISK ][0m Used: [92m20.92 GB (2.28%)[0m | Free: 894.91 GB | Total: 915.83 GB
         [93mI/O:[0m Read 0.0 MB/s | Write 0.1 MB/s | Activity: 1.16%
[96m------------------------------------------------------------[0m
[1m[ NET ][0m Upload: 0.01 MB/s | Download: 0.03 MB/s
[96m------------------------------------------------------------[0m
[1m[ BATTERY ][0m [92m98.22%[0m (Charging/Plugged in)
[1m[96m============================================================[0m
[1m[92mData logged to 2026_logs/2026-09-28.jsonl... (Press Ctrl+C to stop)[0m
[1m[96m============================================================[0m
[1mSYSTEM MONITOR V2[0m | Time: 2026-09-28 14:03:05
[96m------------------------------------------------------------[0m
[1m[ CPU ][0m Used: [92m4.9%[0m | Free: 95.1%
        [93mTop 5 (Logged 10):[0m code (2.01%)
[96m------------------------------------------------------------[0m
[1m[ RAM ][0m Used: [92m7.26 GB (48.9%)[0m | Available: 7.58 GB | Total: 14.84 GB
[1m[ SWAP ][0m Used: 0.0 GB (0.0%) | Free: 4.0 GB | Total: 4.0 GB
        [93mTop 5 RAM Processes (Logged 10):[0m
          1. chrome (PID 7552) - 947.07 MB (6.23%)
          2. chrome (PID 6787) - 545.81 MB (3.59%)
          3. code (PID 50824) - 471.29 MB (3.1%)
          4. code (PID 51580) - 452.7 MB (2.98%)
          5. code (PID 50476) - 433.72 MB (2.85%)
[96m------------------------------------------------------------[0m
[1m[ DISK ][0m Used: [92m20.92 GB (2.28%)[0m | Free: 894.91 GB | Total: 915.83 GB
         [93mI/O:[0m Read 0.0 MB/s | Write 0.02 MB/s | Activity: 0.94%
[96m------------------------------------------------------------[0m
[1m[ NET ][0m Upload: 0.0 MB/s | Download: 0.0 MB/s
[96m------------------------------------------------------------[0m
[1m[ BATTERY ][0m [92m98.22%[0m (Charging/Plugged in)
[1m[96m============================================================[0m
[1m[92mData logged to 2026_logs/2026-09-28.jsonl... (Press Ctrl+C to stop)[0m
[1m[96m============================================================[0m
[1mSYSTEM MONITOR V2[0m | Time: 2026-09-28 14:03:10
[96m------------------------------------------------------------[0m
[1m[ CPU ][0m Used: [92m15.0%[0m | Free: 85.0%
        [93mTop 5 (Logged 10):[0m chrome (12.9%)
[96m------------------------------------------------------------[0m
[1m[ RAM ][0m Used: [92m7.26 GB (48.9%)[0m | Available: 7.58 GB | Total: 14.84 GB
[1m[ SWAP ][0m Used: 0.0 GB (0.0%) | Free: 4.0 GB | Total: 4.0 GB
        [93mTop 5 RAM Processes (Logged 10):[0m
          1. chrome (PID 7552) - 948.88 MB (6.24%)
          2. chrome (PID 6787) - 544.98 MB (3.59%)
          3. code (PID 50824) - 471.29 MB (3.1%)
          4. code (PID 51580) - 452.76 MB (2.98%)
          5. code (PID 50476) - 444.32 MB (2.92%)
[96m------------------------------------------------------------[0m
[1m[ DISK ][0m Used: [92m20.92 GB (2.28%)[0m | Free: 894.91 GB | Total: 915.83 GB
         [93mI/O:[0m Read 0.0 MB/s | Write 0.43 MB/s | Activity: 1.1%
[96m------------------------------------------------------------[0m
[1m[ NET ][0m Upload: 0.0 MB/s | Download: 0.01 MB/s
[96m------------------------------------------------------------[0m
[1m[ BATTERY ][0m [92m98.22%[0m (Charging/Plugged in)
[1m[96m============================================================[0m
[1m[92mData logged to 2026_logs/2026-09-28.jsonl... (Press Ctrl+C to stop)[0m
[1m[96m============================================================[0m
[1mSYSTEM MONITOR V2[0m | Time: 2026-09-28 14:03:16
[96m------------------------------------------------------------[0m
[1m[ CPU ][0m Used: [92m9.7%[0m | Free: 90.3%
        [93mTop 5 (Logged 10):[0m chrome (7.73%)
[96m------------------------------------------------------------[0m
[1m[ RAM ][0m Used: [92m7.29 GB (49.1%)[0m | Available: 7.55 GB | Total: 14.84 GB
[1m[ SWAP ][0m Used: 0.0 GB (0.0%) | Free: 4.0 GB | Total: 4.0 GB
        [93mTop 5 RAM Processes (Logged 10):[0m
          1. chrome (PID 7552) - 974.46 MB (6.41%)
          2. chrome (PID 6787) - 548.91 MB (3.61%)
          3. code (PID 50824) - 471.29 MB (3.1%)
          4. code (PID 51580) - 452.81 MB (2.98%)
          5. code (PID 50476) - 436.96 MB (2.87%)
[96m------------------------------------------------------------[0m
[1m[ DISK ][0m Used: [92m20.92 GB (2.28%)[0m | Free: 894.91 GB | Total: 915.83 GB
         [93mI/O:[0m Read 0.0 MB/s | Write 0.04 MB/s | Activity: 1.91%
[96m------------------------------------------------------------[0m
[1m[ NET ][0m Upload: 0.01 MB/s | Download: 0.01 MB/s
[96m------------------------------------------------------------[0m
[1m[ BATTERY ][0m [92m98.22%[0m (Charging/Plugged in)
[1m[96m============================================================[0m
[1m[92mData logged to 2026_logs/2026-09-28.jsonl... (Press Ctrl+C to stop)[0m
[1m[96m============================================================[0m
[1mSYSTEM MONITOR V2[0m | Time: 2026-09-28 14:03:21
[96m------------------------------------------------------------[0m
[1m[ CPU ][0m Used: [92m4.6%[0m | Free: 95.4%
        [93mTop 5 (Logged 10):[0m chrome (2.84%)
[96m------------------------------------------------------------[0m
[1m[ RAM ][0m Used: [92m7.29 GB (49.1%)[0m | Available: 7.56 GB | Total: 14.84 GB
[1m[ SWAP ][0m Used: 0.0 GB (0.0%) | Free: 4.0 GB | Total: 4.0 GB
        [93mTop 5 RAM Processes (Logged 10):[0m
          1. chrome (PID 7552) - 973.89 MB (6.41%)
          2. chrome (PID 6787) - 545.06 MB (3.59%)
          3. code (PID 50824) - 471.29 MB (3.1%)
          4. code (PID 51580) - 452.87 MB (2.98%)
          5. code (PID 50476) - 437.23 MB (2.88%)
[96m------------------------------------------------------------[0m
[1m[ DISK ][0m Used: [92m20.92 GB (2.28%)[0m | Free: 894.91 GB | Total: 915.83 GB
         [93mI/O:[0m Read 0.0 MB/s | Write 0.69 MB/s | Activity: 0.14%
[96m------------------------------------------------------------[0m
[1m[ NET ][0m Upload: 0.0 MB/s | Download: 0.0 MB/s
[96m------------------------------------------------------------[0m
[1m[ BATTERY ][0m [92m98.22%[0m (Charging/Plugged in)
[1m[96m============================================================[0m
[1m[92mData logged to 2026_logs/2026-09-28.jsonl... (Press Ctrl+C to stop)[0m
[1m[96m============================================================[0m
[1mSYSTEM MONITOR V2[0m | Time: 2026-09-28 14:03:26
[96m------------------------------------------------------------[0m
[1m[ CPU ][0m Used: [92m6.5%[0m | Free: 93.5%
        [93mTop 5 (Logged 10):[0m chrome (2.43%)
[96m------------------------------------------------------------[0m
[1m[ RAM ][0m Used: [92m7.35 GB (49.6%)[0m | Available: 7.49 GB | Total: 14.84 GB
[1m[ SWAP ][0m Used: 0.0 GB (0.0%) | Free: 4.0 GB | Total: 4.0 GB
        [93mTop 5 RAM Processes (Logged 10):[0m
          1. chrome (PID 7552) - 975.07 MB (6.42%)
          2. chrome (PID 6787) - 546.42 MB (3.6%)
          3. code (PID 50824) - 471.33 MB (3.1%)
          4. code (PID 51580) - 452.92 MB (2.98%)
          5. code (PID 50476) - 452.21 MB (2.98%)
[96m------------------------------------------------------------[0m
[1m[ DISK ][0m Used: [92m20.92 GB (2.28%)[0m | Free: 894.91 GB | Total: 915.83 GB
         [93mI/O:[0m Read 0.0 MB/s | Write 0.06 MB/s | Activity: 1.68%
[96m------------------------------------------------------------[0m
[1m[ NET ][0m Upload: 0.0 MB/s | Download: 0.0 MB/s
[96m------------------------------------------------------------[0m
[1m[ BATTERY ][0m [92m98.22%[0m (Charging/Plugged in)
[1m[96m============================================================[0m
[1m[92mData logged to 2026_logs/2026-09-28.jsonl... (Press Ctrl+C to stop)[0m
[1m[96m============================================================[0m
[1mSYSTEM MONITOR V2[0m | Time: 2026-09-28 14:03:31
[96m------------------------------------------------------------[0m
[1m[ CPU ][0m Used: [92m8.5%[0m | Free: 91.5%
        [93mTop 5 (Logged 10):[0m chrome (3.68%)
[96m------------------------------------------------------------[0m
[1m[ RAM ][0m Used: [92m7.3 GB (49.2%)[0m | Available: 7.54 GB | Total: 14.84 GB
[1m[ SWAP ][0m Used: 0.0 GB (0.0%) | Free: 4.0 GB | Total: 4.0 GB
        [93mTop 5 RAM Processes (Logged 10):[0m
          1. chrome (PID 7552) - 980.02 MB (6.45%)
          2. chrome (PID 6787) - 545.16 MB (3.59%)
          3. code (PID 50824) - 482.38 MB (3.17%)
          4. code (PID 50476) - 456.75 MB (3.01%)
          5. code (PID 51580) - 452.98 MB (2.98%)
[96m------------------------------------------------------------[0m
[1m[ DISK ][0m Used: [92m20.92 GB (2.28%)[0m | Free: 894.91 GB | Total: 915.83 GB
         [93mI/O:[0m Read 0.0 MB/s | Write 0.04 MB/s | Activity: 1.59%
[96m------------------------------------------------------------[0m
[1m[ NET ][0m Upload: 0.01 MB/s | Download: 0.02 MB/s
[96m------------------------------------------------------------[0m
[1m[ BATTERY ][0m [92m98.22%[0m (Charging/Plugged in)
[1m[96m============================================================[0m
[1m[92mData logged to 2026_logs/2026-09-28.jsonl... (Press Ctrl+C to stop)[0m
[1m[96m============================================================[0m
[1mSYSTEM MONITOR V2[0m | Time: 2026-09-28 14:03:36
[96m------------------------------------------------------------[0m
[1m[ CPU ][0m Used: [92m8.6%[0m | Free: 91.4%
        [93mTop 5 (Logged 10):[0m code (2.47%)
[96m------------------------------------------------------------[0m
[1m[ RAM ][0m Used: [92m7.35 GB (49.5%)[0m | Available: 7.49 GB | Total: 14.84 GB
[1m[ SWAP ][0m Used: 0.0 GB (0.0%) | Free: 4.0 GB | Total: 4.0 GB
        [93mTop 5 RAM Processes (Logged 10):[0m
          1. chrome (PID 7552) - 978.41 MB (6.44%)
          2. chrome (PID 6787) - 545.48 MB (3.59%)
          3. code (PID 50824) - 498.97 MB (3.28%)
          4. code (PID 50476) - 462.41 MB (3.04%)
          5. code (PID 51580) - 453.03 MB (2.98%)
[96m------------------------------------------------------------[0m
[1m[ DISK ][0m Used: [92m20.92 GB (2.28%)[0m | Free: 894.91 GB | Total: 915.83 GB
         [93mI/O:[0m Read 0.0 MB/s | Write 0.11 MB/s | Activity: 0.98%
[96m------------------------------------------------------------[0m
[1m[ NET ][0m Upload: 0.01 MB/s | Download: 0.01 MB/s
[96m------------------------------------------------------------[0m
[1m[ BATTERY ][0m [92m98.22%[0m (Charging/Plugged in)
[1m[96m============================================================[0m
[1m[92mData logged to 2026_logs/2026-09-28.jsonl... (Press Ctrl+C to stop)[0m
[1m[96m============================================================[0m
[1mSYSTEM MONITOR V2[0m | Time: 2026-09-28 14:03:41
[96m------------------------------------------------------------[0m
[1m[ CPU ][0m Used: [92m4.7%[0m | Free: 95.3%
[96m------------------------------------------------------------[0m
[1m[ RAM ][0m Used: [92m7.35 GB (49.5%)[0m | Available: 7.49 GB | Total: 14.84 GB
[1m[ SWAP ][0m Used: 0.0 GB (0.0%) | Free: 4.0 GB | Total: 4.0 GB
        [93mTop 5 RAM Processes (Logged 10):[0m
          1. chrome (PID 7552) - 978.37 MB (6.44%)
          2. chrome (PID 6787) - 545.21 MB (3.59%)
          3. code (PID 50824) - 498.66 MB (3.28%)
          4. code (PID 50476) - 455.69 MB (3.0%)
          5. code (PID 51580) - 453.08 MB (2.98%)
[96m------------------------------------------------------------[0m
[1m[ DISK ][0m Used: [92m20.92 GB (2.28%)[0m | Free: 894.91 GB | Total: 915.83 GB
         [93mI/O:[0m Read 0.0 MB/s | Write 0.41 MB/s | Activity: 0.16%
[96m------------------------------------------------------------[0m
[1m[ NET ][0m Upload: 0.01 MB/s | Download: 0.02 MB/s
[96m------------------------------------------------------------[0m
[1m[ BATTERY ][0m [92m98.22%[0m (Charging/Plugged in)
[1m[96m============================================================[0m
[1m[92mData logged to 2026_logs/2026-09-28.jsonl... (Press Ctrl+C to stop)[0m
[1m[96m============================================================[0m
[1mSYSTEM MONITOR V2[0m | Time: 2026-09-28 14:03:46
[96m------------------------------------------------------------[0m
[1m[ CPU ][0m Used: [92m5.5%[0m | Free: 94.5%
        [93mTop 5 (Logged 10):[0m code (2.53%)
[96m------------------------------------------------------------[0m
[1m[ RAM ][0m Used: [92m7.33 GB (49.4%)[0m | Available: 7.51 GB | Total: 14.84 GB
[1m[ SWAP ][0m Used: 0.0 GB (0.0%) | Free: 4.0 GB | Total: 4.0 GB
        [93mTop 5 RAM Processes (Logged 10):[0m
          1. chrome (PID 7552) - 966.62 MB (6.36%)
          2. chrome (PID 6787) - 545.1 MB (3.59%)
          3. code (PID 50824) - 498.68 MB (3.28%)
          4. code (PID 50476) - 456.75 MB (3.01%)
          5. code (PID 51580) - 452.53 MB (2.98%)
[96m------------------------------------------------------------[0m
[1m[ DISK ][0m Used: [92m20.92 GB (2.28%)[0m | Free: 894.91 GB | Total: 915.83 GB
         [93mI/O:[0m Read 0.0 MB/s | Write 0.05 MB/s | Activity: 1.08%
[96m------------------------------------------------------------[0m
[1m[ NET ][0m Upload: 0.0 MB/s | Download: 0.0 MB/s
[96m------------------------------------------------------------[0m
[1m[ BATTERY ][0m [92m98.22%[0m (Charging/Plugged in)
[1m[96m============================================================[0m
[1m[92mData logged to 2026_logs/2026-09-28.jsonl... (Press Ctrl+C to stop)[0m
[1m[96m============================================================[0m
[1mSYSTEM MONITOR V2[0m | Time: 2026-09-28 14:03:51
[96m------------------------------------------------------------[0m
[1m[ CPU ][0m Used: [92m11.6%[0m | Free: 88.4%
        [93mTop 5 (Logged 10):[0m chrome (8.36%)
[96m------------------------------------------------------------[0m
[1m[ RAM ][0m Used: [92m7.31 GB (49.2%)[0m | Available: 7.54 GB | Total: 14.84 GB
[1m[ SWAP ][0m Used: 0.0 GB (0.0%) | Free: 4.0 GB | Total: 4.0 GB
        [93mTop 5 RAM Processes (Logged 10):[0m
          1. chrome (PID 7552) - 962.13 MB (6.33%)
          2. chrome (PID 6787) - 544.98 MB (3.59%)
          3. code (PID 50824) - 498.66 MB (3.28%)
          4. code (PID 50476) - 457.6 MB (3.01%)
          5. code (PID 51580) - 452.58 MB (2.98%)
[96m------------------------------------------------------------[0m
[1m[ DISK ][0m Used: [92m20.92 GB (2.28%)[0m | Free: 894.91 GB | Total: 915.83 GB
         [93mI/O:[0m Read 0.0 MB/s | Write 0.02 MB/s | Activity: 0.1%
[96m------------------------------------------------------------[0m
[1m[ NET ][0m Upload: 0.0 MB/s | Download: 0.0 MB/s
[96m------------------------------------------------------------[0m
[1m[ BATTERY ][0m [92m98.22%[0m (Charging/Plugged in)
[1m[96m============================================================[0m
[1m[92mData logged to 2026_logs/2026-09-28.jsonl... (Press Ctrl+C to stop)[0m
[1m[96m============================================================[0m
[1mSYSTEM MONITOR V2[0m | Time: 2026-09-28 14:03:56
[96m------------------------------------------------------------[0m
[1m[ CPU ][0m Used: [92m8.7%[0m | Free: 91.3%
        [93mTop 5 (Logged 10):[0m chrome (6.42%)
[96m------------------------------------------------------------[0m
[1m[ RAM ][0m Used: [92m7.28 GB (49.0%)[0m | Available: 7.56 GB | Total: 14.84 GB
[1m[ SWAP ][0m Used: 0.0 GB (0.0%) | Free: 4.0 GB | Total: 4.0 GB
        [93mTop 5 RAM Processes (Logged 10):[0m
          1. chrome (PID 7552) - 962.29 MB (6.33%)
          2. chrome (PID 6787) - 544.57 MB (3.58%)
          3. code (PID 50824) - 498.66 MB (3.28%)
          4. code (PID 51580) - 452.64 MB (2.98%)
          5. code (PID 50476) - 449.63 MB (2.96%)
[96m------------------------------------------------------------[0m
[1m[ DISK ][0m Used: [92m20.92 GB (2.28%)[0m | Free: 894.91 GB | Total: 915.83 GB
         [93mI/O:[0m Read 0.0 MB/s | Write 0.75 MB/s | Activity: 1.1%
[96m------------------------------------------------------------[0m
[1m[ NET ][0m Upload: 0.01 MB/s | Download: 0.01 MB/s
[96m------------------------------------------------------------[0m
[1m[ BATTERY ][0m [92m98.22%[0m (Charging/Plugged in)
[1m[96m============================================================[0m
[1m[92mData logged to 2026_logs/2026-09-28.jsonl... (Press Ctrl+C to stop)[0m
[1m[96m============================================================[0m
[1mSYSTEM MONITOR V2[0m | Time: 2026-09-28 14:04:01
[96m------------------------------------------------------------[0m
[1m[ CPU ][0m Used: [92m7.6%[0m | Free: 92.4%
        [93mTop 5 (Logged 10):[0m chrome (5.74%)
[96m------------------------------------------------------------[0m
[1m[ RAM ][0m Used: [92m7.35 GB (49.5%)[0m | Available: 7.49 GB | Total: 14.84 GB
[1m[ SWAP ][0m Used: 0.0 GB (0.0%) | Free: 4.0 GB | Total: 4.0 GB
        [93mTop 5 RAM Processes (Logged 10):[0m
          1. chrome (PID 7552) - 1057.01 MB (6.95%)
          2. chrome (PID 6787) - 544.75 MB (3.58%)
          3. code (PID 50824) - 498.66 MB (3.28%)
          4. code (PID 51580) - 452.69 MB (2.98%)
          5. code (PID 50476) - 449.77 MB (2.96%)
[96m------------------------------------------------------------[0m
[1m[ DISK ][0m Used: [92m20.92 GB (2.28%)[0m | Free: 894.91 GB | Total: 915.83 GB
         [93mI/O:[0m Read 0.0 MB/s | Write 0.06 MB/s | Activity: 1.0%
[96m------------------------------------------------------------[0m
[1m[ NET ][0m Upload: 0.01 MB/s | Download: 0.01 MB/s
[96m------------------------------------------------------------[0m
[1m[ BATTERY ][0m [92m98.22%[0m (Charging/Plugged in)
[1m[96m============================================================[0m
[1m[92mData logged to 2026_logs/2026-09-28.jsonl... (Press Ctrl+C to stop)[0m
[1m[96m============================================================[0m
[1mSYSTEM MONITOR V2[0m | Time: 2026-09-28 14:04:07
[96m------------------------------------------------------------[0m
[1m[ CPU ][0m Used: [92m7.5%[0m | Free: 92.5%
        [93mTop 5 (Logged 10):[0m chrome (6.17%)
[96m------------------------------------------------------------[0m
[1m[ RAM ][0m Used: [92m7.57 GB (51.0%)[0m | Available: 7.27 GB | Total: 14.84 GB
[1m[ SWAP ][0m Used: 0.0 GB (0.0%) | Free: 4.0 GB | Total: 4.0 GB
        [93mTop 5 RAM Processes (Logged 10):[0m
          1. chrome (PID 7552) - 1295.73 MB (8.52%)
          2. chrome (PID 6787) - 544.76 MB (3.58%)
          3. code (PID 50824) - 498.67 MB (3.28%)
          4. code (PID 51580) - 452.75 MB (2.98%)
          5. code (PID 50476) - 449.98 MB (2.96%)
[96m------------------------------------------------------------[0m
[1m[ DISK ][0m Used: [92m20.92 GB (2.28%)[0m | Free: 894.91 GB | Total: 915.83 GB
         [93mI/O:[0m Read 0.0 MB/s | Write 0.38 MB/s | Activity: 0.96%
[96m------------------------------------------------------------[0m
[1m[ NET ][0m Upload: 0.01 MB/s | Download: 0.01 MB/s
[96m------------------------------------------------------------[0m
[1m[ BATTERY ][0m [92m98.22%[0m (Charging/Plugged in)
[1m[96m============================================================[0m
[1m[92mData logged to 2026_logs/2026-09-28.jsonl... (Press Ctrl+C to stop)[0m
[1m[96m============================================================[0m
[1mSYSTEM MONITOR V2[0m | Time: 2026-09-28 14:04:12
[96m------------------------------------------------------------[0m
[1m[ CPU ][0m Used: [92m12.8%[0m | Free: 87.2%
        [93mTop 5 (Logged 10):[0m chrome (6.58%)
[96m------------------------------------------------------------[0m
[1m[ RAM ][0m Used: [92m7.66 GB (51.6%)[0m | Available: 7.18 GB | Total: 14.84 GB
[1m[ SWAP ][0m Used: 0.0 GB (0.0%) | Free: 4.0 GB | Total: 4.0 GB
        [93mTop 5 RAM Processes (Logged 10):[0m
          1. chrome (PID 7552) - 1317.39 MB (8.67%)
          2. chrome (PID 6787) - 544.75 MB (3.58%)
          3. code (PID 50824) - 498.76 MB (3.28%)
          4. code (PID 50476) - 460.96 MB (3.03%)
          5. code (PID 51580) - 452.8 MB (2.98%)
[96m------------------------------------------------------------[0m
[1m[ DISK ][0m Used: [92m20.92 GB (2.28%)[0m | Free: 894.91 GB | Total: 915.83 GB
         [93mI/O:[0m Read 0.0 MB/s | Write 0.43 MB/s | Activity: 2.06%
[96m------------------------------------------------------------[0m
[1m[ NET ][0m Upload: 0.01 MB/s | Download: 0.0 MB/s
[96m------------------------------------------------------------[0m
[1m[ BATTERY ][0m [92m98.22%[0m (Charging/Plugged in)
[1m[96m============================================================[0m
[1m[92mData logged to 2026_logs/2026-09-28.jsonl... (Press Ctrl+C to stop)[0m
[1m[96m============================================================[0m
[1mSYSTEM MONITOR V2[0m | Time: 2026-09-28 14:04:17
[96m------------------------------------------------------------[0m
[1m[ CPU ][0m Used: [92m7.4%[0m | Free: 92.6%
        [93mTop 5 (Logged 10):[0m chrome (2.09%)
[96m------------------------------------------------------------[0m
[1m[ RAM ][0m Used: [92m7.76 GB (52.3%)[0m | Available: 7.09 GB | Total: 14.84 GB
[1m[ SWAP ][0m Used: 0.0 GB (0.0%) | Free: 4.0 GB | Total: 4.0 GB
        [93mTop 5 RAM Processes (Logged 10):[0m
          1. chrome (PID 7552) - 1346.16 MB (8.86%)
          2. chrome (PID 6787) - 548.62 MB (3.61%)
          3. code (PID 50824) - 499.61 MB (3.29%)
          4. code (PID 50476) - 468.84 MB (3.08%)
          5. code (PID 51580) - 454.82 MB (2.99%)
[96m------------------------------------------------------------[0m
[1m[ DISK ][0m Used: [92m20.92 GB (2.28%)[0m | Free: 894.91 GB | Total: 915.83 GB
         [93mI/O:[0m Read 0.0 MB/s | Write 0.02 MB/s | Activity: 0.84%
[96m------------------------------------------------------------[0m
[1m[ NET ][0m Upload: 0.01 MB/s | Download: 0.0 MB/s
[96m------------------------------------------------------------[0m
[1m[ BATTERY ][0m [92m98.22%[0m (Charging/Plugged in)
[1m[96m============================================================[0m
[1m[92mData logged to 2026_logs/2026-09-28.jsonl... (Press Ctrl+C to stop)[0m
[1m[96m============================================================[0m
[1mSYSTEM MONITOR V2[0m | Time: 2026-09-28 14:04:22
[96m------------------------------------------------------------[0m
[1m[ CPU ][0m Used: [92m5.6%[0m | Free: 94.4%
[96m------------------------------------------------------------[0m
[1m[ RAM ][0m Used: [92m7.73 GB (52.1%)[0m | Available: 7.11 GB | Total: 14.84 GB
[1m[ SWAP ][0m Used: 0.0 GB (0.0%) | Free: 4.0 GB | Total: 4.0 GB
        [93mTop 5 RAM Processes (Logged 10):[0m
          1. chrome (PID 7552) - 1345.27 MB (8.85%)
          2. chrome (PID 6787) - 544.61 MB (3.58%)
          3. code (PID 50824) - 500.09 MB (3.29%)
          4. code (PID 50476) - 465.74 MB (3.06%)
          5. code (PID 51580) - 454.94 MB (2.99%)
[96m------------------------------------------------------------[0m
[1m[ DISK ][0m Used: [92m20.92 GB (2.28%)[0m | Free: 894.91 GB | Total: 915.83 GB
         [93mI/O:[0m Read 0.0 MB/s | Write 0.06 MB/s | Activity: 0.92%
[96m------------------------------------------------------------[0m
[1m[ NET ][0m Upload: 0.01 MB/s | Download: 0.02 MB/s
[96m------------------------------------------------------------[0m
[1m[ BATTERY ][0m [92m98.22%[0m (Charging/Plugged in)
[1m[96m============================================================[0m
[1m[92mData logged to 2026_logs/2026-09-28.jsonl... (Press Ctrl+C to stop)[0m
[1m[96m============================================================[0m
[1mSYSTEM MONITOR V2[0m | Time: 2026-09-28 14:04:27
[96m------------------------------------------------------------[0m
[1m[ CPU ][0m Used: [92m9.1%[0m | Free: 90.9%
        [93mTop 5 (Logged 10):[0m chrome (3.4%)
[96m------------------------------------------------------------[0m
[1m[ RAM ][0m Used: [92m7.4 GB (49.9%)[0m | Available: 7.44 GB | Total: 14.84 GB
[1m[ SWAP ][0m Used: 0.0 GB (0.0%) | Free: 4.0 GB | Total: 4.0 GB
        [93mTop 5 RAM Processes (Logged 10):[0m
          1. chrome (PID 7552) - 796.48 MB (5.24%)
          2. chrome (PID 6787) - 544.78 MB (3.58%)
          3. code (PID 50824) - 492.35 MB (3.24%)
          4. code (PID 50476) - 464.04 MB (3.05%)
          5. code (PID 51580) - 454.94 MB (2.99%)
[96m------------------------------------------------------------[0m
[1m[ DISK ][0m Used: [92m20.92 GB (2.28%)[0m | Free: 894.91 GB | Total: 915.83 GB
         [93mI/O:[0m Read 0.0 MB/s | Write 0.48 MB/s | Activity: 1.83%
[96m------------------------------------------------------------[0m
[1m[ NET ][0m Upload: 0.0 MB/s | Download: 0.0 MB/s
[96m------------------------------------------------------------[0m
[1m[ BATTERY ][0m [92m98.22%[0m (Charging/Plugged in)
[1m[96m============================================================[0m
[1m[92mData logged to 2026_logs/2026-09-28.jsonl... (Press Ctrl+C to stop)[0m
[1m[96m============================================================[0m
[1mSYSTEM MONITOR V2[0m | Time: 2026-09-28 14:04:32
[96m------------------------------------------------------------[0m
[1m[ CPU ][0m Used: [92m7.1%[0m | Free: 92.9%
        [93mTop 5 (Logged 10):[0m code (2.63%)
[96m------------------------------------------------------------[0m
[1m[ RAM ][0m Used: [92m7.35 GB (49.5%)[0m | Available: 7.49 GB | Total: 14.84 GB
[1m[ SWAP ][0m Used: 0.0 GB (0.0%) | Free: 4.0 GB | Total: 4.0 GB
        [93mTop 5 RAM Processes (Logged 10):[0m
          1. chrome (PID 7552) - 798.83 MB (5.26%)
          2. chrome (PID 6787) - 544.78 MB (3.58%)
          3. code (PID 50824) - 492.54 MB (3.24%)
          4. code (PID 50476) - 470.54 MB (3.1%)
          5. code (PID 51580) - 454.95 MB (2.99%)
[96m------------------------------------------------------------[0m
[1m[ DISK ][0m Used: [92m20.92 GB (2.28%)[0m | Free: 894.91 GB | Total: 915.83 GB
         [93mI/O:[0m Read 0.0 MB/s | Write 0.07 MB/s | Activity: 0.87%
[96m------------------------------------------------------------[0m
[1m[ NET ][0m Upload: 0.0 MB/s | Download: 0.0 MB/s
[96m------------------------------------------------------------[0m
[1m[ BATTERY ][0m [92m98.22%[0m (Charging/Plugged in)
[1m[96m============================================================[0m
[1m[92mData logged to 2026_logs/2026-09-28.jsonl... (Press Ctrl+C to stop)[0m
[1m[96m============================================================[0m
[1mSYSTEM MONITOR V2[0m | Time: 2026-09-28 14:04:37
[96m------------------------------------------------------------[0m
[1m[ CPU ][0m Used: [92m7.9%[0m | Free: 92.1%
        [93mTop 5 (Logged 10):[0m code (3.19%), code (2.22%)
[96m------------------------------------------------------------[0m
[1m[ RAM ][0m Used: [92m7.27 GB (49.0%)[0m | Available: 7.57 GB | Total: 14.84 GB
[1m[ SWAP ][0m Used: 0.0 GB (0.0%) | Free: 4.0 GB | Total: 4.0 GB
        [93mTop 5 RAM Processes (Logged 10):[0m
          1. chrome (PID 7552) - 800.71 MB (5.27%)
          2. chrome (PID 6787) - 544.78 MB (3.58%)
          3. code (PID 50824) - 491.0 MB (3.23%)
          4. code (PID 50476) - 487.16 MB (3.21%)
          5. code (PID 51580) - 454.95 MB (2.99%)
[96m------------------------------------------------------------[0m
[1m[ DISK ][0m Used: [92m20.92 GB (2.28%)[0m | Free: 894.91 GB | Total: 915.83 GB
         [93mI/O:[0m Read 0.0 MB/s | Write 0.14 MB/s | Activity: 1.27%
[96m------------------------------------------------------------[0m
[1m[ NET ][0m Upload: 0.0 MB/s | Download: 0.0 MB/s
[96m------------------------------------------------------------[0m
[1m[ BATTERY ][0m [92m98.22%[0m (Charging/Plugged in)
[1m[96m============================================================[0m
[1m[92mData logged to 2026_logs/2026-09-28.jsonl... (Press Ctrl+C to stop)[0m
[1m[96m============================================================[0m
[1mSYSTEM MONITOR V2[0m | Time: 2026-09-28 14:04:42
[96m------------------------------------------------------------[0m
[1m[ CPU ][0m Used: [92m7.0%[0m | Free: 93.0%
        [93mTop 5 (Logged 10):[0m code (3.25%)
[96m------------------------------------------------------------[0m
[1m[ RAM ][0m Used: [92m7.21 GB (48.6%)[0m | Available: 7.63 GB | Total: 14.84 GB
[1m[ SWAP ][0m Used: 0.0 GB (0.0%) | Free: 4.0 GB | Total: 4.0 GB
        [93mTop 5 RAM Processes (Logged 10):[0m
          1. chrome (PID 7552) - 802.74 MB (5.28%)
          2. chrome (PID 6787) - 544.53 MB (3.58%)
          3. code (PID 50824) - 491.06 MB (3.23%)
          4. code (PID 50476) - 466.42 MB (3.07%)
          5. code (PID 51580) - 454.95 MB (2.99%)
[96m------------------------------------------------------------[0m
[1m[ DISK ][0m Used: [92m20.92 GB (2.28%)[0m | Free: 894.91 GB | Total: 915.83 GB
         [93mI/O:[0m Read 0.0 MB/s | Write 0.42 MB/s | Activity: 1.06%
[96m------------------------------------------------------------[0m
[1m[ NET ][0m Upload: 0.0 MB/s | Download: 0.0 MB/s
[96m------------------------------------------------------------[0m
[1m[ BATTERY ][0m [92m98.22%[0m (Charging/Plugged in)
[1m[96m============================================================[0m
[1m[92mData logged to 2026_logs/2026-09-28.jsonl... (Press Ctrl+C to stop)[0m
[1m[96m============================================================[0m
[1mSYSTEM MONITOR V2[0m | Time: 2026-09-28 14:04:47
[96m------------------------------------------------------------[0m
[1m[ CPU ][0m Used: [92m5.4%[0m | Free: 94.6%
[96m------------------------------------------------------------[0m
[1m[ RAM ][0m Used: [92m7.17 GB (48.3%)[0m | Available: 7.68 GB | Total: 14.84 GB
[1m[ SWAP ][0m Used: 0.0 GB (0.0%) | Free: 4.0 GB | Total: 4.0 GB
        [93mTop 5 RAM Processes (Logged 10):[0m
          1. chrome (PID 7552) - 793.93 MB (5.22%)
          2. chrome (PID 6787) - 545.04 MB (3.59%)
          3. code (PID 50824) - 491.07 MB (3.23%)
          4. code (PID 50476) - 459.46 MB (3.02%)
          5. code (PID 51580) - 454.95 MB (2.99%)
[96m------------------------------------------------------------[0m
[1m[ DISK ][0m Used: [92m20.92 GB (2.28%)[0m | Free: 894.91 GB | Total: 915.83 GB
         [93mI/O:[0m Read 0.0 MB/s | Write 0.02 MB/s | Activity: 1.01%
[96m------------------------------------------------------------[0m
[1m[ NET ][0m Upload: 0.0 MB/s | Download: 0.0 MB/s
[96m------------------------------------------------------------[0m
[1m[ BATTERY ][0m [92m98.22%[0m (Charging/Plugged in)
[1m[96m============================================================[0m
[1m[92mData logged to 2026_logs/2026-09-28.jsonl... (Press Ctrl+C to stop)[0m
[1m[96m============================================================[0m
[1mSYSTEM MONITOR V2[0m | Time: 2026-09-28 14:04:52
[96m------------------------------------------------------------[0m
[1m[ CPU ][0m Used: [92m7.2%[0m | Free: 92.8%
        [93mTop 5 (Logged 10):[0m code (3.67%)
[96m------------------------------------------------------------[0m
[1m[ RAM ][0m Used: [92m7.17 GB (48.3%)[0m | Available: 7.67 GB | Total: 14.84 GB
[1m[ SWAP ][0m Used: 0.0 GB (0.0%) | Free: 4.0 GB | Total: 4.0 GB
        [93mTop 5 RAM Processes (Logged 10):[0m
          1. chrome (PID 7552) - 795.91 MB (5.24%)
          2. chrome (PID 6787) - 544.61 MB (3.58%)
          3. code (PID 50824) - 491.24 MB (3.23%)
          4. code (PID 51580) - 454.95 MB (2.99%)
          5. code (PID 50476) - 446.29 MB (2.94%)
[96m------------------------------------------------------------[0m
[1m[ DISK ][0m Used: [92m20.92 GB (2.28%)[0m | Free: 894.91 GB | Total: 915.83 GB
         [93mI/O:[0m Read 0.0 MB/s | Write 0.11 MB/s | Activity: 0.89%
[96m------------------------------------------------------------[0m
[1m[ NET ][0m Upload: 0.0 MB/s | Download: 0.0 MB/s
[96m------------------------------------------------------------[0m
[1m[ BATTERY ][0m [92m98.22%[0m (Charging/Plugged in)
[1m[96m============================================================[0m
[1m[92mData logged to 2026_logs/2026-09-28.jsonl... (Press Ctrl+C to stop)[0m
[1m[96m============================================================[0m
[1mSYSTEM MONITOR V2[0m | Time: 2026-09-28 14:04:57
[96m------------------------------------------------------------[0m
[1m[ CPU ][0m Used: [92m8.4%[0m | Free: 91.6%
        [93mTop 5 (Logged 10):[0m code (2.43%)
[96m------------------------------------------------------------[0m
[1m[ RAM ][0m Used: [92m7.24 GB (48.8%)[0m | Available: 7.6 GB | Total: 14.84 GB
[1m[ SWAP ][0m Used: 0.0 GB (0.0%) | Free: 4.0 GB | Total: 4.0 GB
        [93mTop 5 RAM Processes (Logged 10):[0m
          1. chrome (PID 7552) - 798.7 MB (5.25%)
          2. chrome (PID 6787) - 545.38 MB (3.59%)
          3. code (PID 50824) - 490.94 MB (3.23%)
          4. code (PID 51580) - 454.93 MB (2.99%)
          5. code (PID 50476) - 450.22 MB (2.96%)
[96m------------------------------------------------------------[0m
[1m[ DISK ][0m Used: [92m20.92 GB (2.28%)[0m | Free: 894.91 GB | Total: 915.83 GB
         [93mI/O:[0m Read 0.0 MB/s | Write 0.08 MB/s | Activity: 0.21%
[96m------------------------------------------------------------[0m
[1m[ NET ][0m Upload: 0.0 MB/s | Download: 0.0 MB/s
[96m------------------------------------------------------------[0m
[1m[ BATTERY ][0m [92m98.22%[0m (Charging/Plugged in)
[1m[96m============================================================[0m
[1m[92mData logged to 2026_logs/2026-09-28.jsonl... (Press Ctrl+C to stop)[0m
[1m[96m============================================================[0m
[1mSYSTEM MONITOR V2[0m | Time: 2026-09-28 14:05:03
[96m------------------------------------------------------------[0m
[1m[ CPU ][0m Used: [92m8.2%[0m | Free: 91.8%
        [93mTop 5 (Logged 10):[0m chrome (4.08%)
[96m------------------------------------------------------------[0m
[1m[ RAM ][0m Used: [92m7.18 GB (48.4%)[0m | Available: 7.66 GB | Total: 14.84 GB
[1m[ SWAP ][0m Used: 0.0 GB (0.0%) | Free: 4.0 GB | Total: 4.0 GB
        [93mTop 5 RAM Processes (Logged 10):[0m
          1. chrome (PID 7552) - 802.36 MB (5.28%)
          2. chrome (PID 6787) - 544.49 MB (3.58%)
          3. code (PID 50824) - 490.95 MB (3.23%)
          4. code (PID 51580) - 453.96 MB (2.99%)
          5. code (PID 50476) - 436.75 MB (2.87%)
[96m------------------------------------------------------------[0m
[1m[ DISK ][0m Used: [92m20.92 GB (2.28%)[0m | Free: 894.91 GB | Total: 915.83 GB
         [93mI/O:[0m Read 0.0 MB/s | Write 0.87 MB/s | Activity: 1.76%
[96m------------------------------------------------------------[0m
[1m[ NET ][0m Upload: 0.0 MB/s | Download: 0.0 MB/s
[96m------------------------------------------------------------[0m
[1m[ BATTERY ][0m [92m98.22%[0m (Charging/Plugged in)
[1m[96m============================================================[0m
[1m[92mData logged to 2026_logs/2026-09-28.jsonl... (Press Ctrl+C to stop)[0m
[1m[96m============================================================[0m
[1mSYSTEM MONITOR V2[0m | Time: 2026-09-28 14:05:08
[96m------------------------------------------------------------[0m
[1m[ CPU ][0m Used: [92m7.2%[0m | Free: 92.8%
        [93mTop 5 (Logged 10):[0m chrome (2.93%)
[96m------------------------------------------------------------[0m
[1m[ RAM ][0m Used: [92m7.29 GB (49.1%)[0m | Available: 7.56 GB | Total: 14.84 GB
[1m[ SWAP ][0m Used: 0.0 GB (0.0%) | Free: 4.0 GB | Total: 4.0 GB
        [93mTop 5 RAM Processes (Logged 10):[0m
          1. chrome (PID 7552) - 802.35 MB (5.28%)
          2. chrome (PID 6787) - 545.01 MB (3.59%)
          3. code (PID 50824) - 490.96 MB (3.23%)
          4. code (PID 51580) - 453.96 MB (2.99%)
          5. code (PID 50476) - 432.24 MB (2.84%)
[96m------------------------------------------------------------[0m
[1m[ DISK ][0m Used: [92m20.92 GB (2.28%)[0m | Free: 894.91 GB | Total: 915.83 GB
         [93mI/O:[0m Read 0.0 MB/s | Write 0.04 MB/s | Activity: 1.01%
[96m------------------------------------------------------------[0m
[1m[ NET ][0m Upload: 0.0 MB/s | Download: 0.0 MB/s
[96m------------------------------------------------------------[0m
[1m[ BATTERY ][0m [92m98.22%[0m (Charging/Plugged in)
[1m[96m============================================================[0m
[1m[92mData logged to 2026_logs/2026-09-28.jsonl... (Press Ctrl+C to stop)[0m
[1m[96m============================================================[0m
[1mSYSTEM MONITOR V2[0m | Time: 2026-09-28 14:05:13
[96m------------------------------------------------------------[0m
[1m[ CPU ][0m Used: [92m6.8%[0m | Free: 93.2%
        [93mTop 5 (Logged 10):[0m chrome (5.08%)
[96m------------------------------------------------------------[0m
[1m[ RAM ][0m Used: [92m7.3 GB (49.2%)[0m | Available: 7.55 GB | Total: 14.84 GB
[1m[ SWAP ][0m Used: 0.0 GB (0.0%) | Free: 4.0 GB | Total: 4.0 GB
        [93mTop 5 RAM Processes (Logged 10):[0m
          1. chrome (PID 7552) - 850.42 MB (5.6%)
          2. chrome (PID 6787) - 545.11 MB (3.59%)
          3. code (PID 50824) - 490.95 MB (3.23%)
          4. code (PID 51580) - 453.96 MB (2.99%)
          5. code (PID 50476) - 431.08 MB (2.84%)
[96m------------------------------------------------------------[0m
[1m[ DISK ][0m Used: [92m20.92 GB (2.28%)[0m | Free: 894.91 GB | Total: 915.83 GB
         [93mI/O:[0m Read 0.0 MB/s | Write 0.54 MB/s | Activity: 1.81%
[96m------------------------------------------------------------[0m
[1m[ NET ][0m Upload: 0.0 MB/s | Download: 0.0 MB/s
[96m------------------------------------------------------------[0m
[1m[ BATTERY ][0m [92m98.22%[0m (Charging/Plugged in)
[1m[96m============================================================[0m
[1m[92mData logged to 2026_logs/2026-09-28.jsonl... (Press Ctrl+C to stop)[0m
[1m[96m============================================================[0m
[1mSYSTEM MONITOR V2[0m | Time: 2026-09-28 14:05:18
[96m------------------------------------------------------------[0m
[1m[ CPU ][0m Used: [92m5.5%[0m | Free: 94.5%
        [93mTop 5 (Logged 10):[0m chrome (3.32%)
[96m------------------------------------------------------------[0m
[1m[ RAM ][0m Used: [92m7.3 GB (49.2%)[0m | Available: 7.54 GB | Total: 14.84 GB
[1m[ SWAP ][0m Used: 0.0 GB (0.0%) | Free: 4.0 GB | Total: 4.0 GB
        [93mTop 5 RAM Processes (Logged 10):[0m
          1. chrome (PID 7552) - 881.3 MB (5.8%)
          2. chrome (PID 6787) - 548.75 MB (3.61%)
          3. code (PID 50824) - 491.05 MB (3.23%)
          4. code (PID 51580) - 453.96 MB (2.99%)
          5. code (PID 50476) - 431.54 MB (2.84%)
[96m------------------------------------------------------------[0m
[1m[ DISK ][0m Used: [92m20.92 GB (2.28%)[0m | Free: 894.91 GB | Total: 915.83 GB
         [93mI/O:[0m Read 0.0 MB/s | Write 0.03 MB/s | Activity: 1.83%
[96m------------------------------------------------------------[0m
[1m[ NET ][0m Upload: 0.0 MB/s | Download: 0.0 MB/s
[96m------------------------------------------------------------[0m
[1m[ BATTERY ][0m [92m98.22%[0m (Charging/Plugged in)
[1m[96m============================================================[0m
[1m[92mData logged to 2026_logs/2026-09-28.jsonl... (Press Ctrl+C to stop)[0m
[1m[96m============================================================[0m
[1mSYSTEM MONITOR V2[0m | Time: 2026-09-28 14:05:23
[96m------------------------------------------------------------[0m
[1m[ CPU ][0m Used: [92m9.7%[0m | Free: 90.3%
        [93mTop 5 (Logged 10):[0m chrome (7.69%)
[96m------------------------------------------------------------[0m
[1m[ RAM ][0m Used: [92m7.33 GB (49.4%)[0m | Available: 7.51 GB | Total: 14.84 GB
[1m[ SWAP ][0m Used: 0.0 GB (0.0%) | Free: 4.0 GB | Total: 4.0 GB
        [93mTop 5 RAM Processes (Logged 10):[0m
          1. chrome (PID 7552) - 924.01 MB (6.08%)
          2. chrome (PID 6787) - 544.62 MB (3.58%)
          3. code (PID 50824) - 491.14 MB (3.23%)
          4. code (PID 51580) - 453.97 MB (2.99%)
          5. code (PID 50476) - 430.7 MB (2.83%)
[96m------------------------------------------------------------[0m
[1m[ DISK ][0m Used: [92m20.92 GB (2.28%)[0m | Free: 894.91 GB | Total: 915.83 GB
         [93mI/O:[0m Read 0.0 MB/s | Write 0.03 MB/s | Activity: 0.98%
[96m------------------------------------------------------------[0m
[1m[ NET ][0m Upload: 0.01 MB/s | Download: 0.01 MB/s
[96m------------------------------------------------------------[0m
[1m[ BATTERY ][0m [92m98.22%[0m (Charging/Plugged in)
[1m[96m============================================================[0m
[1m[92mData logged to 2026_logs/2026-09-28.jsonl... (Press Ctrl+C to stop)[0m
[1m[96m============================================================[0m
[1mSYSTEM MONITOR V2[0m | Time: 2026-09-28 14:05:28
[96m------------------------------------------------------------[0m
[1m[ CPU ][0m Used: [92m8.9%[0m | Free: 91.1%
        [93mTop 5 (Logged 10):[0m chrome (4.5%)
[96m------------------------------------------------------------[0m
[1m[ RAM ][0m Used: [92m7.39 GB (49.8%)[0m | Available: 7.46 GB | Total: 14.84 GB
[1m[ SWAP ][0m Used: 0.0 GB (0.0%) | Free: 4.0 GB | Total: 4.0 GB
        [93mTop 5 RAM Processes (Logged 10):[0m
          1. chrome (PID 7552) - 919.57 MB (6.05%)
          2. chrome (PID 6787) - 545.92 MB (3.59%)
          3. code (PID 50824) - 492.32 MB (3.24%)
          4. code (PID 51580) - 453.96 MB (2.99%)
          5. code (PID 50476) - 446.54 MB (2.94%)
[96m------------------------------------------------------------[0m
[1m[ DISK ][0m Used: [92m20.92 GB (2.28%)[0m | Free: 894.91 GB | Total: 915.83 GB
         [93mI/O:[0m Read 0.0 MB/s | Write 0.03 MB/s | Activity: 1.71%
[96m------------------------------------------------------------[0m
[1m[ NET ][0m Upload: 0.0 MB/s | Download: 0.0 MB/s
[96m------------------------------------------------------------[0m
[1m[ BATTERY ][0m [92m98.22%[0m (Charging/Plugged in)
[1m[96m============================================================[0m
[1m[92mData logged to 2026_logs/2026-09-28.jsonl... (Press Ctrl+C to stop)[0m
[1m[96m============================================================[0m
[1mSYSTEM MONITOR V2[0m | Time: 2026-09-28 14:05:33
[96m------------------------------------------------------------[0m
[1m[ CPU ][0m Used: [92m9.9%[0m | Free: 90.1%
        [93mTop 5 (Logged 10):[0m chrome (4.23%)
[96m------------------------------------------------------------[0m
[1m[ RAM ][0m Used: [92m7.39 GB (49.8%)[0m | Available: 7.45 GB | Total: 14.84 GB
[1m[ SWAP ][0m Used: 0.0 GB (0.0%) | Free: 4.0 GB | Total: 4.0 GB
        [93mTop 5 RAM Processes (Logged 10):[0m
          1. chrome (PID 7552) - 922.7 MB (6.07%)
          2. chrome (PID 6787) - 545.02 MB (3.59%)
          3. code (PID 50824) - 492.26 MB (3.24%)
          4. code (PID 51580) - 453.87 MB (2.99%)
          5. code (PID 50476) - 450.07 MB (2.96%)
[96m------------------------------------------------------------[0m
[1m[ DISK ][0m Used: [92m20.92 GB (2.28%)[0m | Free: 894.91 GB | Total: 915.83 GB
         [93mI/O:[0m Read 0.0 MB/s | Write 0.07 MB/s | Activity: 0.94%
[96m------------------------------------------------------------[0m
[1m[ NET ][0m Upload: 0.0 MB/s | Download: 0.0 MB/s
[96m------------------------------------------------------------[0m
[1m[ BATTERY ][0m [92m98.22%[0m (Charging/Plugged in)
[1m[96m============================================================[0m
[1m[92mData logged to 2026_logs/2026-09-28.jsonl... (Press Ctrl+C to stop)[0m
[1m[96m============================================================[0m
[1mSYSTEM MONITOR V2[0m | Time: 2026-09-28 14:05:38
[96m------------------------------------------------------------[0m
[1m[ CPU ][0m Used: [92m13.9%[0m | Free: 86.1%
        [93mTop 5 (Logged 10):[0m chrome (10.0%)
[96m------------------------------------------------------------[0m
[1m[ RAM ][0m Used: [92m7.34 GB (49.4%)[0m | Available: 7.51 GB | Total: 14.84 GB
[1m[ SWAP ][0m Used: 0.0 GB (0.0%) | Free: 4.0 GB | Total: 4.0 GB
        [93mTop 5 RAM Processes (Logged 10):[0m
          1. chrome (PID 7552) - 949.93 MB (6.25%)
          2. chrome (PID 6787) - 546.51 MB (3.6%)
          3. code (PID 50824) - 493.2 MB (3.24%)
          4. code (PID 51580) - 453.87 MB (2.99%)
          5. code (PID 50476) - 452.29 MB (2.98%)
[96m------------------------------------------------------------[0m
[1m[ DISK ][0m Used: [92m20.92 GB (2.28%)[0m | Free: 894.91 GB | Total: 915.83 GB
         [93mI/O:[0m Read 0.0 MB/s | Write 2.99 MB/s | Activity: 1.1%
[96m------------------------------------------------------------[0m
[1m[ NET ][0m Upload: 0.0 MB/s | Download: 0.0 MB/s
[96m------------------------------------------------------------[0m
[1m[ BATTERY ][0m [92m98.22%[0m (Charging/Plugged in)
[1m[96m============================================================[0m
[1m[92mData logged to 2026_logs/2026-09-28.jsonl... (Press Ctrl+C to stop)[0m
[1m[96m============================================================[0m
[1mSYSTEM MONITOR V2[0m | Time: 2026-09-28 14:05:43
[96m------------------------------------------------------------[0m
[1m[ CPU ][0m Used: [92m7.1%[0m | Free: 92.9%
[96m------------------------------------------------------------[0m
[1m[ RAM ][0m Used: [92m7.37 GB (49.6%)[0m | Available: 7.48 GB | Total: 14.84 GB
[1m[ SWAP ][0m Used: 0.0 GB (0.0%) | Free: 4.0 GB | Total: 4.0 GB
        [93mTop 5 RAM Processes (Logged 10):[0m
          1. chrome (PID 7552) - 952.95 MB (6.27%)
          2. chrome (PID 6787) - 545.95 MB (3.59%)
          3. code (PID 50824) - 494.71 MB (3.25%)
          4. code (PID 51580) - 453.88 MB (2.99%)
          5. code (PID 50476) - 447.1 MB (2.94%)
[96m------------------------------------------------------------[0m
[1m[ DISK ][0m Used: [92m20.92 GB (2.28%)[0m | Free: 894.91 GB | Total: 915.83 GB
         [93mI/O:[0m Read 0.0 MB/s | Write 0.52 MB/s | Activity: 1.05%
[96m------------------------------------------------------------[0m
[1m[ NET ][0m Upload: 0.01 MB/s | Download: 0.0 MB/s
[96m------------------------------------------------------------[0m
[1m[ BATTERY ][0m [92m98.22%[0m (Charging/Plugged in)
[1m[96m============================================================[0m
[1m[92mData logged to 2026_logs/2026-09-28.jsonl... (Press Ctrl+C to stop)[0m
[1m[96m============================================================[0m
[1mSYSTEM MONITOR V2[0m | Time: 2026-09-28 14:05:48
[96m------------------------------------------------------------[0m
[1m[ CPU ][0m Used: [92m2.3%[0m | Free: 97.7%
[96m------------------------------------------------------------[0m
[1m[ RAM ][0m Used: [92m7.32 GB (49.3%)[0m | Available: 7.53 GB | Total: 14.84 GB
[1m[ SWAP ][0m Used: 0.0 GB (0.0%) | Free: 4.0 GB | Total: 4.0 GB
        [93mTop 5 RAM Processes (Logged 10):[0m
          1. chrome (PID 7552) - 940.23 MB (6.19%)
          2. chrome (PID 6787) - 546.64 MB (3.6%)
          3. code (PID 50824) - 494.98 MB (3.26%)
          4. code (PID 51580) - 453.88 MB (2.99%)
          5. code (PID 50476) - 443.95 MB (2.92%)
[96m------------------------------------------------------------[0m
[1m[ DISK ][0m Used: [92m20.92 GB (2.28%)[0m | Free: 894.91 GB | Total: 915.83 GB
         [93mI/O:[0m Read 0.0 MB/s | Write 0.07 MB/s | Activity: 1.02%
[96m------------------------------------------------------------[0m
[1m[ NET ][0m Upload: 0.0 MB/s | Download: 0.0 MB/s
[96m------------------------------------------------------------[0m
[1m[ BATTERY ][0m [92m98.22%[0m (Charging/Plugged in)
[1m[96m============================================================[0m
[1m[92mData logged to 2026_logs/2026-09-28.jsonl... (Press Ctrl+C to stop)[0m
[1m[96m============================================================[0m
[1mSYSTEM MONITOR V2[0m | Time: 2026-09-28 14:05:53
[96m------------------------------------------------------------[0m
[1m[ CPU ][0m Used: [92m9.8%[0m | Free: 90.2%
        [93mTop 5 (Logged 10):[0m code (3.86%), code (2.76%)
[96m------------------------------------------------------------[0m
[1m[ RAM ][0m Used: [92m7.43 GB (50.0%)[0m | Available: 7.41 GB | Total: 14.84 GB
[1m[ SWAP ][0m Used: 0.0 GB (0.0%) | Free: 4.0 GB | Total: 4.0 GB
        [93mTop 5 RAM Processes (Logged 10):[0m
          1. chrome (PID 7552) - 933.59 MB (6.14%)
          2. chrome (PID 6787) - 546.73 MB (3.6%)
          3. code (PID 50824) - 497.07 MB (3.27%)
          4. code (PID 50476) - 465.52 MB (3.06%)
          5. code (PID 51580) - 453.91 MB (2.99%)
[96m------------------------------------------------------------[0m
[1m[ DISK ][0m Used: [92m20.92 GB (2.28%)[0m | Free: 894.91 GB | Total: 915.83 GB
         [93mI/O:[0m Read 0.0 MB/s | Write 0.11 MB/s | Activity: 1.16%
[96m------------------------------------------------------------[0m
[1m[ NET ][0m Upload: 0.0 MB/s | Download: 0.0 MB/s
[96m------------------------------------------------------------[0m
[1m[ BATTERY ][0m [92m98.22%[0m (Charging/Plugged in)
[1m[96m============================================================[0m
[1m[92mData logged to 2026_logs/2026-09-28.jsonl... (Press Ctrl+C to stop)[0m
[1m[96m============================================================[0m
[1mSYSTEM MONITOR V2[0m | Time: 2026-09-28 14:05:59
[96m------------------------------------------------------------[0m
[1m[ CPU ][0m Used: [92m11.2%[0m | Free: 88.8%
        [93mTop 5 (Logged 10):[0m chrome (8.58%)
[96m------------------------------------------------------------[0m
[1m[ RAM ][0m Used: [92m7.39 GB (49.8%)[0m | Available: 7.45 GB | Total: 14.84 GB
[1m[ SWAP ][0m Used: 0.0 GB (0.0%) | Free: 4.0 GB | Total: 4.0 GB
        [93mTop 5 RAM Processes (Logged 10):[0m
          1. chrome (PID 7552) - 931.39 MB (6.13%)
          2. chrome (PID 6787) - 545.7 MB (3.59%)
          3. code (PID 50824) - 497.16 MB (3.27%)
          4. code (PID 51580) - 452.97 MB (2.98%)
          5. code (PID 50476) - 449.5 MB (2.96%)
[96m------------------------------------------------------------[0m
[1m[ DISK ][0m Used: [92m20.92 GB (2.28%)[0m | Free: 894.91 GB | Total: 915.83 GB
         [93mI/O:[0m Read 0.0 MB/s | Write 0.02 MB/s | Activity: 0.92%
[96m------------------------------------------------------------[0m
[1m[ NET ][0m Upload: 0.0 MB/s | Download: 0.0 MB/s
[96m------------------------------------------------------------[0m
[1m[ BATTERY ][0m [92m98.22%[0m (Charging/Plugged in)
[1m[96m============================================================[0m
[1m[92mData logged to 2026_logs/2026-09-28.jsonl... (Press Ctrl+C to stop)[0m
[1m[96m============================================================[0m
[1mSYSTEM MONITOR V2[0m | Time: 2026-09-28 14:06:04
[96m------------------------------------------------------------[0m
[1m[ CPU ][0m Used: [92m4.2%[0m | Free: 95.8%
        [93mTop 5 (Logged 10):[0m chrome (2.21%)
[96m------------------------------------------------------------[0m
[1m[ RAM ][0m Used: [92m7.31 GB (49.2%)[0m | Available: 7.54 GB | Total: 14.84 GB
[1m[ SWAP ][0m Used: 0.0 GB (0.0%) | Free: 4.0 GB | Total: 4.0 GB
        [93mTop 5 RAM Processes (Logged 10):[0m
          1. chrome (PID 7552) - 926.55 MB (6.1%)
          2. chrome (PID 6787) - 545.55 MB (3.59%)
          3. code (PID 50824) - 497.2 MB (3.27%)
          4. code (PID 51580) - 453.02 MB (2.98%)
          5. code (PID 50476) - 448.36 MB (2.95%)
[96m------------------------------------------------------------[0m
[1m[ DISK ][0m Used: [92m20.92 GB (2.28%)[0m | Free: 894.91 GB | Total: 915.83 GB
         [93mI/O:[0m Read 0.0 MB/s | Write 0.04 MB/s | Activity: 0.14%
[96m------------------------------------------------------------[0m
[1m[ NET ][0m Upload: 0.0 MB/s | Download: 0.0 MB/s
[96m------------------------------------------------------------[0m
[1m[ BATTERY ][0m [92m98.22%[0m (Charging/Plugged in)
[1m[96m============================================================[0m
[1m[92mData logged to 2026_logs/2026-09-28.jsonl... (Press Ctrl+C to stop)[0m
[1m[96m============================================================[0m
[1mSYSTEM MONITOR V2[0m | Time: 2026-09-28 14:06:09
[96m------------------------------------------------------------[0m
[1m[ CPU ][0m Used: [92m7.8%[0m | Free: 92.2%
        [93mTop 5 (Logged 10):[0m chrome (5.3%)
[96m------------------------------------------------------------[0m
[1m[ RAM ][0m Used: [92m7.28 GB (49.1%)[0m | Available: 7.56 GB | Total: 14.84 GB
[1m[ SWAP ][0m Used: 0.0 GB (0.0%) | Free: 4.0 GB | Total: 4.0 GB
        [93mTop 5 RAM Processes (Logged 10):[0m
          1. chrome (PID 7552) - 930.52 MB (6.12%)
          2. chrome (PID 6787) - 545.46 MB (3.59%)
          3. code (PID 50824) - 497.34 MB (3.27%)
          4. code (PID 51580) - 453.09 MB (2.98%)
          5. code (PID 50476) - 449.6 MB (2.96%)
[96m------------------------------------------------------------[0m
[1m[ DISK ][0m Used: [92m20.92 GB (2.28%)[0m | Free: 894.91 GB | Total: 915.83 GB
         [93mI/O:[0m Read 0.0 MB/s | Write 0.67 MB/s | Activity: 0.14%
[96m------------------------------------------------------------[0m
[1m[ NET ][0m Upload: 0.01 MB/s | Download: 0.01 MB/s
[96m------------------------------------------------------------[0m
[1m[ BATTERY ][0m [92m98.22%[0m (Charging/Plugged in)
[1m[96m============================================================[0m
[1m[92mData logged to 2026_logs/2026-09-28.jsonl... (Press Ctrl+C to stop)[0m
[1m[96m============================================================[0m
[1mSYSTEM MONITOR V2[0m | Time: 2026-09-28 14:06:14
[96m------------------------------------------------------------[0m
[1m[ CPU ][0m Used: [92m5.8%[0m | Free: 94.2%
[96m------------------------------------------------------------[0m
[1m[ RAM ][0m Used: [92m7.34 GB (49.4%)[0m | Available: 7.5 GB | Total: 14.84 GB
[1m[ SWAP ][0m Used: 0.0 GB (0.0%) | Free: 4.0 GB | Total: 4.0 GB
        [93mTop 5 RAM Processes (Logged 10):[0m
          1. chrome (PID 7552) - 930.37 MB (6.12%)
          2. chrome (PID 6787) - 546.86 MB (3.6%)
          3. code (PID 50824) - 497.12 MB (3.27%)
          4. code (PID 50476) - 457.11 MB (3.01%)
          5. code (PID 51580) - 453.14 MB (2.98%)
[96m------------------------------------------------------------[0m
[1m[ DISK ][0m Used: [92m20.92 GB (2.28%)[0m | Free: 894.91 GB | Total: 915.83 GB
         [93mI/O:[0m Read 0.0 MB/s | Write 0.52 MB/s | Activity: 1.1%
[96m------------------------------------------------------------[0m
[1m[ NET ][0m Upload: 0.0 MB/s | Download: 0.0 MB/s
[96m------------------------------------------------------------[0m
[1m[ BATTERY ][0m [92m98.22%[0m (Charging/Plugged in)
[1m[96m============================================================[0m
[1m[92mData logged to 2026_logs/2026-09-28.jsonl... (Press Ctrl+C to stop)[0m
[1m[96m============================================================[0m
[1mSYSTEM MONITOR V2[0m | Time: 2026-09-28 14:06:19
[96m------------------------------------------------------------[0m
[1m[ CPU ][0m Used: [92m8.2%[0m | Free: 91.8%
[96m------------------------------------------------------------[0m
[1m[ RAM ][0m Used: [92m7.42 GB (50.0%)[0m | Available: 7.43 GB | Total: 14.84 GB
[1m[ SWAP ][0m Used: 0.0 GB (0.0%) | Free: 4.0 GB | Total: 4.0 GB
        [93mTop 5 RAM Processes (Logged 10):[0m
          1. chrome (PID 7552) - 956.23 MB (6.29%)
          2. chrome (PID 6787) - 545.43 MB (3.59%)
          3. code (PID 50824) - 512.0 MB (3.37%)
          4. code (PID 50476) - 466.33 MB (3.07%)
          5. code (PID 51580) - 455.3 MB (3.0%)
[96m------------------------------------------------------------[0m
[1m[ DISK ][0m Used: [92m20.92 GB (2.28%)[0m | Free: 894.91 GB | Total: 915.83 GB
         [93mI/O:[0m Read 0.0 MB/s | Write 0.03 MB/s | Activity: 0.86%
[96m------------------------------------------------------------[0m
[1m[ NET ][0m Upload: 0.01 MB/s | Download: 0.01 MB/s
[96m------------------------------------------------------------[0m
[1m[ BATTERY ][0m [92m98.22%[0m (Charging/Plugged in)
[1m[96m============================================================[0m
[1m[92mData logged to 2026_logs/2026-09-28.jsonl... (Press Ctrl+C to stop)[0m
[1m[96m============================================================[0m
[1mSYSTEM MONITOR V2[0m | Time: 2026-09-28 14:06:24
[96m------------------------------------------------------------[0m
[1m[ CPU ][0m Used: [92m4.2%[0m | Free: 95.8%
        [93mTop 5 (Logged 10):[0m chrome (2.64%)
[96m------------------------------------------------------------[0m
[1m[ RAM ][0m Used: [92m7.37 GB (49.7%)[0m | Available: 7.47 GB | Total: 14.84 GB
[1m[ SWAP ][0m Used: 0.0 GB (0.0%) | Free: 4.0 GB | Total: 4.0 GB
        [93mTop 5 RAM Processes (Logged 10):[0m
          1. chrome (PID 7552) - 957.13 MB (6.3%)
          2. chrome (PID 6787) - 545.55 MB (3.59%)
          3. code (PID 50824) - 511.58 MB (3.37%)
          4. code (PID 50476) - 460.51 MB (3.03%)
          5. code (PID 51580) - 455.3 MB (3.0%)
[96m------------------------------------------------------------[0m
[1m[ DISK ][0m Used: [92m20.92 GB (2.28%)[0m | Free: 894.91 GB | Total: 915.83 GB
         [93mI/O:[0m Read 0.0 MB/s | Write 0.06 MB/s | Activity: 0.14%
[96m------------------------------------------------------------[0m
[1m[ NET ][0m Upload: 0.01 MB/s | Download: 0.02 MB/s
[96m------------------------------------------------------------[0m
[1m[ BATTERY ][0m [92m98.22%[0m (Charging/Plugged in)
[1m[96m============================================================[0m
[1m[92mData logged to 2026_logs/2026-09-28.jsonl... (Press Ctrl+C to stop)[0m
[1m[96m============================================================[0m
[1mSYSTEM MONITOR V2[0m | Time: 2026-09-28 14:06:29
[96m------------------------------------------------------------[0m
[1m[ CPU ][0m Used: [92m6.2%[0m | Free: 93.8%
[96m------------------------------------------------------------[0m
[1m[ RAM ][0m Used: [92m7.25 GB (48.9%)[0m | Available: 7.59 GB | Total: 14.84 GB
[1m[ SWAP ][0m Used: 0.0 GB (0.0%) | Free: 4.0 GB | Total: 4.0 GB
        [93mTop 5 RAM Processes (Logged 10):[0m
          1. chrome (PID 7552) - 958.48 MB (6.31%)
          2. chrome (PID 6787) - 545.43 MB (3.59%)
          3. code (PID 51580) - 455.3 MB (3.0%)
          4. code (PID 50824) - 450.99 MB (2.97%)
          5. gnome-shell (PID 4411) - 428.27 MB (2.82%)
[96m------------------------------------------------------------[0m
[1m[ DISK ][0m Used: [92m20.92 GB (2.28%)[0m | Free: 894.91 GB | Total: 915.83 GB
         [93mI/O:[0m Read 0.0 MB/s | Write 0.02 MB/s | Activity: 0.8%
[96m------------------------------------------------------------[0m
[1m[ NET ][0m Upload: 0.0 MB/s | Download: 0.01 MB/s
[96m------------------------------------------------------------[0m
[1m[ BATTERY ][0m [92m98.22%[0m (Charging/Plugged in)
[1m[96m============================================================[0m
[1m[92mData logged to 2026_logs/2026-09-28.jsonl... (Press Ctrl+C to stop)[0m
[1m[96m============================================================[0m
[1mSYSTEM MONITOR V2[0m | Time: 2026-09-28 14:06:34
[96m------------------------------------------------------------[0m
[1m[ CPU ][0m Used: [92m6.1%[0m | Free: 93.9%
[96m------------------------------------------------------------[0m
[1m[ RAM ][0m Used: [92m7.28 GB (49.0%)[0m | Available: 7.57 GB | Total: 14.84 GB
[1m[ SWAP ][0m Used: 0.0 GB (0.0%) | Free: 4.0 GB | Total: 4.0 GB
        [93mTop 5 RAM Processes (Logged 10):[0m
          1. chrome (PID 7552) - 957.27 MB (6.3%)
          2. chrome (PID 6787) - 545.49 MB (3.59%)
          3. code (PID 51580) - 455.3 MB (3.0%)
          4. code (PID 50824) - 451.92 MB (2.97%)
          5. gnome-shell (PID 4411) - 428.26 MB (2.82%)
[96m------------------------------------------------------------[0m
[1m[ DISK ][0m Used: [92m20.92 GB (2.28%)[0m | Free: 894.91 GB | Total: 915.83 GB
         [93mI/O:[0m Read 0.0 MB/s | Write 0.02 MB/s | Activity: 0.92%
[96m------------------------------------------------------------[0m
[1m[ NET ][0m Upload: 0.0 MB/s | Download: 0.0 MB/s
[96m------------------------------------------------------------[0m
[1m[ BATTERY ][0m [92m98.22%[0m (Charging/Plugged in)
[1m[96m============================================================[0m
[1m[92mData logged to 2026_logs/2026-09-28.jsonl... (Press Ctrl+C to stop)[0m
[1m[96m============================================================[0m
[1mSYSTEM MONITOR V2[0m | Time: 2026-09-28 14:06:39
[96m------------------------------------------------------------[0m
[1m[ CPU ][0m Used: [92m7.6%[0m | Free: 92.4%
        [93mTop 5 (Logged 10):[0m code (2.16%)
[96m------------------------------------------------------------[0m
[1m[ RAM ][0m Used: [92m7.29 GB (49.1%)[0m | Available: 7.55 GB | Total: 14.84 GB
[1m[ SWAP ][0m Used: 0.0 GB (0.0%) | Free: 4.0 GB | Total: 4.0 GB
        [93mTop 5 RAM Processes (Logged 10):[0m
          1. chrome (PID 7552) - 958.77 MB (6.31%)
          2. chrome (PID 6787) - 545.44 MB (3.59%)
          3. code (PID 51580) - 455.3 MB (3.0%)
          4. code (PID 50824) - 451.98 MB (2.97%)
          5. gnome-shell (PID 4411) - 428.24 MB (2.82%)
[96m------------------------------------------------------------[0m
[1m[ DISK ][0m Used: [92m20.92 GB (2.28%)[0m | Free: 894.91 GB | Total: 915.83 GB
         [93mI/O:[0m Read 0.0 MB/s | Write 0.02 MB/s | Activity: 0.92%
[96m------------------------------------------------------------[0m
[1m[ NET ][0m Upload: 0.0 MB/s | Download: 0.01 MB/s
[96m------------------------------------------------------------[0m
[1m[ BATTERY ][0m [92m98.22%[0m (Charging/Plugged in)
[1m[96m============================================================[0m
[1m[92mData logged to 2026_logs/2026-09-28.jsonl... (Press Ctrl+C to stop)[0m
[1m[96m============================================================[0m
[1mSYSTEM MONITOR V2[0m | Time: 2026-09-28 14:06:44
[96m------------------------------------------------------------[0m
[1m[ CPU ][0m Used: [92m7.2%[0m | Free: 92.8%
        [93mTop 5 (Logged 10):[0m code (2.11%)
[96m------------------------------------------------------------[0m
[1m[ RAM ][0m Used: [92m7.24 GB (48.8%)[0m | Available: 7.6 GB | Total: 14.84 GB
[1m[ SWAP ][0m Used: 0.0 GB (0.0%) | Free: 4.0 GB | Total: 4.0 GB
        [93mTop 5 RAM Processes (Logged 10):[0m
          1. chrome (PID 7552) - 959.01 MB (6.31%)
          2. chrome (PID 6787) - 544.91 MB (3.59%)
          3. code (PID 51580) - 455.3 MB (3.0%)
          4. code (PID 50824) - 451.37 MB (2.97%)
          5. gnome-shell (PID 4411) - 428.25 MB (2.82%)
[96m------------------------------------------------------------[0m
[1m[ DISK ][0m Used: [92m20.92 GB (2.28%)[0m | Free: 894.91 GB | Total: 915.83 GB
         [93mI/O:[0m Read 0.0 MB/s | Write 1.33 MB/s | Activity: 0.29%
[96m------------------------------------------------------------[0m
[1m[ NET ][0m Upload: 0.0 MB/s | Download: 0.0 MB/s
[96m------------------------------------------------------------[0m
[1m[ BATTERY ][0m [92m98.22%[0m (Charging/Plugged in)
[1m[96m============================================================[0m
[1m[92mData logged to 2026_logs/2026-09-28.jsonl... (Press Ctrl+C to stop)[0m
[1m[96m============================================================[0m
[1mSYSTEM MONITOR V2[0m | Time: 2026-09-28 14:06:50
[96m------------------------------------------------------------[0m
[1m[ CPU ][0m Used: [92m6.5%[0m | Free: 93.5%
[96m------------------------------------------------------------[0m
[1m[ RAM ][0m Used: [92m7.28 GB (49.0%)[0m | Available: 7.57 GB | Total: 14.84 GB
[1m[ SWAP ][0m Used: 0.0 GB (0.0%) | Free: 4.0 GB | Total: 4.0 GB
        [93mTop 5 RAM Processes (Logged 10):[0m
          1. chrome (PID 7552) - 942.78 MB (6.2%)
          2. chrome (PID 6787) - 545.49 MB (3.59%)
          3. code (PID 51580) - 455.3 MB (3.0%)
          4. code (PID 50824) - 451.61 MB (2.97%)
          5. code (PID 50476) - 436.48 MB (2.87%)
[96m------------------------------------------------------------[0m
[1m[ DISK ][0m Used: [92m20.92 GB (2.28%)[0m | Free: 894.91 GB | Total: 915.83 GB
         [93mI/O:[0m Read 0.0 MB/s | Write 0.11 MB/s | Activity: 1.8%
[96m------------------------------------------------------------[0m
[1m[ NET ][0m Upload: 0.0 MB/s | Download: 0.0 MB/s
[96m------------------------------------------------------------[0m
[1m[ BATTERY ][0m [92m98.22%[0m (Charging/Plugged in)
[1m[96m============================================================[0m
[1m[92mData logged to 2026_logs/2026-09-28.jsonl... (Press Ctrl+C to stop)[0m
[1m[96m============================================================[0m
[1mSYSTEM MONITOR V2[0m | Time: 2026-09-28 14:06:55
[96m------------------------------------------------------------[0m
[1m[ CPU ][0m Used: [92m6.3%[0m | Free: 93.7%
[96m------------------------------------------------------------[0m
[1m[ RAM ][0m Used: [92m7.24 GB (48.8%)[0m | Available: 7.6 GB | Total: 14.84 GB
[1m[ SWAP ][0m Used: 0.0 GB (0.0%) | Free: 4.0 GB | Total: 4.0 GB
        [93mTop 5 RAM Processes (Logged 10):[0m
          1. chrome (PID 7552) - 935.11 MB (6.15%)
          2. chrome (PID 6787) - 544.95 MB (3.59%)
          3. code (PID 51580) - 455.3 MB (3.0%)
          4. code (PID 50824) - 451.66 MB (2.97%)
          5. code (PID 50476) - 451.06 MB (2.97%)
[96m------------------------------------------------------------[0m
[1m[ DISK ][0m Used: [92m20.92 GB (2.28%)[0m | Free: 894.91 GB | Total: 915.83 GB
         [93mI/O:[0m Read 0.0 MB/s | Write 0.05 MB/s | Activity: 0.86%
[96m------------------------------------------------------------[0m
[1m[ NET ][0m Upload: 0.0 MB/s | Download: 0.0 MB/s
[96m------------------------------------------------------------[0m
[1m[ BATTERY ][0m [92m98.22%[0m (Charging/Plugged in)
[1m[96m============================================================[0m
[1m[92mData logged to 2026_logs/2026-09-28.jsonl... (Press Ctrl+C to stop)[0m
[1m[96m============================================================[0m
[1mSYSTEM MONITOR V2[0m | Time: 2026-09-28 14:07:00
[96m------------------------------------------------------------[0m
[1m[ CPU ][0m Used: [92m8.4%[0m | Free: 91.6%
        [93mTop 5 (Logged 10):[0m chrome (2.45%), code (2.06%)
[96m------------------------------------------------------------[0m
[1m[ RAM ][0m Used: [92m7.28 GB (49.0%)[0m | Available: 7.57 GB | Total: 14.84 GB
[1m[ SWAP ][0m Used: 0.0 GB (0.0%) | Free: 4.0 GB | Total: 4.0 GB
        [93mTop 5 RAM Processes (Logged 10):[0m
          1. chrome (PID 7552) - 936.64 MB (6.16%)
          2. chrome (PID 6787) - 544.98 MB (3.59%)
          3. code (PID 51580) - 455.32 MB (3.0%)
          4. code (PID 50824) - 451.69 MB (2.97%)
          5. code (PID 50476) - 446.41 MB (2.94%)
[96m------------------------------------------------------------[0m
[1m[ DISK ][0m Used: [92m20.92 GB (2.28%)[0m | Free: 894.91 GB | Total: 915.83 GB
         [93mI/O:[0m Read 0.0 MB/s | Write 0.02 MB/s | Activity: 0.8%
[96m------------------------------------------------------------[0m
[1m[ NET ][0m Upload: 0.0 MB/s | Download: 0.0 MB/s
[96m------------------------------------------------------------[0m
[1m[ BATTERY ][0m [92m98.22%[0m (Charging/Plugged in)
[1m[96m============================================================[0m
[1m[92mData logged to 2026_logs/2026-09-28.jsonl... (Press Ctrl+C to stop)[0m
[1m[96m============================================================[0m
[1mSYSTEM MONITOR V2[0m | Time: 2026-09-28 14:07:05
[96m------------------------------------------------------------[0m
[1m[ CPU ][0m Used: [92m7.9%[0m | Free: 92.1%
        [93mTop 5 (Logged 10):[0m code (2.72%)
[96m------------------------------------------------------------[0m
[1m[ RAM ][0m Used: [92m7.25 GB (48.8%)[0m | Available: 7.6 GB | Total: 14.84 GB
[1m[ SWAP ][0m Used: 0.0 GB (0.0%) | Free: 4.0 GB | Total: 4.0 GB
        [93mTop 5 RAM Processes (Logged 10):[0m
          1. chrome (PID 7552) - 931.75 MB (6.13%)
          2. chrome (PID 6787) - 544.94 MB (3.59%)
          3. code (PID 50476) - 455.48 MB (3.0%)
          4. code (PID 51580) - 455.34 MB (3.0%)
          5. code (PID 50824) - 451.71 MB (2.97%)
[96m------------------------------------------------------------[0m
[1m[ DISK ][0m Used: [92m20.92 GB (2.28%)[0m | Free: 894.91 GB | Total: 915.83 GB
         [93mI/O:[0m Read 0.0 MB/s | Write 0.04 MB/s | Activity: 1.0%
[96m------------------------------------------------------------[0m
[1m[ NET ][0m Upload: 0.0 MB/s | Download: 0.0 MB/s
[96m------------------------------------------------------------[0m
[1m[ BATTERY ][0m [92m98.22%[0m (Charging/Plugged in)
[1m[96m============================================================[0m
[1m[92mData logged to 2026_logs/2026-09-28.jsonl... (Press Ctrl+C to stop)[0m
[1m[96m============================================================[0m
[1mSYSTEM MONITOR V2[0m | Time: 2026-09-28 14:07:10
[96m------------------------------------------------------------[0m
[1m[ CPU ][0m Used: [92m6.1%[0m | Free: 93.9%
        [93mTop 5 (Logged 10):[0m code (2.43%)
[96m------------------------------------------------------------[0m
[1m[ RAM ][0m Used: [92m7.25 GB (48.9%)[0m | Available: 7.59 GB | Total: 14.84 GB
[1m[ SWAP ][0m Used: 0.0 GB (0.0%) | Free: 4.0 GB | Total: 4.0 GB
        [93mTop 5 RAM Processes (Logged 10):[0m
          1. chrome (PID 7552) - 929.42 MB (6.11%)
          2. chrome (PID 6787) - 544.85 MB (3.58%)
          3. code (PID 50476) - 467.06 MB (3.07%)
          4. code (PID 51580) - 455.36 MB (3.0%)
          5. code (PID 50824) - 451.77 MB (2.97%)
[96m------------------------------------------------------------[0m
[1m[ DISK ][0m Used: [92m20.92 GB (2.28%)[0m | Free: 894.91 GB | Total: 915.83 GB
         [93mI/O:[0m Read 0.0 MB/s | Write 0.08 MB/s | Activity: 1.88%
[96m------------------------------------------------------------[0m
[1m[ NET ][0m Upload: 0.0 MB/s | Download: 0.0 MB/s
[96m------------------------------------------------------------[0m
[1m[ BATTERY ][0m [92m98.22%[0m (Charging/Plugged in)
[1m[96m============================================================[0m
[1m[92mData logged to 2026_logs/2026-09-28.jsonl... (Press Ctrl+C to stop)[0m
[1m[96m============================================================[0m
[1mSYSTEM MONITOR V2[0m | Time: 2026-09-28 14:07:15
[96m------------------------------------------------------------[0m
[1m[ CPU ][0m Used: [92m8.2%[0m | Free: 91.8%
        [93mTop 5 (Logged 10):[0m code (2.95%)
[96m------------------------------------------------------------[0m
[1m[ RAM ][0m Used: [92m7.23 GB (48.7%)[0m | Available: 7.61 GB | Total: 14.84 GB
[1m[ SWAP ][0m Used: 0.0 GB (0.0%) | Free: 4.0 GB | Total: 4.0 GB
        [93mTop 5 RAM Processes (Logged 10):[0m
          1. chrome (PID 7552) - 925.52 MB (6.09%)
          2. chrome (PID 6787) - 544.52 MB (3.58%)
          3. code (PID 51580) - 455.44 MB (3.0%)
          4. code (PID 50824) - 451.74 MB (2.97%)
          5. code (PID 50476) - 446.65 MB (2.94%)
[96m------------------------------------------------------------[0m
[1m[ DISK ][0m Used: [92m20.92 GB (2.28%)[0m | Free: 894.91 GB | Total: 915.83 GB
         [93mI/O:[0m Read 0.0 MB/s | Write 0.6 MB/s | Activity: 1.14%
[96m------------------------------------------------------------[0m
[1m[ NET ][0m Upload: 0.0 MB/s | Download: 0.0 MB/s
[96m------------------------------------------------------------[0m
[1m[ BATTERY ][0m [92m98.22%[0m (Charging/Plugged in)
[1m[96m============================================================[0m
[1m[92mData logged to 2026_logs/2026-09-28.jsonl... (Press Ctrl+C to stop)[0m
[1m[96m============================================================[0m
[1mSYSTEM MONITOR V2[0m | Time: 2026-09-28 14:07:20
[96m------------------------------------------------------------[0m
[1m[ CPU ][0m Used: [92m10.5%[0m | Free: 89.5%
        [93mTop 5 (Logged 10):[0m code (2.93%), code (2.82%)
[96m------------------------------------------------------------[0m
[1m[ RAM ][0m Used: [92m7.38 GB (49.7%)[0m | Available: 7.46 GB | Total: 14.84 GB
[1m[ SWAP ][0m Used: 0.0 GB (0.0%) | Free: 4.0 GB | Total: 4.0 GB
        [93mTop 5 RAM Processes (Logged 10):[0m
          1. chrome (PID 7552) - 952.56 MB (6.27%)
          2. chrome (PID 6787) - 544.86 MB (3.58%)
          3. code (PID 50476) - 467.14 MB (3.07%)
          4. code (PID 51580) - 455.52 MB (3.0%)
          5. code (PID 50824) - 452.37 MB (2.98%)
[96m------------------------------------------------------------[0m
[1m[ DISK ][0m Used: [92m20.92 GB (2.28%)[0m | Free: 894.91 GB | Total: 915.83 GB
         [93mI/O:[0m Read 0.0 MB/s | Write 0.85 MB/s | Activity: 1.29%
[96m------------------------------------------------------------[0m
[1m[ NET ][0m Upload: 0.01 MB/s | Download: 0.0 MB/s
[96m------------------------------------------------------------[0m
[1m[ BATTERY ][0m [92m98.22%[0m (Charging/Plugged in)
[1m[96m============================================================[0m
[1m[92mData logged to 2026_logs/2026-09-28.jsonl... (Press Ctrl+C to stop)[0m
[1m[96m============================================================[0m
[1mSYSTEM MONITOR V2[0m | Time: 2026-09-28 14:07:25
[96m------------------------------------------------------------[0m
[1m[ CPU ][0m Used: [92m7.5%[0m | Free: 92.5%
        [93mTop 5 (Logged 10):[0m chrome (2.91%)
[96m------------------------------------------------------------[0m
[1m[ RAM ][0m Used: [92m7.32 GB (49.3%)[0m | Available: 7.53 GB | Total: 14.84 GB
[1m[ SWAP ][0m Used: 0.0 GB (0.0%) | Free: 4.0 GB | Total: 4.0 GB
        [93mTop 5 RAM Processes (Logged 10):[0m
          1. chrome (PID 7552) - 959.51 MB (6.31%)
          2. chrome (PID 6787) - 545.48 MB (3.59%)
          3. code (PID 50476) - 464.38 MB (3.06%)
          4. code (PID 51580) - 455.61 MB (3.0%)
          5. code (PID 50824) - 451.85 MB (2.97%)
[96m------------------------------------------------------------[0m
[1m[ DISK ][0m Used: [92m20.92 GB (2.28%)[0m | Free: 894.91 GB | Total: 915.83 GB
         [93mI/O:[0m Read 0.0 MB/s | Write 0.07 MB/s | Activity: 1.02%
[96m------------------------------------------------------------[0m
[1m[ NET ][0m Upload: 0.0 MB/s | Download: 0.0 MB/s
[96m------------------------------------------------------------[0m
[1m[ BATTERY ][0m [92m98.22%[0m (Charging/Plugged in)
[1m[96m============================================================[0m
[1m[92mData logged to 2026_logs/2026-09-28.jsonl... (Press Ctrl+C to stop)[0m
[1m[96m============================================================[0m
[1mSYSTEM MONITOR V2[0m | Time: 2026-09-28 14:07:30
[96m------------------------------------------------------------[0m
[1m[ CPU ][0m Used: [92m5.6%[0m | Free: 94.4%
        [93mTop 5 (Logged 10):[0m chrome (3.57%)
[96m------------------------------------------------------------[0m
[1m[ RAM ][0m Used: [92m7.25 GB (48.8%)[0m | Available: 7.6 GB | Total: 14.84 GB
[1m[ SWAP ][0m Used: 0.0 GB (0.0%) | Free: 4.0 GB | Total: 4.0 GB
        [93mTop 5 RAM Processes (Logged 10):[0m
          1. chrome (PID 7552) - 960.43 MB (6.32%)
          2. chrome (PID 6787) - 544.96 MB (3.59%)
          3. code (PID 51580) - 455.12 MB (2.99%)
          4. code (PID 50476) - 454.17 MB (2.99%)
          5. code (PID 50824) - 451.91 MB (2.97%)
[96m------------------------------------------------------------[0m
[1m[ DISK ][0m Used: [92m20.92 GB (2.28%)[0m | Free: 894.91 GB | Total: 915.83 GB
         [93mI/O:[0m Read 0.0 MB/s | Write 0.01 MB/s | Activity: 0.8%
[96m------------------------------------------------------------[0m
[1m[ NET ][0m Upload: 0.0 MB/s | Download: 0.0 MB/s
[96m------------------------------------------------------------[0m
[1m[ BATTERY ][0m [92m98.22%[0m (Charging/Plugged in)
[1m[96m============================================================[0m
[1m[92mData logged to 2026_logs/2026-09-28.jsonl... (Press Ctrl+C to stop)[0m
[1m[96m============================================================[0m
[1mSYSTEM MONITOR V2[0m | Time: 2026-09-28 14:07:35
[96m------------------------------------------------------------[0m
[1m[ CPU ][0m Used: [92m6.3%[0m | Free: 93.7%
        [93mTop 5 (Logged 10):[0m chrome (4.39%)
[96m------------------------------------------------------------[0m
[1m[ RAM ][0m Used: [92m7.24 GB (48.8%)[0m | Available: 7.61 GB | Total: 14.84 GB
[1m[ SWAP ][0m Used: 0.0 GB (0.0%) | Free: 4.0 GB | Total: 4.0 GB
        [93mTop 5 RAM Processes (Logged 10):[0m
          1. chrome (PID 7552) - 960.2 MB (6.32%)
          2. chrome (PID 6787) - 544.73 MB (3.58%)
          3. code (PID 51580) - 455.07 MB (2.99%)
          4. code (PID 50476) - 454.68 MB (2.99%)
          5. code (PID 50824) - 451.95 MB (2.97%)
[96m------------------------------------------------------------[0m
[1m[ DISK ][0m Used: [92m20.92 GB (2.28%)[0m | Free: 894.91 GB | Total: 915.83 GB
         [93mI/O:[0m Read 0.0 MB/s | Write 0.01 MB/s | Activity: 0.8%
[96m------------------------------------------------------------[0m
[1m[ NET ][0m Upload: 0.0 MB/s | Download: 0.01 MB/s
[96m------------------------------------------------------------[0m
[1m[ BATTERY ][0m [92m98.22%[0m (Charging/Plugged in)
[1m[96m============================================================[0m
[1m[92mData logged to 2026_logs/2026-09-28.jsonl... (Press Ctrl+C to stop)[0m
[1m[96m============================================================[0m
[1mSYSTEM MONITOR V2[0m | Time: 2026-09-28 14:07:41
[96m------------------------------------------------------------[0m
[1m[ CPU ][0m Used: [92m10.8%[0m | Free: 89.2%
        [93mTop 5 (Logged 10):[0m chrome (5.92%)
[96m------------------------------------------------------------[0m
[1m[ RAM ][0m Used: [92m7.36 GB (49.6%)[0m | Available: 7.48 GB | Total: 14.84 GB
[1m[ SWAP ][0m Used: 0.0 GB (0.0%) | Free: 4.0 GB | Total: 4.0 GB
        [93mTop 5 RAM Processes (Logged 10):[0m
          1. chrome (PID 7552) - 962.67 MB (6.33%)
          2. chrome (PID 6787) - 546.25 MB (3.59%)
          3. code (PID 50476) - 464.8 MB (3.06%)
          4. code (PID 51580) - 455.08 MB (2.99%)
          5. code (PID 50824) - 451.61 MB (2.97%)
[96m------------------------------------------------------------[0m
[1m[ DISK ][0m Used: [92m20.92 GB (2.28%)[0m | Free: 894.91 GB | Total: 915.83 GB
         [93mI/O:[0m Read 0.0 MB/s | Write 0.02 MB/s | Activity: 0.96%
[96m------------------------------------------------------------[0m
[1m[ NET ][0m Upload: 0.01 MB/s | Download: 0.01 MB/s
[96m------------------------------------------------------------[0m
[1m[ BATTERY ][0m [92m98.22%[0m (Charging/Plugged in)
[1m[96m============================================================[0m
[1m[92mData logged to 2026_logs/2026-09-28.jsonl... (Press Ctrl+C to stop)[0m
[1m[96m============================================================[0m
[1mSYSTEM MONITOR V2[0m | Time: 2026-09-28 14:07:46
[96m------------------------------------------------------------[0m
[1m[ CPU ][0m Used: [92m7.3%[0m | Free: 92.7%
        [93mTop 5 (Logged 10):[0m code (2.69%), code (2.2%)
[96m------------------------------------------------------------[0m
[1m[ RAM ][0m Used: [92m7.29 GB (49.1%)[0m | Available: 7.56 GB | Total: 14.84 GB
[1m[ SWAP ][0m Used: 0.0 GB (0.0%) | Free: 4.0 GB | Total: 4.0 GB
        [93mTop 5 RAM Processes (Logged 10):[0m
          1. chrome (PID 7552) - 948.67 MB (6.24%)
          2. chrome (PID 6787) - 544.65 MB (3.58%)
          3. code (PID 50476) - 476.83 MB (3.14%)
          4. code (PID 51580) - 455.14 MB (2.99%)
          5. code (PID 50824) - 451.8 MB (2.97%)
[96m------------------------------------------------------------[0m
[1m[ DISK ][0m Used: [92m20.92 GB (2.28%)[0m | Free: 894.91 GB | Total: 915.83 GB
         [93mI/O:[0m Read 0.0 MB/s | Write 0.44 MB/s | Activity: 1.78%
[96m------------------------------------------------------------[0m
[1m[ NET ][0m Upload: 0.0 MB/s | Download: 0.0 MB/s
[96m------------------------------------------------------------[0m
[1m[ BATTERY ][0m [92m98.22%[0m (Charging/Plugged in)
[1m[96m============================================================[0m
[1m[92mData logged to 2026_logs/2026-09-28.jsonl... (Press Ctrl+C to stop)[0m
[1m[96m============================================================[0m
[1mSYSTEM MONITOR V2[0m | Time: 2026-09-28 14:07:51
[96m------------------------------------------------------------[0m
[1m[ CPU ][0m Used: [92m16.1%[0m | Free: 83.9%
        [93mTop 5 (Logged 10):[0m chrome (11.27%)
[96m------------------------------------------------------------[0m
[1m[ RAM ][0m Used: [92m7.37 GB (49.7%)[0m | Available: 7.47 GB | Total: 14.84 GB
[1m[ SWAP ][0m Used: 0.0 GB (0.0%) | Free: 4.0 GB | Total: 4.0 GB
        [93mTop 5 RAM Processes (Logged 10):[0m
          1. chrome (PID 7552) - 931.62 MB (6.13%)
          2. chrome (PID 6787) - 544.98 MB (3.59%)
          3. code (PID 50476) - 474.21 MB (3.12%)
          4. code (PID 51580) - 455.2 MB (2.99%)
          5. code (PID 50824) - 451.81 MB (2.97%)
[96m------------------------------------------------------------[0m
[1m[ DISK ][0m Used: [92m20.92 GB (2.28%)[0m | Free: 894.91 GB | Total: 915.83 GB
         [93mI/O:[0m Read 0.0 MB/s | Write 0.71 MB/s | Activity: 1.04%
[96m------------------------------------------------------------[0m
[1m[ NET ][0m Upload: 0.0 MB/s | Download: 0.0 MB/s
[96m------------------------------------------------------------[0m
[1m[ BATTERY ][0m [92m98.22%[0m (Charging/Plugged in)
[1m[96m============================================================[0m
[1m[92mData logged to 2026_logs/2026-09-28.jsonl... (Press Ctrl+C to stop)[0m
[1m[96m============================================================[0m
[1mSYSTEM MONITOR V2[0m | Time: 2026-09-28 14:07:56
[96m------------------------------------------------------------[0m
[1m[ CPU ][0m Used: [92m11.4%[0m | Free: 88.6%
        [93mTop 5 (Logged 10):[0m chrome (9.69%)
[96m------------------------------------------------------------[0m
[1m[ RAM ][0m Used: [92m7.28 GB (49.1%)[0m | Available: 7.56 GB | Total: 14.84 GB
[1m[ SWAP ][0m Used: 0.0 GB (0.0%) | Free: 4.0 GB | Total: 4.0 GB
        [93mTop 5 RAM Processes (Logged 10):[0m
          1. chrome (PID 7552) - 957.41 MB (6.3%)
          2. chrome (PID 6787) - 544.57 MB (3.58%)
          3. code (PID 50476) - 462.98 MB (3.05%)
          4. code (PID 51580) - 455.2 MB (2.99%)
          5. code (PID 50824) - 451.76 MB (2.97%)
[96m------------------------------------------------------------[0m
[1m[ DISK ][0m Used: [92m20.92 GB (2.28%)[0m | Free: 894.91 GB | Total: 915.83 GB
         [93mI/O:[0m Read 0.0 MB/s | Write 0.01 MB/s | Activity: 0.76%
[96m------------------------------------------------------------[0m
[1m[ NET ][0m Upload: 0.0 MB/s | Download: 0.0 MB/s
[96m------------------------------------------------------------[0m
[1m[ BATTERY ][0m [92m98.22%[0m (Charging/Plugged in)
[1m[96m============================================================[0m
[1m[92mData logged to 2026_logs/2026-09-28.jsonl... (Press Ctrl+C to stop)[0m
[1m[96m============================================================[0m
[1mSYSTEM MONITOR V2[0m | Time: 2026-09-28 14:08:01
[96m------------------------------------------------------------[0m
[1m[ CPU ][0m Used: [92m7.4%[0m | Free: 92.6%
        [93mTop 5 (Logged 10):[0m chrome (3.41%)
[96m------------------------------------------------------------[0m
[1m[ RAM ][0m Used: [92m7.27 GB (49.0%)[0m | Available: 7.58 GB | Total: 14.84 GB
[1m[ SWAP ][0m Used: 0.0 GB (0.0%) | Free: 4.0 GB | Total: 4.0 GB
        [93mTop 5 RAM Processes (Logged 10):[0m
          1. chrome (PID 7552) - 958.75 MB (6.31%)
          2. chrome (PID 6787) - 544.83 MB (3.58%)
          3. code (PID 50476) - 456.73 MB (3.0%)
          4. code (PID 50824) - 456.27 MB (3.0%)
          5. code (PID 51580) - 453.64 MB (2.98%)
[96m------------------------------------------------------------[0m
[1m[ DISK ][0m Used: [92m20.92 GB (2.28%)[0m | Free: 894.91 GB | Total: 915.83 GB
         [93mI/O:[0m Read 0.0 MB/s | Write 0.11 MB/s | Activity: 1.71%
[96m------------------------------------------------------------[0m
[1m[ NET ][0m Upload: 0.01 MB/s | Download: 0.02 MB/s
[96m------------------------------------------------------------[0m
[1m[ BATTERY ][0m [92m98.22%[0m (Charging/Plugged in)
[1m[96m============================================================[0m
[1m[92mData logged to 2026_logs/2026-09-28.jsonl... (Press Ctrl+C to stop)[0m
[1m[96m============================================================[0m
[1mSYSTEM MONITOR V2[0m | Time: 2026-09-28 14:08:06
[96m------------------------------------------------------------[0m
[1m[ CPU ][0m Used: [92m5.6%[0m | Free: 94.4%
        [93mTop 5 (Logged 10):[0m chrome (3.17%)
[96m------------------------------------------------------------[0m
[1m[ RAM ][0m Used: [92m7.27 GB (49.0%)[0m | Available: 7.57 GB | Total: 14.84 GB
[1m[ SWAP ][0m Used: 0.0 GB (0.0%) | Free: 4.0 GB | Total: 4.0 GB
        [93mTop 5 RAM Processes (Logged 10):[0m
          1. chrome (PID 7552) - 959.72 MB (6.31%)
          2. chrome (PID 6787) - 544.81 MB (3.58%)
          3. code (PID 50824) - 460.6 MB (3.03%)
          4. code (PID 50476) - 456.91 MB (3.01%)
          5. code (PID 51580) - 453.65 MB (2.98%)
[96m------------------------------------------------------------[0m
[1m[ DISK ][0m Used: [92m20.92 GB (2.28%)[0m | Free: 894.91 GB | Total: 915.83 GB
         [93mI/O:[0m Read 0.0 MB/s | Write 0.03 MB/s | Activity: 1.0%
[96m------------------------------------------------------------[0m
[1m[ NET ][0m Upload: 0.0 MB/s | Download: 0.0 MB/s
[96m------------------------------------------------------------[0m
[1m[ BATTERY ][0m [92m98.22%[0m (Charging/Plugged in)
[1m[96m============================================================[0m
[1m[92mData logged to 2026_logs/2026-09-28.jsonl... (Press Ctrl+C to stop)[0m
[1m[96m============================================================[0m
[1mSYSTEM MONITOR V2[0m | Time: 2026-09-28 14:08:11
[96m------------------------------------------------------------[0m
[1m[ CPU ][0m Used: [92m5.3%[0m | Free: 94.7%
        [93mTop 5 (Logged 10):[0m chrome (2.52%)
[96m------------------------------------------------------------[0m
[1m[ RAM ][0m Used: [92m7.29 GB (49.1%)[0m | Available: 7.55 GB | Total: 14.84 GB
[1m[ SWAP ][0m Used: 0.0 GB (0.0%) | Free: 4.0 GB | Total: 4.0 GB
        [93mTop 5 RAM Processes (Logged 10):[0m
          1. chrome (PID 7552) - 962.73 MB (6.33%)
          2. chrome (PID 6787) - 544.64 MB (3.58%)
          3. code (PID 50824) - 460.64 MB (3.03%)
          4. code (PID 50476) - 457.34 MB (3.01%)
          5. code (PID 51580) - 453.66 MB (2.98%)
[96m------------------------------------------------------------[0m
[1m[ DISK ][0m Used: [92m20.92 GB (2.28%)[0m | Free: 894.91 GB | Total: 915.83 GB
         [93mI/O:[0m Read 0.0 MB/s | Write 0.02 MB/s | Activity: 0.94%
[96m------------------------------------------------------------[0m
[1m[ NET ][0m Upload: 0.0 MB/s | Download: 0.0 MB/s
[96m------------------------------------------------------------[0m
[1m[ BATTERY ][0m [92m98.22%[0m (Charging/Plugged in)
[1m[96m============================================================[0m
[1m[92mData logged to 2026_logs/2026-09-28.jsonl... (Press Ctrl+C to stop)[0m
[1m[96m============================================================[0m
[1mSYSTEM MONITOR V2[0m | Time: 2026-09-28 14:08:16
[96m------------------------------------------------------------[0m
[1m[ CPU ][0m Used: [92m8.9%[0m | Free: 91.1%
        [93mTop 5 (Logged 10):[0m chrome (5.78%)
[96m------------------------------------------------------------[0m
[1m[ RAM ][0m Used: [92m7.32 GB (49.3%)[0m | Available: 7.52 GB | Total: 14.84 GB
[1m[ SWAP ][0m Used: 0.0 GB (0.0%) | Free: 4.0 GB | Total: 4.0 GB
        [93mTop 5 RAM Processes (Logged 10):[0m
          1. chrome (PID 7552) - 993.89 MB (6.54%)
          2. chrome (PID 6787) - 547.73 MB (3.6%)
          3. code (PID 50824) - 460.65 MB (3.03%)
          4. code (PID 50476) - 455.4 MB (3.0%)
          5. code (PID 51580) - 453.67 MB (2.98%)
[96m------------------------------------------------------------[0m
[1m[ DISK ][0m Used: [92m20.92 GB (2.28%)[0m | Free: 894.91 GB | Total: 915.83 GB
         [93mI/O:[0m Read 0.0 MB/s | Write 0.38 MB/s | Activity: 0.9%
[96m------------------------------------------------------------[0m
[1m[ NET ][0m Upload: 0.01 MB/s | Download: 0.01 MB/s
[96m------------------------------------------------------------[0m
[1m[ BATTERY ][0m [92m98.22%[0m (Charging/Plugged in)
[1m[96m============================================================[0m
[1m[92mData logged to 2026_logs/2026-09-28.jsonl... (Press Ctrl+C to stop)[0m
[1m[96m============================================================[0m
[1mSYSTEM MONITOR V2[0m | Time: 2026-09-28 14:08:21
[96m------------------------------------------------------------[0m
[1m[ CPU ][0m Used: [92m4.0%[0m | Free: 96.0%
        [93mTop 5 (Logged 10):[0m chrome (2.06%)
[96m------------------------------------------------------------[0m
[1m[ RAM ][0m Used: [92m7.32 GB (49.3%)[0m | Available: 7.52 GB | Total: 14.84 GB
[1m[ SWAP ][0m Used: 0.0 GB (0.0%) | Free: 4.0 GB | Total: 4.0 GB
        [93mTop 5 RAM Processes (Logged 10):[0m
          1. chrome (PID 7552) - 995.03 MB (6.55%)
          2. chrome (PID 6787) - 545.05 MB (3.59%)
          3. code (PID 50824) - 460.63 MB (3.03%)
          4. code (PID 50476) - 455.84 MB (3.0%)
          5. code (PID 51580) - 453.68 MB (2.98%)
[96m------------------------------------------------------------[0m
[1m[ DISK ][0m Used: [92m20.92 GB (2.28%)[0m | Free: 894.91 GB | Total: 915.83 GB
         [93mI/O:[0m Read 0.0 MB/s | Write 0.07 MB/s | Activity: 0.18%
[96m------------------------------------------------------------[0m
[1m[ NET ][0m Upload: 0.0 MB/s | Download: 0.0 MB/s
[96m------------------------------------------------------------[0m
[1m[ BATTERY ][0m [92m98.22%[0m (Charging/Plugged in)
[1m[96m============================================================[0m
[1m[92mData logged to 2026_logs/2026-09-28.jsonl... (Press Ctrl+C to stop)[0m
[1m[96m============================================================[0m
[1mSYSTEM MONITOR V2[0m | Time: 2026-09-28 14:08:27
[96m------------------------------------------------------------[0m
[1m[ CPU ][0m Used: [92m3.2%[0m | Free: 96.8%
[96m------------------------------------------------------------[0m
[1m[ RAM ][0m Used: [92m7.32 GB (49.3%)[0m | Available: 7.52 GB | Total: 14.84 GB
[1m[ SWAP ][0m Used: 0.0 GB (0.0%) | Free: 4.0 GB | Total: 4.0 GB
        [93mTop 5 RAM Processes (Logged 10):[0m
          1. chrome (PID 7552) - 998.69 MB (6.57%)
          2. chrome (PID 6787) - 544.98 MB (3.59%)
          3. code (PID 50824) - 460.63 MB (3.03%)
          4. code (PID 50476) - 456.35 MB (3.0%)
          5. code (PID 51580) - 453.72 MB (2.99%)
[96m------------------------------------------------------------[0m
[1m[ DISK ][0m Used: [92m20.92 GB (2.28%)[0m | Free: 894.91 GB | Total: 915.83 GB
         [93mI/O:[0m Read 0.0 MB/s | Write 0.69 MB/s | Activity: 0.92%
[96m------------------------------------------------------------[0m
[1m[ NET ][0m Upload: 0.0 MB/s | Download: 0.0 MB/s
[96m------------------------------------------------------------[0m
[1m[ BATTERY ][0m [92m98.22%[0m (Charging/Plugged in)
[1m[96m============================================================[0m
[1m[92mData logged to 2026_logs/2026-09-28.jsonl... (Press Ctrl+C to stop)[0m
[1m[96m============================================================[0m
[1mSYSTEM MONITOR V2[0m | Time: 2026-09-28 14:08:32[H[2J[3J[H[2J[3J[H[2J[3J[H[2J[3J[H[2J[3J[H[2J[3J[H[2J[3J[H[2J[3J[H[2J[3J[H[2J[3J[H[2J[3J[H[2J[3J[H[2J[3J[H[2J[3J[H[2J[3J[H[2J[3J[H[2J[3J[H[2J[3J[H[2J[3J[H[2J[3J[H[2J[3J[H[2J[3J[H[2J[3J[H[2J[3J[H[2J[3J[H[2J[3J[H[2J[3J[H[2J[3J[H[2J[3J[H[2J[3J[H[2J[3J[H[2J[3J[H[2J[3J[H[2J[3J[H[2J[3J[H[2J[3J[H[2J[3J[H[2J[3J[H[2J[3J[H[2J[3J[H[2J[3J[H[2J[3J[H[2J[3J[H[2J[3J[H[2J[3J[H[2J[3J[H[2J[3J[H[2J[3J[H[2J[3J[H[2J[3J[H[2J[3J[H[2J[3J[H[2J[3J[H[2J[3J[H[2J[3J[H[2J[3J[H[2J[3J[H[2J[3J[H[2J[3J[H[2J[3J[H[2J[3J[H[2J[3J[H[2J[3J[H[2J[3J[H[2J[3J[H[2J[3J[H[2J[3J[H[2J[3J[H[2J[3J[H[2J[3J[H[2J[3J[H[2J[3J[H[2J[3J[H[2J[3J[H[2J[3J[H[2J[3J[H[2J[3J[H[2J[3J[H[2J[3J[H[2J[3J[H[2J[3J[H[2J[3J[H[2J[3J[H[2J[3J[H[2J[3J[H[2J[3J
[96m------------------------------------------------------------[0m
[1m[ CPU ][0m Used: [92m4.8%[0m | Free: 95.2%
        [93mTop 5 (Logged 10):[0m chrome (2.24%)
[96m------------------------------------------------------------[0m
[1m[ RAM ][0m Used: [92m7.33 GB (49.4%)[0m | Available: 7.51 GB | Total: 14.84 GB
[1m[ SWAP ][0m Used: 0.0 GB (0.0%) | Free: 4.0 GB | Total: 4.0 GB
        [93mTop 5 RAM Processes (Logged 10):[0m
          1. chrome (PID 7552) - 1003.79 MB (6.6%)
          2. chrome (PID 6787) - 544.7 MB (3.58%)
          3. code (PID 50824) - 460.66 MB (3.03%)
          4. code (PID 50476) - 456.65 MB (3.0%)
          5. code (PID 51580) - 453.73 MB (2.99%)
[96m------------------------------------------------------------[0m
[1m[ DISK ][0m Used: [92m20.92 GB (2.28%)[0m | Free: 894.91 GB | Total: 915.83 GB
         [93mI/O:[0m Read 0.0 MB/s | Write 0.05 MB/s | Activity: 0.8%
[96m------------------------------------------------------------[0m
[1m[ NET ][0m Upload: 0.0 MB/s | Download: 0.0 MB/s
[96m------------------------------------------------------------[0m
[1m[ BATTERY ][0m [92m98.22%[0m (Charging/Plugged in)
[1m[96m============================================================[0m
[1m[92mData logged to 2026_logs/2026-09-28.jsonl... (Press Ctrl+C to stop)[0m
[1m[96m============================================================[0m
[1mSYSTEM MONITOR V2[0m | Time: 2026-09-28 14:08:37
[96m------------------------------------------------------------[0m
[1m[ CPU ][0m Used: [92m8.3%[0m | Free: 91.7%
        [93mTop 5 (Logged 10):[0m chrome (5.73%)
[96m------------------------------------------------------------[0m
[1m[ RAM ][0m Used: [92m7.3 GB (49.2%)[0m | Available: 7.54 GB | Total: 14.84 GB
[1m[ SWAP ][0m Used: 0.0 GB (0.0%) | Free: 4.0 GB | Total: 4.0 GB
        [93mTop 5 RAM Processes (Logged 10):[0m
          1. chrome (PID 7552) - 1005.54 MB (6.62%)
          2. chrome (PID 6787) - 544.8 MB (3.58%)
          3. code (PID 50824) - 460.64 MB (3.03%)
          4. code (PID 50476) - 457.04 MB (3.01%)
          5. code (PID 51580) - 453.74 MB (2.99%)
[96m------------------------------------------------------------[0m
[1m[ DISK ][0m Used: [92m20.92 GB (2.28%)[0m | Free: 894.91 GB | Total: 915.83 GB
         [93mI/O:[0m Read 0.0 MB/s | Write 0.04 MB/s | Activity: 1.73%
[96m------------------------------------------------------------[0m
[1m[ NET ][0m Upload: 0.0 MB/s | Download: 0.0 MB/s
[96m------------------------------------------------------------[0m
[1m[ BATTERY ][0m [92m98.22%[0m (Charging/Plugged in)
[1m[96m============================================================[0m
[1m[92mData logged to 2026_logs/2026-09-28.jsonl... (Press Ctrl+C to stop)[0m
[1m[96m============================================================[0m
[1mSYSTEM MONITOR V2[0m | Time: 2026-09-28 14:08:42
[96m------------------------------------------------------------[0m
[1m[ CPU ][0m Used: [92m10.8%[0m | Free: 89.2%
        [93mTop 5 (Logged 10):[0m code (3.52%), chrome (2.35%)
[96m------------------------------------------------------------[0m
[1m[ RAM ][0m Used: [92m7.4 GB (49.9%)[0m | Available: 7.44 GB | Total: 14.84 GB
[1m[ SWAP ][0m Used: 0.0 GB (0.0%) | Free: 4.0 GB | Total: 4.0 GB
        [93mTop 5 RAM Processes (Logged 10):[0m
          1. chrome (PID 7552) - 1004.89 MB (6.61%)
          2. chrome (PID 6787) - 544.87 MB (3.58%)
          3. code (PID 50476) - 493.53 MB (3.25%)
          4. code (PID 50824) - 474.52 MB (3.12%)
          5. code (PID 51580) - 454.89 MB (2.99%)
[96m------------------------------------------------------------[0m
[1m[ DISK ][0m Used: [92m20.92 GB (2.28%)[0m | Free: 894.91 GB | Total: 915.83 GB
         [93mI/O:[0m Read 0.0 MB/s | Write 0.05 MB/s | Activity: 1.14%
[96m------------------------------------------------------------[0m
[1m[ NET ][0m Upload: 0.0 MB/s | Download: 0.0 MB/s
[96m------------------------------------------------------------[0m
[1m[ BATTERY ][0m [92m98.22%[0m (Charging/Plugged in)
[1m[96m============================================================[0m
[1m[92mData logged to 2026_logs/2026-09-28.jsonl... (Press Ctrl+C to stop)[0m
[1m[96m============================================================[0m
[1mSYSTEM MONITOR V2[0m | Time: 2026-09-28 14:08:47
[96m------------------------------------------------------------[0m
[1m[ CPU ][0m Used: [92m4.8%[0m | Free: 95.2%
        [93mTop 5 (Logged 10):[0m chrome (2.53%)
[96m------------------------------------------------------------[0m
[1m[ RAM ][0m Used: [92m7.37 GB (49.7%)[0m | Available: 7.47 GB | Total: 14.84 GB
[1m[ SWAP ][0m Used: 0.0 GB (0.0%) | Free: 4.0 GB | Total: 4.0 GB
        [93mTop 5 RAM Processes (Logged 10):[0m
          1. chrome (PID 7552) - 987.22 MB (6.5%)
          2. chrome (PID 6787) - 545.14 MB (3.59%)
          3. code (PID 50824) - 493.97 MB (3.25%)
          4. code (PID 50476) - 479.67 MB (3.16%)
          5. code (PID 51580) - 454.89 MB (2.99%)
[96m------------------------------------------------------------[0m
[1m[ DISK ][0m Used: [92m20.92 GB (2.28%)[0m | Free: 894.91 GB | Total: 915.83 GB
         [93mI/O:[0m Read 0.0 MB/s | Write 0.36 MB/s | Activity: 0.98%
[96m------------------------------------------------------------[0m
[1m[ NET ][0m Upload: 0.01 MB/s | Download: 0.02 MB/s
[96m------------------------------------------------------------[0m
[1m[ BATTERY ][0m [92m98.22%[0m (Charging/Plugged in)
[1m[96m============================================================[0m
[1m[92mData logged to 2026_logs/2026-09-28.jsonl... (Press Ctrl+C to stop)[0m
[1m[96m============================================================[0m
[1mSYSTEM MONITOR V2[0m | Time: 2026-09-28 14:08:52
[96m------------------------------------------------------------[0m
[1m[ CPU ][0m Used: [92m10.0%[0m | Free: 90.0%
        [93mTop 5 (Logged 10):[0m chrome (4.77%), code (2.76%)
[96m------------------------------------------------------------[0m
[1m[ RAM ][0m Used: [92m7.32 GB (49.3%)[0m | Available: 7.53 GB | Total: 14.84 GB
[1m[ SWAP ][0m Used: 0.0 GB (0.0%) | Free: 4.0 GB | Total: 4.0 GB
        [93mTop 5 RAM Processes (Logged 10):[0m
          1. chrome (PID 7552) - 985.8 MB (6.49%)
          2. chrome (PID 6787) - 545.12 MB (3.59%)
          3. code (PID 50824) - 494.18 MB (3.25%)
          4. code (PID 51580) - 454.9 MB (2.99%)
          5. code (PID 50476) - 431.65 MB (2.84%)
[96m------------------------------------------------------------[0m
[1m[ DISK ][0m Used: [92m20.92 GB (2.28%)[0m | Free: 894.91 GB | Total: 915.83 GB
         [93mI/O:[0m Read 0.0 MB/s | Write 0.12 MB/s | Activity: 1.12%
[96m------------------------------------------------------------[0m
[1m[ NET ][0m Upload: 0.0 MB/s | Download: 0.0 MB/s
[96m------------------------------------------------------------[0m
[1m[ BATTERY ][0m [92m98.22%[0m (Charging/Plugged in)
[1m[96m============================================================[0m
[1m[92mData logged to 2026_logs/2026-09-28.jsonl... (Press Ctrl+C to stop)[0m
[1m[96m============================================================[0m
[1mSYSTEM MONITOR V2[0m | Time: 2026-09-28 14:08:57
[96m------------------------------------------------------------[0m
[1m[ CPU ][0m Used: [92m8.4%[0m | Free: 91.6%
        [93mTop 5 (Logged 10):[0m chrome (6.2%)
[96m------------------------------------------------------------[0m
[1m[ RAM ][0m Used: [92m7.31 GB (49.2%)[0m | Available: 7.54 GB | Total: 14.84 GB
[1m[ SWAP ][0m Used: 0.0 GB (0.0%) | Free: 4.0 GB | Total: 4.0 GB
        [93mTop 5 RAM Processes (Logged 10):[0m
          1. chrome (PID 7552) - 989.96 MB (6.51%)
          2. chrome (PID 6787) - 544.79 MB (3.58%)
          3. code (PID 50824) - 493.17 MB (3.24%)
          4. code (PID 51580) - 454.91 MB (2.99%)
          5. gnome-shell (PID 4411) - 428.31 MB (2.82%)
[96m------------------------------------------------------------[0m
[1m[ DISK ][0m Used: [92m20.92 GB (2.28%)[0m | Free: 894.91 GB | Total: 915.83 GB
         [93mI/O:[0m Read 0.0 MB/s | Write 0.71 MB/s | Activity: 0.2%
[96m------------------------------------------------------------[0m
[1m[ NET ][0m Upload: 0.0 MB/s | Download: 0.0 MB/s
[96m------------------------------------------------------------[0m
[1m[ BATTERY ][0m [92m98.22%[0m (Charging/Plugged in)
[1m[96m============================================================[0m
[1m[92mData logged to 2026_logs/2026-09-28.jsonl... (Press Ctrl+C to stop)[0m
[1m[96m============================================================[0m
[1mSYSTEM MONITOR V2[0m | Time: 2026-09-28 14:09:02
[96m------------------------------------------------------------[0m
[1m[ CPU ][0m Used: [92m6.5%[0m | Free: 93.5%
[96m------------------------------------------------------------[0m
[1m[ RAM ][0m Used: [92m7.36 GB (49.6%)[0m | Available: 7.48 GB | Total: 14.84 GB
[1m[ SWAP ][0m Used: 0.0 GB (0.0%) | Free: 4.0 GB | Total: 4.0 GB
        [93mTop 5 RAM Processes (Logged 10):[0m
          1. chrome (PID 7552) - 952.54 MB (6.27%)
          2. chrome (PID 6787) - 544.8 MB (3.58%)
          3. code (PID 50824) - 505.04 MB (3.32%)
          4. code (PID 50476) - 463.18 MB (3.05%)
          5. code (PID 51580) - 455.3 MB (3.0%)
[96m------------------------------------------------------------[0m
[1m[ DISK ][0m Used: [92m20.92 GB (2.28%)[0m | Free: 894.91 GB | Total: 915.83 GB
         [93mI/O:[0m Read 0.0 MB/s | Write 0.02 MB/s | Activity: 1.57%
[96m------------------------------------------------------------[0m
[1m[ NET ][0m Upload: 0.01 MB/s | Download: 0.0 MB/s
[96m------------------------------------------------------------[0m
[1m[ BATTERY ][0m [92m98.22%[0m (Charging/Plugged in)
[1m[96m============================================================[0m
[1m[92mData logged to 2026_logs/2026-09-28.jsonl... (Press Ctrl+C to stop)[0m
[1m[96m============================================================[0m
[1mSYSTEM MONITOR V2[0m | Time: 2026-09-28 14:09:07
[96m------------------------------------------------------------[0m
[1m[ CPU ][0m Used: [92m2.2%[0m | Free: 97.8%
[96m------------------------------------------------------------[0m
[1m[ RAM ][0m Used: [92m7.32 GB (49.3%)[0m | Available: 7.52 GB | Total: 14.84 GB
[1m[ SWAP ][0m Used: 0.0 GB (0.0%) | Free: 4.0 GB | Total: 4.0 GB
        [93mTop 5 RAM Processes (Logged 10):[0m
          1. chrome (PID 7552) - 947.54 MB (6.23%)
          2. chrome (PID 6787) - 544.78 MB (3.58%)
          3. code (PID 50824) - 519.52 MB (3.42%)
          4. code (PID 51580) - 455.28 MB (3.0%)
          5. code (PID 50476) - 449.5 MB (2.96%)
[96m------------------------------------------------------------[0m
[1m[ DISK ][0m Used: [92m20.92 GB (2.28%)[0m | Free: 894.91 GB | Total: 915.83 GB
         [93mI/O:[0m Read 0.0 MB/s | Write 0.48 MB/s | Activity: 1.16%
[96m------------------------------------------------------------[0m
[1m[ NET ][0m Upload: 0.01 MB/s | Download: 0.02 MB/s
[96m------------------------------------------------------------[0m
[1m[ BATTERY ][0m [92m98.22%[0m (Charging/Plugged in)
[1m[96m============================================================[0m
[1m[92mData logged to 2026_logs/2026-09-28.jsonl... (Press Ctrl+C to stop)[0m
[1m[96m============================================================[0m
[1mSYSTEM MONITOR V2[0m | Time: 2026-09-28 14:09:12
[96m------------------------------------------------------------[0m
[1m[ CPU ][0m Used: [92m3.3%[0m | Free: 96.7%
[96m------------------------------------------------------------[0m
[1m[ RAM ][0m Used: [92m7.33 GB (49.4%)[0m | Available: 7.52 GB | Total: 14.84 GB
[1m[ SWAP ][0m Used: 0.0 GB (0.0%) | Free: 4.0 GB | Total: 4.0 GB
        [93mTop 5 RAM Processes (Logged 10):[0m
          1. chrome (PID 7552) - 947.55 MB (6.23%)
          2. chrome (PID 6787) - 544.79 MB (3.58%)
          3. code (PID 50824) - 519.55 MB (3.42%)
          4. code (PID 51580) - 455.29 MB (3.0%)
          5. code (PID 50476) - 445.01 MB (2.93%)
[96m------------------------------------------------------------[0m
[1m[ DISK ][0m Used: [92m20.92 GB (2.28%)[0m | Free: 894.91 GB | Total: 915.83 GB
         [93mI/O:[0m Read 0.0 MB/s | Write 0.05 MB/s | Activity: 0.86%
[96m------------------------------------------------------------[0m
[1m[ NET ][0m Upload: 0.0 MB/s | Download: 0.0 MB/s
[96m------------------------------------------------------------[0m
[1m[ BATTERY ][0m [92m98.22%[0m (Charging/Plugged in)
[1m[96m============================================================[0m
[1m[92mData logged to 2026_logs/2026-09-28.jsonl... (Press Ctrl+C to stop)[0m
[1m[96m============================================================[0m
[1mSYSTEM MONITOR V2[0m | Time: 2026-09-28 14:09:18
[96m------------------------------------------------------------[0m
[1m[ CPU ][0m Used: [92m6.1%[0m | Free: 93.9%
        [93mTop 5 (Logged 10):[0m code (2.09%)
[96m------------------------------------------------------------[0m
[1m[ RAM ][0m Used: [92m7.44 GB (50.1%)[0m | Available: 7.4 GB | Total: 14.84 GB
[1m[ SWAP ][0m Used: 0.0 GB (0.0%) | Free: 4.0 GB | Total: 4.0 GB
        [93mTop 5 RAM Processes (Logged 10):[0m
          1. chrome (PID 7552) - 973.03 MB (6.4%)
          2. chrome (PID 6787) - 547.52 MB (3.6%)
          3. code (PID 50824) - 520.85 MB (3.43%)
          4. code (PID 50476) - 465.05 MB (3.06%)
          5. code (PID 51580) - 456.37 MB (3.0%)
[96m------------------------------------------------------------[0m
[1m[ DISK ][0m Used: [92m20.92 GB (2.28%)[0m | Free: 894.91 GB | Total: 915.83 GB
         [93mI/O:[0m Read 0.0 MB/s | Write 0.43 MB/s | Activity: 1.04%
[96m------------------------------------------------------------[0m
[1m[ NET ][0m Upload: 0.0 MB/s | Download: 0.0 MB/s
[96m------------------------------------------------------------[0m
[1m[ BATTERY ][0m [92m98.22%[0m (Charging/Plugged in)
[1m[96m============================================================[0m
[1m[92mData logged to 2026_logs/2026-09-28.jsonl... (Press Ctrl+C to stop)[0m
[1m[96m============================================================[0m
[1mSYSTEM MONITOR V2[0m | Time: 2026-09-28 14:09:23
[96m------------------------------------------------------------[0m
[1m[ CPU ][0m Used: [92m4.9%[0m | Free: 95.1%
[96m------------------------------------------------------------[0m
[1m[ RAM ][0m Used: [92m7.4 GB (49.8%)[0m | Available: 7.45 GB | Total: 14.84 GB
[1m[ SWAP ][0m Used: 0.0 GB (0.0%) | Free: 4.0 GB | Total: 4.0 GB
        [93mTop 5 RAM Processes (Logged 10):[0m
          1. chrome (PID 7552) - 973.03 MB (6.4%)
          2. chrome (PID 6787) - 544.95 MB (3.59%)
          3. code (PID 50824) - 531.17 MB (3.49%)
          4. code (PID 51580) - 456.52 MB (3.0%)
          5. code (PID 50476) - 450.12 MB (2.96%)
[96m------------------------------------------------------------[0m
[1m[ DISK ][0m Used: [92m20.92 GB (2.28%)[0m | Free: 894.91 GB | Total: 915.83 GB
         [93mI/O:[0m Read 0.0 MB/s | Write 0.04 MB/s | Activity: 0.98%
[96m------------------------------------------------------------[0m
[1m[ NET ][0m Upload: 0.02 MB/s | Download: 0.02 MB/s
[96m------------------------------------------------------------[0m
[1m[ BATTERY ][0m [92m98.22%[0m (Charging/Plugged in)
[1m[96m============================================================[0m
[1m[92mData logged to 2026_logs/2026-09-28.jsonl... (Press Ctrl+C to stop)[0m
[1m[96m============================================================[0m
[1mSYSTEM MONITOR V2[0m | Time: 2026-09-28 14:09:28
[96m------------------------------------------------------------[0m
[1m[ CPU ][0m Used: [92m8.5%[0m | Free: 91.5%
        [93mTop 5 (Logged 10):[0m code (3.0%), code (2.61%)
[96m------------------------------------------------------------[0m
[1m[ RAM ][0m Used: [92m7.42 GB (50.0%)[0m | Available: 7.42 GB | Total: 14.84 GB
[1m[ SWAP ][0m Used: 0.0 GB (0.0%) | Free: 4.0 GB | Total: 4.0 GB
        [93mTop 5 RAM Processes (Logged 10):[0m
          1. chrome (PID 7552) - 972.3 MB (6.4%)
          2. chrome (PID 6787) - 544.68 MB (3.58%)
          3. code (PID 50824) - 535.48 MB (3.52%)
          4. code (PID 51580) - 456.73 MB (3.0%)
          5. code (PID 50476) - 453.89 MB (2.99%)
[96m------------------------------------------------------------[0m
[1m[ DISK ][0m Used: [92m20.92 GB (2.28%)[0m | Free: 894.91 GB | Total: 915.83 GB
         [93mI/O:[0m Read 0.0 MB/s | Write 0.86 MB/s | Activity: 1.23%
[96m------------------------------------------------------------[0m
[1m[ NET ][0m Upload: 0.0 MB/s | Download: 0.0 MB/s
[96m------------------------------------------------------------[0m
[1m[ BATTERY ][0m [92m98.22%[0m (Charging/Plugged in)
[1m[96m============================================================[0m
[1m[92mData logged to 2026_logs/2026-09-28.jsonl... (Press Ctrl+C to stop)[0m
[1m[96m============================================================[0m
[1mSYSTEM MONITOR V2[0m | Time: 2026-09-28 14:09:33
[96m------------------------------------------------------------[0m
[1m[ CPU ][0m Used: [92m7.1%[0m | Free: 92.9%
        [93mTop 5 (Logged 10):[0m code (2.18%)
[96m------------------------------------------------------------[0m
[1m[ RAM ][0m Used: [92m7.35 GB (49.5%)[0m | Available: 7.5 GB | Total: 14.84 GB
[1m[ SWAP ][0m Used: 0.0 GB (0.0%) | Free: 4.0 GB | Total: 4.0 GB
        [93mTop 5 RAM Processes (Logged 10):[0m
          1. chrome (PID 7552) - 972.3 MB (6.4%)
          2. chrome (PID 6787) - 544.75 MB (3.58%)
          3. code (PID 50476) - 460.82 MB (3.03%)
          4. code (PID 50824) - 458.76 MB (3.02%)
          5. code (PID 51580) - 456.72 MB (3.0%)
[96m------------------------------------------------------------[0m
[1m[ DISK ][0m Used: [92m20.92 GB (2.28%)[0m | Free: 894.91 GB | Total: 915.83 GB
         [93mI/O:[0m Read 0.0 MB/s | Write 0.35 MB/s | Activity: 1.01%
[96m------------------------------------------------------------[0m
[1m[ NET ][0m Upload: 0.0 MB/s | Download: 0.0 MB/s
[96m------------------------------------------------------------[0m
[1m[ BATTERY ][0m [92m98.22%[0m (Charging/Plugged in)
[1m[96m============================================================[0m
[1m[92mData logged to 2026_logs/2026-09-28.jsonl... (Press Ctrl+C to stop)[0m
[1m[96m============================================================[0m
[1mSYSTEM MONITOR V2[0m | Time: 2026-09-28 14:09:38
[96m------------------------------------------------------------[0m
[1m[ CPU ][0m Used: [92m6.7%[0m | Free: 93.3%
        [93mTop 5 (Logged 10):[0m code (2.64%)
[96m------------------------------------------------------------[0m
[1m[ RAM ][0m Used: [92m7.34 GB (49.5%)[0m | Available: 7.5 GB | Total: 14.84 GB
[1m[ SWAP ][0m Used: 0.0 GB (0.0%) | Free: 4.0 GB | Total: 4.0 GB
        [93mTop 5 RAM Processes (Logged 10):[0m
          1. chrome (PID 7552) - 972.3 MB (6.4%)
          2. chrome (PID 6787) - 544.74 MB (3.58%)
          3. code (PID 50476) - 465.77 MB (3.06%)
          4. code (PID 50824) - 458.66 MB (3.02%)
          5. code (PID 51580) - 456.73 MB (3.0%)
[96m------------------------------------------------------------[0m
[1m[ DISK ][0m Used: [92m20.92 GB (2.28%)[0m | Free: 894.91 GB | Total: 915.83 GB
         [93mI/O:[0m Read 0.0 MB/s | Write 0.01 MB/s | Activity: 0.8%
[96m------------------------------------------------------------[0m
[1m[ NET ][0m Upload: 0.0 MB/s | Download: 0.0 MB/s
[96m------------------------------------------------------------[0m
[1m[ BATTERY ][0m [92m98.22%[0m (Charging/Plugged in)
[1m[96m============================================================[0m
[1m[92mData logged to 2026_logs/2026-09-28.jsonl... (Press Ctrl+C to stop)[0m
[1m[96m============================================================[0m
[1mSYSTEM MONITOR V2[0m | Time: 2026-09-28 14:09:43
[96m------------------------------------------------------------[0m
[1m[ CPU ][0m Used: [92m7.6%[0m | Free: 92.4%
        [93mTop 5 (Logged 10):[0m code (3.18%)
[96m------------------------------------------------------------[0m
[1m[ RAM ][0m Used: [92m7.37 GB (49.7%)[0m | Available: 7.47 GB | Total: 14.84 GB
[1m[ SWAP ][0m Used: 0.0 GB (0.0%) | Free: 4.0 GB | Total: 4.0 GB
        [93mTop 5 RAM Processes (Logged 10):[0m
          1. chrome (PID 7552) - 972.3 MB (6.4%)
          2. chrome (PID 6787) - 544.68 MB (3.58%)
          3. code (PID 50476) - 493.58 MB (3.25%)
          4. code (PID 50824) - 458.35 MB (3.02%)
          5. code (PID 51580) - 456.18 MB (3.0%)
[96m------------------------------------------------------------[0m
[1m[ DISK ][0m Used: [92m20.92 GB (2.28%)[0m | Free: 894.91 GB | Total: 915.83 GB
         [93mI/O:[0m Read 0.0 MB/s | Write 0.07 MB/s | Activity: 1.0%
[96m------------------------------------------------------------[0m
[1m[ NET ][0m Upload: 0.0 MB/s | Download: 0.0 MB/s
[96m------------------------------------------------------------[0m
[1m[ BATTERY ][0m [92m98.22%[0m (Charging/Plugged in)
[1m[96m============================================================[0m
[1m[92mData logged to 2026_logs/2026-09-28.jsonl... (Press Ctrl+C to stop)[0m
[1m[96m============================================================[0m
[1mSYSTEM MONITOR V2[0m | Time: 2026-09-28 14:09:48
[96m------------------------------------------------------------[0m
[1m[ CPU ][0m Used: [92m5.4%[0m | Free: 94.6%
[96m------------------------------------------------------------[0m
[1m[ RAM ][0m Used: [92m7.42 GB (50.0%)[0m | Available: 7.42 GB | Total: 14.84 GB
[1m[ SWAP ][0m Used: 0.0 GB (0.0%) | Free: 4.0 GB | Total: 4.0 GB
        [93mTop 5 RAM Processes (Logged 10):[0m
          1. chrome (PID 7552) - 962.77 MB (6.33%)
          2. chrome (PID 6787) - 545.08 MB (3.59%)
          3. code (PID 50476) - 477.54 MB (3.14%)
          4. code (PID 50824) - 458.36 MB (3.02%)
          5. code (PID 51580) - 456.18 MB (3.0%)
[96m------------------------------------------------------------[0m
[1m[ DISK ][0m Used: [92m20.92 GB (2.28%)[0m | Free: 894.91 GB | Total: 915.83 GB
         [93mI/O:[0m Read 0.0 MB/s | Write 0.26 MB/s | Activity: 1.64%
[96m------------------------------------------------------------[0m
[1m[ NET ][0m Upload: 0.0 MB/s | Download: 0.0 MB/s
[96m------------------------------------------------------------[0m
[1m[ BATTERY ][0m [92m98.22%[0m (Charging/Plugged in)
[1m[96m============================================================[0m
[1m[92mData logged to 2026_logs/2026-09-28.jsonl... (Press Ctrl+C to stop)[0m
[1m[96m============================================================[0m
[1mSYSTEM MONITOR V2[0m | Time: 2026-09-28 14:09:53
[96m------------------------------------------------------------[0m
[1m[ CPU ][0m Used: [92m8.6%[0m | Free: 91.4%
        [93mTop 5 (Logged 10):[0m code (2.76%), gnome-shell (2.02%)
[96m------------------------------------------------------------[0m
[1m[ RAM ][0m Used: [92m7.62 GB (51.3%)[0m | Available: 7.22 GB | Total: 14.84 GB
[1m[ SWAP ][0m Used: 0.0 GB (0.0%) | Free: 4.0 GB | Total: 4.0 GB
        [93mTop 5 RAM Processes (Logged 10):[0m
          1. chrome (PID 7552) - 962.77 MB (6.33%)
          2. chrome (PID 6787) - 544.61 MB (3.58%)
          3. code (PID 50476) - 486.87 MB (3.2%)
          4. code (PID 50824) - 456.52 MB (3.0%)
          5. code (PID 51580) - 455.42 MB (3.0%)
[96m------------------------------------------------------------[0m
[1m[ DISK ][0m Used: [92m20.92 GB (2.28%)[0m | Free: 894.91 GB | Total: 915.83 GB
         [93mI/O:[0m Read 0.0 MB/s | Write 0.24 MB/s | Activity: 1.22%
[96m------------------------------------------------------------[0m
[1m[ NET ][0m Upload: 0.0 MB/s | Download: 0.0 MB/s
[96m------------------------------------------------------------[0m
[1m[ BATTERY ][0m [92m98.22%[0m (Charging/Plugged in)
[1m[96m============================================================[0m
[1m[92mData logged to 2026_logs/2026-09-28.jsonl... (Press Ctrl+C to stop)[0m
[1m[96m============================================================[0m
[1mSYSTEM MONITOR V2[0m | Time: 2026-09-28 14:09:58
[96m------------------------------------------------------------[0m
[1m[ CPU ][0m Used: [92m8.5%[0m | Free: 91.5%
        [93mTop 5 (Logged 10):[0m code (3.12%)
[96m------------------------------------------------------------[0m
[1m[ RAM ][0m Used: [92m7.46 GB (50.3%)[0m | Available: 7.38 GB | Total: 14.84 GB
[1m[ SWAP ][0m Used: 0.0 GB (0.0%) | Free: 4.0 GB | Total: 4.0 GB
        [93mTop 5 RAM Processes (Logged 10):[0m
          1. chrome (PID 7552) - 961.34 MB (6.32%)
          2. chrome (PID 6787) - 544.61 MB (3.58%)
          3. code (PID 50476) - 492.45 MB (3.24%)
          4. code (PID 50824) - 456.18 MB (3.0%)
          5. code (PID 51580) - 455.43 MB (3.0%)
[96m------------------------------------------------------------[0m
[1m[ DISK ][0m Used: [92m20.92 GB (2.28%)[0m | Free: 894.91 GB | Total: 915.83 GB
         [93mI/O:[0m Read 0.0 MB/s | Write 0.22 MB/s | Activity: 0.76%
[96m------------------------------------------------------------[0m
[1m[ NET ][0m Upload: 0.0 MB/s | Download: 0.0 MB/s
[96m------------------------------------------------------------[0m
[1m[ BATTERY ][0m [92m98.22%[0m (Charging/Plugged in)
[1m[96m============================================================[0m
[1m[92mData logged to 2026_logs/2026-09-28.jsonl... (Press Ctrl+C to stop)[0m
[1m[96m============================================================[0m
[1mSYSTEM MONITOR V2[0m | Time: 2026-09-28 14:10:03
[96m------------------------------------------------------------[0m
[1m[ CPU ][0m Used: [92m6.6%[0m | Free: 93.4%
        [93mTop 5 (Logged 10):[0m code (2.34%)
[96m------------------------------------------------------------[0m
[1m[ RAM ][0m Used: [92m7.34 GB (49.4%)[0m | Available: 7.5 GB | Total: 14.84 GB
[1m[ SWAP ][0m Used: 0.0 GB (0.0%) | Free: 4.0 GB | Total: 4.0 GB
        [93mTop 5 RAM Processes (Logged 10):[0m
          1. chrome (PID 7552) - 951.05 MB (6.26%)
          2. chrome (PID 6787) - 544.61 MB (3.58%)
          3. code (PID 50476) - 498.45 MB (3.28%)
          4. code (PID 50824) - 456.89 MB (3.01%)
          5. code (PID 51580) - 455.43 MB (3.0%)
[96m------------------------------------------------------------[0m
[1m[ DISK ][0m Used: [92m20.92 GB (2.28%)[0m | Free: 894.91 GB | Total: 915.83 GB
         [93mI/O:[0m Read 0.0 MB/s | Write 0.03 MB/s | Activity: 0.82%
[96m------------------------------------------------------------[0m
[1m[ NET ][0m Upload: 0.0 MB/s | Download: 0.0 MB/s
[96m------------------------------------------------------------[0m
[1m[ BATTERY ][0m [92m98.22%[0m (Charging/Plugged in)
[1m[96m============================================================[0m
[1m[92mData logged to 2026_logs/2026-09-28.jsonl... (Press Ctrl+C to stop)[0m
[1m[96m============================================================[0m
[1mSYSTEM MONITOR V2[0m | Time: 2026-09-28 14:10:09
[96m------------------------------------------------------------[0m
[1m[ CPU ][0m Used: [92m7.5%[0m | Free: 92.5%
        [93mTop 5 (Logged 10):[0m code (3.13%)
[96m------------------------------------------------------------[0m
[1m[ RAM ][0m Used: [92m7.31 GB (49.3%)[0m | Available: 7.53 GB | Total: 14.84 GB
[1m[ SWAP ][0m Used: 0.0 GB (0.0%) | Free: 4.0 GB | Total: 4.0 GB
        [93mTop 5 RAM Processes (Logged 10):[0m
          1. chrome (PID 7552) - 956.35 MB (6.29%)
          2. chrome (PID 6787) - 545.46 MB (3.59%)
          3. code (PID 50476) - 477.84 MB (3.14%)
          4. code (PID 50824) - 456.85 MB (3.01%)
          5. code (PID 51580) - 455.43 MB (3.0%)
[96m------------------------------------------------------------[0m
[1m[ DISK ][0m Used: [92m20.92 GB (2.28%)[0m | Free: 894.91 GB | Total: 915.83 GB
         [93mI/O:[0m Read 0.0 MB/s | Write 0.74 MB/s | Activity: 0.06%
[96m------------------------------------------------------------[0m
[1m[ NET ][0m Upload: 0.0 MB/s | Download: 0.0 MB/s
[96m------------------------------------------------------------[0m
[1m[ BATTERY ][0m [92m98.22%[0m (Charging/Plugged in)
[1m[96m============================================================[0m
[1m[92mData logged to 2026_logs/2026-09-28.jsonl... (Press Ctrl+C to stop)[0m
[1m[96m============================================================[0m
[1mSYSTEM MONITOR V2[0m | Time: 2026-09-28 14:10:14
[96m------------------------------------------------------------[0m
[1m[ CPU ][0m Used: [92m7.5%[0m | Free: 92.5%
        [93mTop 5 (Logged 10):[0m code (2.69%), code (2.23%)
[96m------------------------------------------------------------[0m
[1m[ RAM ][0m Used: [92m7.35 GB (49.5%)[0m | Available: 7.5 GB | Total: 14.84 GB
[1m[ SWAP ][0m Used: 0.0 GB (0.0%) | Free: 4.0 GB | Total: 4.0 GB
        [93mTop 5 RAM Processes (Logged 10):[0m
          1. chrome (PID 7552) - 958.13 MB (6.3%)
          2. chrome (PID 6787) - 545.03 MB (3.59%)
          3. code (PID 50476) - 492.07 MB (3.24%)
          4. code (PID 50824) - 457.08 MB (3.01%)
          5. code (PID 51580) - 455.47 MB (3.0%)
[96m------------------------------------------------------------[0m
[1m[ DISK ][0m Used: [92m20.92 GB (2.28%)[0m | Free: 894.91 GB | Total: 915.83 GB
         [93mI/O:[0m Read 0.0 MB/s | Write 0.01 MB/s | Activity: 0.8%
[96m------------------------------------------------------------[0m
[1m[ NET ][0m Upload: 0.0 MB/s | Download: 0.0 MB/s
[96m------------------------------------------------------------[0m
[1m[ BATTERY ][0m [92m98.22%[0m (Charging/Plugged in)
[1m[96m============================================================[0m
[1m[92mData logged to 2026_logs/2026-09-28.jsonl... (Press Ctrl+C to stop)[0m
[1m[96m============================================================[0m
[1mSYSTEM MONITOR V2[0m | Time: 2026-09-28 14:10:19
[96m------------------------------------------------------------[0m
[1m[ CPU ][0m Used: [92m7.7%[0m | Free: 92.3%
        [93mTop 5 (Logged 10):[0m code (2.96%), code (2.06%)
[96m------------------------------------------------------------[0m
[1m[ RAM ][0m Used: [92m7.38 GB (49.7%)[0m | Available: 7.47 GB | Total: 14.84 GB
[1m[ SWAP ][0m Used: 0.0 GB (0.0%) | Free: 4.0 GB | Total: 4.0 GB
        [93mTop 5 RAM Processes (Logged 10):[0m
          1. chrome (PID 7552) - 978.69 MB (6.44%)
          2. chrome (PID 6787) - 544.96 MB (3.59%)
          3. code (PID 50476) - 487.67 MB (3.21%)
          4. code (PID 50824) - 457.18 MB (3.01%)
          5. code (PID 51580) - 455.47 MB (3.0%)
[96m------------------------------------------------------------[0m
[1m[ DISK ][0m Used: [92m20.92 GB (2.28%)[0m | Free: 894.91 GB | Total: 915.83 GB
         [93mI/O:[0m Read 0.0 MB/s | Write 0.56 MB/s | Activity: 1.16%
[96m------------------------------------------------------------[0m
[1m[ NET ][0m Upload: 0.01 MB/s | Download: 0.01 MB/s
[96m------------------------------------------------------------[0m
[1m[ BATTERY ][0m [92m98.22%[0m (Charging/Plugged in)
[1m[96m============================================================[0m
[1m[92mData logged to 2026_logs/2026-09-28.jsonl... (Press Ctrl+C to stop)[0m
[1m[96m============================================================[0m
[1mSYSTEM MONITOR V2[0m | Time: 2026-09-28 14:10:24
[96m------------------------------------------------------------[0m
[1m[ CPU ][0m Used: [92m9.1%[0m | Free: 90.9%
        [93mTop 5 (Logged 10):[0m code (3.96%), code (2.67%)
[96m------------------------------------------------------------[0m
[1m[ RAM ][0m Used: [92m7.38 GB (49.7%)[0m | Available: 7.46 GB | Total: 14.84 GB
[1m[ SWAP ][0m Used: 0.0 GB (0.0%) | Free: 4.0 GB | Total: 4.0 GB
        [93mTop 5 RAM Processes (Logged 10):[0m
          1. chrome (PID 7552) - 978.67 MB (6.44%)
          2. chrome (PID 6787) - 544.65 MB (3.58%)
          3. code (PID 50476) - 490.8 MB (3.23%)
          4. code (PID 50824) - 457.05 MB (3.01%)
          5. code (PID 51580) - 455.53 MB (3.0%)
[96m------------------------------------------------------------[0m
[1m[ DISK ][0m Used: [92m20.92 GB (2.28%)[0m | Free: 894.91 GB | Total: 915.83 GB
         [93mI/O:[0m Read 0.0 MB/s | Write 0.02 MB/s | Activity: 1.55%
[96m------------------------------------------------------------[0m
[1m[ NET ][0m Upload: 0.0 MB/s | Download: 0.0 MB/s
[96m------------------------------------------------------------[0m
[1m[ BATTERY ][0m [92m98.22%[0m (Charging/Plugged in)
[1m[96m============================================================[0m
[1m[92mData logged to 2026_logs/2026-09-28.jsonl... (Press Ctrl+C to stop)[0m
[1m[96m============================================================[0m
[1mSYSTEM MONITOR V2[0m | Time: 2026-09-28 14:10:29
[96m------------------------------------------------------------[0m
[1m[ CPU ][0m Used: [92m7.7%[0m | Free: 92.3%
        [93mTop 5 (Logged 10):[0m code (2.55%), code (2.16%)
[96m------------------------------------------------------------[0m
[1m[ RAM ][0m Used: [92m7.36 GB (49.6%)[0m | Available: 7.48 GB | Total: 14.84 GB
[1m[ SWAP ][0m Used: 0.0 GB (0.0%) | Free: 4.0 GB | Total: 4.0 GB
        [93mTop 5 RAM Processes (Logged 10):[0m
          1. chrome (PID 7552) - 978.68 MB (6.44%)
          2. chrome (PID 6787) - 544.73 MB (3.58%)
          3. code (PID 50476) - 492.49 MB (3.24%)
          4. code (PID 50824) - 456.88 MB (3.01%)
          5. code (PID 51580) - 454.59 MB (2.99%)
[96m------------------------------------------------------------[0m
[1m[ DISK ][0m Used: [92m20.92 GB (2.28%)[0m | Free: 894.91 GB | Total: 915.83 GB
         [93mI/O:[0m Read 0.0 MB/s | Write 0.09 MB/s | Activity: 0.24%
[96m------------------------------------------------------------[0m
[1m[ NET ][0m Upload: 0.0 MB/s | Download: 0.0 MB/s
[96m------------------------------------------------------------[0m
[1m[ BATTERY ][0m [92m98.22%[0m (Charging/Plugged in)
[1m[96m============================================================[0m
[1m[92mData logged to 2026_logs/2026-09-28.jsonl... (Press Ctrl+C to stop)[0m
[1m[96m============================================================[0m
[1mSYSTEM MONITOR V2[0m | Time: 2026-09-28 14:10:34
[96m------------------------------------------------------------[0m
[1m[ CPU ][0m Used: [92m5.9%[0m | Free: 94.1%
[96m------------------------------------------------------------[0m
[1m[ RAM ][0m Used: [92m7.4 GB (49.9%)[0m | Available: 7.44 GB | Total: 14.84 GB
[1m[ SWAP ][0m Used: 0.0 GB (0.0%) | Free: 4.0 GB | Total: 4.0 GB
        [93mTop 5 RAM Processes (Logged 10):[0m
          1. chrome (PID 7552) - 978.69 MB (6.44%)
          2. chrome (PID 6787) - 544.75 MB (3.58%)
          3. code (PID 50476) - 497.7 MB (3.27%)
          4. code (PID 50824) - 457.52 MB (3.01%)
          5. code (PID 51580) - 454.67 MB (2.99%)
[96m------------------------------------------------------------[0m
[1m[ DISK ][0m Used: [92m20.92 GB (2.28%)[0m | Free: 894.91 GB | Total: 915.83 GB
         [93mI/O:[0m Read 0.0 MB/s | Write 0.08 MB/s | Activity: 0.82%
[96m------------------------------------------------------------[0m
[1m[ NET ][0m Upload: 0.0 MB/s | Download: 0.0 MB/s
[96m------------------------------------------------------------[0m
[1m[ BATTERY ][0m [92m98.22%[0m (Charging/Plugged in)
[1m[96m============================================================[0m
[1m[92mData logged to 2026_logs/2026-09-28.jsonl... (Press Ctrl+C to stop)[0m
[1m[96m============================================================[0m
[1mSYSTEM MONITOR V2[0m | Time: 2026-09-28 14:10:39
[96m------------------------------------------------------------[0m
[1m[ CPU ][0m Used: [92m9.7%[0m | Free: 90.3%
        [93mTop 5 (Logged 10):[0m code (3.77%), code (3.07%)
[96m------------------------------------------------------------[0m
[1m[ RAM ][0m Used: [92m7.36 GB (49.6%)[0m | Available: 7.48 GB | Total: 14.84 GB
[1m[ SWAP ][0m Used: 0.0 GB (0.0%) | Free: 4.0 GB | Total: 4.0 GB
        [93mTop 5 RAM Processes (Logged 10):[0m
          1. chrome (PID 7552) - 978.69 MB (6.44%)
          2. chrome (PID 6787) - 544.65 MB (3.58%)
          3. code (PID 50476) - 490.49 MB (3.23%)
          4. code (PID 50824) - 457.57 MB (3.01%)
          5. code (PID 51580) - 454.75 MB (2.99%)
[96m------------------------------------------------------------[0m
[1m[ DISK ][0m Used: [92m20.92 GB (2.28%)[0m | Free: 894.91 GB | Total: 915.83 GB
         [93mI/O:[0m Read 0.0 MB/s | Write 0.02 MB/s | Activity: 0.92%
[96m------------------------------------------------------------[0m
[1m[ NET ][0m Upload: 0.0 MB/s | Download: 0.0 MB/s
[96m------------------------------------------------------------[0m
[1m[ BATTERY ][0m [92m98.22%[0m (Charging/Plugged in)
[1m[96m============================================================[0m
[1m[92mData logged to 2026_logs/2026-09-28.jsonl... (Press Ctrl+C to stop)[0m
[1m[96m============================================================[0m
[1mSYSTEM MONITOR V2[0m | Time: 2026-09-28 14:10:44
[96m------------------------------------------------------------[0m
[1m[ CPU ][0m Used: [92m9.6%[0m | Free: 90.4%
        [93mTop 5 (Logged 10):[0m code (3.34%), code (2.62%)
[96m------------------------------------------------------------[0m
[1m[ RAM ][0m Used: [92m7.42 GB (50.0%)[0m | Available: 7.42 GB | Total: 14.84 GB
[1m[ SWAP ][0m Used: 0.0 GB (0.0%) | Free: 4.0 GB | Total: 4.0 GB
        [93mTop 5 RAM Processes (Logged 10):[0m
          1. chrome (PID 7552) - 983.22 MB (6.47%)
          2. chrome (PID 6787) - 545.45 MB (3.59%)
          3. code (PID 50476) - 500.92 MB (3.3%)
          4. code (PID 50824) - 457.51 MB (3.01%)
          5. code (PID 51580) - 454.82 MB (2.99%)
[96m------------------------------------------------------------[0m
[1m[ DISK ][0m Used: [92m20.92 GB (2.28%)[0m | Free: 894.91 GB | Total: 915.83 GB
         [93mI/O:[0m Read 0.0 MB/s | Write 1.12 MB/s | Activity: 0.37%
[96m------------------------------------------------------------[0m
[1m[ NET ][0m Upload: 0.0 MB/s | Download: 0.0 MB/s
[96m------------------------------------------------------------[0m
[1m[ BATTERY ][0m [92m98.22%[0m (Charging/Plugged in)
[1m[96m============================================================[0m
[1m[92mData logged to 2026_logs/2026-09-28.jsonl... (Press Ctrl+C to stop)[0m
[1m[96m============================================================[0m
[1mSYSTEM MONITOR V2[0m | Time: 2026-09-28 14:10:49
[96m------------------------------------------------------------[0m
[1m[ CPU ][0m Used: [92m11.5%[0m | Free: 88.5%
        [93mTop 5 (Logged 10):[0m chrome (7.02%)
[96m------------------------------------------------------------[0m
[1m[ RAM ][0m Used: [92m7.46 GB (50.3%)[0m | Available: 7.38 GB | Total: 14.84 GB
[1m[ SWAP ][0m Used: 0.0 GB (0.0%) | Free: 4.0 GB | Total: 4.0 GB
        [93mTop 5 RAM Processes (Logged 10):[0m
          1. chrome (PID 7552) - 971.19 MB (6.39%)
          2. chrome (PID 6787) - 547.12 MB (3.6%)
          3. code (PID 50476) - 491.17 MB (3.23%)
          4. code (PID 50824) - 457.41 MB (3.01%)
          5. code (PID 51580) - 454.9 MB (2.99%)
[96m------------------------------------------------------------[0m
[1m[ DISK ][0m Used: [92m20.92 GB (2.28%)[0m | Free: 894.91 GB | Total: 915.83 GB
         [93mI/O:[0m Read 0.02 MB/s | Write 0.55 MB/s | Activity: 2.06%
[96m------------------------------------------------------------[0m
[1m[ NET ][0m Upload: 0.0 MB/s | Download: 0.0 MB/s
[96m------------------------------------------------------------[0m
[1m[ BATTERY ][0m [92m98.22%[0m (Charging/Plugged in)
[1m[96m============================================================[0m
[1m[92mData logged to 2026_logs/2026-09-28.jsonl... (Press Ctrl+C to stop)[0m
[1m[96m============================================================[0m
[1mSYSTEM MONITOR V2[0m | Time: 2026-09-28 14:10:54
[96m------------------------------------------------------------[0m
[1m[ CPU ][0m Used: [92m12.4%[0m | Free: 87.6%
        [93mTop 5 (Logged 10):[0m chrome (7.83%)
[96m------------------------------------------------------------[0m
[1m[ RAM ][0m Used: [92m7.47 GB (50.3%)[0m | Available: 7.37 GB | Total: 14.84 GB
[1m[ SWAP ][0m Used: 0.0 GB (0.0%) | Free: 4.0 GB | Total: 4.0 GB
        [93mTop 5 RAM Processes (Logged 10):[0m
          1. chrome (PID 7552) - 1002.75 MB (6.6%)
          2. chrome (PID 6787) - 546.88 MB (3.6%)
          3. code (PID 50476) - 483.76 MB (3.18%)
          4. code (PID 50824) - 457.44 MB (3.01%)
          5. code (PID 51580) - 454.97 MB (2.99%)
[96m------------------------------------------------------------[0m
[1m[ DISK ][0m Used: [92m20.92 GB (2.28%)[0m | Free: 894.91 GB | Total: 915.83 GB
         [93mI/O:[0m Read 0.0 MB/s | Write 0.04 MB/s | Activity: 0.1%
[96m------------------------------------------------------------[0m
[1m[ NET ][0m Upload: 0.06 MB/s | Download: 0.01 MB/s
[96m------------------------------------------------------------[0m
[1m[ BATTERY ][0m [92m98.22%[0m (Charging/Plugged in)
[1m[96m============================================================[0m
[1m[92mData logged to 2026_logs/2026-09-28.jsonl... (Press Ctrl+C to stop)[0m
[1m[96m============================================================[0m
[1mSYSTEM MONITOR V2[0m | Time: 2026-09-28 14:11:00
[96m------------------------------------------------------------[0m
[1m[ CPU ][0m Used: [92m18.1%[0m | Free: 81.9%
        [93mTop 5 (Logged 10):[0m chrome (12.88%), code (2.06%)
[96m------------------------------------------------------------[0m
[1m[ RAM ][0m Used: [92m7.52 GB (50.6%)[0m | Available: 7.33 GB | Total: 14.84 GB
[1m[ SWAP ][0m Used: 0.0 GB (0.0%) | Free: 4.0 GB | Total: 4.0 GB
        [93mTop 5 RAM Processes (Logged 10):[0m
          1. chrome (PID 7552) - 988.11 MB (6.5%)
          2. chrome (PID 6787) - 546.29 MB (3.59%)
          3. code (PID 50476) - 510.16 MB (3.36%)
          4. code (PID 50824) - 458.21 MB (3.01%)
          5. code (PID 51580) - 455.05 MB (2.99%)
[96m------------------------------------------------------------[0m
[1m[ DISK ][0m Used: [92m20.92 GB (2.28%)[0m | Free: 894.91 GB | Total: 915.83 GB
         [93mI/O:[0m Read 0.0 MB/s | Write 0.1 MB/s | Activity: 1.12%
[96m------------------------------------------------------------[0m
[1m[ NET ][0m Upload: 0.01 MB/s | Download: 0.0 MB/s
[96m------------------------------------------------------------[0m
[1m[ BATTERY ][0m [92m98.22%[0m (Charging/Plugged in)
[1m[96m============================================================[0m
[1m[92mData logged to 2026_logs/2026-09-28.jsonl... (Press Ctrl+C to stop)[0m
[1m[96m============================================================[0m
[1mSYSTEM MONITOR V2[0m | Time: 2026-09-28 14:11:05
[96m------------------------------------------------------------[0m
[1m[ CPU ][0m Used: [92m9.0%[0m | Free: 91.0%
        [93mTop 5 (Logged 10):[0m code (3.43%), code (2.56%)
[96m------------------------------------------------------------[0m
[1m[ RAM ][0m Used: [92m7.49 GB (50.5%)[0m | Available: 7.35 GB | Total: 14.84 GB
[1m[ SWAP ][0m Used: 0.0 GB (0.0%) | Free: 4.0 GB | Total: 4.0 GB
        [93mTop 5 RAM Processes (Logged 10):[0m
          1. chrome (PID 7552) - 983.2 MB (6.47%)
          2. chrome (PID 6787) - 545.76 MB (3.59%)
          3. code (PID 50476) - 518.61 MB (3.41%)
          4. code (PID 50824) - 457.58 MB (3.01%)
          5. code (PID 51580) - 455.12 MB (2.99%)
[96m------------------------------------------------------------[0m
[1m[ DISK ][0m Used: [92m20.92 GB (2.28%)[0m | Free: 894.91 GB | Total: 915.83 GB
         [93mI/O:[0m Read 0.0 MB/s | Write 0.05 MB/s | Activity: 0.96%
[96m------------------------------------------------------------[0m
[1m[ NET ][0m Upload: 0.0 MB/s | Download: 0.0 MB/s
[96m------------------------------------------------------------[0m
[1m[ BATTERY ][0m [92m98.22%[0m (Charging/Plugged in)
[1m[96m============================================================[0m
[1m[92mData logged to 2026_logs/2026-09-28.jsonl... (Press Ctrl+C to stop)[0m
[1m[96m============================================================[0m
[1mSYSTEM MONITOR V2[0m | Time: 2026-09-28 14:11:10
[96m------------------------------------------------------------[0m
[1m[ CPU ][0m Used: [92m4.4%[0m | Free: 95.6%
[96m------------------------------------------------------------[0m
[1m[ RAM ][0m Used: [92m7.58 GB (51.0%)[0m | Available: 7.27 GB | Total: 14.84 GB
[1m[ SWAP ][0m Used: 0.0 GB (0.0%) | Free: 4.0 GB | Total: 4.0 GB
        [93mTop 5 RAM Processes (Logged 10):[0m
          1. chrome (PID 7552) - 983.05 MB (6.47%)
          2. chrome (PID 6787) - 545.95 MB (3.59%)
          3. code (PID 50476) - 507.22 MB (3.34%)
          4. gnome-shell (PID 4411) - 459.94 MB (3.03%)
          5. code (PID 50824) - 457.82 MB (3.01%)
[96m------------------------------------------------------------[0m
[1m[ DISK ][0m Used: [92m20.92 GB (2.28%)[0m | Free: 894.91 GB | Total: 915.83 GB
         [93mI/O:[0m Read 0.0 MB/s | Write 0.03 MB/s | Activity: 0.96%
[96m------------------------------------------------------------[0m
[1m[ NET ][0m Upload: 0.0 MB/s | Download: 0.0 MB/s
[96m------------------------------------------------------------[0m
[1m[ BATTERY ][0m [92m98.22%[0m (Charging/Plugged in)
[1m[96m============================================================[0m
[1m[92mData logged to 2026_logs/2026-09-28.jsonl... (Press Ctrl+C to stop)[0m
[1m[96m============================================================[0m
[1mSYSTEM MONITOR V2[0m | Time: 2026-09-28 14:11:15
[96m------------------------------------------------------------[0m
[1m[ CPU ][0m Used: [92m9.2%[0m | Free: 90.8%
[96m------------------------------------------------------------[0m
[1m[ RAM ][0m Used: [92m7.57 GB (51.0%)[0m | Available: 7.27 GB | Total: 14.84 GB
[1m[ SWAP ][0m Used: 0.0 GB (0.0%) | Free: 4.0 GB | Total: 4.0 GB
        [93mTop 5 RAM Processes (Logged 10):[0m
          1. chrome (PID 7552) - 982.14 MB (6.46%)
          2. chrome (PID 6787) - 545.8 MB (3.59%)
          3. code (PID 50476) - 505.2 MB (3.32%)
          4. gnome-shell (PID 4411) - 460.42 MB (3.03%)
          5. code (PID 50824) - 458.1 MB (3.01%)
[96m------------------------------------------------------------[0m
[1m[ DISK ][0m Used: [92m20.92 GB (2.28%)[0m | Free: 894.91 GB | Total: 915.83 GB
         [93mI/O:[0m Read 0.0 MB/s | Write 0.26 MB/s | Activity: 0.39%
[96m------------------------------------------------------------[0m
[1m[ NET ][0m Upload: 0.0 MB/s | Download: 0.0 MB/s
[96m------------------------------------------------------------[0m
[1m[ BATTERY ][0m [92m98.22%[0m (Charging/Plugged in)
[1m[96m============================================================[0m
[1m[92mData logged to 2026_logs/2026-09-28.jsonl... (Press Ctrl+C to stop)[0m
[1m[96m============================================================[0m
[1mSYSTEM MONITOR V2[0m | Time: 2026-09-28 14:11:20
[96m------------------------------------------------------------[0m
[1m[ CPU ][0m Used: [92m9.6%[0m | Free: 90.4%
        [93mTop 5 (Logged 10):[0m chrome (4.41%)
[96m------------------------------------------------------------[0m
[1m[ RAM ][0m Used: [92m7.56 GB (50.9%)[0m | Available: 7.28 GB | Total: 14.84 GB
[1m[ SWAP ][0m Used: 0.0 GB (0.0%) | Free: 4.0 GB | Total: 4.0 GB
        [93mTop 5 RAM Processes (Logged 10):[0m
          1. chrome (PID 7552) - 1006.98 MB (6.63%)
          2. chrome (PID 6787) - 546.18 MB (3.59%)
          3. code (PID 50476) - 499.93 MB (3.29%)
          4. code (PID 50824) - 458.48 MB (3.02%)
          5. code (PID 51580) - 454.6 MB (2.99%)
[96m------------------------------------------------------------[0m
[1m[ DISK ][0m Used: [92m20.92 GB (2.28%)[0m | Free: 894.91 GB | Total: 915.83 GB
         [93mI/O:[0m Read 0.0 MB/s | Write 1.71 MB/s | Activity: 1.12%
[96m------------------------------------------------------------[0m
[1m[ NET ][0m Upload: 0.0 MB/s | Download: 0.0 MB/s
[96m------------------------------------------------------------[0m
[1m[ BATTERY ][0m [92m98.22%[0m (Charging/Plugged in)
[1m[96m============================================================[0m
[1m[92mData logged to 2026_logs/2026-09-28.jsonl... (Press Ctrl+C to stop)[0m
[1m[96m============================================================[0m
[1mSYSTEM MONITOR V2[0m | Time: 2026-09-28 14:11:25
[96m------------------------------------------------------------[0m
[1m[ CPU ][0m Used: [92m8.1%[0m | Free: 91.9%
        [93mTop 5 (Logged 10):[0m chrome (5.84%)
[96m------------------------------------------------------------[0m
[1m[ RAM ][0m Used: [92m7.49 GB (50.5%)[0m | Available: 7.35 GB | Total: 14.84 GB
[1m[ SWAP ][0m Used: 0.0 GB (0.0%) | Free: 4.0 GB | Total: 4.0 GB
        [93mTop 5 RAM Processes (Logged 10):[0m
          1. chrome (PID 7552) - 997.39 MB (6.56%)
          2. chrome (PID 6787) - 546.07 MB (3.59%)
          3. code (PID 50476) - 490.39 MB (3.23%)
          4. code (PID 50824) - 458.62 MB (3.02%)
          5. code (PID 51580) - 454.69 MB (2.99%)
[96m------------------------------------------------------------[0m
[1m[ DISK ][0m Used: [92m20.92 GB (2.28%)[0m | Free: 894.91 GB | Total: 915.83 GB
         [93mI/O:[0m Read 0.0 MB/s | Write 0.02 MB/s | Activity: 0.1%
[96m------------------------------------------------------------[0m
[1m[ NET ][0m Upload: 0.0 MB/s | Download: 0.0 MB/s
[96m------------------------------------------------------------[0m
[1m[ BATTERY ][0m [92m98.22%[0m (Charging/Plugged in)
[1m[96m============================================================[0m
[1m[92mData logged to 2026_logs/2026-09-28.jsonl... (Press Ctrl+C to stop)[0m
[1m[96m============================================================[0m
[1mSYSTEM MONITOR V2[0m | Time: 2026-09-28 14:11:30
[96m------------------------------------------------------------[0m
[1m[ CPU ][0m Used: [92m13.1%[0m | Free: 86.9%
        [93mTop 5 (Logged 10):[0m chrome (10.06%)
[96m------------------------------------------------------------[0m
[1m[ RAM ][0m Used: [92m7.54 GB (50.8%)[0m | Available: 7.3 GB | Total: 14.84 GB
[1m[ SWAP ][0m Used: 0.0 GB (0.0%) | Free: 4.0 GB | Total: 4.0 GB
        [93mTop 5 RAM Processes (Logged 10):[0m
          1. chrome (PID 7552) - 1007.61 MB (6.63%)
          2. chrome (PID 6787) - 547.43 MB (3.6%)
          3. code (PID 50476) - 491.04 MB (3.23%)
          4. code (PID 50824) - 458.66 MB (3.02%)
          5. code (PID 51580) - 454.77 MB (2.99%)
[96m------------------------------------------------------------[0m
[1m[ DISK ][0m Used: [92m20.92 GB (2.28%)[0m | Free: 894.91 GB | Total: 915.83 GB
         [93mI/O:[0m Read 0.0 MB/s | Write 0.06 MB/s | Activity: 0.96%
[96m------------------------------------------------------------[0m
[1m[ NET ][0m Upload: 0.01 MB/s | Download: 0.0 MB/s
[96m------------------------------------------------------------[0m
[1m[ BATTERY ][0m [92m98.22%[0m (Charging/Plugged in)
[1m[96m============================================================[0m
[1m[92mData logged to 2026_logs/2026-09-28.jsonl... (Press Ctrl+C to stop)[0m
[1m[96m============================================================[0m
[1mSYSTEM MONITOR V2[0m | Time: 2026-09-28 14:11:35
[96m------------------------------------------------------------[0m
[1m[ CPU ][0m Used: [92m8.9%[0m | Free: 91.1%
        [93mTop 5 (Logged 10):[0m chrome (4.77%)
[96m------------------------------------------------------------[0m
[1m[ RAM ][0m Used: [92m7.55 GB (50.9%)[0m | Available: 7.29 GB | Total: 14.84 GB
[1m[ SWAP ][0m Used: 0.0 GB (0.0%) | Free: 4.0 GB | Total: 4.0 GB
        [93mTop 5 RAM Processes (Logged 10):[0m
          1. chrome (PID 7552) - 1027.7 MB (6.76%)
          2. chrome (PID 6787) - 546.43 MB (3.6%)
          3. code (PID 50476) - 490.89 MB (3.23%)
          4. code (PID 50824) - 458.05 MB (3.01%)
          5. code (PID 51580) - 454.86 MB (2.99%)
[96m------------------------------------------------------------[0m
[1m[ DISK ][0m Used: [92m20.92 GB (2.28%)[0m | Free: 894.91 GB | Total: 915.83 GB
         [93mI/O:[0m Read 0.0 MB/s | Write 0.04 MB/s | Activity: 0.98%
[96m------------------------------------------------------------[0m
[1m[ NET ][0m Upload: 0.01 MB/s | Download: 0.0 MB/s
[96m------------------------------------------------------------[0m
[1m[ BATTERY ][0m [92m98.22%[0m (Charging/Plugged in)
[1m[96m============================================================[0m
[1m[92mData logged to 2026_logs/2026-09-28.jsonl... (Press Ctrl+C to stop)[0m
[1m[96m============================================================[0m
[1mSYSTEM MONITOR V2[0m | Time: 2026-09-28 14:11:40
[96m------------------------------------------------------------[0m
[1m[ CPU ][0m Used: [92m13.3%[0m | Free: 86.7%
        [93mTop 5 (Logged 10):[0m chrome (9.65%)
[96m------------------------------------------------------------[0m
[1m[ RAM ][0m Used: [92m7.55 GB (50.9%)[0m | Available: 7.29 GB | Total: 14.84 GB
[1m[ SWAP ][0m Used: 0.0 GB (0.0%) | Free: 4.0 GB | Total: 4.0 GB
        [93mTop 5 RAM Processes (Logged 10):[0m
          1. chrome (PID 7552) - 1034.59 MB (6.81%)
          2. chrome (PID 6787) - 547.38 MB (3.6%)
          3. code (PID 50476) - 491.81 MB (3.24%)
          4. code (PID 50824) - 457.55 MB (3.01%)
          5. code (PID 51580) - 454.94 MB (2.99%)
[96m------------------------------------------------------------[0m
[1m[ DISK ][0m Used: [92m20.92 GB (2.28%)[0m | Free: 894.91 GB | Total: 915.83 GB
         [93mI/O:[0m Read 0.0 MB/s | Write 0.05 MB/s | Activity: 0.94%
[96m------------------------------------------------------------[0m
[1m[ NET ][0m Upload: 0.05 MB/s | Download: 0.01 MB/s
[96m------------------------------------------------------------[0m
[1m[ BATTERY ][0m [92m98.22%[0m (Charging/Plugged in)
[1m[96m============================================================[0m
[1m[92mData logged to 2026_logs/2026-09-28.jsonl... (Press Ctrl+C to stop)[0m
[1m[96m============================================================[0m
[1mSYSTEM MONITOR V2[0m | Time: 2026-09-28 14:11:46
[96m------------------------------------------------------------[0m
[1m[ CPU ][0m Used: [92m10.1%[0m | Free: 89.9%
        [93mTop 5 (Logged 10):[0m chrome (6.5%)
[96m------------------------------------------------------------[0m
[1m[ RAM ][0m Used: [92m7.5 GB (50.5%)[0m | Available: 7.35 GB | Total: 14.84 GB
[1m[ SWAP ][0m Used: 0.0 GB (0.0%) | Free: 4.0 GB | Total: 4.0 GB
        [93mTop 5 RAM Processes (Logged 10):[0m
          1. chrome (PID 7552) - 1024.95 MB (6.74%)
          2. chrome (PID 6787) - 545.69 MB (3.59%)
          3. code (PID 50476) - 493.23 MB (3.25%)
          4. code (PID 50824) - 457.75 MB (3.01%)
          5. code (PID 51580) - 455.02 MB (2.99%)
[96m------------------------------------------------------------[0m
[1m[ DISK ][0m Used: [92m20.92 GB (2.28%)[0m | Free: 894.91 GB | Total: 915.83 GB
         [93mI/O:[0m Read 0.0 MB/s | Write 0.09 MB/s | Activity: 0.82%
[96m------------------------------------------------------------[0m
[1m[ NET ][0m Upload: 0.0 MB/s | Download: 0.0 MB/s
[96m------------------------------------------------------------[0m
[1m[ BATTERY ][0m [92m98.22%[0m (Charging/Plugged in)
[1m[96m============================================================[0m
[1m[92mData logged to 2026_logs/2026-09-28.jsonl... (Press Ctrl+C to stop)[0m
[1m[96m============================================================[0m
[1mSYSTEM MONITOR V2[0m | Time: 2026-09-28 14:11:51
[96m------------------------------------------------------------[0m
[1m[ CPU ][0m Used: [92m9.5%[0m | Free: 90.5%
        [93mTop 5 (Logged 10):[0m code (2.99%)
[96m------------------------------------------------------------[0m
[1m[ RAM ][0m Used: [92m7.48 GB (50.4%)[0m | Available: 7.36 GB | Total: 14.84 GB
[1m[ SWAP ][0m Used: 0.0 GB (0.0%) | Free: 4.0 GB | Total: 4.0 GB
        [93mTop 5 RAM Processes (Logged 10):[0m
          1. chrome (PID 7552) - 1015.99 MB (6.68%)
          2. chrome (PID 6787) - 546.5 MB (3.6%)
          3. code (PID 50476) - 509.14 MB (3.35%)
          4. code (PID 50824) - 458.28 MB (3.02%)
          5. code (PID 51580) - 455.11 MB (2.99%)
[96m------------------------------------------------------------[0m
[1m[ DISK ][0m Used: [92m20.92 GB (2.28%)[0m | Free: 894.91 GB | Total: 915.83 GB
         [93mI/O:[0m Read 0.0 MB/s | Write 1.65 MB/s | Activity: 0.45%
[96m------------------------------------------------------------[0m
[1m[ NET ][0m Upload: 0.0 MB/s | Download: 0.0 MB/s
[96m------------------------------------------------------------[0m
[1m[ BATTERY ][0m [92m98.22%[0m (Charging/Plugged in)
[1m[96m============================================================[0m
[1m[92mData logged to 2026_logs/2026-09-28.jsonl... (Press Ctrl+C to stop)[0m
[1m[96m============================================================[0m
[1mSYSTEM MONITOR V2[0m | Time: 2026-09-28 14:11:56
[96m------------------------------------------------------------[0m
[1m[ CPU ][0m Used: [92m12.9%[0m | Free: 87.1%
        [93mTop 5 (Logged 10):[0m chrome (6.83%), code (2.11%)
[96m------------------------------------------------------------[0m
[1m[ RAM ][0m Used: [92m7.47 GB (50.3%)[0m | Available: 7.38 GB | Total: 14.84 GB
[1m[ SWAP ][0m Used: 0.0 GB (0.0%) | Free: 4.0 GB | Total: 4.0 GB
        [93mTop 5 RAM Processes (Logged 10):[0m
          1. chrome (PID 7552) - 1012.26 MB (6.66%)
          2. chrome (PID 6787) - 545.64 MB (3.59%)
          3. code (PID 50476) - 510.12 MB (3.36%)
          4. code (PID 50824) - 458.59 MB (3.02%)
          5. code (PID 51580) - 455.2 MB (2.99%)
[96m------------------------------------------------------------[0m
[1m[ DISK ][0m Used: [92m20.92 GB (2.28%)[0m | Free: 894.91 GB | Total: 915.83 GB
         [93mI/O:[0m Read 0.0 MB/s | Write 0.03 MB/s | Activity: 0.88%
[96m------------------------------------------------------------[0m
[1m[ NET ][0m Upload: 0.01 MB/s | Download: 0.01 MB/s
[96m------------------------------------------------------------[0m
[1m[ BATTERY ][0m [92m98.22%[0m (Charging/Plugged in)
[1m[96m============================================================[0m
[1m[92mData logged to 2026_logs/2026-09-28.jsonl... (Press Ctrl+C to stop)[0m
[1m[96m============================================================[0m
[1mSYSTEM MONITOR V2[0m | Time: 2026-09-28 14:12:01
[96m------------------------------------------------------------[0m
[1m[ CPU ][0m Used: [92m5.0%[0m | Free: 95.0%
[96m------------------------------------------------------------[0m
[1m[ RAM ][0m Used: [92m7.45 GB (50.2%)[0m | Available: 7.39 GB | Total: 14.84 GB
[1m[ SWAP ][0m Used: 0.0 GB (0.0%) | Free: 4.0 GB | Total: 4.0 GB
        [93mTop 5 RAM Processes (Logged 10):[0m
          1. chrome (PID 7552) - 1003.55 MB (6.6%)
          2. chrome (PID 6787) - 545.72 MB (3.59%)
          3. code (PID 50476) - 516.44 MB (3.4%)
          4. code (PID 50824) - 458.73 MB (3.02%)
          5. code (PID 51580) - 455.32 MB (3.0%)
[96m------------------------------------------------------------[0m
[1m[ DISK ][0m Used: [92m20.92 GB (2.28%)[0m | Free: 894.91 GB | Total: 915.83 GB
         [93mI/O:[0m Read 0.0 MB/s | Write 0.08 MB/s | Activity: 0.92%
[96m------------------------------------------------------------[0m
[1m[ NET ][0m Upload: 0.0 MB/s | Download: 0.0 MB/s
[96m------------------------------------------------------------[0m
[1m[ BATTERY ][0m [92m98.22%[0m (Charging/Plugged in)
[1m[96m============================================================[0m
[1m[92mData logged to 2026_logs/2026-09-28.jsonl... (Press Ctrl+C to stop)[0m
[1m[96m============================================================[0m
[1mSYSTEM MONITOR V2[0m | Time: 2026-09-28 14:12:06
[96m------------------------------------------------------------[0m
[1m[ CPU ][0m Used: [92m5.2%[0m | Free: 94.8%
        [93mTop 5 (Logged 10):[0m code (2.11%)
[96m------------------------------------------------------------[0m
[1m[ RAM ][0m Used: [92m7.43 GB (50.0%)[0m | Available: 7.42 GB | Total: 14.84 GB
[1m[ SWAP ][0m Used: 0.0 GB (0.0%) | Free: 4.0 GB | Total: 4.0 GB
        [93mTop 5 RAM Processes (Logged 10):[0m
          1. chrome (PID 7552) - 1003.55 MB (6.6%)
          2. chrome (PID 6787) - 545.68 MB (3.59%)
          3. code (PID 50476) - 513.56 MB (3.38%)
          4. code (PID 50824) - 459.18 MB (3.02%)
          5. code (PID 51580) - 455.39 MB (3.0%)
[96m------------------------------------------------------------[0m
[1m[ DISK ][0m Used: [92m20.92 GB (2.28%)[0m | Free: 894.91 GB | Total: 915.83 GB
         [93mI/O:[0m Read 0.0 MB/s | Write 0.08 MB/s | Activity: 0.18%
[96m------------------------------------------------------------[0m
[1m[ NET ][0m Upload: 0.0 MB/s | Download: 0.0 MB/s
[96m------------------------------------------------------------[0m
[1m[ BATTERY ][0m [92m98.22%[0m (Charging/Plugged in)
[1m[96m============================================================[0m
[1m[92mData logged to 2026_logs/2026-09-28.jsonl... (Press Ctrl+C to stop)[0m
[1m[96m============================================================[0m
[1mSYSTEM MONITOR V2[0m | Time: 2026-09-28 14:12:11
[96m------------------------------------------------------------[0m
[1m[ CPU ][0m Used: [92m9.2%[0m | Free: 90.8%
        [93mTop 5 (Logged 10):[0m code (4.21%), code (2.22%)
[96m------------------------------------------------------------[0m
[1m[ RAM ][0m Used: [92m7.46 GB (50.3%)[0m | Available: 7.38 GB | Total: 14.84 GB
[1m[ SWAP ][0m Used: 0.0 GB (0.0%) | Free: 4.0 GB | Total: 4.0 GB
        [93mTop 5 RAM Processes (Logged 10):[0m
          1. chrome (PID 7552) - 1001.78 MB (6.59%)
          2. chrome (PID 6787) - 545.14 MB (3.59%)
          3. code (PID 50476) - 518.06 MB (3.41%)
          4. code (PID 50824) - 459.8 MB (3.03%)
          5. code (PID 51580) - 454.71 MB (2.99%)
[96m------------------------------------------------------------[0m
[1m[ DISK ][0m Used: [92m20.92 GB (2.28%)[0m | Free: 894.91 GB | Total: 915.83 GB
         [93mI/O:[0m Read 0.0 MB/s | Write 0.06 MB/s | Activity: 0.96%
[96m------------------------------------------------------------[0m
[1m[ NET ][0m Upload: 0.0 MB/s | Download: 0.0 MB/s
[96m------------------------------------------------------------[0m
[1m[ BATTERY ][0m [92m98.22%[0m (Charging/Plugged in)
[1m[96m============================================================[0m
[1m[92mData logged to 2026_logs/2026-09-28.jsonl... (Press Ctrl+C to stop)[0m
[1m[96m============================================================[0m
[1mSYSTEM MONITOR V2[0m | Time: 2026-09-28 14:12:16
[96m------------------------------------------------------------[0m
[1m[ CPU ][0m Used: [92m9.5%[0m | Free: 90.5%
        [93mTop 5 (Logged 10):[0m code (2.82%), code (2.38%)
[96m------------------------------------------------------------[0m
[1m[ RAM ][0m Used: [92m7.57 GB (51.0%)[0m | Available: 7.27 GB | Total: 14.84 GB
[1m[ SWAP ][0m Used: 0.0 GB (0.0%) | Free: 4.0 GB | Total: 4.0 GB
        [93mTop 5 RAM Processes (Logged 10):[0m
          1. chrome (PID 7552) - 1028.05 MB (6.76%)
          2. chrome (PID 6787) - 548.98 MB (3.61%)
          3. code (PID 50476) - 526.43 MB (3.46%)
          4. code (PID 50824) - 460.82 MB (3.03%)
          5. code (PID 51580) - 454.8 MB (2.99%)
[96m------------------------------------------------------------[0m
[1m[ DISK ][0m Used: [92m20.92 GB (2.28%)[0m | Free: 894.91 GB | Total: 915.83 GB
         [93mI/O:[0m Read 0.0 MB/s | Write 0.08 MB/s | Activity: 0.25%
[96m------------------------------------------------------------[0m
[1m[ NET ][0m Upload: 0.01 MB/s | Download: 0.0 MB/s
[96m------------------------------------------------------------[0m
[1m[ BATTERY ][0m [92m98.22%[0m (Charging/Plugged in)
[1m[96m============================================================[0m
[1m[92mData logged to 2026_logs/2026-09-28.jsonl... (Press Ctrl+C to stop)[0m
[1m[96m============================================================[0m
[1mSYSTEM MONITOR V2[0m | Time: 2026-09-28 14:12:21
[96m------------------------------------------------------------[0m
[1m[ CPU ][0m Used: [92m9.8%[0m | Free: 90.2%
        [93mTop 5 (Logged 10):[0m chrome (5.47%)
[96m------------------------------------------------------------[0m
[1m[ RAM ][0m Used: [92m7.53 GB (50.7%)[0m | Available: 7.32 GB | Total: 14.84 GB
[1m[ SWAP ][0m Used: 0.0 GB (0.0%) | Free: 4.0 GB | Total: 4.0 GB
        [93mTop 5 RAM Processes (Logged 10):[0m
          1. chrome (PID 7552) - 1032.45 MB (6.79%)
          2. chrome (PID 6787) - 545.36 MB (3.59%)
          3. code (PID 50476) - 524.96 MB (3.45%)
          4. code (PID 50824) - 459.91 MB (3.03%)
          5. code (PID 51580) - 454.89 MB (2.99%)
[96m------------------------------------------------------------[0m
[1m[ DISK ][0m Used: [92m20.92 GB (2.28%)[0m | Free: 894.91 GB | Total: 915.83 GB
         [93mI/O:[0m Read 0.0 MB/s | Write 0.42 MB/s | Activity: 1.8%
[96m------------------------------------------------------------[0m
[1m[ NET ][0m Upload: 0.0 MB/s | Download: 0.0 MB/s
[96m------------------------------------------------------------[0m
[1m[ BATTERY ][0m [92m98.22%[0m (Charging/Plugged in)
[1m[96m============================================================[0m
[1m[92mData logged to 2026_logs/2026-09-28.jsonl... (Press Ctrl+C to stop)[0m
[1m[96m============================================================[0m
[1mSYSTEM MONITOR V2[0m | Time: 2026-09-28 14:12:26
[96m------------------------------------------------------------[0m
[1m[ CPU ][0m Used: [92m5.8%[0m | Free: 94.2%
[96m------------------------------------------------------------[0m
[1m[ RAM ][0m Used: [92m7.51 GB (50.6%)[0m | Available: 7.33 GB | Total: 14.84 GB
[1m[ SWAP ][0m Used: 0.0 GB (0.0%) | Free: 4.0 GB | Total: 4.0 GB
        [93mTop 5 RAM Processes (Logged 10):[0m
          1. chrome (PID 7552) - 1029.86 MB (6.78%)
          2. chrome (PID 6787) - 545.42 MB (3.59%)
          3. code (PID 50476) - 509.13 MB (3.35%)
          4. code (PID 50824) - 459.92 MB (3.03%)
          5. code (PID 51580) - 454.97 MB (2.99%)
[96m------------------------------------------------------------[0m
[1m[ DISK ][0m Used: [92m20.92 GB (2.28%)[0m | Free: 894.91 GB | Total: 915.83 GB
         [93mI/O:[0m Read 0.0 MB/s | Write 1.01 MB/s | Activity: 0.2%
[96m------------------------------------------------------------[0m
[1m[ NET ][0m Upload: 0.01 MB/s | Download: 0.0 MB/s
[96m------------------------------------------------------------[0m
[1m[ BATTERY ][0m [92m98.22%[0m (Charging/Plugged in)
[1m[96m============================================================[0m
[1m[92mData logged to 2026_logs/2026-09-28.jsonl... (Press Ctrl+C to stop)[0m
[1m[96m============================================================[0m
[1mSYSTEM MONITOR V2[0m | Time: 2026-09-28 14:12:31
[96m------------------------------------------------------------[0m
[1m[ CPU ][0m Used: [92m4.9%[0m | Free: 95.1%
[96m------------------------------------------------------------[0m
[1m[ RAM ][0m Used: [92m7.47 GB (50.3%)[0m | Available: 7.37 GB | Total: 14.84 GB
[1m[ SWAP ][0m Used: 0.0 GB (0.0%) | Free: 4.0 GB | Total: 4.0 GB
        [93mTop 5 RAM Processes (Logged 10):[0m
          1. chrome (PID 7552) - 1007.1 MB (6.63%)
          2. chrome (PID 6787) - 545.17 MB (3.59%)
          3. code (PID 50476) - 509.93 MB (3.35%)
          4. code (PID 50824) - 459.17 MB (3.02%)
          5. code (PID 51580) - 455.05 MB (2.99%)
[96m------------------------------------------------------------[0m
[1m[ DISK ][0m Used: [92m20.92 GB (2.28%)[0m | Free: 894.91 GB | Total: 915.83 GB
         [93mI/O:[0m Read 0.0 MB/s | Write 0.04 MB/s | Activity: 1.74%
[96m------------------------------------------------------------[0m
[1m[ NET ][0m Upload: 0.0 MB/s | Download: 0.0 MB/s
[96m------------------------------------------------------------[0m
[1m[ BATTERY ][0m [92m98.22%[0m (Charging/Plugged in)
[1m[96m============================================================[0m
[1m[92mData logged to 2026_logs/2026-09-28.jsonl... (Press Ctrl+C to stop)[0m
[1m[96m============================================================[0m
[1mSYSTEM MONITOR V2[0m | Time: 2026-09-28 14:12:37
[96m------------------------------------------------------------[0m
[1m[ CPU ][0m Used: [92m7.3%[0m | Free: 92.7%
        [93mTop 5 (Logged 10):[0m chrome (4.17%)
[96m------------------------------------------------------------[0m
[1m[ RAM ][0m Used: [92m7.47 GB (50.3%)[0m | Available: 7.38 GB | Total: 14.84 GB
[1m[ SWAP ][0m Used: 0.0 GB (0.0%) | Free: 4.0 GB | Total: 4.0 GB
        [93mTop 5 RAM Processes (Logged 10):[0m
          1. chrome (PID 7552) - 1008.92 MB (6.64%)
          2. chrome (PID 6787) - 545.16 MB (3.59%)
          3. code (PID 50476) - 508.7 MB (3.35%)
          4. code (PID 50824) - 459.16 MB (3.02%)
          5. code (PID 51580) - 455.14 MB (2.99%)
[96m------------------------------------------------------------[0m
[1m[ DISK ][0m Used: [92m20.92 GB (2.28%)[0m | Free: 894.91 GB | Total: 915.83 GB
         [93mI/O:[0m Read 0.0 MB/s | Write 0.01 MB/s | Activity: 0.08%
[96m------------------------------------------------------------[0m
[1m[ NET ][0m Upload: 0.0 MB/s | Download: 0.0 MB/s
[96m------------------------------------------------------------[0m
[1m[ BATTERY ][0m [92m98.22%[0m (Charging/Plugged in)
[1m[96m============================================================[0m
[1m[92mData logged to 2026_logs/2026-09-28.jsonl... (Press Ctrl+C to stop)[0m
[1m[96m============================================================[0m
[1mSYSTEM MONITOR V2[0m | Time: 2026-09-28 14:12:42
[96m------------------------------------------------------------[0m
[1m[ CPU ][0m Used: [92m4.8%[0m | Free: 95.2%
[96m------------------------------------------------------------[0m
[1m[ RAM ][0m Used: [92m7.45 GB (50.2%)[0m | Available: 7.39 GB | Total: 14.84 GB
[1m[ SWAP ][0m Used: 0.0 GB (0.0%) | Free: 4.0 GB | Total: 4.0 GB
        [93mTop 5 RAM Processes (Logged 10):[0m
          1. chrome (PID 7552) - 1007.95 MB (6.63%)
          2. chrome (PID 6787) - 545.16 MB (3.59%)
          3. code (PID 50476) - 510.81 MB (3.36%)
          4. code (PID 50824) - 459.12 MB (3.02%)
          5. code (PID 51580) - 455.22 MB (3.0%)
[96m------------------------------------------------------------[0m
[1m[ DISK ][0m Used: [92m20.92 GB (2.28%)[0m | Free: 894.91 GB | Total: 915.83 GB
         [93mI/O:[0m Read 0.0 MB/s | Write 0.04 MB/s | Activity: 1.69%
[96m------------------------------------------------------------[0m
[1m[ NET ][0m Upload: 0.0 MB/s | Download: 0.0 MB/s
[96m------------------------------------------------------------[0m
[1m[ BATTERY ][0m [92m98.22%[0m (Charging/Plugged in)
[1m[96m============================================================[0m
[1m[92mData logged to 2026_logs/2026-09-28.jsonl... (Press Ctrl+C to stop)[0m
[1m[96m============================================================[0m
[1mSYSTEM MONITOR V2[0m | Time: 2026-09-28 14:12:47
[96m------------------------------------------------------------[0m
[1m[ CPU ][0m Used: [92m7.1%[0m | Free: 92.9%
        [93mTop 5 (Logged 10):[0m chrome (2.85%)
[96m------------------------------------------------------------[0m
[1m[ RAM ][0m Used: [92m7.42 GB (50.0%)[0m | Available: 7.42 GB | Total: 14.84 GB
[1m[ SWAP ][0m Used: 0.0 GB (0.0%) | Free: 4.0 GB | Total: 4.0 GB
        [93mTop 5 RAM Processes (Logged 10):[0m
          1. chrome (PID 7552) - 990.75 MB (6.52%)
          2. chrome (PID 6787) - 545.85 MB (3.59%)
          3. code (PID 50476) - 507.15 MB (3.34%)
          4. code (PID 50824) - 459.16 MB (3.02%)
          5. code (PID 51580) - 455.31 MB (3.0%)
[96m------------------------------------------------------------[0m
[1m[ DISK ][0m Used: [92m20.92 GB (2.28%)[0m | Free: 894.91 GB | Total: 915.83 GB
         [93mI/O:[0m Read 0.0 MB/s | Write 0.01 MB/s | Activity: 1.57%
[96m------------------------------------------------------------[0m
[1m[ NET ][0m Upload: 0.01 MB/s | Download: 0.0 MB/s
[96m------------------------------------------------------------[0m
[1m[ BATTERY ][0m [92m98.22%[0m (Charging/Plugged in)
[1m[96m============================================================[0m
[1m[92mData logged to 2026_logs/2026-09-28.jsonl... (Press Ctrl+C to stop)[0m
[1m[96m============================================================[0m
[1mSYSTEM MONITOR V2[0m | Time: 2026-09-28 14:12:52
[96m------------------------------------------------------------[0m
[1m[ CPU ][0m Used: [92m10.3%[0m | Free: 89.7%
        [93mTop 5 (Logged 10):[0m chrome (7.23%)
[96m------------------------------------------------------------[0m
[1m[ RAM ][0m Used: [92m7.43 GB (50.0%)[0m | Available: 7.42 GB | Total: 14.84 GB
[1m[ SWAP ][0m Used: 0.0 GB (0.0%) | Free: 4.0 GB | Total: 4.0 GB
        [93mTop 5 RAM Processes (Logged 10):[0m
          1. chrome (PID 7552) - 995.8 MB (6.55%)
          2. chrome (PID 6787) - 545.37 MB (3.59%)
          3. code (PID 50476) - 507.73 MB (3.34%)
          4. code (PID 50824) - 459.32 MB (3.02%)
          5. code (PID 51580) - 455.39 MB (3.0%)
[96m------------------------------------------------------------[0m
[1m[ DISK ][0m Used: [92m20.92 GB (2.28%)[0m | Free: 894.91 GB | Total: 915.83 GB
         [93mI/O:[0m Read 0.0 MB/s | Write 0.45 MB/s | Activity: 1.08%
[96m------------------------------------------------------------[0m
[1m[ NET ][0m Upload: 0.0 MB/s | Download: 0.0 MB/s
[96m------------------------------------------------------------[0m
[1m[ BATTERY ][0m [92m98.22%[0m (Charging/Plugged in)
[1m[96m============================================================[0m
[1m[92mData logged to 2026_logs/2026-09-28.jsonl... (Press Ctrl+C to stop)[0m
[1m[96m============================================================[0m
[1mSYSTEM MONITOR V2[0m | Time: 2026-09-28 14:12:57
[96m------------------------------------------------------------[0m
[1m[ CPU ][0m Used: [92m6.7%[0m | Free: 93.3%
        [93mTop 5 (Logged 10):[0m chrome (3.08%)
[96m------------------------------------------------------------[0m
[1m[ RAM ][0m Used: [92m7.44 GB (50.1%)[0m | Available: 7.4 GB | Total: 14.84 GB
[1m[ SWAP ][0m Used: 0.0 GB (0.0%) | Free: 4.0 GB | Total: 4.0 GB
        [93mTop 5 RAM Processes (Logged 10):[0m
          1. chrome (PID 7552) - 994.98 MB (6.55%)
          2. chrome (PID 6787) - 545.9 MB (3.59%)
          3. code (PID 50476) - 499.88 MB (3.29%)
          4. code (PID 50824) - 459.68 MB (3.02%)
          5. code (PID 51580) - 455.49 MB (3.0%)
[96m------------------------------------------------------------[0m
[1m[ DISK ][0m Used: [92m20.92 GB (2.28%)[0m | Free: 894.91 GB | Total: 915.83 GB
         [93mI/O:[0m Read 0.0 MB/s | Write 0.82 MB/s | Activity: 1.19%
[96m------------------------------------------------------------[0m
[1m[ NET ][0m Upload: 0.01 MB/s | Download: 0.01 MB/s
[96m------------------------------------------------------------[0m
[1m[ BATTERY ][0m [92m98.22%[0m (Charging/Plugged in)
[1m[96m============================================================[0m
[1m[92mData logged to 2026_logs/2026-09-28.jsonl... (Press Ctrl+C to stop)[0m
[1m[96m============================================================[0m
[1mSYSTEM MONITOR V2[0m | Time: 2026-09-28 14:13:02
[96m------------------------------------------------------------[0m
[1m[ CPU ][0m Used: [92m6.1%[0m | Free: 93.9%
        [93mTop 5 (Logged 10):[0m chrome (2.98%)
[96m------------------------------------------------------------[0m
[1m[ RAM ][0m Used: [92m7.41 GB (49.9%)[0m | Available: 7.43 GB | Total: 14.84 GB
[1m[ SWAP ][0m Used: 0.0 GB (0.0%) | Free: 4.0 GB | Total: 4.0 GB
        [93mTop 5 RAM Processes (Logged 10):[0m
          1. chrome (PID 7552) - 988.73 MB (6.51%)
          2. chrome (PID 6787) - 545.53 MB (3.59%)
          3. code (PID 50476) - 499.6 MB (3.29%)
          4. code (PID 50824) - 459.76 MB (3.02%)
          5. code (PID 51580) - 454.79 MB (2.99%)
[96m------------------------------------------------------------[0m
[1m[ DISK ][0m Used: [92m20.92 GB (2.28%)[0m | Free: 894.91 GB | Total: 915.83 GB
         [93mI/O:[0m Read 0.0 MB/s | Write 0.03 MB/s | Activity: 0.88%
[96m------------------------------------------------------------[0m
[1m[ NET ][0m Upload: 0.0 MB/s | Download: 0.02 MB/s
[96m------------------------------------------------------------[0m
[1m[ BATTERY ][0m [92m98.22%[0m (Charging/Plugged in)
[1m[96m============================================================[0m
[1m[92mData logged to 2026_logs/2026-09-28.jsonl... (Press Ctrl+C to stop)[0m
[1m[96m============================================================[0m
[1mSYSTEM MONITOR V2[0m | Time: 2026-09-28 14:13:07
[96m------------------------------------------------------------[0m
[1m[ CPU ][0m Used: [92m7.3%[0m | Free: 92.7%
        [93mTop 5 (Logged 10):[0m chrome (4.51%)
[96m------------------------------------------------------------[0m
[1m[ RAM ][0m Used: [92m7.44 GB (50.1%)[0m | Available: 7.4 GB | Total: 14.84 GB
[1m[ SWAP ][0m Used: 0.0 GB (0.0%) | Free: 4.0 GB | Total: 4.0 GB
        [93mTop 5 RAM Processes (Logged 10):[0m
          1. chrome (PID 7552) - 988.03 MB (6.5%)
          2. chrome (PID 6787) - 545.59 MB (3.59%)
          3. code (PID 50476) - 499.62 MB (3.29%)
          4. code (PID 50824) - 459.15 MB (3.02%)
          5. code (PID 51580) - 454.87 MB (2.99%)
[96m------------------------------------------------------------[0m
[1m[ DISK ][0m Used: [92m20.92 GB (2.28%)[0m | Free: 894.91 GB | Total: 915.83 GB
         [93mI/O:[0m Read 0.0 MB/s | Write 0.03 MB/s | Activity: 0.08%
[96m------------------------------------------------------------[0m
[1m[ NET ][0m Upload: 0.0 MB/s | Download: 0.0 MB/s
[96m------------------------------------------------------------[0m
[1m[ BATTERY ][0m [92m98.22%[0m (Charging/Plugged in)
[1m[96m============================================================[0m
[1m[92mData logged to 2026_logs/2026-09-28.jsonl... (Press Ctrl+C to stop)[0m
[1m[96m============================================================[0m
[1mSYSTEM MONITOR V2[0m | Time: 2026-09-28 14:13:12
[96m------------------------------------------------------------[0m
[1m[ CPU ][0m Used: [92m9.4%[0m | Free: 90.6%
        [93mTop 5 (Logged 10):[0m chrome (5.45%)
[96m------------------------------------------------------------[0m
[1m[ RAM ][0m Used: [92m7.43 GB (50.1%)[0m | Available: 7.41 GB | Total: 14.84 GB
[1m[ SWAP ][0m Used: 0.0 GB (0.0%) | Free: 4.0 GB | Total: 4.0 GB
        [93mTop 5 RAM Processes (Logged 10):[0m
          1. chrome (PID 7552) - 993.21 MB (6.53%)
          2. chrome (PID 6787) - 545.45 MB (3.59%)
          3. code (PID 50476) - 496.21 MB (3.26%)
          4. code (PID 50824) - 459.16 MB (3.02%)
          5. code (PID 51580) - 454.96 MB (2.99%)
[96m------------------------------------------------------------[0m
[1m[ DISK ][0m Used: [92m20.92 GB (2.28%)[0m | Free: 894.91 GB | Total: 915.83 GB
         [93mI/O:[0m Read 0.0 MB/s | Write 0.01 MB/s | Activity: 0.9%
[96m------------------------------------------------------------[0m
[1m[ NET ][0m Upload: 0.01 MB/s | Download: 0.0 MB/s
[96m------------------------------------------------------------[0m
[1m[ BATTERY ][0m [92m98.22%[0m (Charging/Plugged in)
[1m[96m============================================================[0m
[1m[92mData logged to 2026_logs/2026-09-28.jsonl... (Press Ctrl+C to stop)[0m
[1m[96m============================================================[0m
[1mSYSTEM MONITOR V2[0m | Time: 2026-09-28 14:13:17
[96m------------------------------------------------------------[0m
[1m[ CPU ][0m Used: [92m12.1%[0m | Free: 87.9%
        [93mTop 5 (Logged 10):[0m chrome (4.01%)
[96m------------------------------------------------------------[0m
[1m[ RAM ][0m Used: [92m7.51 GB (50.6%)[0m | Available: 7.34 GB | Total: 14.84 GB
[1m[ SWAP ][0m Used: 0.0 GB (0.0%) | Free: 4.0 GB | Total: 4.0 GB
        [93mTop 5 RAM Processes (Logged 10):[0m
          1. chrome (PID 7552) - 1016.64 MB (6.69%)
          2. chrome (PID 6787) - 548.59 MB (3.61%)
          3. code (PID 50476) - 509.48 MB (3.35%)
          4. code (PID 50824) - 459.28 MB (3.02%)
          5. code (PID 51580) - 455.04 MB (2.99%)
[96m------------------------------------------------------------[0m
[1m[ DISK ][0m Used: [92m20.92 GB (2.28%)[0m | Free: 894.91 GB | Total: 915.83 GB
         [93mI/O:[0m Read 0.0 MB/s | Write 0.1 MB/s | Activity: 1.12%
[96m------------------------------------------------------------[0m
[1m[ NET ][0m Upload: 0.02 MB/s | Download: 0.02 MB/s
[96m------------------------------------------------------------[0m
[1m[ BATTERY ][0m [92m98.22%[0m (Charging/Plugged in)
[1m[96m============================================================[0m
[1m[92mData logged to 2026_logs/2026-09-28.jsonl... (Press Ctrl+C to stop)[0m
[1m[96m============================================================[0m
[1mSYSTEM MONITOR V2[0m | Time: 2026-09-28 14:13:22
[96m------------------------------------------------------------[0m
[1m[ CPU ][0m Used: [92m9.3%[0m | Free: 90.7%
        [93mTop 5 (Logged 10):[0m code (3.63%), code (3.02%)
[96m------------------------------------------------------------[0m
[1m[ RAM ][0m Used: [92m7.53 GB (50.8%)[0m | Available: 7.31 GB | Total: 14.84 GB
[1m[ SWAP ][0m Used: 0.0 GB (0.0%) | Free: 4.0 GB | Total: 4.0 GB
        [93mTop 5 RAM Processes (Logged 10):[0m
          1. chrome (PID 7552) - 1014.22 MB (6.67%)
          2. chrome (PID 6787) - 545.95 MB (3.59%)
          3. code (PID 50476) - 523.24 MB (3.44%)
          4. code (PID 50824) - 459.86 MB (3.03%)
          5. code (PID 51580) - 455.17 MB (2.99%)
[96m------------------------------------------------------------[0m
[1m[ DISK ][0m Used: [92m20.92 GB (2.28%)[0m | Free: 894.91 GB | Total: 915.83 GB
         [93mI/O:[0m Read 0.0 MB/s | Write 0.5 MB/s | Activity: 1.8%
[96m------------------------------------------------------------[0m
[1m[ NET ][0m Upload: 0.0 MB/s | Download: 0.0 MB/s
[96m------------------------------------------------------------[0m
[1m[ BATTERY ][0m [92m98.19%[0m (Charging/Plugged in)
[1m[96m============================================================[0m
[1m[92mData logged to 2026_logs/2026-09-28.jsonl... (Press Ctrl+C to stop)[0m
[1m[96m============================================================[0m
[1mSYSTEM MONITOR V2[0m | Time: 2026-09-28 14:13:28
[96m------------------------------------------------------------[0m
[1m[ CPU ][0m Used: [92m8.7%[0m | Free: 91.3%
        [93mTop 5 (Logged 10):[0m code (2.75%), code (2.07%)
[96m------------------------------------------------------------[0m
[1m[ RAM ][0m Used: [92m7.52 GB (50.6%)[0m | Available: 7.33 GB | Total: 14.84 GB
[1m[ SWAP ][0m Used: 0.0 GB (0.0%) | Free: 4.0 GB | Total: 4.0 GB
        [93mTop 5 RAM Processes (Logged 10):[0m
          1. chrome (PID 7552) - 1014.85 MB (6.68%)
          2. code (PID 50476) - 546.67 MB (3.6%)
          3. chrome (PID 6787) - 545.5 MB (3.59%)
          4. code (PID 50824) - 459.61 MB (3.02%)
          5. code (PID 51580) - 455.25 MB (3.0%)
[96m------------------------------------------------------------[0m
[1m[ DISK ][0m Used: [92m20.92 GB (2.28%)[0m | Free: 894.91 GB | Total: 915.83 GB
         [93mI/O:[0m Read 0.0 MB/s | Write 0.22 MB/s | Activity: 0.94%
[96m------------------------------------------------------------[0m
[1m[ NET ][0m Upload: 0.0 MB/s | Download: 0.0 MB/s
[96m------------------------------------------------------------[0m
[1m[ BATTERY ][0m [92m98.19%[0m (Charging/Plugged in)
[1m[96m============================================================[0m
[1m[92mData logged to 2026_logs/2026-09-28.jsonl... (Press Ctrl+C to stop)[0m
[1m[96m============================================================[0m
[1mSYSTEM MONITOR V2[0m | Time: 2026-09-28 14:13:33
[96m------------------------------------------------------------[0m
[1m[ CPU ][0m Used: [92m14.5%[0m | Free: 85.5%
        [93mTop 5 (Logged 10):[0m chrome (10.27%)
[96m------------------------------------------------------------[0m
[1m[ RAM ][0m Used: [92m7.52 GB (50.6%)[0m | Available: 7.33 GB | Total: 14.84 GB
[1m[ SWAP ][0m Used: 0.0 GB (0.0%) | Free: 4.0 GB | Total: 4.0 GB
        [93mTop 5 RAM Processes (Logged 10):[0m
          1. chrome (PID 7552) - 1015.33 MB (6.68%)
          2. chrome (PID 6787) - 545.84 MB (3.59%)
          3. code (PID 50476) - 518.14 MB (3.41%)
          4. code (PID 50824) - 459.46 MB (3.02%)
          5. code (PID 51580) - 455.34 MB (3.0%)
[96m------------------------------------------------------------[0m
[1m[ DISK ][0m Used: [92m20.92 GB (2.28%)[0m | Free: 894.91 GB | Total: 915.83 GB
         [93mI/O:[0m Read 0.0 MB/s | Write 0.86 MB/s | Activity: 0.98%
[96m------------------------------------------------------------[0m
[1m[ NET ][0m Upload: 0.0 MB/s | Download: 0.0 MB/s
[96m------------------------------------------------------------[0m
[1m[ BATTERY ][0m [92m98.19%[0m (Charging/Plugged in)
[1m[96m============================================================[0m
[1m[92mData logged to 2026_logs/2026-09-28.jsonl... (Press Ctrl+C to stop)[0m
[1m[96m============================================================[0m
[1mSYSTEM MONITOR V2[0m | Time: 2026-09-28 14:13:38
[96m------------------------------------------------------------[0m
[1m[ CPU ][0m Used: [92m5.1%[0m | Free: 94.9%
        [93mTop 5 (Logged 10):[0m chrome (3.18%)
[96m------------------------------------------------------------[0m
[1m[ RAM ][0m Used: [92m7.43 GB (50.0%)[0m | Available: 7.42 GB | Total: 14.84 GB
[1m[ SWAP ][0m Used: 0.0 GB (0.0%) | Free: 4.0 GB | Total: 4.0 GB
        [93mTop 5 RAM Processes (Logged 10):[0m
          1. chrome (PID 7552) - 1007.07 MB (6.63%)
          2. chrome (PID 6787) - 545.51 MB (3.59%)
          3. code (PID 50476) - 504.99 MB (3.32%)
          4. code (PID 50824) - 458.96 MB (3.02%)
          5. code (PID 51580) - 455.42 MB (3.0%)
[96m------------------------------------------------------------[0m
[1m[ DISK ][0m Used: [92m20.92 GB (2.28%)[0m | Free: 894.91 GB | Total: 915.83 GB
         [93mI/O:[0m Read 0.0 MB/s | Write 0.09 MB/s | Activity: 0.26%
[96m------------------------------------------------------------[0m
[1m[ NET ][0m Upload: 0.0 MB/s | Download: 0.0 MB/s
[96m------------------------------------------------------------[0m
[1m[ BATTERY ][0m [92m98.19%[0m (Charging/Plugged in)
[1m[96m============================================================[0m
[1m[92mData logged to 2026_logs/2026-09-28.jsonl... (Press Ctrl+C to stop)[0m
[1m[96m============================================================[0m
[1mSYSTEM MONITOR V2[0m | Time: 2026-09-28 14:13:43
[96m------------------------------------------------------------[0m
[1m[ CPU ][0m Used: [92m8.0%[0m | Free: 92.0%
        [93mTop 5 (Logged 10):[0m chrome (3.33%)
[96m------------------------------------------------------------[0m
[1m[ RAM ][0m Used: [92m7.5 GB (50.5%)[0m | Available: 7.34 GB | Total: 14.84 GB
[1m[ SWAP ][0m Used: 0.0 GB (0.0%) | Free: 4.0 GB | Total: 4.0 GB
        [93mTop 5 RAM Processes (Logged 10):[0m
          1. chrome (PID 7552) - 1012.18 MB (6.66%)
          2. chrome (PID 6787) - 546.02 MB (3.59%)
          3. code (PID 50476) - 505.87 MB (3.33%)
          4. code (PID 50824) - 459.28 MB (3.02%)
          5. code (PID 51580) - 455.5 MB (3.0%)
[96m------------------------------------------------------------[0m
[1m[ DISK ][0m Used: [92m20.92 GB (2.28%)[0m | Free: 894.91 GB | Total: 915.83 GB
         [93mI/O:[0m Read 0.0 MB/s | Write 0.02 MB/s | Activity: 1.68%
[96m------------------------------------------------------------[0m
[1m[ NET ][0m Upload: 0.01 MB/s | Download: 0.01 MB/s
[96m------------------------------------------------------------[0m
[1m[ BATTERY ][0m [92m98.19%[0m (Charging/Plugged in)
[1m[96m============================================================[0m
[1m[92mData logged to 2026_logs/2026-09-28.jsonl... (Press Ctrl+C to stop)[0m
[1m[96m============================================================[0m
[1mSYSTEM MONITOR V2[0m | Time: 2026-09-28 14:13:48
[96m------------------------------------------------------------[0m
[1m[ CPU ][0m Used: [92m6.5%[0m | Free: 93.5%
        [93mTop 5 (Logged 10):[0m chrome (3.82%)
[96m------------------------------------------------------------[0m
[1m[ RAM ][0m Used: [92m7.45 GB (50.2%)[0m | Available: 7.39 GB | Total: 14.84 GB
[1m[ SWAP ][0m Used: 0.0 GB (0.0%) | Free: 4.0 GB | Total: 4.0 GB
        [93mTop 5 RAM Processes (Logged 10):[0m
          1. chrome (PID 7552) - 1001.46 MB (6.59%)
          2. chrome (PID 6787) - 547.06 MB (3.6%)
          3. code (PID 50476) - 507.07 MB (3.34%)
          4. code (PID 50824) - 459.24 MB (3.02%)
          5. code (PID 51580) - 455.6 MB (3.0%)
[96m------------------------------------------------------------[0m
[1m[ DISK ][0m Used: [92m20.92 GB (2.28%)[0m | Free: 894.91 GB | Total: 915.83 GB
         [93mI/O:[0m Read 0.0 MB/s | Write 0.02 MB/s | Activity: 0.94%
[96m------------------------------------------------------------[0m
[1m[ NET ][0m Upload: 0.0 MB/s | Download: 0.0 MB/s
[96m------------------------------------------------------------[0m
[1m[ BATTERY ][0m [92m98.19%[0m (Charging/Plugged in)
[1m[96m============================================================[0m
[1m[92mData logged to 2026_logs/2026-09-28.jsonl... (Press Ctrl+C to stop)[0m
[1m[96m============================================================[0m
[1mSYSTEM MONITOR V2[0m | Time: 2026-09-28 14:13:53
[96m------------------------------------------------------------[0m
[1m[ CPU ][0m Used: [92m5.1%[0m | Free: 94.9%
        [93mTop 5 (Logged 10):[0m chrome (3.18%)
[96m------------------------------------------------------------[0m
[1m[ RAM ][0m Used: [92m7.46 GB (50.3%)[0m | Available: 7.38 GB | Total: 14.84 GB
[1m[ SWAP ][0m Used: 0.0 GB (0.0%) | Free: 4.0 GB | Total: 4.0 GB
        [93mTop 5 RAM Processes (Logged 10):[0m
          1. chrome (PID 7552) - 1010.97 MB (6.65%)
          2. chrome (PID 6787) - 546.41 MB (3.59%)
          3. code (PID 50476) - 508.02 MB (3.34%)
          4. code (PID 50824) - 459.24 MB (3.02%)
          5. code (PID 51580) - 454.93 MB (2.99%)
[96m------------------------------------------------------------[0m
[1m[ DISK ][0m Used: [92m20.92 GB (2.28%)[0m | Free: 894.91 GB | Total: 915.83 GB
         [93mI/O:[0m Read 0.0 MB/s | Write 0.67 MB/s | Activity: 0.98%
[96m------------------------------------------------------------[0m
[1m[ NET ][0m Upload: 0.02 MB/s | Download: 0.0 MB/s
[96m------------------------------------------------------------[0m
[1m[ BATTERY ][0m [92m98.19%[0m (Charging/Plugged in)
[1m[96m============================================================[0m
[1m[92mData logged to 2026_logs/2026-09-28.jsonl... (Press Ctrl+C to stop)[0m
[1m[96m============================================================[0m
[1mSYSTEM MONITOR V2[0m | Time: 2026-09-28 14:13:58
[96m------------------------------------------------------------[0m
[1m[ CPU ][0m Used: [92m6.2%[0m | Free: 93.8%
        [93mTop 5 (Logged 10):[0m chrome (4.45%)
[96m------------------------------------------------------------[0m
[1m[ RAM ][0m Used: [92m7.46 GB (50.3%)[0m | Available: 7.38 GB | Total: 14.84 GB
[1m[ SWAP ][0m Used: 0.0 GB (0.0%) | Free: 4.0 GB | Total: 4.0 GB
        [93mTop 5 RAM Processes (Logged 10):[0m
          1. chrome (PID 7552) - 1009.74 MB (6.64%)
          2. chrome (PID 6787) - 546.11 MB (3.59%)
          3. code (PID 50476) - 506.7 MB (3.33%)
          4. code (PID 50824) - 459.28 MB (3.02%)
          5. code (PID 51580) - 455.01 MB (2.99%)
[96m------------------------------------------------------------[0m
[1m[ DISK ][0m Used: [92m20.92 GB (2.28%)[0m | Free: 894.91 GB | Total: 915.83 GB
         [93mI/O:[0m Read 0.0 MB/s | Write 0.1 MB/s | Activity: 0.18%
[96m------------------------------------------------------------[0m
[1m[ NET ][0m Upload: 0.0 MB/s | Download: 0.0 MB/s
[96m------------------------------------------------------------[0m
[1m[ BATTERY ][0m [92m98.19%[0m (Charging/Plugged in)
[1m[96m============================================================[0m
[1m[92mData logged to 2026_logs/2026-09-28.jsonl... (Press Ctrl+C to stop)[0m
[1m[96m============================================================[0m
[1mSYSTEM MONITOR V2[0m | Time: 2026-09-28 14:14:03
[96m------------------------------------------------------------[0m
[1m[ CPU ][0m Used: [92m5.9%[0m | Free: 94.1%
        [93mTop 5 (Logged 10):[0m chrome (3.61%)
[96m------------------------------------------------------------[0m
[1m[ RAM ][0m Used: [92m7.49 GB (50.5%)[0m | Available: 7.35 GB | Total: 14.84 GB
[1m[ SWAP ][0m Used: 0.0 GB (0.0%) | Free: 4.0 GB | Total: 4.0 GB
        [93mTop 5 RAM Processes (Logged 10):[0m
          1. chrome (PID 7552) - 1017.33 MB (6.69%)
          2. chrome (PID 6787) - 546.04 MB (3.59%)
          3. code (PID 50476) - 507.38 MB (3.34%)
          4. code (PID 50824) - 459.29 MB (3.02%)
          5. code (PID 51580) - 455.11 MB (2.99%)
[96m------------------------------------------------------------[0m
[1m[ DISK ][0m Used: [92m20.92 GB (2.28%)[0m | Free: 894.91 GB | Total: 915.83 GB
         [93mI/O:[0m Read 0.0 MB/s | Write 0.82 MB/s | Activity: 1.1%
[96m------------------------------------------------------------[0m
[1m[ NET ][0m Upload: 0.0 MB/s | Download: 0.0 MB/s
[96m------------------------------------------------------------[0m
[1m[ BATTERY ][0m [92m98.19%[0m (Charging/Plugged in)
[1m[96m============================================================[0m
[1m[92mData logged to 2026_logs/2026-09-28.jsonl... (Press Ctrl+C to stop)[0m
[1m[96m============================================================[0m
[1mSYSTEM MONITOR V2[0m | Time: 2026-09-28 14:14:08
[96m------------------------------------------------------------[0m
[1m[ CPU ][0m Used: [92m11.6%[0m | Free: 88.4%
        [93mTop 5 (Logged 10):[0m chrome (8.44%)
[96m------------------------------------------------------------[0m
[1m[ RAM ][0m Used: [92m7.52 GB (50.7%)[0m | Available: 7.32 GB | Total: 14.84 GB
[1m[ SWAP ][0m Used: 0.0 GB (0.0%) | Free: 4.0 GB | Total: 4.0 GB
        [93mTop 5 RAM Processes (Logged 10):[0m
          1. chrome (PID 7552) - 1024.43 MB (6.74%)
          2. chrome (PID 6787) - 547.71 MB (3.6%)
          3. code (PID 50476) - 508.47 MB (3.35%)
          4. code (PID 50824) - 459.29 MB (3.02%)
          5. code (PID 51580) - 455.19 MB (2.99%)
[96m------------------------------------------------------------[0m
[1m[ DISK ][0m Used: [92m20.92 GB (2.28%)[0m | Free: 894.91 GB | Total: 915.83 GB
         [93mI/O:[0m Read 0.0 MB/s | Write 0.33 MB/s | Activity: 1.02%
[96m------------------------------------------------------------[0m
[1m[ NET ][0m Upload: 0.02 MB/s | Download: 0.01 MB/s
[96m------------------------------------------------------------[0m
[1m[ BATTERY ][0m [92m98.19%[0m (Charging/Plugged in)
[1m[96m============================================================[0m
[1m[92mData logged to 2026_logs/2026-09-28.jsonl... (Press Ctrl+C to stop)[0m
[1m[96m============================================================[0m
[1mSYSTEM MONITOR V2[0m | Time: 2026-09-28 14:14:14
[96m------------------------------------------------------------[0m
[1m[ CPU ][0m Used: [92m2.3%[0m | Free: 97.7%
[96m------------------------------------------------------------[0m
[1m[ RAM ][0m Used: [92m7.5 GB (50.5%)[0m | Available: 7.35 GB | Total: 14.84 GB
[1m[ SWAP ][0m Used: 0.0 GB (0.0%) | Free: 4.0 GB | Total: 4.0 GB
        [93mTop 5 RAM Processes (Logged 10):[0m
          1. chrome (PID 7552) - 1023.23 MB (6.73%)
          2. chrome (PID 6787) - 546.6 MB (3.6%)
          3. code (PID 50476) - 509.59 MB (3.35%)
          4. code (PID 50824) - 459.26 MB (3.02%)
          5. code (PID 51580) - 455.28 MB (3.0%)
[96m------------------------------------------------------------[0m
[1m[ DISK ][0m Used: [92m20.92 GB (2.28%)[0m | Free: 894.91 GB | Total: 915.83 GB
         [93mI/O:[0m Read 0.0 MB/s | Write 0.05 MB/s | Activity: 0.98%
[96m------------------------------------------------------------[0m
[1m[ NET ][0m Upload: 0.0 MB/s | Download: 0.0 MB/s
[96m------------------------------------------------------------[0m
[1m[ BATTERY ][0m [92m98.19%[0m (Charging/Plugged in)
[1m[96m============================================================[0m
[1m[92mData logged to 2026_logs/2026-09-28.jsonl... (Press Ctrl+C to stop)[0m
[1m[96m============================================================[0m
[1mSYSTEM MONITOR V2[0m | Time: 2026-09-28 14:14:19
[96m------------------------------------------------------------[0m
[1m[ CPU ][0m Used: [92m5.7%[0m | Free: 94.3%
        [93mTop 5 (Logged 10):[0m chrome (4.23%)
[96m------------------------------------------------------------[0m
[1m[ RAM ][0m Used: [92m7.5 GB (50.5%)[0m | Available: 7.35 GB | Total: 14.84 GB
[1m[ SWAP ][0m Used: 0.0 GB (0.0%) | Free: 4.0 GB | Total: 4.0 GB
        [93mTop 5 RAM Processes (Logged 10):[0m
          1. chrome (PID 7552) - 1028.55 MB (6.77%)
          2. chrome (PID 6787) - 547.02 MB (3.6%)
          3. code (PID 50476) - 508.89 MB (3.35%)
          4. code (PID 50824) - 459.39 MB (3.02%)
          5. code (PID 51580) - 455.36 MB (3.0%)
[96m------------------------------------------------------------[0m
[1m[ DISK ][0m Used: [92m20.92 GB (2.28%)[0m | Free: 894.91 GB | Total: 915.83 GB
         [93mI/O:[0m Read 0.01 MB/s | Write 0.07 MB/s | Activity: 0.3%
[96m------------------------------------------------------------[0m
[1m[ NET ][0m Upload: 0.0 MB/s | Download: 0.0 MB/s
[96m------------------------------------------------------------[0m
[1m[ BATTERY ][0m [92m98.19%[0m (Charging/Plugged in)
[1m[96m============================================================[0m
[1m[92mData logged to 2026_logs/2026-09-28.jsonl... (Press Ctrl+C to stop)[0m
[1m[96m============================================================[0m
[1mSYSTEM MONITOR V2[0m | Time: 2026-09-28 14:14:24
[96m------------------------------------------------------------[0m
[1m[ CPU ][0m Used: [92m4.4%[0m | Free: 95.6%
        [93mTop 5 (Logged 10):[0m chrome (2.32%)
[96m------------------------------------------------------------[0m
[1m[ RAM ][0m Used: [92m7.5 GB (50.5%)[0m | Available: 7.34 GB | Total: 14.84 GB
[1m[ SWAP ][0m Used: 0.0 GB (0.0%) | Free: 4.0 GB | Total: 4.0 GB
        [93mTop 5 RAM Processes (Logged 10):[0m
          1. chrome (PID 7552) - 1027.36 MB (6.76%)
          2. chrome (PID 6787) - 546.18 MB (3.59%)
          3. code (PID 50476) - 509.38 MB (3.35%)
          4. code (PID 50824) - 458.52 MB (3.02%)
          5. code (PID 51580) - 455.44 MB (3.0%)
[96m------------------------------------------------------------[0m
[1m[ DISK ][0m Used: [92m20.92 GB (2.28%)[0m | Free: 894.91 GB | Total: 915.83 GB
         [93mI/O:[0m Read 0.0 MB/s | Write 0.02 MB/s | Activity: 0.08%
[96m------------------------------------------------------------[0m
[1m[ NET ][0m Upload: 0.01 MB/s | Download: 0.0 MB/s
[96m------------------------------------------------------------[0m
[1m[ BATTERY ][0m [92m98.19%[0m (Charging/Plugged in)
[1m[96m============================================================[0m
[1m[92mData logged to 2026_logs/2026-09-28.jsonl... (Press Ctrl+C to stop)[0m
[1m[96m============================================================[0m
[1mSYSTEM MONITOR V2[0m | Time: 2026-09-28 14:14:29
[96m------------------------------------------------------------[0m
[1m[ CPU ][0m Used: [92m4.4%[0m | Free: 95.6%
[96m------------------------------------------------------------[0m
[1m[ RAM ][0m Used: [92m7.5 GB (50.5%)[0m | Available: 7.34 GB | Total: 14.84 GB
[1m[ SWAP ][0m Used: 0.0 GB (0.0%) | Free: 4.0 GB | Total: 4.0 GB
        [93mTop 5 RAM Processes (Logged 10):[0m
          1. chrome (PID 7552) - 1027.25 MB (6.76%)
          2. chrome (PID 6787) - 546.22 MB (3.59%)
          3. code (PID 50476) - 510.11 MB (3.36%)
          4. code (PID 50824) - 459.32 MB (3.02%)
          5. code (PID 51580) - 455.53 MB (3.0%)
[96m------------------------------------------------------------[0m
[1m[ DISK ][0m Used: [92m20.92 GB (2.28%)[0m | Free: 894.91 GB | Total: 915.83 GB
         [93mI/O:[0m Read 0.0 MB/s | Write 0.5 MB/s | Activity: 1.14%
[96m------------------------------------------------------------[0m
[1m[ NET ][0m Upload: 0.0 MB/s | Download: 0.0 MB/s
[96m------------------------------------------------------------[0m
[1m[ BATTERY ][0m [92m98.19%[0m (Charging/Plugged in)
[1m[96m============================================================[0m
[1m[92mData logged to 2026_logs/2026-09-28.jsonl... (Press Ctrl+C to stop)[0m
[1m[96m============================================================[0m
[1mSYSTEM MONITOR V2[0m | Time: 2026-09-28 14:14:34
[96m------------------------------------------------------------[0m
[1m[ CPU ][0m Used: [92m6.5%[0m | Free: 93.5%
[96m------------------------------------------------------------[0m
[1m[ RAM ][0m Used: [92m7.29 GB (49.1%)[0m | Available: 7.56 GB | Total: 14.84 GB
[1m[ SWAP ][0m Used: 0.0 GB (0.0%) | Free: 4.0 GB | Total: 4.0 GB
        [93mTop 5 RAM Processes (Logged 10):[0m
          1. chrome (PID 7552) - 822.93 MB (5.41%)
          2. chrome (PID 6787) - 546.37 MB (3.59%)
          3. code (PID 50476) - 498.14 MB (3.28%)
          4. code (PID 50824) - 459.37 MB (3.02%)
          5. code (PID 51580) - 455.61 MB (3.0%)
[96m------------------------------------------------------------[0m
[1m[ DISK ][0m Used: [92m20.92 GB (2.28%)[0m | Free: 894.91 GB | Total: 915.83 GB
         [93mI/O:[0m Read 0.0 MB/s | Write 0.7 MB/s | Activity: 0.53%
[96m------------------------------------------------------------[0m
[1m[ NET ][0m Upload: 0.01 MB/s | Download: 0.0 MB/s
[96m------------------------------------------------------------[0m
[1m[ BATTERY ][0m [92m98.19%[0m (Charging/Plugged in)
[1m[96m============================================================[0m
[1m[92mData logged to 2026_logs/2026-09-28.jsonl... (Press Ctrl+C to stop)[0m
[1m[96m============================================================[0m
[1mSYSTEM MONITOR V2[0m | Time: 2026-09-28 14:14:39
[96m------------------------------------------------------------[0m
[1m[ CPU ][0m Used: [92m2.0%[0m | Free: 98.0%
[96m------------------------------------------------------------[0m
[1m[ RAM ][0m Used: [92m7.27 GB (49.0%)[0m | Available: 7.57 GB | Total: 14.84 GB
[1m[ SWAP ][0m Used: 0.0 GB (0.0%) | Free: 4.0 GB | Total: 4.0 GB
        [93mTop 5 RAM Processes (Logged 10):[0m
          1. chrome (PID 7552) - 822.65 MB (5.41%)
          2. chrome (PID 6787) - 546.2 MB (3.59%)
          3. code (PID 50476) - 499.61 MB (3.29%)
          4. code (PID 50824) - 459.06 MB (3.02%)
          5. code (PID 51580) - 455.71 MB (3.0%)
[96m------------------------------------------------------------[0m
[1m[ DISK ][0m Used: [92m20.92 GB (2.28%)[0m | Free: 894.91 GB | Total: 915.83 GB
         [93mI/O:[0m Read 0.0 MB/s | Write 0.02 MB/s | Activity: 0.88%
[96m------------------------------------------------------------[0m
[1m[ NET ][0m Upload: 0.0 MB/s | Download: 0.0 MB/s
[96m------------------------------------------------------------[0m
[1m[ BATTERY ][0m [92m98.19%[0m (Charging/Plugged in)
[1m[96m============================================================[0m
[1m[92mData logged to 2026_logs/2026-09-28.jsonl... (Press Ctrl+C to stop)[0m
[1m[96m============================================================[0m
[1mSYSTEM MONITOR V2[0m | Time: 2026-09-28 14:14:44
[96m------------------------------------------------------------[0m
[1m[ CPU ][0m Used: [92m0.8%[0m | Free: 99.2%
[96m------------------------------------------------------------[0m
[1m[ RAM ][0m Used: [92m7.26 GB (48.9%)[0m | Available: 7.58 GB | Total: 14.84 GB
[1m[ SWAP ][0m Used: 0.0 GB (0.0%) | Free: 4.0 GB | Total: 4.0 GB
        [93mTop 5 RAM Processes (Logged 10):[0m
          1. chrome (PID 7552) - 819.28 MB (5.39%)
          2. chrome (PID 6787) - 545.93 MB (3.59%)
          3. code (PID 50476) - 496.98 MB (3.27%)
          4. code (PID 50824) - 459.11 MB (3.02%)
          5. code (PID 51580) - 455.04 MB (2.99%)
[96m------------------------------------------------------------[0m
[1m[ DISK ][0m Used: [92m20.92 GB (2.28%)[0m | Free: 894.91 GB | Total: 915.83 GB
         [93mI/O:[0m Read 0.0 MB/s | Write 0.21 MB/s | Activity: 0.31%
[96m------------------------------------------------------------[0m
[1m[ NET ][0m Upload: 0.0 MB/s | Download: 0.0 MB/s
[96m------------------------------------------------------------[0m
[1m[ BATTERY ][0m [92m98.19%[0m (Charging/Plugged in)
[1m[96m============================================================[0m
[1m[92mData logged to 2026_logs/2026-09-28.jsonl... (Press Ctrl+C to stop)[0m
[1m[96m============================================================[0m
[1mSYSTEM MONITOR V2[0m | Time: 2026-09-28 14:14:49
[96m------------------------------------------------------------[0m
[1m[ CPU ][0m Used: [92m1.1%[0m | Free: 98.9%
[96m------------------------------------------------------------[0m
[1m[ RAM ][0m Used: [92m7.14 GB (48.1%)[0m | Available: 7.7 GB | Total: 14.84 GB
[1m[ SWAP ][0m Used: 0.0 GB (0.0%) | Free: 4.0 GB | Total: 4.0 GB
        [93mTop 5 RAM Processes (Logged 10):[0m
          1. chrome (PID 7552) - 817.29 MB (5.38%)
          2. chrome (PID 6787) - 546.46 MB (3.6%)
          3. code (PID 50476) - 498.2 MB (3.28%)
          4. code (PID 50824) - 459.28 MB (3.02%)
          5. code (PID 51580) - 455.12 MB (2.99%)
[96m------------------------------------------------------------[0m
[1m[ DISK ][0m Used: [92m20.92 GB (2.28%)[0m | Free: 894.91 GB | Total: 915.83 GB
         [93mI/O:[0m Read 0.0 MB/s | Write 0.03 MB/s | Activity: 0.24%
[96m------------------------------------------------------------[0m
[1m[ NET ][0m Upload: 0.01 MB/s | Download: 0.0 MB/s
[96m------------------------------------------------------------[0m
[1m[ BATTERY ][0m [92m98.19%[0m (Charging/Plugged in)
[1m[96m============================================================[0m
[1m[92mData logged to 2026_logs/2026-09-28.jsonl... (Press Ctrl+C to stop)[0m
[1m[96m============================================================[0m
[1mSYSTEM MONITOR V2[0m | Time: 2026-09-28 14:14:54
[96m------------------------------------------------------------[0m
[1m[ CPU ][0m Used: [92m1.1%[0m | Free: 98.9%
[96m------------------------------------------------------------[0m
[1m[ RAM ][0m Used: [92m7.11 GB (47.9%)[0m | Available: 7.73 GB | Total: 14.84 GB
[1m[ SWAP ][0m Used: 0.0 GB (0.0%) | Free: 4.0 GB | Total: 4.0 GB
        [93mTop 5 RAM Processes (Logged 10):[0m
          1. chrome (PID 7552) - 805.45 MB (5.3%)
          2. chrome (PID 6787) - 546.27 MB (3.59%)
          3. code (PID 50476) - 478.99 MB (3.15%)
          4. code (PID 50824) - 458.61 MB (3.02%)
          5. code (PID 51580) - 455.2 MB (2.99%)
[96m------------------------------------------------------------[0m
[1m[ DISK ][0m Used: [92m20.92 GB (2.28%)[0m | Free: 894.91 GB | Total: 915.83 GB
         [93mI/O:[0m Read 0.0 MB/s | Write 0.02 MB/s | Activity: 0.96%
[96m------------------------------------------------------------[0m
[1m[ NET ][0m Upload: 0.0 MB/s | Download: 0.0 MB/s
[96m------------------------------------------------------------[0m
[1m[ BATTERY ][0m [92m98.19%[0m (Charging/Plugged in)
[1m[96m============================================================[0m
[1m[92mData logged to 2026_logs/2026-09-28.jsonl... (Press Ctrl+C to stop)[0m
[1m[96m============================================================[0m
[1mSYSTEM MONITOR V2[0m | Time: 2026-09-28 14:14:59
[96m------------------------------------------------------------[0m
[1m[ CPU ][0m Used: [92m0.8%[0m | Free: 99.2%
[96m------------------------------------------------------------[0m
[1m[ RAM ][0m Used: [92m7.11 GB (47.9%)[0m | Available: 7.73 GB | Total: 14.84 GB
[1m[ SWAP ][0m Used: 0.0 GB (0.0%) | Free: 4.0 GB | Total: 4.0 GB
        [93mTop 5 RAM Processes (Logged 10):[0m
          1. chrome (PID 7552) - 805.16 MB (5.3%)
          2. chrome (PID 6787) - 546.05 MB (3.59%)
          3. code (PID 50476) - 479.34 MB (3.15%)
          4. code (PID 50824) - 458.72 MB (3.02%)
          5. code (PID 51580) - 455.29 MB (3.0%)
[96m------------------------------------------------------------[0m
[1m[ DISK ][0m Used: [92m20.92 GB (2.28%)[0m | Free: 894.91 GB | Total: 915.83 GB
         [93mI/O:[0m Read 0.0 MB/s | Write 0.39 MB/s | Activity: 1.73%
[96m------------------------------------------------------------[0m
[1m[ NET ][0m Upload: 0.0 MB/s | Download: 0.0 MB/s
[96m------------------------------------------------------------[0m
[1m[ BATTERY ][0m [92m98.19%[0m (Charging/Plugged in)
[1m[96m============================================================[0m
[1m[92mData logged to 2026_logs/2026-09-28.jsonl... (Press Ctrl+C to stop)[0m
[1m[96m============================================================[0m
[1mSYSTEM MONITOR V2[0m | Time: 2026-09-28 14:15:04
[96m------------------------------------------------------------[0m
[1m[ CPU ][0m Used: [92m0.8%[0m | Free: 99.2%
[96m------------------------------------------------------------[0m
[1m[ RAM ][0m Used: [92m7.11 GB (47.9%)[0m | Available: 7.74 GB | Total: 14.84 GB
[1m[ SWAP ][0m Used: 0.0 GB (0.0%) | Free: 4.0 GB | Total: 4.0 GB
        [93mTop 5 RAM Processes (Logged 10):[0m
          1. chrome (PID 7552) - 793.75 MB (5.22%)
          2. chrome (PID 6787) - 546.05 MB (3.59%)
          3. code (PID 50476) - 479.88 MB (3.16%)
          4. code (PID 50824) - 458.84 MB (3.02%)
          5. code (PID 51580) - 455.37 MB (3.0%)
[96m------------------------------------------------------------[0m
[1m[ DISK ][0m Used: [92m20.92 GB (2.28%)[0m | Free: 894.91 GB | Total: 915.83 GB
         [93mI/O:[0m Read 0.0 MB/s | Write 0.08 MB/s | Activity: 1.73%
[96m------------------------------------------------------------[0m
[1m[ NET ][0m Upload: 0.0 MB/s | Download: 0.0 MB/s
[96m------------------------------------------------------------[0m
[1m[ BATTERY ][0m [92m98.19%[0m (Charging/Plugged in)
[1m[96m============================================================[0m
[1m[92mData logged to 2026_logs/2026-09-28.jsonl... (Press Ctrl+C to stop)[0m
[1m[96m============================================================[0m
[1mSYSTEM MONITOR V2[0m | Time: 2026-09-28 14:15:10
[96m------------------------------------------------------------[0m
[1m[ CPU ][0m Used: [92m0.7%[0m | Free: 99.3%
[96m------------------------------------------------------------[0m
[1m[ RAM ][0m Used: [92m7.1 GB (47.8%)[0m | Available: 7.74 GB | Total: 14.84 GB
[1m[ SWAP ][0m Used: 0.0 GB (0.0%) | Free: 4.0 GB | Total: 4.0 GB
        [93mTop 5 RAM Processes (Logged 10):[0m
          1. chrome (PID 7552) - 790.5 MB (5.2%)
          2. chrome (PID 6787) - 546.06 MB (3.59%)
          3. code (PID 50476) - 480.32 MB (3.16%)
          4. code (PID 50824) - 458.96 MB (3.02%)
          5. code (PID 51580) - 455.45 MB (3.0%)
[96m------------------------------------------------------------[0m
[1m[ DISK ][0m Used: [92m20.92 GB (2.28%)[0m | Free: 894.91 GB | Total: 915.83 GB
         [93mI/O:[0m Read 0.0 MB/s | Write 0.86 MB/s | Activity: 0.96%
[96m------------------------------------------------------------[0m
[1m[ NET ][0m Upload: 0.0 MB/s | Download: 0.0 MB/s
[96m------------------------------------------------------------[0m
[1m[ BATTERY ][0m [92m98.19%[0m (Charging/Plugged in)
[1m[96m============================================================[0m
[1m[92mData logged to 2026_logs/2026-09-28.jsonl... (Press Ctrl+C to stop)[0m
[1m[96m============================================================[0m
[1mSYSTEM MONITOR V2[0m | Time: 2026-09-28 14:15:15
[96m------------------------------------------------------------[0m
[1m[ CPU ][0m Used: [92m0.8%[0m | Free: 99.2%
[96m------------------------------------------------------------[0m
[1m[ RAM ][0m Used: [92m7.09 GB (47.8%)[0m | Available: 7.75 GB | Total: 14.84 GB
[1m[ SWAP ][0m Used: 0.0 GB (0.0%) | Free: 4.0 GB | Total: 4.0 GB
        [93mTop 5 RAM Processes (Logged 10):[0m
          1. chrome (PID 7552) - 778.04 MB (5.12%)
          2. chrome (PID 6787) - 546.02 MB (3.59%)
          3. code (PID 50476) - 475.07 MB (3.13%)
          4. code (PID 50824) - 459.08 MB (3.02%)
          5. code (PID 51580) - 455.54 MB (3.0%)
[96m------------------------------------------------------------[0m
[1m[ DISK ][0m Used: [92m20.92 GB (2.28%)[0m | Free: 894.91 GB | Total: 915.83 GB
         [93mI/O:[0m Read 0.0 MB/s | Write 0.02 MB/s | Activity: 0.9%
[96m------------------------------------------------------------[0m
[1m[ NET ][0m Upload: 0.0 MB/s | Download: 0.0 MB/s
[96m------------------------------------------------------------[0m
[1m[ BATTERY ][0m [92m98.19%[0m (Charging/Plugged in)
[1m[96m============================================================[0m
[1m[92mData logged to 2026_logs/2026-09-28.jsonl... (Press Ctrl+C to stop)[0m
[1m[96m============================================================[0m
[1mSYSTEM MONITOR V2[0m | Time: 2026-09-28 14:15:20
[96m------------------------------------------------------------[0m
[1m[ CPU ][0m Used: [92m1.5%[0m | Free: 98.5%
[96m------------------------------------------------------------[0m
[1m[ RAM ][0m Used: [92m7.11 GB (47.9%)[0m | Available: 7.73 GB | Total: 14.84 GB
[1m[ SWAP ][0m Used: 0.0 GB (0.0%) | Free: 4.0 GB | Total: 4.0 GB
        [93mTop 5 RAM Processes (Logged 10):[0m
          1. chrome (PID 7552) - 776.83 MB (5.11%)
          2. chrome (PID 6787) - 546.16 MB (3.59%)
          3. code (PID 50476) - 475.97 MB (3.13%)
          4. code (PID 50824) - 459.34 MB (3.02%)
          5. code (PID 51580) - 455.62 MB (3.0%)
[96m------------------------------------------------------------[0m
[1m[ DISK ][0m Used: [92m20.92 GB (2.28%)[0m | Free: 894.91 GB | Total: 915.83 GB
         [93mI/O:[0m Read 0.0 MB/s | Write 0.05 MB/s | Activity: 0.78%
[96m------------------------------------------------------------[0m
[1m[ NET ][0m Upload: 0.0 MB/s | Download: 0.0 MB/s
[96m------------------------------------------------------------[0m
[1m[ BATTERY ][0m [92m98.19%[0m (Charging/Plugged in)
[1m[96m============================================================[0m
[1m[92mData logged to 2026_logs/2026-09-28.jsonl... (Press Ctrl+C to stop)[0m
[1m[96m============================================================[0m
[1mSYSTEM MONITOR V2[0m | Time: 2026-09-28 14:15:25
[96m------------------------------------------------------------[0m
[1m[ CPU ][0m Used: [92m0.7%[0m | Free: 99.3%
[96m------------------------------------------------------------[0m
[1m[ RAM ][0m Used: [92m7.11 GB (47.9%)[0m | Available: 7.73 GB | Total: 14.84 GB
[1m[ SWAP ][0m Used: 0.0 GB (0.0%) | Free: 4.0 GB | Total: 4.0 GB
        [93mTop 5 RAM Processes (Logged 10):[0m
          1. chrome (PID 7552) - 776.84 MB (5.11%)
          2. chrome (PID 6787) - 546.16 MB (3.59%)
          3. code (PID 50476) - 476.46 MB (3.13%)
          4. code (PID 50824) - 459.4 MB (3.02%)
          5. code (PID 51580) - 455.71 MB (3.0%)
[96m------------------------------------------------------------[0m
[1m[ DISK ][0m Used: [92m20.92 GB (2.28%)[0m | Free: 894.91 GB | Total: 915.83 GB
         [93mI/O:[0m Read 0.0 MB/s | Write 0.03 MB/s | Activity: 0.94%
[96m------------------------------------------------------------[0m
[1m[ NET ][0m Upload: 0.0 MB/s | Download: 0.0 MB/s
[96m------------------------------------------------------------[0m
[1m[ BATTERY ][0m [92m98.19%[0m (Charging/Plugged in)
[1m[96m============================================================[0m
[1m[92mData logged to 2026_logs/2026-09-28.jsonl... (Press Ctrl+C to stop)[0m
[1m[96m============================================================[0m
[1mSYSTEM MONITOR V2[0m | Time: 2026-09-28 14:15:30
[96m------------------------------------------------------------[0m
[1m[ CPU ][0m Used: [92m0.7%[0m | Free: 99.3%
[96m------------------------------------------------------------[0m
[1m[ RAM ][0m Used: [92m7.1 GB (47.8%)[0m | Available: 7.74 GB | Total: 14.84 GB
[1m[ SWAP ][0m Used: 0.0 GB (0.0%) | Free: 4.0 GB | Total: 4.0 GB
        [93mTop 5 RAM Processes (Logged 10):[0m
          1. chrome (PID 7552) - 775.07 MB (5.1%)
          2. chrome (PID 6787) - 546.05 MB (3.59%)
          3. code (PID 50476) - 476.81 MB (3.14%)
          4. code (PID 50824) - 458.91 MB (3.02%)
          5. code (PID 51580) - 455.8 MB (3.0%)
[96m------------------------------------------------------------[0m
[1m[ DISK ][0m Used: [92m20.92 GB (2.28%)[0m | Free: 894.91 GB | Total: 915.83 GB
         [93mI/O:[0m Read 0.0 MB/s | Write 0.33 MB/s | Activity: 1.73%
[96m------------------------------------------------------------[0m
[1m[ NET ][0m Upload: 0.0 MB/s | Download: 0.0 MB/s
[96m------------------------------------------------------------[0m
[1m[ BATTERY ][0m [92m98.19%[0m (Charging/Plugged in)
[1m[96m============================================================[0m
[1m[92mData logged to 2026_logs/2026-09-28.jsonl... (Press Ctrl+C to stop)[0m
[1m[96m============================================================[0m
[1mSYSTEM MONITOR V2[0m | Time: 2026-09-28 14:15:35
[96m------------------------------------------------------------[0m
[1m[ CPU ][0m Used: [92m0.8%[0m | Free: 99.2%
[96m------------------------------------------------------------[0m
[1m[ RAM ][0m Used: [92m7.13 GB (48.1%)[0m | Available: 7.71 GB | Total: 14.84 GB
[1m[ SWAP ][0m Used: 0.0 GB (0.0%) | Free: 4.0 GB | Total: 4.0 GB
        [93mTop 5 RAM Processes (Logged 10):[0m
          1. chrome (PID 7552) - 772.05 MB (5.08%)
          2. chrome (PID 6787) - 545.98 MB (3.59%)
          3. code (PID 50476) - 501.92 MB (3.3%)
          4. code (PID 50824) - 458.93 MB (3.02%)
          5. code (PID 51580) - 455.13 MB (2.99%)
[96m------------------------------------------------------------[0m
[1m[ DISK ][0m Used: [92m20.92 GB (2.28%)[0m | Free: 894.91 GB | Total: 915.83 GB
         [93mI/O:[0m Read 0.0 MB/s | Write 0.01 MB/s | Activity: 0.92%
[96m------------------------------------------------------------[0m
[1m[ NET ][0m Upload: 0.0 MB/s | Download: 0.0 MB/s
[96m------------------------------------------------------------[0m
[1m[ BATTERY ][0m [92m98.19%[0m (Charging/Plugged in)
[1m[96m============================================================[0m
[1m[92mData logged to 2026_logs/2026-09-28.jsonl... (Press Ctrl+C to stop)[0m
[1m[96m============================================================[0m
[1mSYSTEM MONITOR V2[0m | Time: 2026-09-28 14:15:40
[96m------------------------------------------------------------[0m
[1m[ CPU ][0m Used: [92m0.9%[0m | Free: 99.1%
[96m------------------------------------------------------------[0m
[1m[ RAM ][0m Used: [92m7.14 GB (48.1%)[0m | Available: 7.7 GB | Total: 14.84 GB
[1m[ SWAP ][0m Used: 0.0 GB (0.0%) | Free: 4.0 GB | Total: 4.0 GB
        [93mTop 5 RAM Processes (Logged 10):[0m
          1. chrome (PID 7552) - 775.62 MB (5.1%)
          2. chrome (PID 6787) - 547.65 MB (3.6%)
          3. code (PID 50476) - 502.45 MB (3.31%)
          4. code (PID 50824) - 458.96 MB (3.02%)
          5. code (PID 51580) - 455.21 MB (2.99%)
[96m------------------------------------------------------------[0m
[1m[ DISK ][0m Used: [92m20.92 GB (2.28%)[0m | Free: 894.91 GB | Total: 915.83 GB
         [93mI/O:[0m Read 0.0 MB/s | Write 0.1 MB/s | Activity: 0.33%
[96m------------------------------------------------------------[0m
[1m[ NET ][0m Upload: 0.0 MB/s | Download: 0.0 MB/s
[96m------------------------------------------------------------[0m
[1m[ BATTERY ][0m [92m98.19%[0m (Charging/Plugged in)
[1m[96m============================================================[0m
[1m[92mData logged to 2026_logs/2026-09-28.jsonl... (Press Ctrl+C to stop)[0m
[1m[96m============================================================[0m
[1mSYSTEM MONITOR V2[0m | Time: 2026-09-28 14:15:45
[96m------------------------------------------------------------[0m
[1m[ CPU ][0m Used: [92m1.7%[0m | Free: 98.3%
[96m------------------------------------------------------------[0m
[1m[ RAM ][0m Used: [92m7.19 GB (48.4%)[0m | Available: 7.65 GB | Total: 14.84 GB
[1m[ SWAP ][0m Used: 0.0 GB (0.0%) | Free: 4.0 GB | Total: 4.0 GB
        [93mTop 5 RAM Processes (Logged 10):[0m
          1. chrome (PID 7552) - 775.18 MB (5.1%)
          2. chrome (PID 6787) - 547.57 MB (3.6%)[H[2J[3J[H[2J[3J[H[2J[3J[H[2J[3J[H[2J[3J[H[2J[3J[H[2J[3J[H[2J[3J[H[2J[3J[H[2J[3J[H[2J[3J[H[2J[3J[H[2J[3J[H[2J[3J[H[2J[3J[H[2J[3J[H[2J[3J[H[2J[3J[H[2J[3J[H[2J[3J[H[2J[3J[H[2J[3J[H[2J[3J[H[2J[3J[H[2J[3J[H[2J[3J[H[2J[3J[H[2J[3J[H[2J[3J[H[2J[3J[H[2J[3J[H[2J[3J[H[2J[3J[H[2J[3J[H[2J[3J[H[2J[3J[H[2J[3J[H[2J[3J[H[2J[3J[H[2J[3J[H[2J[3J[H[2J[3J[H[2J[3J[H[2J[3J[H[2J[3J[H[2J[3J[H[2J[3J[H[2J[3J[H[2J[3J[H[2J[3J[H[2J[3J[H[2J[3J[H[2J[3J[H[2J[3J[H[2J[3J[H[2J[3J[H[2J[3J[H[2J[3J[H[2J[3J[H[2J[3J[H[2J[3J[H[2J[3J[H[2J[3J[H[2J[3J[H[2J[3J[H[2J[3J[H[2J[3J[H[2J[3J[H[2J[3J[H[2J[3J[H[2J[3J[H[2J[3J[H[2J[3J[H[2J[3J[H[2J[3J[H[2J[3J[H[2J[3J[H[2J[3J[H[2J[3J[H[2J[3J[H[2J[3J[H[2J[3J[H[2J[3J[H[2J[3J[H[2J[3J[H[2J[3J[H[2J[3J
          3. code (PID 50476) - 503.14 MB (3.31%)
          4. code (PID 50824) - 459.04 MB (3.02%)
          5. code (PID 51580) - 455.29 MB (3.0%)
[96m------------------------------------------------------------[0m
[1m[ DISK ][0m Used: [92m20.92 GB (2.28%)[0m | Free: 894.91 GB | Total: 915.83 GB
         [93mI/O:[0m Read 0.0 MB/s | Write 0.87 MB/s | Activity: 0.29%
[96m------------------------------------------------------------[0m
[1m[ NET ][0m Upload: 0.0 MB/s | Download: 0.0 MB/s
[96m------------------------------------------------------------[0m
[1m[ BATTERY ][0m [92m98.19%[0m (Charging/Plugged in)
[1m[96m============================================================[0m
[1m[92mData logged to 2026_logs/2026-09-28.jsonl... (Press Ctrl+C to stop)[0m
[1m[96m============================================================[0m
[1mSYSTEM MONITOR V2[0m | Time: 2026-09-28 14:15:50
[96m------------------------------------------------------------[0m
[1m[ CPU ][0m Used: [92m1.2%[0m | Free: 98.8%
[96m------------------------------------------------------------[0m
[1m[ RAM ][0m Used: [92m7.16 GB (48.3%)[0m | Available: 7.68 GB | Total: 14.84 GB
[1m[ SWAP ][0m Used: 0.0 GB (0.0%) | Free: 4.0 GB | Total: 4.0 GB
        [93mTop 5 RAM Processes (Logged 10):[0m
          1. chrome (PID 7552) - 775.18 MB (5.1%)
          2. chrome (PID 6787) - 548.48 MB (3.61%)
          3. code (PID 50476) - 484.68 MB (3.19%)
          4. code (PID 50824) - 459.19 MB (3.02%)
          5. code (PID 51580) - 455.39 MB (3.0%)
[96m------------------------------------------------------------[0m
[1m[ DISK ][0m Used: [92m20.92 GB (2.28%)[0m | Free: 894.91 GB | Total: 915.83 GB
         [93mI/O:[0m Read 0.0 MB/s | Write 0.0 MB/s | Activity: 0.04%
[96m------------------------------------------------------------[0m
[1m[ NET ][0m Upload: 0.01 MB/s | Download: 0.01 MB/s
[96m------------------------------------------------------------[0m
[1m[ BATTERY ][0m [92m98.19%[0m (Charging/Plugged in)
[1m[96m============================================================[0m
[1m[92mData logged to 2026_logs/2026-09-28.jsonl... (Press Ctrl+C to stop)[0m
[1m[96m============================================================[0m
[1mSYSTEM MONITOR V2[0m | Time: 2026-09-28 14:15:55
[96m------------------------------------------------------------[0m
[1m[ CPU ][0m Used: [92m1.9%[0m | Free: 98.1%
[96m------------------------------------------------------------[0m
[1m[ RAM ][0m Used: [92m7.06 GB (47.5%)[0m | Available: 7.79 GB | Total: 14.84 GB
[1m[ SWAP ][0m Used: 0.0 GB (0.0%) | Free: 4.0 GB | Total: 4.0 GB
        [93mTop 5 RAM Processes (Logged 10):[0m
          1. chrome (PID 7552) - 772.28 MB (5.08%)
          2. chrome (PID 6787) - 546.85 MB (3.6%)
          3. code (PID 50824) - 459.37 MB (3.02%)
          4. code (PID 51580) - 455.47 MB (3.0%)
          5. gnome-shell (PID 4411) - 444.07 MB (2.92%)
[96m------------------------------------------------------------[0m
[1m[ DISK ][0m Used: [92m20.92 GB (2.28%)[0m | Free: 894.91 GB | Total: 915.83 GB
         [93mI/O:[0m Read 0.0 MB/s | Write 0.03 MB/s | Activity: 0.92%
[96m------------------------------------------------------------[0m
[1m[ NET ][0m Upload: 0.0 MB/s | Download: 0.0 MB/s
[96m------------------------------------------------------------[0m
[1m[ BATTERY ][0m [92m98.19%[0m (Charging/Plugged in)
[1m[96m============================================================[0m
[1m[92mData logged to 2026_logs/2026-09-28.jsonl... (Press Ctrl+C to stop)[0m
[1m[96m============================================================[0m
[1mSYSTEM MONITOR V2[0m | Time: 2026-09-28 14:16:01
[96m------------------------------------------------------------[0m
[1m[ CPU ][0m Used: [92m5.1%[0m | Free: 94.9%
[96m------------------------------------------------------------[0m
[1m[ RAM ][0m Used: [92m7.09 GB (47.8%)[0m | Available: 7.75 GB | Total: 14.84 GB
[1m[ SWAP ][0m Used: 0.0 GB (0.0%) | Free: 4.0 GB | Total: 4.0 GB
        [93mTop 5 RAM Processes (Logged 10):[0m
          1. chrome (PID 7552) - 772.28 MB (5.08%)
          2. chrome (PID 6787) - 554.49 MB (3.65%)
          3. code (PID 50824) - 458.68 MB (3.02%)
          4. code (PID 51580) - 455.56 MB (3.0%)
          5. gnome-shell (PID 4411) - 444.07 MB (2.92%)
[96m------------------------------------------------------------[0m
[1m[ DISK ][0m Used: [92m20.93 GB (2.29%)[0m | Free: 894.9 GB | Total: 915.83 GB
         [93mI/O:[0m Read 0.03 MB/s | Write 0.7 MB/s | Activity: 1.35%
[96m------------------------------------------------------------[0m
[1m[ NET ][0m Upload: 0.03 MB/s | Download: 0.92 MB/s
[96m------------------------------------------------------------[0m
[1m[ BATTERY ][0m [92m98.19%[0m (Charging/Plugged in)
[1m[96m============================================================[0m
[1m[92mData logged to 2026_logs/2026-09-28.jsonl... (Press Ctrl+C to stop)[0m
[1m[96m============================================================[0m
[1mSYSTEM MONITOR V2[0m | Time: 2026-09-28 14:16:06
[96m------------------------------------------------------------[0m
[1m[ CPU ][0m Used: [92m1.3%[0m | Free: 98.7%
[96m------------------------------------------------------------[0m
[1m[ RAM ][0m Used: [92m7.11 GB (47.9%)[0m | Available: 7.74 GB | Total: 14.84 GB
[1m[ SWAP ][0m Used: 0.0 GB (0.0%) | Free: 4.0 GB | Total: 4.0 GB
        [93mTop 5 RAM Processes (Logged 10):[0m
          1. chrome (PID 7552) - 772.04 MB (5.08%)
          2. chrome (PID 6787) - 559.23 MB (3.68%)
          3. code (PID 50824) - 458.8 MB (3.02%)
          4. code (PID 51580) - 455.64 MB (3.0%)
          5. gnome-shell (PID 4411) - 443.95 MB (2.92%)
[96m------------------------------------------------------------[0m
[1m[ DISK ][0m Used: [92m20.93 GB (2.29%)[0m | Free: 894.9 GB | Total: 915.83 GB
         [93mI/O:[0m Read 0.0 MB/s | Write 0.06 MB/s | Activity: 1.06%
[96m------------------------------------------------------------[0m
[1m[ NET ][0m Upload: 0.0 MB/s | Download: 0.0 MB/s
[96m------------------------------------------------------------[0m
[1m[ BATTERY ][0m [92m98.19%[0m (Charging/Plugged in)
[1m[96m============================================================[0m
[1m[92mData logged to 2026_logs/2026-09-28.jsonl... (Press Ctrl+C to stop)[0m
[1m[96m============================================================[0m
[1mSYSTEM MONITOR V2[0m | Time: 2026-09-28 14:16:11
[96m------------------------------------------------------------[0m
[1m[ CPU ][0m Used: [92m0.9%[0m | Free: 99.1%
[96m------------------------------------------------------------[0m
[1m[ RAM ][0m Used: [92m7.09 GB (47.8%)[0m | Available: 7.75 GB | Total: 14.84 GB
[1m[ SWAP ][0m Used: 0.0 GB (0.0%) | Free: 4.0 GB | Total: 4.0 GB
        [93mTop 5 RAM Processes (Logged 10):[0m
          1. chrome (PID 7552) - 772.04 MB (5.08%)
          2. chrome (PID 6787) - 559.04 MB (3.68%)
          3. code (PID 50824) - 458.91 MB (3.02%)
          4. code (PID 51580) - 455.73 MB (3.0%)
          5. gnome-shell (PID 4411) - 443.95 MB (2.92%)
[96m------------------------------------------------------------[0m
[1m[ DISK ][0m Used: [92m20.93 GB (2.29%)[0m | Free: 894.9 GB | Total: 915.83 GB
         [93mI/O:[0m Read 0.0 MB/s | Write 0.13 MB/s | Activity: 0.96%
[96m------------------------------------------------------------[0m
[1m[ NET ][0m Upload: 0.0 MB/s | Download: 0.0 MB/s
[96m------------------------------------------------------------[0m
[1m[ BATTERY ][0m [92m98.19%[0m (Charging/Plugged in)
[1m[96m============================================================[0m
[1m[92mData logged to 2026_logs/2026-09-28.jsonl... (Press Ctrl+C to stop)[0m
[1m[96m============================================================[0m
[1mSYSTEM MONITOR V2[0m | Time: 2026-09-28 14:16:16
[96m------------------------------------------------------------[0m
[1m[ CPU ][0m Used: [92m1.5%[0m | Free: 98.5%
[96m------------------------------------------------------------[0m
[1m[ RAM ][0m Used: [92m7.09 GB (47.8%)[0m | Available: 7.75 GB | Total: 14.84 GB
[1m[ SWAP ][0m Used: 0.0 GB (0.0%) | Free: 4.0 GB | Total: 4.0 GB
        [93mTop 5 RAM Processes (Logged 10):[0m
          1. chrome (PID 7552) - 773.03 MB (5.09%)
          2. chrome (PID 6787) - 559.39 MB (3.68%)
          3. code (PID 50824) - 459.02 MB (3.02%)
          4. code (PID 51580) - 455.86 MB (3.0%)
          5. gnome-shell (PID 4411) - 443.95 MB (2.92%)
[96m------------------------------------------------------------[0m
[1m[ DISK ][0m Used: [92m20.93 GB (2.29%)[0m | Free: 894.9 GB | Total: 915.83 GB
         [93mI/O:[0m Read 0.0 MB/s | Write 1.09 MB/s | Activity: 1.82%
[96m------------------------------------------------------------[0m
[1m[ NET ][0m Upload: 0.0 MB/s | Download: 0.01 MB/s
[96m------------------------------------------------------------[0m
[1m[ BATTERY ][0m [92m98.19%[0m (Charging/Plugged in)
[1m[96m============================================================[0m
[1m[92mData logged to 2026_logs/2026-09-28.jsonl... (Press Ctrl+C to stop)[0m
[1m[96m============================================================[0m
[1mSYSTEM MONITOR V2[0m | Time: 2026-09-28 14:16:21
[96m------------------------------------------------------------[0m
[1m[ CPU ][0m Used: [92m0.7%[0m | Free: 99.3%
[96m------------------------------------------------------------[0m
[1m[ RAM ][0m Used: [92m7.12 GB (48.0%)[0m | Available: 7.72 GB | Total: 14.84 GB
[1m[ SWAP ][0m Used: 0.0 GB (0.0%) | Free: 4.0 GB | Total: 4.0 GB
        [93mTop 5 RAM Processes (Logged 10):[0m
          1. chrome (PID 7552) - 773.03 MB (5.09%)
          2. chrome (PID 6787) - 558.42 MB (3.67%)
          3. code (PID 50824) - 459.59 MB (3.02%)
          4. code (PID 51580) - 455.34 MB (3.0%)
          5. gnome-shell (PID 4411) - 443.95 MB (2.92%)
[96m------------------------------------------------------------[0m
[1m[ DISK ][0m Used: [92m20.93 GB (2.29%)[0m | Free: 894.9 GB | Total: 915.83 GB
         [93mI/O:[0m Read 0.0 MB/s | Write 0.03 MB/s | Activity: 0.59%
[96m------------------------------------------------------------[0m
[1m[ NET ][0m Upload: 0.0 MB/s | Download: 0.0 MB/s
[96m------------------------------------------------------------[0m
[1m[ BATTERY ][0m [92m98.19%[0m (Charging/Plugged in)
[1m[96m============================================================[0m
[1m[92mData logged to 2026_logs/2026-09-28.jsonl... (Press Ctrl+C to stop)[0m
[1m[96m============================================================[0m
[1mSYSTEM MONITOR V2[0m | Time: 2026-09-28 14:16:26
[96m------------------------------------------------------------[0m
[1m[ CPU ][0m Used: [92m0.7%[0m | Free: 99.3%
[96m------------------------------------------------------------[0m
[1m[ RAM ][0m Used: [92m7.12 GB (48.0%)[0m | Available: 7.72 GB | Total: 14.84 GB
[1m[ SWAP ][0m Used: 0.0 GB (0.0%) | Free: 4.0 GB | Total: 4.0 GB
        [93mTop 5 RAM Processes (Logged 10):[0m
          1. chrome (PID 7552) - 773.03 MB (5.09%)
          2. chrome (PID 6787) - 558.42 MB (3.67%)
          3. code (PID 50824) - 458.89 MB (3.02%)
          4. code (PID 51580) - 455.43 MB (3.0%)
          5. gnome-shell (PID 4411) - 444.0 MB (2.92%)
[96m------------------------------------------------------------[0m
[1m[ DISK ][0m Used: [92m20.93 GB (2.29%)[0m | Free: 894.9 GB | Total: 915.83 GB
         [93mI/O:[0m Read 0.0 MB/s | Write 0.03 MB/s | Activity: 0.96%
[96m------------------------------------------------------------[0m
[1m[ NET ][0m Upload: 0.0 MB/s | Download: 0.0 MB/s
[96m------------------------------------------------------------[0m
[1m[ BATTERY ][0m [92m98.19%[0m (Charging/Plugged in)
[1m[96m============================================================[0m
[1m[92mData logged to 2026_logs/2026-09-28.jsonl... (Press Ctrl+C to stop)[0m
[1m[96m============================================================[0m
[1mSYSTEM MONITOR V2[0m | Time: 2026-09-28 14:16:31
[96m------------------------------------------------------------[0m
[1m[ CPU ][0m Used: [92m1.1%[0m | Free: 98.9%
[96m------------------------------------------------------------[0m
[1m[ RAM ][0m Used: [92m7.08 GB (47.7%)[0m | Available: 7.76 GB | Total: 14.84 GB
[1m[ SWAP ][0m Used: 0.0 GB (0.0%) | Free: 4.0 GB | Total: 4.0 GB
        [93mTop 5 RAM Processes (Logged 10):[0m
          1. chrome (PID 7552) - 773.03 MB (5.09%)
          2. chrome (PID 6787) - 549.98 MB (3.62%)
          3. code (PID 50824) - 459.0 MB (3.02%)
          4. code (PID 51580) - 455.51 MB (3.0%)
          5. gnome-shell (PID 4411) - 444.0 MB (2.92%)
[96m------------------------------------------------------------[0m
[1m[ DISK ][0m Used: [92m20.92 GB (2.28%)[0m | Free: 894.91 GB | Total: 915.83 GB
         [93mI/O:[0m Read 0.01 MB/s | Write 0.54 MB/s | Activity: 0.2%
[96m------------------------------------------------------------[0m
[1m[ NET ][0m Upload: 0.0 MB/s | Download: 0.0 MB/s
[96m------------------------------------------------------------[0m
[1m[ BATTERY ][0m [92m98.19%[0m (Charging/Plugged in)
[1m[96m============================================================[0m
[1m[92mData logged to 2026_logs/2026-09-28.jsonl... (Press Ctrl+C to stop)[0m
[1m[96m============================================================[0m
[1mSYSTEM MONITOR V2[0m | Time: 2026-09-28 14:16:36
[96m------------------------------------------------------------[0m
[1m[ CPU ][0m Used: [92m0.9%[0m | Free: 99.1%
[96m------------------------------------------------------------[0m
[1m[ RAM ][0m Used: [92m7.05 GB (47.5%)[0m | Available: 7.79 GB | Total: 14.84 GB
[1m[ SWAP ][0m Used: 0.0 GB (0.0%) | Free: 4.0 GB | Total: 4.0 GB
        [93mTop 5 RAM Processes (Logged 10):[0m
          1. chrome (PID 7552) - 773.03 MB (5.09%)
          2. chrome (PID 6787) - 550.02 MB (3.62%)
          3. code (PID 50824) - 459.12 MB (3.02%)
          4. code (PID 51580) - 455.59 MB (3.0%)
          5. gnome-shell (PID 4411) - 444.0 MB (2.92%)
[96m------------------------------------------------------------[0m
[1m[ DISK ][0m Used: [92m20.92 GB (2.28%)[0m | Free: 894.91 GB | Total: 915.83 GB
         [93mI/O:[0m Read 0.0 MB/s | Write 2.79 MB/s | Activity: 2.0%
[96m------------------------------------------------------------[0m
[1m[ NET ][0m Upload: 0.0 MB/s | Download: 0.0 MB/s
[96m------------------------------------------------------------[0m
[1m[ BATTERY ][0m [92m98.19%[0m (Charging/Plugged in)
[1m[96m============================================================[0m
[1m[92mData logged to 2026_logs/2026-09-28.jsonl... (Press Ctrl+C to stop)[0m
[1m[96m============================================================[0m
[1mSYSTEM MONITOR V2[0m | Time: 2026-09-28 14:16:41
[96m------------------------------------------------------------[0m
[1m[ CPU ][0m Used: [92m0.9%[0m | Free: 99.1%
[96m------------------------------------------------------------[0m
[1m[ RAM ][0m Used: [92m7.06 GB (47.5%)[0m | Available: 7.79 GB | Total: 14.84 GB
[1m[ SWAP ][0m Used: 0.0 GB (0.0%) | Free: 4.0 GB | Total: 4.0 GB
        [93mTop 5 RAM Processes (Logged 10):[0m
          1. chrome (PID 7552) - 773.03 MB (5.09%)
          2. chrome (PID 6787) - 550.0 MB (3.62%)
          3. code (PID 50824) - 459.19 MB (3.02%)
          4. code (PID 51580) - 455.62 MB (3.0%)
          5. gnome-shell (PID 4411) - 444.05 MB (2.92%)
[96m------------------------------------------------------------[0m
[1m[ DISK ][0m Used: [92m20.92 GB (2.28%)[0m | Free: 894.91 GB | Total: 915.83 GB
         [93mI/O:[0m Read 0.0 MB/s | Write 0.02 MB/s | Activity: 0.9%
[96m------------------------------------------------------------[0m
[1m[ NET ][0m Upload: 0.0 MB/s | Download: 0.0 MB/s
[96m------------------------------------------------------------[0m
[1m[ BATTERY ][0m [92m98.19%[0m (Charging/Plugged in)
[1m[96m============================================================[0m
[1m[92mData logged to 2026_logs/2026-09-28.jsonl... (Press Ctrl+C to stop)[0m
[1m[96m============================================================[0m
[1mSYSTEM MONITOR V2[0m | Time: 2026-09-28 14:16:46
[96m------------------------------------------------------------[0m
[1m[ CPU ][0m Used: [92m0.8%[0m | Free: 99.2%
[96m------------------------------------------------------------[0m
[1m[ RAM ][0m Used: [92m7.05 GB (47.5%)[0m | Available: 7.8 GB | Total: 14.84 GB
[1m[ SWAP ][0m Used: 0.0 GB (0.0%) | Free: 4.0 GB | Total: 4.0 GB
        [93mTop 5 RAM Processes (Logged 10):[0m
          1. chrome (PID 7552) - 771.81 MB (5.08%)
          2. chrome (PID 6787) - 550.04 MB (3.62%)
          3. code (PID 50824) - 459.68 MB (3.02%)
          4. code (PID 51580) - 455.63 MB (3.0%)
          5. gnome-shell (PID 4411) - 444.05 MB (2.92%)
[96m------------------------------------------------------------[0m
[1m[ DISK ][0m Used: [92m20.92 GB (2.28%)[0m | Free: 894.91 GB | Total: 915.83 GB
         [93mI/O:[0m Read 0.0 MB/s | Write 0.12 MB/s | Activity: 0.27%
[96m------------------------------------------------------------[0m
[1m[ NET ][0m Upload: 0.0 MB/s | Download: 0.0 MB/s
[96m------------------------------------------------------------[0m
[1m[ BATTERY ][0m [92m98.19%[0m (Charging/Plugged in)
[1m[96m============================================================[0m
[1m[92mData logged to 2026_logs/2026-09-28.jsonl... (Press Ctrl+C to stop)[0m
[1m[96m============================================================[0m
[1mSYSTEM MONITOR V2[0m | Time: 2026-09-28 14:16:52
[96m------------------------------------------------------------[0m
[1m[ CPU ][0m Used: [92m0.7%[0m | Free: 99.3%
[96m------------------------------------------------------------[0m
[1m[ RAM ][0m Used: [92m7.04 GB (47.4%)[0m | Available: 7.8 GB | Total: 14.84 GB
[1m[ SWAP ][0m Used: 0.0 GB (0.0%) | Free: 4.0 GB | Total: 4.0 GB
        [93mTop 5 RAM Processes (Logged 10):[0m
          1. chrome (PID 7552) - 771.81 MB (5.08%)
          2. chrome (PID 6787) - 549.85 MB (3.62%)
          3. code (PID 50824) - 459.7 MB (3.02%)
          4. code (PID 51580) - 455.86 MB (3.0%)
          5. gnome-shell (PID 4411) - 443.98 MB (2.92%)
[96m------------------------------------------------------------[0m
[1m[ DISK ][0m Used: [92m20.92 GB (2.28%)[0m | Free: 894.91 GB | Total: 915.83 GB
         [93mI/O:[0m Read 0.0 MB/s | Write 0.86 MB/s | Activity: 0.18%
[96m------------------------------------------------------------[0m
[1m[ NET ][0m Upload: 0.0 MB/s | Download: 0.0 MB/s
[96m------------------------------------------------------------[0m
[1m[ BATTERY ][0m [92m98.19%[0m (Charging/Plugged in)
[1m[96m============================================================[0m
[1m[92mData logged to 2026_logs/2026-09-28.jsonl... (Press Ctrl+C to stop)[0m
[1m[96m============================================================[0m
[1mSYSTEM MONITOR V2[0m | Time: 2026-09-28 14:16:57
[96m------------------------------------------------------------[0m
[1m[ CPU ][0m Used: [92m0.7%[0m | Free: 99.3%
[96m------------------------------------------------------------[0m
[1m[ RAM ][0m Used: [92m7.03 GB (47.3%)[0m | Available: 7.82 GB | Total: 14.84 GB
[1m[ SWAP ][0m Used: 0.0 GB (0.0%) | Free: 4.0 GB | Total: 4.0 GB
        [93mTop 5 RAM Processes (Logged 10):[0m
          1. chrome (PID 7552) - 771.27 MB (5.07%)
          2. chrome (PID 6787) - 549.65 MB (3.62%)
          3. code (PID 50824) - 459.77 MB (3.02%)
          4. code (PID 51580) - 455.88 MB (3.0%)
          5. gnome-shell (PID 4411) - 443.98 MB (2.92%)
[96m------------------------------------------------------------[0m
[1m[ DISK ][0m Used: [92m20.92 GB (2.28%)[0m | Free: 894.91 GB | Total: 915.83 GB
         [93mI/O:[0m Read 0.0 MB/s | Write 0.02 MB/s | Activity: 0.84%
[96m------------------------------------------------------------[0m
[1m[ NET ][0m Upload: 0.0 MB/s | Download: 0.0 MB/s
[96m------------------------------------------------------------[0m
[1m[ BATTERY ][0m [92m98.19%[0m (Charging/Plugged in)
[1m[96m============================================================[0m
[1m[92mData logged to 2026_logs/2026-09-28.jsonl... (Press Ctrl+C to stop)[0m
[1m[96m============================================================[0m
[1mSYSTEM MONITOR V2[0m | Time: 2026-09-28 14:17:02
[96m------------------------------------------------------------[0m
[1m[ CPU ][0m Used: [92m0.8%[0m | Free: 99.2%
[96m------------------------------------------------------------[0m
[1m[ RAM ][0m Used: [92m6.98 GB (47.0%)[0m | Available: 7.86 GB | Total: 14.84 GB
[1m[ SWAP ][0m Used: 0.0 GB (0.0%) | Free: 4.0 GB | Total: 4.0 GB
        [93mTop 5 RAM Processes (Logged 10):[0m
          1. chrome (PID 7552) - 771.27 MB (5.07%)
          2. chrome (PID 6787) - 549.18 MB (3.61%)
          3. code (PID 50824) - 459.92 MB (3.03%)
          4. code (PID 51580) - 455.88 MB (3.0%)
          5. gnome-shell (PID 4411) - 444.04 MB (2.92%)
[96m------------------------------------------------------------[0m
[1m[ DISK ][0m Used: [92m20.92 GB (2.28%)[0m | Free: 894.91 GB | Total: 915.83 GB
         [93mI/O:[0m Read 0.0 MB/s | Write 0.39 MB/s | Activity: 1.04%
[96m------------------------------------------------------------[0m
[1m[ NET ][0m Upload: 0.0 MB/s | Download: 0.0 MB/s
[96m------------------------------------------------------------[0m
[1m[ BATTERY ][0m [92m98.19%[0m (Charging/Plugged in)
[1m[96m============================================================[0m
[1m[92mData logged to 2026_logs/2026-09-28.jsonl... (Press Ctrl+C to stop)[0m
[1m[96m============================================================[0m
[1mSYSTEM MONITOR V2[0m | Time: 2026-09-28 14:17:07
[96m------------------------------------------------------------[0m
[1m[ CPU ][0m Used: [92m0.7%[0m | Free: 99.3%
[96m------------------------------------------------------------[0m
[1m[ RAM ][0m Used: [92m6.98 GB (47.0%)[0m | Available: 7.87 GB | Total: 14.84 GB
[1m[ SWAP ][0m Used: 0.0 GB (0.0%) | Free: 4.0 GB | Total: 4.0 GB
        [93mTop 5 RAM Processes (Logged 10):[0m
          1. chrome (PID 7552) - 771.27 MB (5.07%)
          2. chrome (PID 6787) - 548.84 MB (3.61%)
          3. code (PID 50824) - 460.04 MB (3.03%)
          4. code (PID 51580) - 455.89 MB (3.0%)
          5. gnome-shell (PID 4411) - 444.04 MB (2.92%)
[96m------------------------------------------------------------[0m
[1m[ DISK ][0m Used: [92m20.92 GB (2.28%)[0m | Free: 894.91 GB | Total: 915.83 GB
         [93mI/O:[0m Read 0.0 MB/s | Write 0.02 MB/s | Activity: 1.67%
[96m------------------------------------------------------------[0m
[1m[ NET ][0m Upload: 0.0 MB/s | Download: 0.0 MB/s
[96m------------------------------------------------------------[0m
[1m[ BATTERY ][0m [92m98.19%[0m (Charging/Plugged in)
[1m[96m============================================================[0m
[1m[92mData logged to 2026_logs/2026-09-28.jsonl... (Press Ctrl+C to stop)[0m
[1m[96m============================================================[0m
[1mSYSTEM MONITOR V2[0m | Time: 2026-09-28 14:17:12
[96m------------------------------------------------------------[0m
[1m[ CPU ][0m Used: [92m0.8%[0m | Free: 99.2%
[96m------------------------------------------------------------[0m
[1m[ RAM ][0m Used: [92m6.86 GB (46.2%)[0m | Available: 7.99 GB | Total: 14.84 GB
[1m[ SWAP ][0m Used: 0.0 GB (0.0%) | Free: 4.0 GB | Total: 4.0 GB
        [93mTop 5 RAM Processes (Logged 10):[0m
          1. chrome (PID 7552) - 771.27 MB (5.07%)
          2. chrome (PID 6787) - 547.72 MB (3.6%)
          3. code (PID 50824) - 460.15 MB (3.03%)
          4. code (PID 51580) - 455.9 MB (3.0%)
          5. gnome-shell (PID 4411) - 443.99 MB (2.92%)
[96m------------------------------------------------------------[0m
[1m[ DISK ][0m Used: [92m20.92 GB (2.28%)[0m | Free: 894.91 GB | Total: 915.83 GB
         [93mI/O:[0m Read 0.0 MB/s | Write 0.01 MB/s | Activity: 0.82%
[96m------------------------------------------------------------[0m
[1m[ NET ][0m Upload: 0.0 MB/s | Download: 0.0 MB/s
[96m------------------------------------------------------------[0m
[1m[ BATTERY ][0m [92m98.19%[0m (Charging/Plugged in)
[1m[96m============================================================[0m
[1m[92mData logged to 2026_logs/2026-09-28.jsonl... (Press Ctrl+C to stop)[0m
[1m[96m============================================================[0m
[1mSYSTEM MONITOR V2[0m | Time: 2026-09-28 14:17:17
[96m------------------------------------------------------------[0m
[1m[ CPU ][0m Used: [92m1.4%[0m | Free: 98.6%
[96m------------------------------------------------------------[0m
[1m[ RAM ][0m Used: [92m6.88 GB (46.4%)[0m | Available: 7.96 GB | Total: 14.84 GB
[1m[ SWAP ][0m Used: 0.0 GB (0.0%) | Free: 4.0 GB | Total: 4.0 GB
        [93mTop 5 RAM Processes (Logged 10):[0m
          1. chrome (PID 7552) - 771.27 MB (5.07%)
          2. chrome (PID 6787) - 551.44 MB (3.63%)
          3. code (PID 50824) - 460.23 MB (3.03%)
          4. code (PID 51580) - 455.91 MB (3.0%)
          5. gnome-shell (PID 4411) - 443.99 MB (2.92%)
[96m------------------------------------------------------------[0m
[1m[ DISK ][0m Used: [92m20.92 GB (2.28%)[0m | Free: 894.91 GB | Total: 915.83 GB
         [93mI/O:[0m Read 0.0 MB/s | Write 0.14 MB/s | Activity: 1.04%
[96m------------------------------------------------------------[0m
[1m[ NET ][0m Upload: 0.0 MB/s | Download: 0.0 MB/s
[96m------------------------------------------------------------[0m
[1m[ BATTERY ][0m [92m98.19%[0m (Charging/Plugged in)
[1m[96m============================================================[0m
[1m[92mData logged to 2026_logs/2026-09-28.jsonl... (Press Ctrl+C to stop)[0m
[1m[96m============================================================[0m
[1mSYSTEM MONITOR V2[0m | Time: 2026-09-28 14:17:22
[96m------------------------------------------------------------[0m
[1m[ CPU ][0m Used: [92m0.9%[0m | Free: 99.1%
[96m------------------------------------------------------------[0m
[1m[ RAM ][0m Used: [92m6.87 GB (46.3%)[0m | Available: 7.97 GB | Total: 14.84 GB
[1m[ SWAP ][0m Used: 0.0 GB (0.0%) | Free: 4.0 GB | Total: 4.0 GB
        [93mTop 5 RAM Processes (Logged 10):[0m
          1. chrome (PID 7552) - 771.27 MB (5.07%)
          2. chrome (PID 6787) - 547.88 MB (3.6%)
          3. code (PID 50824) - 460.42 MB (3.03%)
          4. code (PID 51580) - 454.95 MB (2.99%)
          5. gnome-shell (PID 4411) - 443.99 MB (2.92%)
[96m------------------------------------------------------------[0m
[1m[ DISK ][0m Used: [92m20.92 GB (2.28%)[0m | Free: 894.91 GB | Total: 915.83 GB
         [93mI/O:[0m Read 0.0 MB/s | Write 0.92 MB/s | Activity: 0.25%
[96m------------------------------------------------------------[0m
[1m[ NET ][0m Upload: 0.0 MB/s | Download: 0.0 MB/s
[96m------------------------------------------------------------[0m
[1m[ BATTERY ][0m [92m98.19%[0m (Charging/Plugged in)
[1m[96m============================================================[0m
[1m[92mData logged to 2026_logs/2026-09-28.jsonl... (Press Ctrl+C to stop)[0m
[1m[96m============================================================[0m
[1mSYSTEM MONITOR V2[0m | Time: 2026-09-28 14:17:27
[96m------------------------------------------------------------[0m
[1m[ CPU ][0m Used: [92m0.7%[0m | Free: 99.3%
[96m------------------------------------------------------------[0m
[1m[ RAM ][0m Used: [92m6.87 GB (46.3%)[0m | Available: 7.98 GB | Total: 14.84 GB
[1m[ SWAP ][0m Used: 0.0 GB (0.0%) | Free: 4.0 GB | Total: 4.0 GB
        [93mTop 5 RAM Processes (Logged 10):[0m
          1. chrome (PID 7552) - 771.27 MB (5.07%)
          2. chrome (PID 6787) - 547.88 MB (3.6%)
          3. code (PID 50824) - 460.41 MB (3.03%)
          4. code (PID 51580) - 454.96 MB (2.99%)
          5. gnome-shell (PID 4411) - 443.99 MB (2.92%)
[96m------------------------------------------------------------[0m
[1m[ DISK ][0m Used: [92m20.92 GB (2.28%)[0m | Free: 894.91 GB | Total: 915.83 GB
         [93mI/O:[0m Read 0.0 MB/s | Write 0.01 MB/s | Activity: 0.94%
[96m------------------------------------------------------------[0m
[1m[ NET ][0m Upload: 0.0 MB/s | Download: 0.0 MB/s
[96m------------------------------------------------------------[0m
[1m[ BATTERY ][0m [92m98.19%[0m (Charging/Plugged in)
[1m[96m============================================================[0m
[1m[92mData logged to 2026_logs/2026-09-28.jsonl... (Press Ctrl+C to stop)[0m
[1m[96m============================================================[0m
[1mSYSTEM MONITOR V2[0m | Time: 2026-09-28 14:17:32
[96m------------------------------------------------------------[0m
[1m[ CPU ][0m Used: [92m0.7%[0m | Free: 99.3%
[96m------------------------------------------------------------[0m
[1m[ RAM ][0m Used: [92m6.86 GB (46.3%)[0m | Available: 7.98 GB | Total: 14.84 GB
[1m[ SWAP ][0m Used: 0.0 GB (0.0%) | Free: 4.0 GB | Total: 4.0 GB
        [93mTop 5 RAM Processes (Logged 10):[0m
          1. chrome (PID 7552) - 771.27 MB (5.07%)
          2. chrome (PID 6787) - 547.88 MB (3.6%)
          3. code (PID 50824) - 459.61 MB (3.02%)
          4. code (PID 51580) - 455.01 MB (2.99%)
          5. gnome-shell (PID 4411) - 443.99 MB (2.92%)
[96m------------------------------------------------------------[0m
[1m[ DISK ][0m Used: [92m20.92 GB (2.28%)[0m | Free: 894.91 GB | Total: 915.83 GB
         [93mI/O:[0m Read 0.0 MB/s | Write 0.55 MB/s | Activity: 1.12%
[96m------------------------------------------------------------[0m
[1m[ NET ][0m Upload: 0.0 MB/s | Download: 0.0 MB/s
[96m------------------------------------------------------------[0m
[1m[ BATTERY ][0m [92m98.19%[0m (Charging/Plugged in)
[1m[96m============================================================[0m
[1m[92mData logged to 2026_logs/2026-09-28.jsonl... (Press Ctrl+C to stop)[0m
[1m[96m============================================================[0m
[1mSYSTEM MONITOR V2[0m | Time: 2026-09-28 14:17:37
[96m------------------------------------------------------------[0m
[1m[ CPU ][0m Used: [92m0.6%[0m | Free: 99.4%
[96m------------------------------------------------------------[0m
[1m[ RAM ][0m Used: [92m6.86 GB (46.2%)[0m | Available: 7.98 GB | Total: 14.84 GB
[1m[ SWAP ][0m Used: 0.0 GB (0.0%) | Free: 4.0 GB | Total: 4.0 GB
        [93mTop 5 RAM Processes (Logged 10):[0m
          1. chrome (PID 7552) - 771.27 MB (5.07%)
          2. chrome (PID 6787) - 547.83 MB (3.6%)
          3. code (PID 50824) - 459.56 MB (3.02%)
          4. code (PID 51580) - 455.09 MB (2.99%)
          5. gnome-shell (PID 4411) - 444.04 MB (2.92%)
[96m------------------------------------------------------------[0m
[1m[ DISK ][0m Used: [92m20.92 GB (2.28%)[0m | Free: 894.91 GB | Total: 915.83 GB
         [93mI/O:[0m Read 0.0 MB/s | Write 0.01 MB/s | Activity: 0.96%
[96m------------------------------------------------------------[0m
[1m[ NET ][0m Upload: 0.0 MB/s | Download: 0.0 MB/s
[96m------------------------------------------------------------[0m
[1m[ BATTERY ][0m [92m98.19%[0m (Charging/Plugged in)
[1m[96m============================================================[0m
[1m[92mData logged to 2026_logs/2026-09-28.jsonl... (Press Ctrl+C to stop)[0m
[1m[96m============================================================[0m
[1mSYSTEM MONITOR V2[0m | Time: 2026-09-28 14:17:43
[96m------------------------------------------------------------[0m
[1m[ CPU ][0m Used: [92m0.6%[0m | Free: 99.4%
[96m------------------------------------------------------------[0m
[1m[ RAM ][0m Used: [92m6.87 GB (46.3%)[0m | Available: 7.98 GB | Total: 14.84 GB
[1m[ SWAP ][0m Used: 0.0 GB (0.0%) | Free: 4.0 GB | Total: 4.0 GB
        [93mTop 5 RAM Processes (Logged 10):[0m
          1. chrome (PID 7552) - 771.27 MB (5.07%)
          2. chrome (PID 6787) - 547.55 MB (3.6%)
          3. code (PID 50824) - 459.61 MB (3.02%)
          4. code (PID 51580) - 455.18 MB (2.99%)
          5. gnome-shell (PID 4411) - 444.04 MB (2.92%)
[96m------------------------------------------------------------[0m
[1m[ DISK ][0m Used: [92m20.92 GB (2.28%)[0m | Free: 894.91 GB | Total: 915.83 GB
         [93mI/O:[0m Read 0.0 MB/s | Write 0.01 MB/s | Activity: 1.59%
[96m------------------------------------------------------------[0m
[1m[ NET ][0m Upload: 0.0 MB/s | Download: 0.0 MB/s
[96m------------------------------------------------------------[0m
[1m[ BATTERY ][0m [92m98.19%[0m (Charging/Plugged in)
[1m[96m============================================================[0m
[1m[92mData logged to 2026_logs/2026-09-28.jsonl... (Press Ctrl+C to stop)[0m
[1m[96m============================================================[0m
[1mSYSTEM MONITOR V2[0m | Time: 2026-09-28 14:17:48
[96m------------------------------------------------------------[0m
[1m[ CPU ][0m Used: [92m5.2%[0m | Free: 94.8%
        [93mTop 5 (Logged 10):[0m chrome (2.36%)
[96m------------------------------------------------------------[0m
[1m[ RAM ][0m Used: [92m7.02 GB (47.3%)[0m | Available: 7.82 GB | Total: 14.84 GB
[1m[ SWAP ][0m Used: 0.0 GB (0.0%) | Free: 4.0 GB | Total: 4.0 GB
        [93mTop 5 RAM Processes (Logged 10):[0m
          1. chrome (PID 7552) - 762.03 MB (5.01%)
          2. chrome (PID 6787) - 547.88 MB (3.6%)
          3. code (PID 50824) - 459.61 MB (3.02%)
          4. code (PID 51580) - 455.26 MB (3.0%)
          5. gnome-shell (PID 4411) - 444.04 MB (2.92%)
[96m------------------------------------------------------------[0m
[1m[ DISK ][0m Used: [92m20.92 GB (2.28%)[0m | Free: 894.91 GB | Total: 915.83 GB
         [93mI/O:[0m Read 0.0 MB/s | Write 0.04 MB/s | Activity: 0.22%
[96m------------------------------------------------------------[0m
[1m[ NET ][0m Upload: 0.0 MB/s | Download: 0.0 MB/s
[96m------------------------------------------------------------[0m
[1m[ BATTERY ][0m [92m98.19%[0m (Charging/Plugged in)
[1m[96m============================================================[0m
[1m[92mData logged to 2026_logs/2026-09-28.jsonl... (Press Ctrl+C to stop)[0m
[1m[96m============================================================[0m
[1mSYSTEM MONITOR V2[0m | Time: 2026-09-28 14:17:53
[96m------------------------------------------------------------[0m
[1m[ CPU ][0m Used: [92m2.6%[0m | Free: 97.4%
[96m------------------------------------------------------------[0m
[1m[ RAM ][0m Used: [92m7.13 GB (48.1%)[0m | Available: 7.71 GB | Total: 14.84 GB
[1m[ SWAP ][0m Used: 0.0 GB (0.0%) | Free: 4.0 GB | Total: 4.0 GB
        [93mTop 5 RAM Processes (Logged 10):[0m
          1. chrome (PID 7552) - 762.03 MB (5.01%)
          2. chrome (PID 6787) - 548.33 MB (3.61%)
          3. code (PID 50824) - 459.57 MB (3.02%)
          4. code (PID 51580) - 455.34 MB (3.0%)
          5. gnome-shell (PID 4411) - 444.04 MB (2.92%)
[96m------------------------------------------------------------[0m
[1m[ DISK ][0m Used: [92m20.92 GB (2.28%)[0m | Free: 894.91 GB | Total: 915.83 GB
         [93mI/O:[0m Read 0.0 MB/s | Write 0.06 MB/s | Activity: 0.2%
[96m------------------------------------------------------------[0m
[1m[ NET ][0m Upload: 0.01 MB/s | Download: 0.01 MB/s
[96m------------------------------------------------------------[0m
[1m[ BATTERY ][0m [92m98.19%[0m (Charging/Plugged in)
[1m[96m============================================================[0m
[1m[92mData logged to 2026_logs/2026-09-28.jsonl... (Press Ctrl+C to stop)[0m
[1m[96m============================================================[0m
[1mSYSTEM MONITOR V2[0m | Time: 2026-09-28 14:17:58
[96m------------------------------------------------------------[0m
[1m[ CPU ][0m Used: [92m0.8%[0m | Free: 99.2%
[96m------------------------------------------------------------[0m
[1m[ RAM ][0m Used: [92m7.04 GB (47.4%)[0m | Available: 7.8 GB | Total: 14.84 GB
[1m[ SWAP ][0m Used: 0.0 GB (0.0%) | Free: 4.0 GB | Total: 4.0 GB
        [93mTop 5 RAM Processes (Logged 10):[0m
          1. chrome (PID 7552) - 762.05 MB (5.01%)
          2. chrome (PID 6787) - 548.74 MB (3.61%)
          3. code (PID 50824) - 459.7 MB (3.02%)
          4. code (PID 51580) - 455.43 MB (3.0%)
          5. gnome-shell (PID 4411) - 444.09 MB (2.92%)
[96m------------------------------------------------------------[0m
[1m[ DISK ][0m Used: [92m20.92 GB (2.28%)[0m | Free: 894.91 GB | Total: 915.83 GB
         [93mI/O:[0m Read 0.0 MB/s | Write 0.81 MB/s | Activity: 1.78%
[96m------------------------------------------------------------[0m
[1m[ NET ][0m Upload: 0.0 MB/s | Download: 0.0 MB/s
[96m------------------------------------------------------------[0m
[1m[ BATTERY ][0m [92m98.19%[0m (Charging/Plugged in)
[1m[96m============================================================[0m
[1m[92mData logged to 2026_logs/2026-09-28.jsonl... (Press Ctrl+C to stop)[0m
[1m[96m============================================================[0m
[1mSYSTEM MONITOR V2[0m | Time: 2026-09-28 14:18:03
[96m------------------------------------------------------------[0m
[1m[ CPU ][0m Used: [92m0.7%[0m | Free: 99.3%
[96m------------------------------------------------------------[0m
[1m[ RAM ][0m Used: [92m7.0 GB (47.1%)[0m | Available: 7.85 GB | Total: 14.84 GB
[1m[ SWAP ][0m Used: 0.0 GB (0.0%) | Free: 4.0 GB | Total: 4.0 GB
        [93mTop 5 RAM Processes (Logged 10):[0m
          1. chrome (PID 7552) - 762.05 MB (5.01%)
          2. chrome (PID 6787) - 548.4 MB (3.61%)
          3. code (PID 50824) - 459.81 MB (3.03%)
          4. code (PID 51580) - 455.51 MB (3.0%)
          5. gnome-shell (PID 4411) - 444.1 MB (2.92%)
[96m------------------------------------------------------------[0m
[1m[ DISK ][0m Used: [92m20.92 GB (2.28%)[0m | Free: 894.91 GB | Total: 915.83 GB
         [93mI/O:[0m Read 0.0 MB/s | Write 0.43 MB/s | Activity: 0.16%
[96m------------------------------------------------------------[0m
[1m[ NET ][0m Upload: 0.0 MB/s | Download: 0.02 MB/s
[96m------------------------------------------------------------[0m
[1m[ BATTERY ][0m [92m98.19%[0m (Charging/Plugged in)
[1m[96m============================================================[0m
[1m[92mData logged to 2026_logs/2026-09-28.jsonl... (Press Ctrl+C to stop)[0m
[1m[96m============================================================[0m
[1mSYSTEM MONITOR V2[0m | Time: 2026-09-28 14:18:08
[96m------------------------------------------------------------[0m
[1m[ CPU ][0m Used: [92m0.8%[0m | Free: 99.2%
[96m------------------------------------------------------------[0m
[1m[ RAM ][0m Used: [92m6.96 GB (46.9%)[0m | Available: 7.88 GB | Total: 14.84 GB
[1m[ SWAP ][0m Used: 0.0 GB (0.0%) | Free: 4.0 GB | Total: 4.0 GB
        [93mTop 5 RAM Processes (Logged 10):[0m
          1. chrome (PID 7552) - 762.05 MB (5.01%)
          2. chrome (PID 6787) - 549.12 MB (3.61%)
          3. code (PID 50824) - 459.28 MB (3.02%)
          4. code (PID 51580) - 455.61 MB (3.0%)
          5. gnome-shell (PID 4411) - 443.96 MB (2.92%)
[96m------------------------------------------------------------[0m
[1m[ DISK ][0m Used: [92m20.92 GB (2.28%)[0m | Free: 894.91 GB | Total: 915.83 GB
         [93mI/O:[0m Read 0.0 MB/s | Write 0.02 MB/s | Activity: 1.57%
[96m------------------------------------------------------------[0m
[1m[ NET ][0m Upload: 0.0 MB/s | Download: 0.0 MB/s
[96m------------------------------------------------------------[0m
[1m[ BATTERY ][0m [92m98.19%[0m (Charging/Plugged in)
[1m[96m============================================================[0m
[1m[92mData logged to 2026_logs/2026-09-28.jsonl... (Press Ctrl+C to stop)[0m
[1m[96m============================================================[0m
[1mSYSTEM MONITOR V2[0m | Time: 2026-09-28 14:18:13
[96m------------------------------------------------------------[0m
[1m[ CPU ][0m Used: [92m1.1%[0m | Free: 98.9%
[96m------------------------------------------------------------[0m
[1m[ RAM ][0m Used: [92m6.95 GB (46.9%)[0m | Available: 7.89 GB | Total: 14.84 GB
[1m[ SWAP ][0m Used: 0.0 GB (0.0%) | Free: 4.0 GB | Total: 4.0 GB
        [93mTop 5 RAM Processes (Logged 10):[0m
          1. chrome (PID 7552) - 762.12 MB (5.01%)
          2. chrome (PID 6787) - 548.38 MB (3.61%)
          3. code (PID 50824) - 459.25 MB (3.02%)
          4. code (PID 51580) - 455.7 MB (3.0%)
          5. gnome-shell (PID 4411) - 443.96 MB (2.92%)
[96m------------------------------------------------------------[0m
[1m[ DISK ][0m Used: [92m20.92 GB (2.28%)[0m | Free: 894.91 GB | Total: 915.83 GB
         [93mI/O:[0m Read 0.0 MB/s | Write 0.02 MB/s | Activity: 0.8%
[96m------------------------------------------------------------[0m
[1m[ NET ][0m Upload: 0.0 MB/s | Download: 0.0 MB/s
[96m------------------------------------------------------------[0m
[1m[ BATTERY ][0m [92m98.19%[0m (Charging/Plugged in)
[1m[96m============================================================[0m
[1m[92mData logged to 2026_logs/2026-09-28.jsonl... (Press Ctrl+C to stop)[0m
[1m[96m============================================================[0m
[1mSYSTEM MONITOR V2[0m | Time: 2026-09-28 14:18:18
[96m------------------------------------------------------------[0m
[1m[ CPU ][0m Used: [92m2.0%[0m | Free: 98.0%
[96m------------------------------------------------------------[0m
[1m[ RAM ][0m Used: [92m6.97 GB (47.0%)[0m | Available: 7.87 GB | Total: 14.84 GB
[1m[ SWAP ][0m Used: 0.0 GB (0.0%) | Free: 4.0 GB | Total: 4.0 GB
        [93mTop 5 RAM Processes (Logged 10):[0m
          1. chrome (PID 7552) - 766.65 MB (5.04%)
          2. chrome (PID 6787) - 551.4 MB (3.63%)
          3. code (PID 50824) - 459.33 MB (3.02%)
          4. code (PID 51580) - 454.98 MB (2.99%)
          5. gnome-shell (PID 4411) - 444.02 MB (2.92%)
[96m------------------------------------------------------------[0m
[1m[ DISK ][0m Used: [92m20.92 GB (2.28%)[0m | Free: 894.91 GB | Total: 915.83 GB
         [93mI/O:[0m Read 0.0 MB/s | Write 0.1 MB/s | Activity: 1.14%
[96m------------------------------------------------------------[0m
[1m[ NET ][0m Upload: 0.01 MB/s | Download: 0.01 MB/s
[96m------------------------------------------------------------[0m
[1m[ BATTERY ][0m [92m98.19%[0m (Charging/Plugged in)
[1m[96m============================================================[0m
[1m[92mData logged to 2026_logs/2026-09-28.jsonl... (Press Ctrl+C to stop)[0m
[1m[96m============================================================[0m
[1mSYSTEM MONITOR V2[0m | Time: 2026-09-28 14:18:23
[96m------------------------------------------------------------[0m
[1m[ CPU ][0m Used: [92m0.7%[0m | Free: 99.3%
[96m------------------------------------------------------------[0m
[1m[ RAM ][0m Used: [92m6.97 GB (46.9%)[0m | Available: 7.88 GB | Total: 14.84 GB
[1m[ SWAP ][0m Used: 0.0 GB (0.0%) | Free: 4.0 GB | Total: 4.0 GB
        [93mTop 5 RAM Processes (Logged 10):[0m
          1. chrome (PID 7552) - 766.65 MB (5.04%)
          2. chrome (PID 6787) - 548.34 MB (3.61%)
          3. code (PID 50824) - 459.43 MB (3.02%)
          4. code (PID 51580) - 455.06 MB (2.99%)
          5. gnome-shell (PID 4411) - 444.02 MB (2.92%)
[96m------------------------------------------------------------[0m
[1m[ DISK ][0m Used: [92m20.92 GB (2.28%)[0m | Free: 894.91 GB | Total: 915.83 GB
         [93mI/O:[0m Read 0.0 MB/s | Write 0.05 MB/s | Activity: 1.02%
[96m------------------------------------------------------------[0m
[1m[ NET ][0m Upload: 0.0 MB/s | Download: 0.0 MB/s
[96m------------------------------------------------------------[0m
[1m[ BATTERY ][0m [92m98.19%[0m (Charging/Plugged in)
[1m[96m============================================================[0m
[1m[92mData logged to 2026_logs/2026-09-28.jsonl... (Press Ctrl+C to stop)[0m
[1m[96m============================================================[0m
[1mSYSTEM MONITOR V2[0m | Time: 2026-09-28 14:18:28
[96m------------------------------------------------------------[0m
[1m[ CPU ][0m Used: [92m0.6%[0m | Free: 99.4%
[96m------------------------------------------------------------[0m
[1m[ RAM ][0m Used: [92m6.96 GB (46.9%)[0m | Available: 7.88 GB | Total: 14.84 GB
[1m[ SWAP ][0m Used: 0.0 GB (0.0%) | Free: 4.0 GB | Total: 4.0 GB
        [93mTop 5 RAM Processes (Logged 10):[0m
          1. chrome (PID 7552) - 766.65 MB (5.04%)
          2. chrome (PID 6787) - 548.34 MB (3.61%)
          3. code (PID 50824) - 459.56 MB (3.02%)
          4. code (PID 51580) - 455.12 MB (2.99%)
          5. gnome-shell (PID 4411) - 444.02 MB (2.92%)
[96m------------------------------------------------------------[0m
[1m[ DISK ][0m Used: [92m20.92 GB (2.28%)[0m | Free: 894.91 GB | Total: 915.83 GB
         [93mI/O:[0m Read 0.0 MB/s | Write 2.96 MB/s | Activity: 0.22%
[96m------------------------------------------------------------[0m
[1m[ NET ][0m Upload: 0.0 MB/s | Download: 0.0 MB/s
[96m------------------------------------------------------------[0m
[1m[ BATTERY ][0m [92m98.19%[0m (Charging/Plugged in)
[1m[96m============================================================[0m
[1m[92mData logged to 2026_logs/2026-09-28.jsonl... (Press Ctrl+C to stop)[0m
[1m[96m============================================================[0m
[1mSYSTEM MONITOR V2[0m | Time: 2026-09-28 14:18:34
[96m------------------------------------------------------------[0m
[1m[ CPU ][0m Used: [92m0.8%[0m | Free: 99.2%
[96m------------------------------------------------------------[0m
[1m[ RAM ][0m Used: [92m6.95 GB (46.8%)[0m | Available: 7.9 GB | Total: 14.84 GB
[1m[ SWAP ][0m Used: 0.0 GB (0.0%) | Free: 4.0 GB | Total: 4.0 GB
        [93mTop 5 RAM Processes (Logged 10):[0m
          1. chrome (PID 7552) - 766.65 MB (5.04%)
          2. chrome (PID 6787) - 548.41 MB (3.61%)
          3. code (PID 50824) - 459.73 MB (3.02%)
          4. code (PID 51580) - 455.2 MB (2.99%)
          5. gnome-shell (PID 4411) - 444.02 MB (2.92%)
[96m------------------------------------------------------------[0m
[1m[ DISK ][0m Used: [92m20.92 GB (2.28%)[0m | Free: 894.91 GB | Total: 915.83 GB
         [93mI/O:[0m Read 0.0 MB/s | Write 0.45 MB/s | Activity: 0.84%
[96m------------------------------------------------------------[0m
[1m[ NET ][0m Upload: 0.0 MB/s | Download: 0.0 MB/s
[96m------------------------------------------------------------[0m
[1m[ BATTERY ][0m [92m98.19%[0m (Charging/Plugged in)
[1m[96m============================================================[0m
[1m[92mData logged to 2026_logs/2026-09-28.jsonl... (Press Ctrl+C to stop)[0m
[1m[96m============================================================[0m
[1mSYSTEM MONITOR V2[0m | Time: 2026-09-28 14:18:39
[96m------------------------------------------------------------[0m
[1m[ CPU ][0m Used: [92m2.3%[0m | Free: 97.7%
[96m------------------------------------------------------------[0m
[1m[ RAM ][0m Used: [92m6.93 GB (46.7%)[0m | Available: 7.91 GB | Total: 14.84 GB
[1m[ SWAP ][0m Used: 0.0 GB (0.0%) | Free: 4.0 GB | Total: 4.0 GB
        [93mTop 5 RAM Processes (Logged 10):[0m
          1. chrome (PID 7552) - 763.8 MB (5.03%)
          2. chrome (PID 6787) - 547.91 MB (3.6%)
          3. code (PID 50824) - 459.08 MB (3.02%)
          4. code (PID 51580) - 455.28 MB (3.0%)
          5. gnome-shell (PID 4411) - 444.02 MB (2.92%)
[96m------------------------------------------------------------[0m
[1m[ DISK ][0m Used: [92m20.92 GB (2.28%)[0m | Free: 894.91 GB | Total: 915.83 GB
         [93mI/O:[0m Read 0.0 MB/s | Write 0.03 MB/s | Activity: 1.63%
[96m------------------------------------------------------------[0m
[1m[ NET ][0m Upload: 0.0 MB/s | Download: 0.0 MB/s
[96m------------------------------------------------------------[0m
[1m[ BATTERY ][0m [92m98.19%[0m (Charging/Plugged in)
[1m[96m============================================================[0m
[1m[92mData logged to 2026_logs/2026-09-28.jsonl... (Press Ctrl+C to stop)[0m
[1m[96m============================================================[0m
[1mSYSTEM MONITOR V2[0m | Time: 2026-09-28 14:18:44
[96m------------------------------------------------------------[0m
[1m[ CPU ][0m Used: [92m1.0%[0m | Free: 99.0%
[96m------------------------------------------------------------[0m
[1m[ RAM ][0m Used: [92m6.92 GB (46.6%)[0m | Available: 7.93 GB | Total: 14.84 GB
[1m[ SWAP ][0m Used: 0.0 GB (0.0%) | Free: 4.0 GB | Total: 4.0 GB
        [93mTop 5 RAM Processes (Logged 10):[0m
          1. chrome (PID 7552) - 763.8 MB (5.03%)
          2. chrome (PID 6787) - 547.62 MB (3.6%)
          3. code (PID 50824) - 459.2 MB (3.02%)
          4. code (PID 51580) - 455.37 MB (3.0%)
          5. gnome-shell (PID 4411) - 444.07 MB (2.92%)
[96m------------------------------------------------------------[0m
[1m[ DISK ][0m Used: [92m20.92 GB (2.28%)[0m | Free: 894.91 GB | Total: 915.83 GB
         [93mI/O:[0m Read 0.0 MB/s | Write 0.07 MB/s | Activity: 0.86%
[96m------------------------------------------------------------[0m
[1m[ NET ][0m Upload: 0.0 MB/s | Download: 0.0 MB/s
[96m------------------------------------------------------------[0m
[1m[ BATTERY ][0m [92m98.19%[0m (Charging/Plugged in)
[1m[96m============================================================[0m
[1m[92mData logged to 2026_logs/2026-09-28.jsonl... (Press Ctrl+C to stop)[0m
[1m[96m============================================================[0m
[1mSYSTEM MONITOR V2[0m | Time: 2026-09-28 14:18:49
[96m------------------------------------------------------------[0m
[1m[ CPU ][0m Used: [92m0.8%[0m | Free: 99.2%
[96m------------------------------------------------------------[0m
[1m[ RAM ][0m Used: [92m6.91 GB (46.6%)[0m | Available: 7.93 GB | Total: 14.84 GB
[1m[ SWAP ][0m Used: 0.0 GB (0.0%) | Free: 4.0 GB | Total: 4.0 GB
        [93mTop 5 RAM Processes (Logged 10):[0m
          1. chrome (PID 7552) - 766.79 MB (5.04%)
          2. chrome (PID 6787) - 548.06 MB (3.61%)
          3. code (PID 50824) - 459.27 MB (3.02%)
          4. code (PID 51580) - 455.45 MB (3.0%)
          5. gnome-shell (PID 4411) - 444.07 MB (2.92%)
[96m------------------------------------------------------------[0m
[1m[ DISK ][0m Used: [92m20.92 GB (2.28%)[0m | Free: 894.91 GB | Total: 915.83 GB
         [93mI/O:[0m Read 0.0 MB/s | Write 0.02 MB/s | Activity: 1.03%
[96m------------------------------------------------------------[0m
[1m[ NET ][0m Upload: 0.0 MB/s | Download: 0.0 MB/s
[96m------------------------------------------------------------[0m
[1m[ BATTERY ][0m [92m98.19%[0m (Charging/Plugged in)
[1m[96m============================================================[0m
[1m[92mData logged to 2026_logs/2026-09-28.jsonl... (Press Ctrl+C to stop)[0m
[1m[96m============================================================[0m
[1mSYSTEM MONITOR V2[0m | Time: 2026-09-28 14:18:54
[96m------------------------------------------------------------[0m
[1m[ CPU ][0m Used: [92m0.7%[0m | Free: 99.3%
[96m------------------------------------------------------------[0m
[1m[ RAM ][0m Used: [92m6.9 GB (46.5%)[0m | Available: 7.94 GB | Total: 14.84 GB
[1m[ SWAP ][0m Used: 0.0 GB (0.0%) | Free: 4.0 GB | Total: 4.0 GB
        [93mTop 5 RAM Processes (Logged 10):[0m
          1. chrome (PID 7552) - 766.79 MB (5.04%)
          2. chrome (PID 6787) - 547.68 MB (3.6%)
          3. code (PID 50824) - 459.43 MB (3.02%)
          4. code (PID 51580) - 455.53 MB (3.0%)
          5. gnome-shell (PID 4411) - 443.94 MB (2.92%)
[96m------------------------------------------------------------[0m
[1m[ DISK ][0m Used: [92m20.92 GB (2.28%)[0m | Free: 894.91 GB | Total: 915.83 GB
         [93mI/O:[0m Read 0.0 MB/s | Write 0.04 MB/s | Activity: 0.98%
[96m------------------------------------------------------------[0m
[1m[ NET ][0m Upload: 0.0 MB/s | Download: 0.0 MB/s
[96m------------------------------------------------------------[0m
[1m[ BATTERY ][0m [92m98.19%[0m (Charging/Plugged in)
[1m[96m============================================================[0m
[1m[92mData logged to 2026_logs/2026-09-28.jsonl... (Press Ctrl+C to stop)[0m
[1m[96m============================================================[0m
[1mSYSTEM MONITOR V2[0m | Time: 2026-09-28 14:18:59
[96m------------------------------------------------------------[0m
[1m[ CPU ][0m Used: [92m0.8%[0m | Free: 99.2%
[96m------------------------------------------------------------[0m
[1m[ RAM ][0m Used: [92m6.9 GB (46.5%)[0m | Available: 7.95 GB | Total: 14.84 GB
[1m[ SWAP ][0m Used: 0.0 GB (0.0%) | Free: 4.0 GB | Total: 4.0 GB
        [93mTop 5 RAM Processes (Logged 10):[0m
          1. chrome (PID 7552) - 766.82 MB (5.05%)
          2. chrome (PID 6787) - 547.4 MB (3.6%)
          3. code (PID 50824) - 459.54 MB (3.02%)
          4. code (PID 51580) - 455.63 MB (3.0%)
          5. gnome-shell (PID 4411) - 443.94 MB (2.92%)
[96m------------------------------------------------------------[0m
[1m[ DISK ][0m Used: [92m20.92 GB (2.28%)[0m | Free: 894.91 GB | Total: 915.83 GB
         [93mI/O:[0m Read 0.0 MB/s | Write 0.82 MB/s | Activity: 0.92%
[96m------------------------------------------------------------[0m
[1m[ NET ][0m Upload: 0.0 MB/s | Download: 0.0 MB/s
[96m------------------------------------------------------------[0m
[1m[ BATTERY ][0m [92m98.19%[0m (Charging/Plugged in)
[1m[96m============================================================[0m
[1m[92mData logged to 2026_logs/2026-09-28.jsonl... (Press Ctrl+C to stop)[0m
[1m[96m============================================================[0m
[1mSYSTEM MONITOR V2[0m | Time: 2026-09-28 14:19:04
[96m------------------------------------------------------------[0m
[1m[ CPU ][0m Used: [92m0.9%[0m | Free: 99.1%
[96m------------------------------------------------------------[0m
[1m[ RAM ][0m Used: [92m6.9 GB (46.5%)[0m | Available: 7.95 GB | Total: 14.84 GB
[1m[ SWAP ][0m Used: 0.0 GB (0.0%) | Free: 4.0 GB | Total: 4.0 GB
        [93mTop 5 RAM Processes (Logged 10):[0m
          1. chrome (PID 7552) - 769.47 MB (5.06%)
          2. chrome (PID 6787) - 546.41 MB (3.59%)
          3. code (PID 50824) - 459.66 MB (3.02%)
          4. code (PID 51580) - 455.71 MB (3.0%)
          5. gnome-shell (PID 4411) - 444.04 MB (2.92%)
[96m------------------------------------------------------------[0m
[1m[ DISK ][0m Used: [92m20.92 GB (2.28%)[0m | Free: 894.91 GB | Total: 915.83 GB
         [93mI/O:[0m Read 0.0 MB/s | Write 0.31 MB/s | Activity: 1.75%
[96m------------------------------------------------------------[0m
[1m[ NET ][0m Upload: 0.0 MB/s | Download: 0.0 MB/s
[96m------------------------------------------------------------[0m
[1m[ BATTERY ][0m [92m98.19%[0m (Charging/Plugged in)
[1m[96m============================================================[0m
[1m[92mData logged to 2026_logs/2026-09-28.jsonl... (Press Ctrl+C to stop)[0m
[1m[96m============================================================[0m
[1mSYSTEM MONITOR V2[0m | Time: 2026-09-28 14:19:09
[96m------------------------------------------------------------[0m
[1m[ CPU ][0m Used: [92m0.8%[0m | Free: 99.2%
[96m------------------------------------------------------------[0m
[1m[ RAM ][0m Used: [92m6.9 GB (46.5%)[0m | Available: 7.95 GB | Total: 14.84 GB
[1m[ SWAP ][0m Used: 0.0 GB (0.0%) | Free: 4.0 GB | Total: 4.0 GB
        [93mTop 5 RAM Processes (Logged 10):[0m
          1. chrome (PID 7552) - 770.43 MB (5.07%)
          2. chrome (PID 6787) - 546.13 MB (3.59%)
          3. code (PID 50824) - 459.8 MB (3.03%)
          4. code (PID 51580) - 455.04 MB (2.99%)
          5. gnome-shell (PID 4411) - 444.04 MB (2.92%)
[96m------------------------------------------------------------[0m
[1m[ DISK ][0m Used: [92m20.92 GB (2.28%)[0m | Free: 894.91 GB | Total: 915.83 GB
         [93mI/O:[0m Read 0.0 MB/s | Write 0.41 MB/s | Activity: 0.98%
[96m------------------------------------------------------------[0m
[1m[ NET ][0m Upload: 0.0 MB/s | Download: 0.0 MB/s
[96m------------------------------------------------------------[0m
[1m[ BATTERY ][0m [92m98.19%[0m (Charging/Plugged in)
[1m[96m============================================================[0m
[1m[92mData logged to 2026_logs/2026-09-28.jsonl... (Press Ctrl+C to stop)[0m
[1m[96m============================================================[0m
[1mSYSTEM MONITOR V2[0m | Time: 2026-09-28 14:19:14
[96m------------------------------------------------------------[0m
[1m[ CPU ][0m Used: [92m0.6%[0m | Free: 99.4%
[96m------------------------------------------------------------[0m
[1m[ RAM ][0m Used: [92m6.9 GB (46.5%)[0m | Available: 7.95 GB | Total: 14.84 GB
[1m[ SWAP ][0m Used: 0.0 GB (0.0%) | Free: 4.0 GB | Total: 4.0 GB
        [93mTop 5 RAM Processes (Logged 10):[0m
          1. chrome (PID 7552) - 770.43 MB (5.07%)
          2. chrome (PID 6787) - 546.13 MB (3.59%)
          3. code (PID 50824) - 459.13 MB (3.02%)
          4. code (PID 51580) - 455.12 MB (2.99%)
          5. gnome-shell (PID 4411) - 444.05 MB (2.92%)
[96m------------------------------------------------------------[0m
[1m[ DISK ][0m Used: [92m20.92 GB (2.28%)[0m | Free: 894.91 GB | Total: 915.83 GB
         [93mI/O:[0m Read 0.0 MB/s | Write 0.01 MB/s | Activity: 0.08%
[96m------------------------------------------------------------[0m
[1m[ NET ][0m Upload: 0.0 MB/s | Download: 0.0 MB/s
[96m------------------------------------------------------------[0m
[1m[ BATTERY ][0m [92m98.19%[0m (Charging/Plugged in)
[1m[96m============================================================[0m
[1m[92mData logged to 2026_logs/2026-09-28.jsonl... (Press Ctrl+C to stop)[0m
[1m[96m============================================================[0m
[1mSYSTEM MONITOR V2[0m | Time: 2026-09-28 14:19:19
[96m------------------------------------------------------------[0m
[1m[ CPU ][0m Used: [92m1.7%[0m | Free: 98.3%
[96m------------------------------------------------------------[0m
[1m[ RAM ][0m Used: [92m6.93 GB (46.7%)[0m | Available: 7.91 GB | Total: 14.84 GB
[1m[ SWAP ][0m Used: 0.0 GB (0.0%) | Free: 4.0 GB | Total: 4.0 GB
        [93mTop 5 RAM Processes (Logged 10):[0m
          1. chrome (PID 7552) - 777.39 MB (5.11%)
          2. chrome (PID 6787) - 546.39 MB (3.59%)
          3. code (PID 50824) - 459.24 MB (3.02%)
          4. code (PID 51580) - 455.2 MB (2.99%)
          5. gnome-shell (PID 4411) - 444.1 MB (2.92%)
[96m------------------------------------------------------------[0m
[1m[ DISK ][0m Used: [92m20.92 GB (2.28%)[0m | Free: 894.91 GB | Total: 915.83 GB
         [93mI/O:[0m Read 0.0 MB/s | Write 0.06 MB/s | Activity: 1.02%
[96m------------------------------------------------------------[0m
[1m[ NET ][0m Upload: 0.01 MB/s | Download: 0.01 MB/s
[96m------------------------------------------------------------[0m
[1m[ BATTERY ][0m [92m98.19%[0m (Charging/Plugged in)
[1m[96m============================================================[0m
[1m[92mData logged to 2026_logs/2026-09-28.jsonl... (Press Ctrl+C to stop)[0m
[1m[96m============================================================[0m
[1mSYSTEM MONITOR V2[0m | Time: 2026-09-28 14:19:25
[96m------------------------------------------------------------[0m
[1m[ CPU ][0m Used: [92m1.9%[0m | Free: 98.1%
[96m------------------------------------------------------------[0m
[1m[ RAM ][0m Used: [92m6.92 GB (46.6%)[0m | Available: 7.92 GB | Total: 14.84 GB
[1m[ SWAP ][0m Used: 0.0 GB (0.0%) | Free: 4.0 GB | Total: 4.0 GB
        [93mTop 5 RAM Processes (Logged 10):[0m
          1. chrome (PID 7552) - 777.39 MB (5.11%)
          2. chrome (PID 6787) - 546.3 MB (3.59%)
          3. code (PID 50824) - 459.35 MB (3.02%)
          4. code (PID 51580) - 455.29 MB (3.0%)
          5. gnome-shell (PID 4411) - 444.1 MB (2.92%)
[96m------------------------------------------------------------[0m
[1m[ DISK ][0m Used: [92m20.92 GB (2.28%)[0m | Free: 894.91 GB | Total: 915.83 GB
         [93mI/O:[0m Read 0.0 MB/s | Write 0.08 MB/s | Activity: 1.71%
[96m------------------------------------------------------------[0m
[1m[ NET ][0m Upload: 0.0 MB/s | Download: 0.0 MB/s
[96m------------------------------------------------------------[0m
[1m[ BATTERY ][0m [92m98.19%[0m (Charging/Plugged in)
[1m[96m============================================================[0m
[1m[92mData logged to 2026_logs/2026-09-28.jsonl... (Press Ctrl+C to stop)[0m
[1m[96m============================================================[0m
[1mSYSTEM MONITOR V2[0m | Time: 2026-09-28 14:19:30
[96m------------------------------------------------------------[0m
[1m[ CPU ][0m Used: [92m0.8%[0m | Free: 99.2%
[96m------------------------------------------------------------[0m
[1m[ RAM ][0m Used: [92m6.92 GB (46.6%)[0m | Available: 7.92 GB | Total: 14.84 GB
[1m[ SWAP ][0m Used: 0.0 GB (0.0%) | Free: 4.0 GB | Total: 4.0 GB
        [93mTop 5 RAM Processes (Logged 10):[0m
          1. chrome (PID 7552) - 777.39 MB (5.11%)
          2. chrome (PID 6787) - 546.04 MB (3.59%)
          3. code (PID 50824) - 459.46 MB (3.02%)
          4. code (PID 51580) - 455.38 MB (3.0%)
          5. gnome-shell (PID 4411) - 443.97 MB (2.92%)
[96m------------------------------------------------------------[0m
[1m[ DISK ][0m Used: [92m20.92 GB (2.28%)[0m | Free: 894.91 GB | Total: 915.83 GB
         [93mI/O:[0m Read 0.0 MB/s | Write 0.07 MB/s | Activity: 0.1%
[96m------------------------------------------------------------[0m
[1m[ NET ][0m Upload: 0.0 MB/s | Download: 0.0 MB/s
[96m------------------------------------------------------------[0m
[1m[ BATTERY ][0m [92m98.19%[0m (Charging/Plugged in)
[1m[96m============================================================[0m
[1m[92mData logged to 2026_logs/2026-09-28.jsonl... (Press Ctrl+C to stop)[0m
[1m[96m============================================================[0m
[1mSYSTEM MONITOR V2[0m | Time: 2026-09-28 14:19:35
[96m------------------------------------------------------------[0m
[1m[ CPU ][0m Used: [92m0.8%[0m | Free: 99.2%
[96m------------------------------------------------------------[0m
[1m[ RAM ][0m Used: [92m6.91 GB (46.5%)[0m | Available: 7.93 GB | Total: 14.84 GB
[1m[ SWAP ][0m Used: 0.0 GB (0.0%) | Free: 4.0 GB | Total: 4.0 GB
        [93mTop 5 RAM Processes (Logged 10):[0m
          1. chrome (PID 7552) - 776.31 MB (5.11%)
          2. chrome (PID 6787) - 546.11 MB (3.59%)
          3. code (PID 50824) - 459.58 MB (3.02%)
          4. code (PID 51580) - 455.46 MB (3.0%)
          5. gnome-shell (PID 4411) - 443.97 MB (2.92%)
[96m------------------------------------------------------------[0m
[1m[ DISK ][0m Used: [92m20.92 GB (2.28%)[0m | Free: 894.91 GB | Total: 915.83 GB
         [93mI/O:[0m Read 0.0 MB/s | Write 1.01 MB/s | Activity: 1.0%
[96m------------------------------------------------------------[0m
[1m[ NET ][0m Upload: 0.0 MB/s | Download: 0.01 MB/s
[96m------------------------------------------------------------[0m
[1m[ BATTERY ][0m [92m98.19%[0m (Charging/Plugged in)
[1m[96m============================================================[0m
[1m[92mData logged to 2026_logs/2026-09-28.jsonl... (Press Ctrl+C to stop)[0m
[1m[96m============================================================[0m
[1mSYSTEM MONITOR V2[0m | Time: 2026-09-28 14:19:40
[96m------------------------------------------------------------[0m
[1m[ CPU ][0m Used: [92m1.5%[0m | Free: 98.5%
[96m------------------------------------------------------------[0m
[1m[ RAM ][0m Used: [92m6.91 GB (46.6%)[0m | Available: 7.93 GB | Total: 14.84 GB
[1m[ SWAP ][0m Used: 0.0 GB (0.0%) | Free: 4.0 GB | Total: 4.0 GB
        [93mTop 5 RAM Processes (Logged 10):[0m
          1. chrome (PID 7552) - 775.34 MB (5.1%)
          2. chrome (PID 6787) - 546.0 MB (3.59%)
          3. code (PID 50824) - 459.82 MB (3.03%)
          4. code (PID 51580) - 455.54 MB (3.0%)
          5. gnome-shell (PID 4411) - 444.13 MB (2.92%)
[96m------------------------------------------------------------[0m
[1m[ DISK ][0m Used: [92m20.92 GB (2.28%)[0m | Free: 894.91 GB | Total: 915.83 GB
         [93mI/O:[0m Read 0.0 MB/s | Write 0.01 MB/s | Activity: 0.88%
[96m------------------------------------------------------------[0m
[1m[ NET ][0m Upload: 0.0 MB/s | Download: 0.0 MB/s
[96m------------------------------------------------------------[0m
[1m[ BATTERY ][0m [92m98.19%[0m (Charging/Plugged in)
[1m[96m============================================================[0m
[1m[92mData logged to 2026_logs/2026-09-28.jsonl... (Press Ctrl+C to stop)[0m
[1m[96m============================================================[0m
[1mSYSTEM MONITOR V2[0m | Time: 2026-09-28 14:19:45
[96m------------------------------------------------------------[0m
[1m[ CPU ][0m Used: [92m3.8%[0m | Free: 96.2%
        [93mTop 5 (Logged 10):[0m gnome-shell (3.09%)
[96m------------------------------------------------------------[0m
[1m[ RAM ][0m Used: [92m6.91 GB (46.6%)[0m | Available: 7.93 GB | Total: 14.84 GB
[1m[ SWAP ][0m Used: 0.0 GB (0.0%) | Free: 4.0 GB | Total: 4.0 GB
        [93mTop 5 RAM Processes (Logged 10):[0m
          1. chrome (PID 7552) - 774.79 MB (5.1%)
          2. chrome (PID 6787) - 546.52 MB (3.6%)
          3. code (PID 50824) - 459.85 MB (3.03%)
          4. code (PID 51580) - 455.62 MB (3.0%)
          5. gnome-shell (PID 4411) - 444.13 MB (2.92%)
[96m------------------------------------------------------------[0m
[1m[ DISK ][0m Used: [92m20.92 GB (2.28%)[0m | Free: 894.91 GB | Total: 915.83 GB
         [93mI/O:[0m Read 0.0 MB/s | Write 0.02 MB/s | Activity: 1.68%
[96m------------------------------------------------------------[0m
[1m[ NET ][0m Upload: 0.0 MB/s | Download: 0.0 MB/s
[96m------------------------------------------------------------[0m
[1m[ BATTERY ][0m [92m98.19%[0m (Charging/Plugged in)
[1m[96m============================================================[0m
[1m[92mData logged to 2026_logs/2026-09-28.jsonl... (Press Ctrl+C to stop)[0m
[1m[96m============================================================[0m
[1mSYSTEM MONITOR V2[0m | Time: 2026-09-28 14:19:50
[96m------------------------------------------------------------[0m
[1m[ CPU ][0m Used: [92m5.6%[0m | Free: 94.4%
        [93mTop 5 (Logged 10):[0m gnome-shell (4.48%)
[96m------------------------------------------------------------[0m
[1m[ RAM ][0m Used: [92m6.93 GB (46.7%)[0m | Available: 7.91 GB | Total: 14.84 GB
[1m[ SWAP ][0m Used: 0.0 GB (0.0%) | Free: 4.0 GB | Total: 4.0 GB
        [93mTop 5 RAM Processes (Logged 10):[0m
          1. chrome (PID 7552) - 771.26 MB (5.07%)
          2. chrome (PID 6787) - 547.48 MB (3.6%)
          3. code (PID 50824) - 459.39 MB (3.02%)
          4. code (PID 51580) - 455.71 MB (3.0%)
          5. gnome-shell (PID 4411) - 436.25 MB (2.87%)
[96m------------------------------------------------------------[0m
[1m[ DISK ][0m Used: [92m20.92 GB (2.28%)[0m | Free: 894.91 GB | Total: 915.83 GB
         [93mI/O:[0m Read 0.0 MB/s | Write 0.08 MB/s | Activity: 1.08%
[96m------------------------------------------------------------[0m
[1m[ NET ][0m Upload: 0.0 MB/s | Download: 0.0 MB/s
[96m------------------------------------------------------------[0m
[1m[ BATTERY ][0m [92m98.19%[0m (Charging/Plugged in)
[1m[96m============================================================[0m
[1m[92mData logged to 2026_logs/2026-09-28.jsonl... (Press Ctrl+C to stop)[0m
[1m[96m============================================================[0m
[1mSYSTEM MONITOR V2[0m | Time: 2026-09-28 14:19:55
[96m------------------------------------------------------------[0m
[1m[ CPU ][0m Used: [92m1.1%[0m | Free: 98.9%
[96m------------------------------------------------------------[0m
[1m[ RAM ][0m Used: [92m6.94 GB (46.7%)[0m | Available: 7.91 GB | Total: 14.84 GB
[1m[ SWAP ][0m Used: 0.0 GB (0.0%) | Free: 4.0 GB | Total: 4.0 GB
        [93mTop 5 RAM Processes (Logged 10):[0m
          1. chrome (PID 7552) - 771.26 MB (5.07%)
          2. chrome (PID 6787) - 547.22 MB (3.6%)
          3. code (PID 50824) - 459.42 MB (3.02%)
          4. code (PID 51580) - 455.81 MB (3.0%)
          5. gnome-shell (PID 4411) - 436.25 MB (2.87%)
[96m------------------------------------------------------------[0m
[1m[ DISK ][0m Used: [92m20.92 GB (2.28%)[0m | Free: 894.91 GB | Total: 915.83 GB
         [93mI/O:[0m Read 0.0 MB/s | Write 0.01 MB/s | Activity: 0.82%
[96m------------------------------------------------------------[0m
[1m[ NET ][0m Upload: 0.01 MB/s | Download: 0.01 MB/s
[96m------------------------------------------------------------[0m
[1m[ BATTERY ][0m [92m98.19%[0m (Charging/Plugged in)
[1m[96m============================================================[0m
[1m[92mData logged to 2026_logs/2026-09-28.jsonl... (Press Ctrl+C to stop)[0m
[1m[96m============================================================[0m
[1mSYSTEM MONITOR V2[0m | Time: 2026-09-28 14:20:00
[96m------------------------------------------------------------[0m
[1m[ CPU ][0m Used: [92m0.8%[0m | Free: 99.2%
[96m------------------------------------------------------------[0m
[1m[ RAM ][0m Used: [92m6.89 GB (46.4%)[0m | Available: 7.95 GB | Total: 14.84 GB
[1m[ SWAP ][0m Used: 0.0 GB (0.0%) | Free: 4.0 GB | Total: 4.0 GB
        [93mTop 5 RAM Processes (Logged 10):[0m
          1. chrome (PID 7552) - 771.27 MB (5.07%)
          2. chrome (PID 6787) - 546.28 MB (3.59%)
          3. code (PID 50824) - 459.46 MB (3.02%)
          4. code (PID 51580) - 455.1 MB (2.99%)
          5. gnome-shell (PID 4411) - 432.18 MB (2.84%)
[96m------------------------------------------------------------[0m
[1m[ DISK ][0m Used: [92m20.92 GB (2.28%)[0m | Free: 894.91 GB | Total: 915.83 GB
         [93mI/O:[0m Read 0.0 MB/s | Write 0.03 MB/s | Activity: 0.92%
[96m------------------------------------------------------------[0m
[1m[ NET ][0m Upload: 0.0 MB/s | Download: 0.0 MB/s
[96m------------------------------------------------------------[0m
[1m[ BATTERY ][0m [92m98.19%[0m (Charging/Plugged in)
[1m[96m============================================================[0m
[1m[92mData logged to 2026_logs/2026-09-28.jsonl... (Press Ctrl+C to stop)[0m
[1m[96m============================================================[0m
[1mSYSTEM MONITOR V2[0m | Time: 2026-09-28 14:20:05
[96m------------------------------------------------------------[0m
[1m[ CPU ][0m Used: [92m0.6%[0m | Free: 99.4%
[96m------------------------------------------------------------[0m
[1m[ RAM ][0m Used: [92m6.89 GB (46.4%)[0m | Available: 7.96 GB | Total: 14.84 GB
[1m[ SWAP ][0m Used: 0.0 GB (0.0%) | Free: 4.0 GB | Total: 4.0 GB
        [93mTop 5 RAM Processes (Logged 10):[0m
          1. chrome (PID 7552) - 771.27 MB (5.07%)
          2. chrome (PID 6787) - 546.2 MB (3.59%)
          3. code (PID 50824) - 459.53 MB (3.02%)
          4. code (PID 51580) - 455.18 MB (2.99%)
          5. gnome-shell (PID 4411) - 432.18 MB (2.84%)
[96m------------------------------------------------------------[0m
[1m[ DISK ][0m Used: [92m20.92 GB (2.28%)[0m | Free: 894.91 GB | Total: 915.83 GB
         [93mI/O:[0m Read 0.0 MB/s | Write 1.17 MB/s | Activity: 1.1%
[96m------------------------------------------------------------[0m
[1m[ NET ][0m Upload: 0.0 MB/s | Download: 0.0 MB/s
[96m------------------------------------------------------------[0m
[1m[ BATTERY ][0m [92m98.19%[0m (Charging/Plugged in)
[1m[96m============================================================[0m
[1m[92mData logged to 2026_logs/2026-09-28.jsonl... (Press Ctrl+C to stop)[0m
[1m[96m============================================================[0m
[1mSYSTEM MONITOR V2[0m | Time: 2026-09-28 14:20:10
[96m------------------------------------------------------------[0m
[1m[ CPU ][0m Used: [92m0.9%[0m | Free: 99.1%
[96m------------------------------------------------------------[0m
[1m[ RAM ][0m Used: [92m6.88 GB (46.4%)[0m | Available: 7.96 GB | Total: 14.84 GB
[1m[ SWAP ][0m Used: 0.0 GB (0.0%) | Free: 4.0 GB | Total: 4.0 GB
        [93mTop 5 RAM Processes (Logged 10):[0m
          1. chrome (PID 7552) - 771.27 MB (5.07%)
          2. chrome (PID 6787) - 546.23 MB (3.59%)
          3. code (PID 50824) - 459.68 MB (3.02%)
          4. code (PID 51580) - 455.26 MB (3.0%)
          5. gnome-shell (PID 4411) - 432.05 MB (2.84%)
[96m------------------------------------------------------------[0m
[1m[ DISK ][0m Used: [92m20.92 GB (2.28%)[0m | Free: 894.91 GB | Total: 915.83 GB
         [93mI/O:[0m Read 0.0 MB/s | Write 0.01 MB/s | Activity: 0.9%
[96m------------------------------------------------------------[0m
[1m[ NET ][0m Upload: 0.0 MB/s | Download: 0.0 MB/s
[96m------------------------------------------------------------[0m
[1m[ BATTERY ][0m [92m98.19%[0m (Charging/Plugged in)
[1m[96m============================================================[0m
[1m[92mData logged to 2026_logs/2026-09-28.jsonl... (Press Ctrl+C to stop)[0m
[1m[96m============================================================[0m
[1mSYSTEM MONITOR V2[0m | Time: 2026-09-28 14:20:16
[96m------------------------------------------------------------[0m
[1m[ CPU ][0m Used: [92m1.3%[0m | Free: 98.7%
[96m------------------------------------------------------------[0m
[1m[ RAM ][0m Used: [92m6.91 GB (46.5%)[0m | Available: 7.94 GB | Total: 14.84 GB
[1m[ SWAP ][0m Used: 0.0 GB (0.0%) | Free: 4.0 GB | Total: 4.0 GB
        [93mTop 5 RAM Processes (Logged 10):[0m
          1. chrome (PID 7552) - 781.92 MB (5.14%)
          2. chrome (PID 6787) - 550.34 MB (3.62%)
          3. code (PID 50824) - 459.86 MB (3.03%)
          4. code (PID 51580) - 455.35 MB (3.0%)
          5. gnome-shell (PID 4411) - 432.05 MB (2.84%)
[96m------------------------------------------------------------[0m
[1m[ DISK ][0m Used: [92m20.92 GB (2.28%)[0m | Free: 894.91 GB | Total: 915.83 GB
         [93mI/O:[0m Read 0.0 MB/s | Write 0.02 MB/s | Activity: 1.57%
[96m------------------------------------------------------------[0m
[1m[ NET ][0m Upload: 0.0 MB/s | Download: 0.0 MB/s
[96m------------------------------------------------------------[0m
[1m[ BATTERY ][0m [92m98.19%[0m (Charging/Plugged in)
[1m[96m============================================================[0m
[1m[92mData logged to 2026_logs/2026-09-28.jsonl... (Press Ctrl+C to stop)[0m
[1m[96m============================================================[0m
[1mSYSTEM MONITOR V2[0m | Time: 2026-09-28 14:20:21
[96m------------------------------------------------------------[0m
[1m[ CPU ][0m Used: [92m0.8%[0m | Free: 99.2%
[96m------------------------------------------------------------[0m
[1m[ RAM ][0m Used: [92m6.89 GB (46.4%)[0m | Available: 7.95 GB | Total: 14.84 GB
[1m[ SWAP ][0m Used: 0.0 GB (0.0%) | Free: 4.0 GB | Total: 4.0 GB
        [93mTop 5 RAM Processes (Logged 10):[0m
          1. chrome (PID 7552) - 781.91 MB (5.14%)
          2. chrome (PID 6787) - 546.27 MB (3.59%)
          3. code (PID 50824) - 459.19 MB (3.02%)
          4. code (PID 51580) - 455.43 MB (3.0%)
          5. gnome-shell (PID 4411) - 432.05 MB (2.84%)
[96m------------------------------------------------------------[0m
[1m[ DISK ][0m Used: [92m20.92 GB (2.28%)[0m | Free: 894.91 GB | Total: 915.83 GB
         [93mI/O:[0m Read 0.0 MB/s | Write 0.01 MB/s | Activity: 0.8%
[96m------------------------------------------------------------[0m
[1m[ NET ][0m Upload: 0.0 MB/s | Download: 0.0 MB/s
[96m------------------------------------------------------------[0m
[1m[ BATTERY ][0m [92m98.19%[0m (Charging/Plugged in)
[1m[96m============================================================[0m
[1m[92mData logged to 2026_logs/2026-09-28.jsonl... (Press Ctrl+C to stop)[0m
[1m[96m============================================================[0m
[1mSYSTEM MONITOR V2[0m | Time: 2026-09-28 14:20:26
[96m------------------------------------------------------------[0m
[1m[ CPU ][0m Used: [92m0.7%[0m | Free: 99.3%
[96m------------------------------------------------------------[0m
[1m[ RAM ][0m Used: [92m6.89 GB (46.4%)[0m | Available: 7.95 GB | Total: 14.84 GB
[1m[ SWAP ][0m Used: 0.0 GB (0.0%) | Free: 4.0 GB | Total: 4.0 GB
        [93mTop 5 RAM Processes (Logged 10):[0m
          1. chrome (PID 7552) - 781.91 MB (5.14%)
          2. chrome (PID 6787) - 546.11 MB (3.59%)
          3. code (PID 50824) - 459.3 MB (3.02%)
          4. code (PID 51580) - 455.52 MB (3.0%)
          5. gnome-shell (PID 4411) - 432.05 MB (2.84%)
[96m------------------------------------------------------------[0m
[1m[ DISK ][0m Used: [92m20.92 GB (2.28%)[0m | Free: 894.91 GB | Total: 915.83 GB
         [93mI/O:[0m Read 0.0 MB/s | Write 0.08 MB/s | Activity: 0.08%
[96m------------------------------------------------------------[0m
[1m[ NET ][0m Upload: 0.0 MB/s | Download: 0.0 MB/s
[96m------------------------------------------------------------[0m
[1m[ BATTERY ][0m [92m98.19%[0m (Charging/Plugged in)
[1m[96m============================================================[0m
[1m[92mData logged to 2026_logs/2026-09-28.jsonl... (Press Ctrl+C to stop)[0m
[1m[96m============================================================[0m
[1mSYSTEM MONITOR V2[0m | Time: 2026-09-28 14:20:31
[96m------------------------------------------------------------[0m
[1m[ CPU ][0m Used: [92m0.6%[0m | Free: 99.4%
[96m------------------------------------------------------------[0m
[1m[ RAM ][0m Used: [92m6.89 GB (46.4%)[0m | Available: 7.95 GB | Total: 14.84 GB
[1m[ SWAP ][0m Used: 0.0 GB (0.0%) | Free: 4.0 GB | Total: 4.0 GB
        [93mTop 5 RAM Processes (Logged 10):[0m
          1. chrome (PID 7552) - 781.91 MB (5.14%)
          2. chrome (PID 6787) - 546.11 MB (3.59%)
          3. code (PID 50824) - 459.39 MB (3.02%)
          4. code (PID 51580) - 455.59 MB (3.0%)
          5. gnome-shell (PID 4411) - 432.05 MB (2.84%)
[96m------------------------------------------------------------[0m
[1m[ DISK ][0m Used: [92m20.92 GB (2.28%)[0m | Free: 894.91 GB | Total: 915.83 GB
         [93mI/O:[0m Read 0.0 MB/s | Write 0.02 MB/s | Activity: 0.92%
[96m------------------------------------------------------------[0m
[1m[ NET ][0m Upload: 0.0 MB/s | Download: 0.0 MB/s
[96m------------------------------------------------------------[0m
[1m[ BATTERY ][0m [92m98.19%[0m (Charging/Plugged in)
[1m[96m============================================================[0m
[1m[92mData logged to 2026_logs/2026-09-28.jsonl... (Press Ctrl+C to stop)[0m
[1m[96m============================================================[0m
[1mSYSTEM MONITOR V2[0m | Time: 2026-09-28 14:20:36
[96m------------------------------------------------------------[0m
[1m[ CPU ][0m Used: [92m0.9%[0m | Free: 99.1%
[96m------------------------------------------------------------[0m
[1m[ RAM ][0m Used: [92m6.89 GB (46.4%)[0m | Available: 7.95 GB | Total: 14.84 GB
[1m[ SWAP ][0m Used: 0.0 GB (0.0%) | Free: 4.0 GB | Total: 4.0 GB
        [93mTop 5 RAM Processes (Logged 10):[0m
          1. chrome (PID 7552) - 781.92 MB (5.14%)
          2. chrome (PID 6787) - 545.98 MB (3.59%)
          3. code (PID 50824) - 459.59 MB (3.02%)
          4. code (PID 51580) - 455.68 MB (3.0%)
          5. gnome-shell (PID 4411) - 432.11 MB (2.84%)
[96m------------------------------------------------------------[0m
[1m[ DISK ][0m Used: [92m20.92 GB (2.28%)[0m | Free: 894.91 GB | Total: 915.83 GB
         [93mI/O:[0m Read 0.0 MB/s | Write 1.38 MB/s | Activity: 1.0%
[96m------------------------------------------------------------[0m
[1m[ NET ][0m Upload: 0.0 MB/s | Download: 0.0 MB/s
[96m------------------------------------------------------------[0m
[1m[ BATTERY ][0m [92m98.19%[0m (Charging/Plugged in)
[1m[96m============================================================[0m
[1m[92mData logged to 2026_logs/2026-09-28.jsonl... (Press Ctrl+C to stop)[0m
[1m[96m============================================================[0m
[1mSYSTEM MONITOR V2[0m | Time: 2026-09-28 14:20:41
[96m------------------------------------------------------------[0m
[1m[ CPU ][0m Used: [92m0.9%[0m | Free: 99.1%
[96m------------------------------------------------------------[0m
[1m[ RAM ][0m Used: [92m6.9 GB (46.5%)[0m | Available: 7.94 GB | Total: 14.84 GB
[1m[ SWAP ][0m Used: 0.0 GB (0.0%) | Free: 4.0 GB | Total: 4.0 GB
        [93mTop 5 RAM Processes (Logged 10):[0m
          1. chrome (PID 7552) - 781.93 MB (5.14%)
          2. chrome (PID 6787) - 547.54 MB (3.6%)
          3. code (PID 50824) - 459.61 MB (3.02%)
          4. code (PID 51580) - 455.76 MB (3.0%)
          5. gnome-shell (PID 4411) - 432.11 MB (2.84%)
[96m------------------------------------------------------------[0m
[1m[ DISK ][0m Used: [92m20.92 GB (2.28%)[0m | Free: 894.91 GB | Total: 915.83 GB
         [93mI/O:[0m Read 0.0 MB/s | Write 0.05 MB/s | Activity: 1.82%
[96m------------------------------------------------------------[0m
[1m[ NET ][0m Upload: 0.0 MB/s | Download: 0.0 MB/s
[96m------------------------------------------------------------[0m
[1m[ BATTERY ][0m [92m98.19%[0m (Charging/Plugged in)
[1m[96m============================================================[0m
[1m[92mData logged to 2026_logs/2026-09-28.jsonl... (Press Ctrl+C to stop)[0m
[1m[96m============================================================[0m
[1mSYSTEM MONITOR V2[0m | Time: 2026-09-28 14:20:46
[96m------------------------------------------------------------[0m
[1m[ CPU ][0m Used: [92m1.7%[0m | Free: 98.3%
[96m------------------------------------------------------------[0m
[1m[ RAM ][0m Used: [92m6.93 GB (46.7%)[0m | Available: 7.91 GB | Total: 14.84 GB
[1m[ SWAP ][0m Used: 0.0 GB (0.0%) | Free: 4.0 GB | Total: 4.0 GB
        [93mTop 5 RAM Processes (Logged 10):[0m
          1. chrome (PID 7552) - 776.49 MB (5.11%)
          2. chrome (PID 6787) - 547.34 MB (3.6%)
          3. code (PID 50824) - 459.77 MB (3.02%)
          4. code (PID 51580) - 455.86 MB (3.0%)
          5. gnome-shell (PID 4411) - 432.15 MB (2.84%)
[96m------------------------------------------------------------[0m
[1m[ DISK ][0m Used: [92m20.92 GB (2.28%)[0m | Free: 894.91 GB | Total: 915.83 GB
         [93mI/O:[0m Read 0.0 MB/s | Write 0.09 MB/s | Activity: 1.12%
[96m------------------------------------------------------------[0m
[1m[ NET ][0m Upload: 0.0 MB/s | Download: 0.0 MB/s
[96m------------------------------------------------------------[0m
[1m[ BATTERY ][0m [92m98.19%[0m (Charging/Plugged in)
[1m[96m============================================================[0m
[1m[92mData logged to 2026_logs/2026-09-28.jsonl... (Press Ctrl+C to stop)[0m
[1m[96m============================================================[0m
[1mSYSTEM MONITOR V2[0m | Time: 2026-09-28 14:20:51
[96m------------------------------------------------------------[0m
[1m[ CPU ][0m Used: [92m0.8%[0m | Free: 99.2%
[96m------------------------------------------------------------[0m
[1m[ RAM ][0m Used: [92m6.93 GB (46.7%)[0m | Available: 7.91 GB | Total: 14.84 GB
[1m[ SWAP ][0m Used: 0.0 GB (0.0%) | Free: 4.0 GB | Total: 4.0 GB
        [93mTop 5 RAM Processes (Logged 10):[0m
          1. chrome (PID 7552) - 776.49 MB (5.11%)
          2. chrome (PID 6787) - 546.86 MB (3.6%)
          3. code (PID 50824) - 459.96 MB (3.03%)
          4. code (PID 51580) - 455.94 MB (3.0%)
          5. gnome-shell (PID 4411) - 432.15 MB (2.84%)
[96m------------------------------------------------------------[0m
[1m[ DISK ][0m Used: [92m20.92 GB (2.28%)[0m | Free: 894.91 GB | Total: 915.83 GB
         [93mI/O:[0m Read 0.0 MB/s | Write 0.0 MB/s | Activity: 0.76%
[96m------------------------------------------------------------[0m
[1m[ NET ][0m Upload: 0.0 MB/s | Download: 0.0 MB/s
[96m------------------------------------------------------------[0m
[1m[ BATTERY ][0m [92m98.19%[0m (Charging/Plugged in)
[1m[96m============================================================[0m
[1m[92mData logged to 2026_logs/2026-09-28.jsonl... (Press Ctrl+C to stop)[0m
[1m[96m============================================================[0m
[1mSYSTEM MONITOR V2[0m | Time: 2026-09-28 14:20:56
[96m------------------------------------------------------------[0m
[1m[ CPU ][0m Used: [92m0.8%[0m | Free: 99.2%
[96m------------------------------------------------------------[0m
[1m[ RAM ][0m Used: [92m6.92 GB (46.6%)[0m | Available: 7.92 GB | Total: 14.84 GB
[1m[ SWAP ][0m Used: 0.0 GB (0.0%) | Free: 4.0 GB | Total: 4.0 GB
        [93mTop 5 RAM Processes (Logged 10):[0m
          1. chrome (PID 7552) - 775.05 MB (5.1%)
          2. chrome (PID 6787) - 546.86 MB (3.6%)
          3. code (PID 50824) - 459.25 MB (3.02%)
          4. code (PID 51580) - 455.25 MB (3.0%)
          5. gnome-shell (PID 4411) - 432.15 MB (2.84%)
[96m------------------------------------------------------------[0m
[1m[ DISK ][0m Used: [92m20.92 GB (2.28%)[0m | Free: 894.91 GB | Total: 915.83 GB
         [93mI/O:[0m Read 0.0 MB/s | Write 0.01 MB/s | Activity: 1.57%
[96m------------------------------------------------------------[0m
[1m[ NET ][0m Upload: 0.0 MB/s | Download: 0.0 MB/s
[96m------------------------------------------------------------[0m
[1m[ BATTERY ][0m [92m98.19%[0m (Charging/Plugged in)
[1m[96m============================================================[0m
[1m[92mData logged to 2026_logs/2026-09-28.jsonl... (Press Ctrl+C to stop)[0m
[1m[96m============================================================[0m
[1mSYSTEM MONITOR V2[0m | Time: 2026-09-28 14:21:01
[96m------------------------------------------------------------[0m
[1m[ CPU ][0m Used: [92m0.8%[0m | Free: 99.2%
[96m------------------------------------------------------------[0m
[1m[ RAM ][0m Used: [92m6.92 GB (46.6%)[0m | Available: 7.93 GB | Total: 14.84 GB
[1m[ SWAP ][0m Used: 0.0 GB (0.0%) | Free: 4.0 GB | Total: 4.0 GB
        [93mTop 5 RAM Processes (Logged 10):[0m
          1. chrome (PID 7552) - 771.95 MB (5.08%)
          2. chrome (PID 6787) - 547.07 MB (3.6%)
          3. code (PID 50824) - 459.33 MB (3.02%)
          4. code (PID 51580) - 455.34 MB (3.0%)
          5. gnome-shell (PID 4411) - 432.16 MB (2.84%)
[96m------------------------------------------------------------[0m
[1m[ DISK ][0m Used: [92m20.92 GB (2.28%)[0m | Free: 894.91 GB | Total: 915.83 GB
         [93mI/O:[0m Read 0.0 MB/s | Write 0.05 MB/s | Activity: 1.67%
[96m------------------------------------------------------------[0m
[1m[ NET ][0m Upload: 0.0 MB/s | Download: 0.0 MB/s
[96m------------------------------------------------------------[0m
[1m[ BATTERY ][0m [92m98.19%[0m (Charging/Plugged in)
[1m[96m============================================================[0m
[1m[92mData logged to 2026_logs/2026-09-28.jsonl... (Press Ctrl+C to stop)[0m
[1m[96m============================================================[0m
[1mSYSTEM MONITOR V2[0m | Time: 2026-09-28 14:21:07
[96m------------------------------------------------------------[0m
[1m[ CPU ][0m Used: [92m0.7%[0m | Free: 99.3%
[96m------------------------------------------------------------[0m
[1m[ RAM ][0m Used: [92m6.9 GB (46.5%)[0m | Available: 7.95 GB | Total: 14.84 GB
[1m[ SWAP ][0m Used: 0.0 GB (0.0%) | Free: 4.0 GB | Total: 4.0 GB
        [93mTop 5 RAM Processes (Logged 10):[0m
          1. chrome (PID 7552) - 760.72 MB (5.0%)
          2. chrome (PID 6787) - 546.86 MB (3.6%)
          3. code (PID 50824) - 459.48 MB (3.02%)
          4. code (PID 51580) - 455.42 MB (3.0%)
          5. gnome-shell (PID 4411) - 432.16 MB (2.84%)
[96m------------------------------------------------------------[0m
[1m[ DISK ][0m Used: [92m20.92 GB (2.28%)[0m | Free: 894.91 GB | Total: 915.83 GB
         [93mI/O:[0m Read 0.0 MB/s | Write 0.56 MB/s | Activity: 0.96%
[96m------------------------------------------------------------[0m
[1m[ NET ][0m Upload: 0.0 MB/s | Download: 0.0 MB/s
[96m------------------------------------------------------------[0m
[1m[ BATTERY ][0m [92m98.19%[0m (Charging/Plugged in)
[1m[96m============================================================[0m
[1m[92mData logged to 2026_logs/2026-09-28.jsonl... (Press Ctrl+C to stop)[0m
[1m[96m============================================================[0m
[1mSYSTEM MONITOR V2[0m | Time: 2026-09-28 14:21:12
[96m------------------------------------------------------------[0m
[1m[ CPU ][0m Used: [92m1.1%[0m | Free: 98.9%
[96m------------------------------------------------------------[0m
[1m[ RAM ][0m Used: [92m6.88 GB (46.3%)[0m | Available: 7.97 GB | Total: 14.84 GB
[1m[ SWAP ][0m Used: 0.0 GB (0.0%) | Free: 4.0 GB | Total: 4.0 GB
        [93mTop 5 RAM Processes (Logged 10):[0m
          1. chrome (PID 7552) - 760.72 MB (5.0%)
          2. chrome (PID 6787) - 546.88 MB (3.6%)
          3. code (PID 50824) - 459.6 MB (3.02%)
          4. code (PID 51580) - 455.5 MB (3.0%)
          5. gnome-shell (PID 4411) - 432.14 MB (2.84%)
[96m------------------------------------------------------------[0m
[1m[ DISK ][0m Used: [92m20.92 GB (2.28%)[0m | Free: 894.91 GB | Total: 915.83 GB
         [93mI/O:[0m Read 0.0 MB/s | Write 0.91 MB/s | Activity: 0.92%
[96m------------------------------------------------------------[0m
[1m[ NET ][0m Upload: 0.0 MB/s | Download: 0.0 MB/s
[96m------------------------------------------------------------[0m
[1m[ BATTERY ][0m [92m98.19%[0m (Charging/Plugged in)
[1m[96m============================================================[0m
[1m[92mData logged to 2026_logs/2026-09-28.jsonl... (Press Ctrl+C to stop)[0m
[1m[96m============================================================[0m
[1mSYSTEM MONITOR V2[0m | Time: 2026-09-28 14:21:17
[96m------------------------------------------------------------[0m
[1m[ CPU ][0m Used: [92m1.5%[0m | Free: 98.5%
[96m------------------------------------------------------------[0m
[1m[ RAM ][0m Used: [92m6.94 GB (46.8%)[0m | Available: 7.9 GB | Total: 14.84 GB
[1m[ SWAP ][0m Used: 0.0 GB (0.0%) | Free: 4.0 GB | Total: 4.0 GB
        [93mTop 5 RAM Processes (Logged 10):[0m
          1. chrome (PID 7552) - 766.23 MB (5.04%)
          2. chrome (PID 6787) - 550.09 MB (3.62%)
          3. code (PID 50824) - 459.77 MB (3.02%)
          4. code (PID 51580) - 455.59 MB (3.0%)
          5. gnome-shell (PID 4411) - 432.19 MB (2.84%)
[96m------------------------------------------------------------[0m
[1m[ DISK ][0m Used: [92m20.92 GB (2.28%)[0m | Free: 894.91 GB | Total: 915.83 GB
         [93mI/O:[0m Read 0.0 MB/s | Write 0.09 MB/s | Activity: 1.16%
[96m------------------------------------------------------------[0m
[1m[ NET ][0m Upload: 0.0 MB/s | Download: 0.0 MB/s
[96m------------------------------------------------------------[0m
[1m[ BATTERY ][0m [92m98.19%[0m (Charging/Plugged in)
[1m[96m============================================================[0m
[1m[92mData logged to 2026_logs/2026-09-28.jsonl... (Press Ctrl+C to stop)[0m
[1m[96m============================================================[0m
[1mSYSTEM MONITOR V2[0m | Time: 2026-09-28 14:21:22
[96m------------------------------------------------------------[0m
[1m[ CPU ][0m Used: [92m0.6%[0m | Free: 99.4%
[96m------------------------------------------------------------[0m
[1m[ RAM ][0m Used: [92m6.95 GB (46.8%)[0m | Available: 7.89 GB | Total: 14.84 GB
[1m[ SWAP ][0m Used: 0.0 GB (0.0%) | Free: 4.0 GB | Total: 4.0 GB
        [93mTop 5 RAM Processes (Logged 10):[0m
          1. chrome (PID 7552) - 766.25 MB (5.04%)
          2. chrome (PID 6787) - 547.19 MB (3.6%)
          3. code (PID 50824) - 459.86 MB (3.03%)
          4. code (PID 51580) - 455.67 MB (3.0%)
          5. gnome-shell (PID 4411) - 432.19 MB (2.84%)
[96m------------------------------------------------------------[0m
[1m[ DISK ][0m Used: [92m20.92 GB (2.28%)[0m | Free: 894.91 GB | Total: 915.83 GB
         [93mI/O:[0m Read 0.0 MB/s | Write 0.01 MB/s | Activity: 0.86%
[96m------------------------------------------------------------[0m
[1m[ NET ][0m Upload: 0.0 MB/s | Download: 0.0 MB/s
[96m------------------------------------------------------------[0m
[1m[ BATTERY ][0m [92m98.19%[0m (Charging/Plugged in)
[1m[96m============================================================[0m
[1m[92mData logged to 2026_logs/2026-09-28.jsonl... (Press Ctrl+C to stop)[0m
[1m[96m============================================================[0m
[1mSYSTEM MONITOR V2[0m | Time: 2026-09-28 14:21:27
[96m------------------------------------------------------------[0m
[1m[ CPU ][0m Used: [92m0.7%[0m | Free: 99.3%
[96m------------------------------------------------------------[0m
[1m[ RAM ][0m Used: [92m6.94 GB (46.8%)[0m | Available: 7.9 GB | Total: 14.84 GB
[1m[ SWAP ][0m Used: 0.0 GB (0.0%) | Free: 4.0 GB | Total: 4.0 GB
        [93mTop 5 RAM Processes (Logged 10):[0m
          1. chrome (PID 7552) - 766.25 MB (5.04%)
          2. chrome (PID 6787) - 547.06 MB (3.6%)
          3. code (PID 50824) - 460.01 MB (3.03%)
          4. code (PID 51580) - 455.75 MB (3.0%)
          5. gnome-shell (PID 4411) - 432.19 MB (2.84%)
[96m------------------------------------------------------------[0m
[1m[ DISK ][0m Used: [92m20.92 GB (2.28%)[0m | Free: 894.91 GB | Total: 915.83 GB
         [93mI/O:[0m Read 0.0 MB/s | Write 0.0 MB/s | Activity: 0.0%
[96m------------------------------------------------------------[0m
[1m[ NET ][0m Upload: 0.0 MB/s | Download: 0.0 MB/s
[96m------------------------------------------------------------[0m
[1m[ BATTERY ][0m [92m98.19%[0m (Charging/Plugged in)
[1m[96m============================================================[0m
[1m[92mData logged to 2026_logs/2026-09-28.jsonl... (Press Ctrl+C to stop)[0m
[1m[96m============================================================[0m
[1mSYSTEM MONITOR V2[0m | Time: 2026-09-28 14:21:32
[96m------------------------------------------------------------[0m
[1m[ CPU ][0m Used: [92m0.6%[0m | Free: 99.4%
[96m------------------------------------------------------------[0m
[1m[ RAM ][0m Used: [92m6.94 GB (46.8%)[0m | Available: 7.9 GB | Total: 14.84 GB
[1m[ SWAP ][0m Used: 0.0 GB (0.0%) | Free: 4.0 GB | Total: 4.0 GB
        [93mTop 5 RAM Processes (Logged 10):[0m
          1. chrome (PID 7552) - 766.25 MB (5.04%)
          2. chrome (PID 6787) - 546.88 MB (3.6%)
          3. code (PID 50824) - 459.51 MB (3.02%)
          4. code (PID 51580) - 455.83 MB (3.0%)
          5. gnome-shell (PID 4411) - 432.19 MB (2.84%)
[96m------------------------------------------------------------[0m
[1m[ DISK ][0m Used: [92m20.92 GB (2.28%)[0m | Free: 894.91 GB | Total: 915.83 GB
         [93mI/O:[0m Read 0.0 MB/s | Write 0.05 MB/s | Activity: 0.82%
[96m------------------------------------------------------------[0m
[1m[ NET ][0m Upload: 0.0 MB/s | Download: 0.0 MB/s
[96m------------------------------------------------------------[0m
[1m[ BATTERY ][0m [92m98.19%[0m (Charging/Plugged in)
[1m[96m============================================================[0m
[1m[92mData logged to 2026_logs/2026-09-28.jsonl... (Press Ctrl+C to stop)[0m
[1m[96m============================================================[0m
[1mSYSTEM MONITOR V2[0m | Time: 2026-09-28 14:21:37
[96m------------------------------------------------------------[0m
[1m[ CPU ][0m Used: [92m0.6%[0m | Free: 99.4%
[96m------------------------------------------------------------[0m
[1m[ RAM ][0m Used: [92m6.92 GB (46.6%)[0m | Available: 7.92 GB | Total: 14.84 GB
[1m[ SWAP ][0m Used: 0.0 GB (0.0%) | Free: 4.0 GB | Total: 4.0 GB
        [93mTop 5 RAM Processes (Logged 10):[0m
          1. chrome (PID 7552) - 766.25 MB (5.04%)
          2. chrome (PID 6787) - 546.87 MB (3.6%)
          3. code (PID 50824) - 459.49 MB (3.02%)
          4. code (PID 51580) - 455.92 MB (3.0%)
          5. gnome-shell (PID 4411) - 432.19 MB (2.84%)
[96m------------------------------------------------------------[0m
[1m[ DISK ][0m Used: [92m20.92 GB (2.28%)[0m | Free: 894.91 GB | Total: 915.83 GB
         [93mI/O:[0m Read 0.0 MB/s | Write 0.37 MB/s | Activity: 1.75%
[96m------------------------------------------------------------[0m
[1m[ NET ][0m Upload: 0.0 MB/s | Download: 0.0 MB/s
[96m------------------------------------------------------------[0m
[1m[ BATTERY ][0m [92m98.19%[0m (Charging/Plugged in)
[1m[96m============================================================[0m
[1m[92mData logged to 2026_logs/2026-09-28.jsonl... (Press Ctrl+C to stop)[0m
[1m[96m============================================================[0m
[1mSYSTEM MONITOR V2[0m | Time: 2026-09-28 14:21:42
[96m------------------------------------------------------------[0m
[1m[ CPU ][0m Used: [92m0.8%[0m | Free: 99.2%
[96m------------------------------------------------------------[0m
[1m[ RAM ][0m Used: [92m6.92 GB (46.6%)[0m | Available: 7.92 GB | Total: 14.84 GB
[1m[ SWAP ][0m Used: 0.0 GB (0.0%) | Free: 4.0 GB | Total: 4.0 GB
        [93mTop 5 RAM Processes (Logged 10):[0m
          1. chrome (PID 7552) - 766.26 MB (5.04%)
          2. chrome (PID 6787) - 546.89 MB (3.6%)
          3. code (PID 50824) - 459.57 MB (3.02%)
          4. code (PID 51580) - 456.02 MB (3.0%)
          5. gnome-shell (PID 4411) - 432.19 MB (2.84%)
[96m------------------------------------------------------------[0m
[1m[ DISK ][0m Used: [92m20.92 GB (2.28%)[0m | Free: 894.91 GB | Total: 915.83 GB
         [93mI/O:[0m Read 0.0 MB/s | Write 0.69 MB/s | Activity: 0.12%
[96m------------------------------------------------------------[0m
[1m[ NET ][0m Upload: 0.0 MB/s | Download: 0.0 MB/s
[96m------------------------------------------------------------[0m
[1m[ BATTERY ][0m [92m98.19%[0m (Charging/Plugged in)
[1m[96m============================================================[0m
[1m[92mData logged to 2026_logs/2026-09-28.jsonl... (Press Ctrl+C to stop)[0m
[1m[96m============================================================[0m
[1mSYSTEM MONITOR V2[0m | Time: 2026-09-28 14:21:47
[96m------------------------------------------------------------[0m
[1m[ CPU ][0m Used: [92m1.0%[0m | Free: 99.0%
[96m------------------------------------------------------------[0m
[1m[ RAM ][0m Used: [92m6.87 GB (46.3%)[0m | Available: 7.97 GB | Total: 14.84 GB
[1m[ SWAP ][0m Used: 0.0 GB (0.0%) | Free: 4.0 GB | Total: 4.0 GB
        [93mTop 5 RAM Processes (Logged 10):[0m
          1. chrome (PID 7552) - 764.48 MB (5.03%)
          2. chrome (PID 6787) - 546.32 MB (3.59%)
          3. code (PID 50824) - 459.69 MB (3.02%)
          4. code (PID 51580) - 455.3 MB (3.0%)
          5. gnome-shell (PID 4411) - 432.24 MB (2.84%)
[96m------------------------------------------------------------[0m
[1m[ DISK ][0m Used: [92m20.92 GB (2.28%)[0m | Free: 894.91 GB | Total: 915.83 GB
         [93mI/O:[0m Read 0.0 MB/s | Write 0.09 MB/s | Activity: 1.88%
[96m------------------------------------------------------------[0m
[1m[ NET ][0m Upload: 0.0 MB/s | Download: 0.0 MB/s
[96m------------------------------------------------------------[0m
[1m[ BATTERY ][0m [92m98.19%[0m (Charging/Plugged in)
[1m[96m============================================================[0m
[1m[92mData logged to 2026_logs/2026-09-28.jsonl... (Press Ctrl+C to stop)[0m
[1m[96m============================================================[0m
[1mSYSTEM MONITOR V2[0m | Time: 2026-09-28 14:21:52
[96m------------------------------------------------------------[0m
[1m[ CPU ][0m Used: [92m0.8%[0m | Free: 99.2%
[96m------------------------------------------------------------[0m
[1m[ RAM ][0m Used: [92m6.87 GB (46.3%)[0m | Available: 7.97 GB | Total: 14.84 GB
[1m[ SWAP ][0m Used: 0.0 GB (0.0%) | Free: 4.0 GB | Total: 4.0 GB
        [93mTop 5 RAM Processes (Logged 10):[0m
          1. chrome (PID 7552) - 764.48 MB (5.03%)
          2. chrome (PID 6787) - 546.37 MB (3.59%)
          3. code (PID 50824) - 459.8 MB (3.03%)
          4. code (PID 51580) - 455.39 MB (3.0%)
          5. gnome-shell (PID 4411) - 432.25 MB (2.84%)
[96m------------------------------------------------------------[0m
[1m[ DISK ][0m Used: [92m20.92 GB (2.28%)[0m | Free: 894.91 GB | Total: 915.83 GB
         [93mI/O:[0m Read 0.0 MB/s | Write 0.02 MB/s | Activity: 1.69%
[96m------------------------------------------------------------[0m
[1m[ NET ][0m Upload: 0.0 MB/s | Download: 0.0 MB/s
[96m------------------------------------------------------------[0m
[1m[ BATTERY ][0m [92m98.19%[0m (Charging/Plugged in)
[1m[96m============================================================[0m
[1m[92mData logged to 2026_logs/2026-09-28.jsonl... (Press Ctrl+C to stop)[0m
[1m[96m============================================================[0m
[1mSYSTEM MONITOR V2[0m | Time: 2026-09-28 14:21:58
[96m------------------------------------------------------------[0m
[1m[ CPU ][0m Used: [92m0.8%[0m | Free: 99.2%
[96m------------------------------------------------------------[0m
[1m[ RAM ][0m Used: [92m6.86 GB (46.2%)[0m | Available: 7.98 GB | Total: 14.84 GB
[1m[ SWAP ][0m Used: 0.0 GB (0.0%) | Free: 4.0 GB | Total: 4.0 GB
        [93mTop 5 RAM Processes (Logged 10):[0m
          1. chrome (PID 7552) - 763.05 MB (5.02%)
          2. chrome (PID 6787) - 546.36 MB (3.59%)
          3. code (PID 50824) - 459.97 MB (3.03%)
          4. code (PID 51580) - 455.63 MB (3.0%)
          5. gnome-shell (PID 4411) - 432.16 MB (2.84%)
[96m------------------------------------------------------------[0m
[1m[ DISK ][0m Used: [92m20.92 GB (2.28%)[0m | Free: 894.91 GB | Total: 915.83 GB
         [93mI/O:[0m Read 0.0 MB/s | Write 0.02 MB/s | Activity: 0.92%
[96m------------------------------------------------------------[0m
[1m[ NET ][0m Upload: 0.0 MB/s | Download: 0.0 MB/s
[96m------------------------------------------------------------[0m
[1m[ BATTERY ][0m [92m98.19%[0m (Charging/Plugged in)
[1m[96m============================================================[0m
[1m[92mData logged to 2026_logs/2026-09-28.jsonl... (Press Ctrl+C to stop)[0m
[1m[96m============================================================[0m
[1mSYSTEM MONITOR V2[0m | Time: 2026-09-28 14:22:03
[96m------------------------------------------------------------[0m
[1m[ CPU ][0m Used: [92m0.9%[0m | Free: 99.1%
[96m------------------------------------------------------------[0m
[1m[ RAM ][0m Used: [92m6.85 GB (46.2%)[0m | Available: 7.99 GB | Total: 14.84 GB
[1m[ SWAP ][0m Used: 0.0 GB (0.0%) | Free: 4.0 GB | Total: 4.0 GB
        [93mTop 5 RAM Processes (Logged 10):[0m
          1. chrome (PID 7552) - 763.05 MB (5.02%)
          2. chrome (PID 6787) - 546.43 MB (3.6%)
          3. code (PID 50824) - 459.3 MB (3.02%)
          4. code (PID 51580) - 452.65 MB (2.98%)
          5. gnome-shell (PID 4411) - 432.17 MB (2.84%)
[96m------------------------------------------------------------[0m
[1m[ DISK ][0m Used: [92m20.92 GB (2.28%)[0m | Free: 894.91 GB | Total: 915.83 GB
         [93mI/O:[0m Read 0.0 MB/s | Write 0.01 MB/s | Activity: 0.8%
[96m------------------------------------------------------------[0m
[1m[ NET ][0m Upload: 0.01 MB/s | Download: 0.0 MB/s
[96m------------------------------------------------------------[0m
[1m[ BATTERY ][0m [92m98.19%[0m (Charging/Plugged in)
[1m[96m============================================================[0m
[1m[92mData logged to 2026_logs/2026-09-28.jsonl... (Press Ctrl+C to stop)[0m
[1m[96m============================================================[0m
[1mSYSTEM MONITOR V2[0m | Time: 2026-09-28 14:22:08
[96m------------------------------------------------------------[0m
[1m[ CPU ][0m Used: [92m0.8%[0m | Free: 99.2%
[96m------------------------------------------------------------[0m
[1m[ RAM ][0m Used: [92m6.85 GB (46.2%)[0m | Available: 7.99 GB | Total: 14.84 GB
[1m[ SWAP ][0m Used: 0.0 GB (0.0%) | Free: 4.0 GB | Total: 4.0 GB
        [93mTop 5 RAM Processes (Logged 10):[0m
          1. chrome (PID 7552) - 763.05 MB (5.02%)
          2. chrome (PID 6787) - 546.02 MB (3.59%)
          3. code (PID 50824) - 459.42 MB (3.02%)
          4. code (PID 51580) - 452.73 MB (2.98%)
          5. gnome-shell (PID 4411) - 432.16 MB (2.84%)
[96m------------------------------------------------------------[0m
[1m[ DISK ][0m Used: [92m20.92 GB (2.28%)[0m | Free: 894.91 GB | Total: 915.83 GB
         [93mI/O:[0m Read 0.0 MB/s | Write 0.57 MB/s | Activity: 1.02%
[96m------------------------------------------------------------[0m
[1m[ NET ][0m Upload: 0.0 MB/s | Download: 0.0 MB/s
[96m------------------------------------------------------------[0m
[1m[ BATTERY ][0m [92m98.19%[0m (Charging/Plugged in)
[1m[96m============================================================[0m
[1m[92mData logged to 2026_logs/2026-09-28.jsonl... (Press Ctrl+C to stop)[0m
[1m[96m============================================================[0m
[1mSYSTEM MONITOR V2[0m | Time: 2026-09-28 14:22:13
[96m------------------------------------------------------------[0m
[1m[ CPU ][0m Used: [92m2.9%[0m | Free: 97.1%
        [93mTop 5 (Logged 10):[0m chrome (2.24%)
[96m------------------------------------------------------------[0m
[1m[ RAM ][0m Used: [92m6.85 GB (46.2%)[0m | Available: 7.99 GB | Total: 14.84 GB
[1m[ SWAP ][0m Used: 0.0 GB (0.0%) | Free: 4.0 GB | Total: 4.0 GB
        [93mTop 5 RAM Processes (Logged 10):[0m
          1. chrome (PID 7552) - 761.45 MB (5.01%)
          2. chrome (PID 6787) - 546.09 MB (3.59%)
          3. code (PID 50824) - 459.5 MB (3.02%)
          4. code (PID 51580) - 452.82 MB (2.98%)
          5. gnome-shell (PID 4411) - 432.16 MB (2.84%)
[96m------------------------------------------------------------[0m
[1m[ DISK ][0m Used: [92m20.92 GB (2.28%)[0m | Free: 894.91 GB | Total: 915.83 GB
         [93mI/O:[0m Read 0.0 MB/s | Write 0.71 MB/s | Activity: 0.16%
[96m------------------------------------------------------------[0m
[1m[ NET ][0m Upload: 0.0 MB/s | Download: 0.0 MB/s
[96m------------------------------------------------------------[0m
[1m[ BATTERY ][0m [92m98.19%[0m (Charging/Plugged in)
[1m[96m============================================================[0m
[1m[92mData logged to 2026_logs/2026-09-28.jsonl... (Press Ctrl+C to stop)[0m
[1m[96m============================================================[0m
[1mSYSTEM MONITOR V2[0m | Time: 2026-09-28 14:22:18
[96m------------------------------------------------------------[0m
[1m[ CPU ][0m Used: [92m1.5%[0m | Free: 98.5%
[96m------------------------------------------------------------[0m
[1m[ RAM ][0m Used: [92m6.88 GB (46.4%)[0m | Available: 7.96 GB | Total: 14.84 GB
[1m[ SWAP ][0m Used: 0.0 GB (0.0%) | Free: 4.0 GB | Total: 4.0 GB
        [93mTop 5 RAM Processes (Logged 10):[0m
          1. chrome (PID 7552) - 767.83 MB (5.05%)
          2. chrome (PID 6787) - 546.33 MB (3.59%)
          3. code (PID 50824) - 459.66 MB (3.02%)
          4. code (PID 51580) - 452.9 MB (2.98%)
          5. gnome-shell (PID 4411) - 432.09 MB (2.84%)
[96m------------------------------------------------------------[0m
[1m[ DISK ][0m Used: [92m20.92 GB (2.28%)[0m | Free: 894.91 GB | Total: 915.83 GB
         [93mI/O:[0m Read 0.0 MB/s | Write 0.07 MB/s | Activity: 1.81%
[96m------------------------------------------------------------[0m
[1m[ NET ][0m Upload: 0.0 MB/s | Download: 0.0 MB/s
[96m------------------------------------------------------------[0m
[1m[ BATTERY ][0m [92m98.19%[0m (Charging/Plugged in)
[1m[96m============================================================[0m
[1m[92mData logged to 2026_logs/2026-09-28.jsonl... (Press Ctrl+C to stop)[0m
[1m[96m============================================================[0m
[1mSYSTEM MONITOR V2[0m | Time: 2026-09-28 14:22:23
[96m------------------------------------------------------------[0m
[1m[ CPU ][0m Used: [92m0.7%[0m | Free: 99.3%
[96m------------------------------------------------------------[0m
[1m[ RAM ][0m Used: [92m6.89 GB (46.4%)[0m | Available: 7.95 GB | Total: 14.84 GB
[1m[ SWAP ][0m Used: 0.0 GB (0.0%) | Free: 4.0 GB | Total: 4.0 GB
        [93mTop 5 RAM Processes (Logged 10):[0m
          1. chrome (PID 7552) - 767.84 MB (5.05%)
          2. chrome (PID 6787) - 546.26 MB (3.59%)
          3. code (PID 50824) - 459.77 MB (3.02%)
          4. code (PID 51580) - 452.99 MB (2.98%)
          5. gnome-shell (PID 4411) - 432.09 MB (2.84%)
[96m------------------------------------------------------------[0m
[1m[ DISK ][0m Used: [92m20.92 GB (2.28%)[0m | Free: 894.91 GB | Total: 915.83 GB
         [93mI/O:[0m Read 0.0 MB/s | Write 0.03 MB/s | Activity: 0.49%
[96m------------------------------------------------------------[0m
[1m[ NET ][0m Upload: 0.0 MB/s | Download: 0.0 MB/s
[96m------------------------------------------------------------[0m
[1m[ BATTERY ][0m [92m98.19%[0m (Charging/Plugged in)
[1m[96m============================================================[0m
[1m[92mData logged to 2026_logs/2026-09-28.jsonl... (Press Ctrl+C to stop)[0m
[1m[96m============================================================[0m
[1mSYSTEM MONITOR V2[0m | Time: 2026-09-28 14:22:28
[96m------------------------------------------------------------[0m
[1m[ CPU ][0m Used: [92m0.6%[0m | Free: 99.4%
[96m------------------------------------------------------------[0m
[1m[ RAM ][0m Used: [92m6.88 GB (46.4%)[0m | Available: 7.96 GB | Total: 14.84 GB
[1m[ SWAP ][0m Used: 0.0 GB (0.0%) | Free: 4.0 GB | Total: 4.0 GB
        [93mTop 5 RAM Processes (Logged 10):[0m
          1. chrome (PID 7552) - 767.84 MB (5.05%)
          2. chrome (PID 6787) - 546.0 MB (3.59%)
          3. code (PID 50824) - 459.9 MB (3.03%)
          4. code (PID 51580) - 453.07 MB (2.98%)
          5. gnome-shell (PID 4411) - 432.09 MB (2.84%)
[96m------------------------------------------------------------[0m
[1m[ DISK ][0m Used: [92m20.92 GB (2.28%)[0m | Free: 894.91 GB | Total: 915.83 GB
         [93mI/O:[0m Read 0.0 MB/s | Write 0.01 MB/s | Activity: 0.04%
[96m------------------------------------------------------------[0m
[1m[ NET ][0m Upload: 0.0 MB/s | Download: 0.0 MB/s
[96m------------------------------------------------------------[0m
[1m[ BATTERY ][0m [92m98.19%[0m (Charging/Plugged in)
[1m[96m============================================================[0m
[1m[92mData logged to 2026_logs/2026-09-28.jsonl... (Press Ctrl+C to stop)[0m
[1m[96m============================================================[0m
[1mSYSTEM MONITOR V2[0m | Time: 2026-09-28 14:22:33
[96m------------------------------------------------------------[0m
[1m[ CPU ][0m Used: [92m1.0%[0m | Free: 99.0%
[96m------------------------------------------------------------[0m
[1m[ RAM ][0m Used: [92m6.87 GB (46.3%)[0m | Available: 7.97 GB | Total: 14.84 GB
[1m[ SWAP ][0m Used: 0.0 GB (0.0%) | Free: 4.0 GB | Total: 4.0 GB
        [93mTop 5 RAM Processes (Logged 10):[0m
          1. chrome (PID 7552) - 767.84 MB (5.05%)
          2. chrome (PID 6787) - 546.07 MB (3.59%)
          3. code (PID 50824) - 460.04 MB (3.03%)
          4. code (PID 51580) - 453.18 MB (2.98%)
          5. gnome-shell (PID 4411) - 432.09 MB (2.84%)
[96m------------------------------------------------------------[0m
[1m[ DISK ][0m Used: [92m20.92 GB (2.28%)[0m | Free: 894.91 GB | Total: 915.83 GB
         [93mI/O:[0m Read 0.0 MB/s | Write 0.01 MB/s | Activity: 1.57%
[96m------------------------------------------------------------[0m
[1m[ NET ][0m Upload: 0.0 MB/s | Download: 0.0 MB/s
[96m------------------------------------------------------------[0m
[1m[ BATTERY ][0m [92m98.19%[0m (Charging/Plugged in)
[1m[96m============================================================[0m
[1m[92mData logged to 2026_logs/2026-09-28.jsonl... (Press Ctrl+C to stop)[0m
[1m[96m============================================================[0m
[1mSYSTEM MONITOR V2[0m | Time: 2026-09-28 14:22:38
[96m------------------------------------------------------------[0m
[1m[ CPU ][0m Used: [92m0.7%[0m | Free: 99.3%
[96m------------------------------------------------------------[0m
[1m[ RAM ][0m Used: [92m6.86 GB (46.2%)[0m | Available: 7.98 GB | Total: 14.84 GB
[1m[ SWAP ][0m Used: 0.0 GB (0.0%) | Free: 4.0 GB | Total: 4.0 GB
        [93mTop 5 RAM Processes (Logged 10):[0m
          1. chrome (PID 7552) - 767.84 MB (5.05%)
          2. chrome (PID 6787) - 545.98 MB (3.59%)
          3. code (PID 50824) - 459.36 MB (3.02%)
          4. code (PID 51580) - 453.26 MB (2.98%)
          5. gnome-shell (PID 4411) - 432.09 MB (2.84%)
[96m------------------------------------------------------------[0m
[1m[ DISK ][0m Used: [92m20.92 GB (2.28%)[0m | Free: 894.91 GB | Total: 915.83 GB
         [93mI/O:[0m Read 0.0 MB/s | Write 0.37 MB/s | Activity: 1.8%
[96m------------------------------------------------------------[0m
[1m[ NET ][0m Upload: 0.0 MB/s | Download: 0.0 MB/s
[96m------------------------------------------------------------[0m
[1m[ BATTERY ][0m [92m98.19%[0m (Charging/Plugged in)
[1m[96m============================================================[0m
[1m[92mData logged to 2026_logs/2026-09-28.jsonl... (Press Ctrl+C to stop)[0m
[1m[96m============================================================[0m
[1mSYSTEM MONITOR V2[0m | Time: 2026-09-28 14:22:43
[96m------------------------------------------------------------[0m
[1m[ CPU ][0m Used: [92m1.6%[0m | Free: 98.4%
[96m------------------------------------------------------------[0m
[1m[ RAM ][0m Used: [92m6.86 GB (46.2%)[0m | Available: 7.98 GB | Total: 14.84 GB
[1m[ SWAP ][0m Used: 0.0 GB (0.0%) | Free: 4.0 GB | Total: 4.0 GB
        [93mTop 5 RAM Processes (Logged 10):[0m
          1. chrome (PID 7552) - 767.84 MB (5.05%)
          2. chrome (PID 6787) - 545.98 MB (3.59%)
          3. code (PID 50824) - 459.48 MB (3.02%)
          4. code (PID 51580) - 452.57 MB (2.98%)
          5. gnome-shell (PID 4411) - 432.09 MB (2.84%)
[96m------------------------------------------------------------[0m
[1m[ DISK ][0m Used: [92m20.92 GB (2.28%)[0m | Free: 894.91 GB | Total: 915.83 GB
         [93mI/O:[0m Read 0.0 MB/s | Write 0.88 MB/s | Activity: 0.92%
[96m------------------------------------------------------------[0m
[1m[ NET ][0m Upload: 0.0 MB/s | Download: 0.0 MB/s
[96m------------------------------------------------------------[0m
[1m[ BATTERY ][0m [92m98.19%[0m (Charging/Plugged in)
[1m[96m============================================================[0m
[1m[92mData logged to 2026_logs/2026-09-28.jsonl... (Press Ctrl+C to stop)[0m
[1m[96m============================================================[0m
[1mSYSTEM MONITOR V2[0m | Time: 2026-09-28 14:22:49
[96m------------------------------------------------------------[0m
[1m[ CPU ][0m Used: [92m0.9%[0m | Free: 99.1%
[96m------------------------------------------------------------[0m
[1m[ RAM ][0m Used: [92m6.86 GB (46.2%)[0m | Available: 7.98 GB | Total: 14.84 GB
[1m[ SWAP ][0m Used: 0.0 GB (0.0%) | Free: 4.0 GB | Total: 4.0 GB
        [93mTop 5 RAM Processes (Logged 10):[0m
          1. chrome (PID 7552) - 766.06 MB (5.04%)
          2. chrome (PID 6787) - 546.38 MB (3.59%)
          3. code (PID 50824) - 459.59 MB (3.02%)
          4. code (PID 51580) - 452.66 MB (2.98%)
          5. gnome-shell (PID 4411) - 432.09 MB (2.84%)
[96m------------------------------------------------------------[0m
[1m[ DISK ][0m Used: [92m20.92 GB (2.28%)[0m | Free: 894.91 GB | Total: 915.83 GB
         [93mI/O:[0m Read 0.0 MB/s | Write 0.03 MB/s | Activity: 0.14%
[96m------------------------------------------------------------[0m
[1m[ NET ][0m Upload: 0.0 MB/s | Download: 0.0 MB/s
[96m------------------------------------------------------------[0m
[1m[ BATTERY ][0m [92m98.19%[0m (Charging/Plugged in)
[1m[96m============================================================[0m
[1m[92mData logged to 2026_logs/2026-09-28.jsonl... (Press Ctrl+C to stop)[0m
[1m[96m============================================================[0m
[1mSYSTEM MONITOR V2[0m | Time: 2026-09-28 14:22:54
[96m------------------------------------------------------------[0m
[1m[ CPU ][0m Used: [92m0.7%[0m | Free: 99.3%
[96m------------------------------------------------------------[0m
[1m[ RAM ][0m Used: [92m6.75 GB (45.4%)[0m | Available: 8.1 GB | Total: 14.84 GB
[1m[ SWAP ][0m Used: 0.0 GB (0.0%) | Free: 4.0 GB | Total: 4.0 GB
        [93mTop 5 RAM Processes (Logged 10):[0m
          1. chrome (PID 7552) - 764.63 MB (5.03%)
          2. chrome (PID 6787) - 545.98 MB (3.59%)
          3. code (PID 50824) - 459.81 MB (3.03%)
          4. code (PID 51580) - 452.75 MB (2.98%)
          5. gnome-shell (PID 4411) - 432.09 MB (2.84%)
[96m------------------------------------------------------------[0m
[1m[ DISK ][0m Used: [92m20.92 GB (2.28%)[0m | Free: 894.91 GB | Total: 915.83 GB
         [93mI/O:[0m Read 0.0 MB/s | Write 0.01 MB/s | Activity: 0.8%
[96m------------------------------------------------------------[0m
[1m[ NET ][0m Upload: 0.0 MB/s | Download: 0.0 MB/s
[96m------------------------------------------------------------[0m
[1m[ BATTERY ][0m [92m98.19%[0m (Charging/Plugged in)
[1m[96m============================================================[0m
[1m[92mData logged to 2026_logs/2026-09-28.jsonl... (Press Ctrl+C to stop)[0m
[1m[96m============================================================[0m
[1mSYSTEM MONITOR V2[0m | Time: 2026-09-28 14:22:59
[96m------------------------------------------------------------[0m
[1m[ CPU ][0m Used: [92m0.8%[0m | Free: 99.2%
[96m------------------------------------------------------------[0m
[1m[ RAM ][0m Used: [92m6.74 GB (45.4%)[0m | Available: 8.1 GB | Total: 14.84 GB
[1m[ SWAP ][0m Used: 0.0 GB (0.0%) | Free: 4.0 GB | Total: 4.0 GB
        [93mTop 5 RAM Processes (Logged 10):[0m
          1. chrome (PID 7552) - 764.63 MB (5.03%)
          2. chrome (PID 6787) - 553.37 MB (3.64%)
          3. code (PID 50824) - 463.16 MB (3.05%)
          4. code (PID 51580) - 452.08 MB (2.97%)
          5. gnome-shell (PID 4411) - 432.09 MB (2.84%)
[96m------------------------------------------------------------[0m
[1m[ DISK ][0m Used: [92m20.92 GB (2.28%)[0m | Free: 894.91 GB | Total: 915.83 GB
         [93mI/O:[0m Read 0.0 MB/s | Write 0.09 MB/s | Activity: 1.1%
[96m------------------------------------------------------------[0m
[1m[ NET ][0m Upload: 0.0 MB/s | Download: 0.01 MB/s
[96m------------------------------------------------------------[0m
[1m[ BATTERY ][0m [92m98.19%[0m (Charging/Plugged in)
[1m[96m============================================================[0m
[1m[92mData logged to 2026_logs/2026-09-28.jsonl... (Press Ctrl+C to stop)[0m
[1m[96m============================================================[0m
[1mSYSTEM MONITOR V2[0m | Time: 2026-09-28 14:23:04
[96m------------------------------------------------------------[0m
[1m[ CPU ][0m Used: [92m5.3%[0m | Free: 94.7%
[96m------------------------------------------------------------[0m
[1m[ RAM ][0m Used: [92m7.04 GB (47.4%)[0m | Available: 7.8 GB | Total: 14.84 GB
[1m[ SWAP ][0m Used: 0.0 GB (0.0%) | Free: 4.0 GB | Total: 4.0 GB
        [93mTop 5 RAM Processes (Logged 10):[0m
          1. chrome (PID 7552) - 764.72 MB (5.03%)
          2. chrome (PID 6787) - 546.71 MB (3.6%)
          3. code (PID 50824) - 464.86 MB (3.06%)
          4. code (PID 51580) - 452.16 MB (2.97%)
          5. gnome-shell (PID 4411) - 432.1 MB (2.84%)
[96m------------------------------------------------------------[0m
[1m[ DISK ][0m Used: [92m20.92 GB (2.28%)[0m | Free: 894.91 GB | Total: 915.83 GB
         [93mI/O:[0m Read 0.0 MB/s | Write 0.07 MB/s | Activity: 0.2%
[96m------------------------------------------------------------[0m
[1m[ NET ][0m Upload: 0.01 MB/s | Download: 0.03 MB/s
[96m------------------------------------------------------------[0m
[1m[ BATTERY ][0m [92m98.19%[0m (Charging/Plugged in)
[1m[96m============================================================[0m
[1m[92mData logged to 2026_logs/2026-09-28.jsonl... (Press Ctrl+C to stop)[0m
[1m[96m============================================================[0m
[1mSYSTEM MONITOR V2[0m | Time: 2026-09-28 14:23:09
[96m------------------------------------------------------------[0m
[1m[ CPU ][0m Used: [92m0.7%[0m | Free: 99.3%
[96m------------------------------------------------------------[0m
[1m[ RAM ][0m Used: [92m6.98 GB (47.1%)[0m | Available: 7.86 GB | Total: 14.84 GB
[1m[ SWAP ][0m Used: 0.0 GB (0.0%) | Free: 4.0 GB | Total: 4.0 GB
        [93mTop 5 RAM Processes (Logged 10):[0m
          1. chrome (PID 7552) - 764.72 MB (5.03%)
          2. chrome (PID 6787) - 546.71 MB (3.6%)
          3. code (PID 50824) - 464.76 MB (3.06%)[H[2J[3J[H[2J[3J[H[2J[3J[H[2J[3J[H[2J[3J[H[2J[3J[H[2J[3J[H[2J[3J[H[2J[3J[H[2J[3J[H[2J[3J[H[2J[3J[H[2J[3J[H[2J[3J[H[2J[3J[H[2J[3J[H[2J[3J[H[2J[3J[H[2J[3J[H[2J[3J[H[2J[3J[H[2J[3J[H[2J[3J[H[2J[3J[H[2J[3J[H[2J[3J[H[2J[3J[H[2J[3J[H[2J[3J[H[2J[3J[H[2J[3J[H[2J[3J[H[2J[3J[H[2J[3J[H[2J[3J[H[2J[3J[H[2J[3J[H[2J[3J[H[2J[3J[H[2J[3J[H[2J[3J[H[2J[3J[H[2J[3J[H[2J[3J[H[2J[3J[H[2J[3J[H[2J[3J[H[2J[3J[H[2J[3J[H[2J[3J[H[2J[3J[H[2J[3J[H[2J[3J[H[2J[3J[H[2J[3J[H[2J[3J[H[2J[3J[H[2J[3J[H[2J[3J[H[2J[3J[H[2J[3J[H[2J[3J[H[2J[3J[H[2J[3J[H[2J[3J[H[2J[3J[H[2J[3J[H[2J[3J[H[2J[3J[H[2J[3J[H[2J[3J[H[2J[3J[H[2J[3J[H[2J[3J[H[2J[3J[H[2J[3J[H[2J[3J[H[2J[3J[H[2J[3J[H[2J[3J[H[2J[3J[H[2J[3J[H[2J[3J[H[2J[3J[H[2J[3J[H[2J[3J[H[2J[3J
          4. code (PID 51580) - 452.25 MB (2.98%)
          5. gnome-shell (PID 4411) - 432.1 MB (2.84%)
[96m------------------------------------------------------------[0m
[1m[ DISK ][0m Used: [92m20.92 GB (2.28%)[0m | Free: 894.91 GB | Total: 915.83 GB
         [93mI/O:[0m Read 0.0 MB/s | Write 0.01 MB/s | Activity: 0.92%
[96m------------------------------------------------------------[0m
[1m[ NET ][0m Upload: 0.0 MB/s | Download: 0.0 MB/s
[96m------------------------------------------------------------[0m
[1m[ BATTERY ][0m [92m98.19%[0m (Charging/Plugged in)
[1m[96m============================================================[0m
[1m[92mData logged to 2026_logs/2026-09-28.jsonl... (Press Ctrl+C to stop)[0m
[1m[96m============================================================[0m
[1mSYSTEM MONITOR V2[0m | Time: 2026-09-28 14:23:14
[96m------------------------------------------------------------[0m
[1m[ CPU ][0m Used: [92m0.7%[0m | Free: 99.3%
[96m------------------------------------------------------------[0m
[1m[ RAM ][0m Used: [92m6.93 GB (46.7%)[0m | Available: 7.91 GB | Total: 14.84 GB
[1m[ SWAP ][0m Used: 0.0 GB (0.0%) | Free: 4.0 GB | Total: 4.0 GB
        [93mTop 5 RAM Processes (Logged 10):[0m
          1. chrome (PID 7552) - 764.72 MB (5.03%)
          2. chrome (PID 6787) - 546.71 MB (3.6%)
          3. code (PID 50824) - 464.8 MB (3.06%)
          4. code (PID 51580) - 452.33 MB (2.98%)
          5. gnome-shell (PID 4411) - 432.09 MB (2.84%)
[96m------------------------------------------------------------[0m
[1m[ DISK ][0m Used: [92m20.92 GB (2.28%)[0m | Free: 894.91 GB | Total: 915.83 GB
         [93mI/O:[0m Read 0.0 MB/s | Write 0.55 MB/s | Activity: 0.9%
[96m------------------------------------------------------------[0m
[1m[ NET ][0m Upload: 0.0 MB/s | Download: 0.0 MB/s
[96m------------------------------------------------------------[0m
[1m[ BATTERY ][0m [92m98.19%[0m (Charging/Plugged in)
[1m[96m============================================================[0m
[1m[92mData logged to 2026_logs/2026-09-28.jsonl... (Press Ctrl+C to stop)[0m
[1m[96m============================================================[0m
[1mSYSTEM MONITOR V2[0m | Time: 2026-09-28 14:23:19
[96m------------------------------------------------------------[0m
[1m[ CPU ][0m Used: [92m1.5%[0m | Free: 98.5%
[96m------------------------------------------------------------[0m
[1m[ RAM ][0m Used: [92m6.94 GB (46.8%)[0m | Available: 7.9 GB | Total: 14.84 GB
[1m[ SWAP ][0m Used: 0.0 GB (0.0%) | Free: 4.0 GB | Total: 4.0 GB
        [93mTop 5 RAM Processes (Logged 10):[0m
          1. chrome (PID 7552) - 768.08 MB (5.05%)
          2. chrome (PID 6787) - 546.89 MB (3.6%)
          3. code (PID 50824) - 464.8 MB (3.06%)
          4. code (PID 51580) - 452.41 MB (2.98%)
          5. gnome-shell (PID 4411) - 432.14 MB (2.84%)
[96m------------------------------------------------------------[0m
[1m[ DISK ][0m Used: [92m20.92 GB (2.28%)[0m | Free: 894.91 GB | Total: 915.83 GB
         [93mI/O:[0m Read 0.0 MB/s | Write 0.79 MB/s | Activity: 0.98%
[96m------------------------------------------------------------[0m
[1m[ NET ][0m Upload: 0.01 MB/s | Download: 0.01 MB/s
[96m------------------------------------------------------------[0m
[1m[ BATTERY ][0m [92m98.19%[0m (Charging/Plugged in)
[1m[96m============================================================[0m
[1m[92mData logged to 2026_logs/2026-09-28.jsonl... (Press Ctrl+C to stop)[0m
[1m[96m============================================================[0m
[1mSYSTEM MONITOR V2[0m | Time: 2026-09-28 14:23:24
[96m------------------------------------------------------------[0m
[1m[ CPU ][0m Used: [92m2.1%[0m | Free: 97.9%
[96m------------------------------------------------------------[0m
[1m[ RAM ][0m Used: [92m6.92 GB (46.6%)[0m | Available: 7.92 GB | Total: 14.84 GB
[1m[ SWAP ][0m Used: 0.0 GB (0.0%) | Free: 4.0 GB | Total: 4.0 GB
        [93mTop 5 RAM Processes (Logged 10):[0m
          1. chrome (PID 7552) - 768.08 MB (5.05%)
          2. chrome (PID 6787) - 546.1 MB (3.59%)
          3. code (PID 50824) - 465.12 MB (3.06%)
          4. code (PID 51580) - 452.5 MB (2.98%)
          5. gnome-shell (PID 4411) - 432.16 MB (2.84%)
[96m------------------------------------------------------------[0m
[1m[ DISK ][0m Used: [92m20.92 GB (2.28%)[0m | Free: 894.91 GB | Total: 915.83 GB
         [93mI/O:[0m Read 0.0 MB/s | Write 0.03 MB/s | Activity: 0.86%
[96m------------------------------------------------------------[0m
[1m[ NET ][0m Upload: 0.0 MB/s | Download: 0.0 MB/s
[96m------------------------------------------------------------[0m
[1m[ BATTERY ][0m [92m98.19%[0m (Charging/Plugged in)
[1m[96m============================================================[0m
[1m[92mData logged to 2026_logs/2026-09-28.jsonl... (Press Ctrl+C to stop)[0m
[1m[96m============================================================[0m
[1mSYSTEM MONITOR V2[0m | Time: 2026-09-28 14:23:29
[96m------------------------------------------------------------[0m
[1m[ CPU ][0m Used: [92m0.8%[0m | Free: 99.2%
[96m------------------------------------------------------------[0m
[1m[ RAM ][0m Used: [92m6.9 GB (46.5%)[0m | Available: 7.94 GB | Total: 14.84 GB
[1m[ SWAP ][0m Used: 0.0 GB (0.0%) | Free: 4.0 GB | Total: 4.0 GB
        [93mTop 5 RAM Processes (Logged 10):[0m
          1. chrome (PID 7552) - 768.08 MB (5.05%)
          2. chrome (PID 6787) - 546.1 MB (3.59%)
          3. code (PID 50824) - 464.96 MB (3.06%)
          4. code (PID 51580) - 452.6 MB (2.98%)
          5. gnome-shell (PID 4411) - 432.15 MB (2.84%)
[96m------------------------------------------------------------[0m
[1m[ DISK ][0m Used: [92m20.92 GB (2.28%)[0m | Free: 894.91 GB | Total: 915.83 GB
         [93mI/O:[0m Read 0.0 MB/s | Write 0.07 MB/s | Activity: 0.86%
[96m------------------------------------------------------------[0m
[1m[ NET ][0m Upload: 0.0 MB/s | Download: 0.0 MB/s
[96m------------------------------------------------------------[0m
[1m[ BATTERY ][0m [92m98.19%[0m (Charging/Plugged in)
[1m[96m============================================================[0m
[1m[92mData logged to 2026_logs/2026-09-28.jsonl... (Press Ctrl+C to stop)[0m
[1m[96m============================================================[0m
[1mSYSTEM MONITOR V2[0m | Time: 2026-09-28 14:23:34
[96m------------------------------------------------------------[0m
[1m[ CPU ][0m Used: [92m0.8%[0m | Free: 99.2%
[96m------------------------------------------------------------[0m
[1m[ RAM ][0m Used: [92m6.9 GB (46.5%)[0m | Available: 7.94 GB | Total: 14.84 GB
[1m[ SWAP ][0m Used: 0.0 GB (0.0%) | Free: 4.0 GB | Total: 4.0 GB
        [93mTop 5 RAM Processes (Logged 10):[0m
          1. chrome (PID 7552) - 772.15 MB (5.08%)
          2. chrome (PID 6787) - 546.29 MB (3.59%)
          3. code (PID 50824) - 465.04 MB (3.06%)
          4. code (PID 51580) - 451.89 MB (2.97%)
          5. gnome-shell (PID 4411) - 432.15 MB (2.84%)
[96m------------------------------------------------------------[0m
[1m[ DISK ][0m Used: [92m20.92 GB (2.28%)[0m | Free: 894.91 GB | Total: 915.83 GB
         [93mI/O:[0m Read 0.0 MB/s | Write 0.08 MB/s | Activity: 0.96%
[96m------------------------------------------------------------[0m
[1m[ NET ][0m Upload: 0.0 MB/s | Download: 0.0 MB/s
[96m------------------------------------------------------------[0m
[1m[ BATTERY ][0m [92m98.19%[0m (Charging/Plugged in)
[1m[96m============================================================[0m
[1m[92mData logged to 2026_logs/2026-09-28.jsonl... (Press Ctrl+C to stop)[0m
[1m[96m============================================================[0m
[1mSYSTEM MONITOR V2[0m | Time: 2026-09-28 14:23:40
[96m------------------------------------------------------------[0m
[1m[ CPU ][0m Used: [92m0.7%[0m | Free: 99.3%
[96m------------------------------------------------------------[0m
[1m[ RAM ][0m Used: [92m6.88 GB (46.4%)[0m | Available: 7.96 GB | Total: 14.84 GB
[1m[ SWAP ][0m Used: 0.0 GB (0.0%) | Free: 4.0 GB | Total: 4.0 GB
        [93mTop 5 RAM Processes (Logged 10):[0m
          1. chrome (PID 7552) - 772.15 MB (5.08%)
          2. chrome (PID 6787) - 546.1 MB (3.59%)
          3. code (PID 50824) - 465.0 MB (3.06%)
          4. code (PID 51580) - 451.96 MB (2.97%)
          5. gnome-shell (PID 4411) - 432.15 MB (2.84%)
[96m------------------------------------------------------------[0m
[1m[ DISK ][0m Used: [92m20.92 GB (2.28%)[0m | Free: 894.91 GB | Total: 915.83 GB
         [93mI/O:[0m Read 0.0 MB/s | Write 2.33 MB/s | Activity: 0.16%
[96m------------------------------------------------------------[0m
[1m[ NET ][0m Upload: 0.0 MB/s | Download: 0.0 MB/s
[96m------------------------------------------------------------[0m
[1m[ BATTERY ][0m [92m98.19%[0m (Charging/Plugged in)
[1m[96m============================================================[0m
[1m[92mData logged to 2026_logs/2026-09-28.jsonl... (Press Ctrl+C to stop)[0m
[1m[96m============================================================[0m
[1mSYSTEM MONITOR V2[0m | Time: 2026-09-28 14:23:45
[96m------------------------------------------------------------[0m
[1m[ CPU ][0m Used: [92m0.9%[0m | Free: 99.1%
[96m------------------------------------------------------------[0m
[1m[ RAM ][0m Used: [92m6.89 GB (46.4%)[0m | Available: 7.96 GB | Total: 14.84 GB
[1m[ SWAP ][0m Used: 0.0 GB (0.0%) | Free: 4.0 GB | Total: 4.0 GB
        [93mTop 5 RAM Processes (Logged 10):[0m
          1. chrome (PID 7552) - 772.15 MB (5.08%)
          2. chrome (PID 6787) - 546.1 MB (3.59%)
          3. code (PID 50824) - 465.29 MB (3.06%)
          4. code (PID 51580) - 452.05 MB (2.97%)
          5. gnome-shell (PID 4411) - 432.15 MB (2.84%)
[96m------------------------------------------------------------[0m
[1m[ DISK ][0m Used: [92m20.92 GB (2.28%)[0m | Free: 894.91 GB | Total: 915.83 GB
         [93mI/O:[0m Read 0.0 MB/s | Write 0.39 MB/s | Activity: 1.71%
[96m------------------------------------------------------------[0m
[1m[ NET ][0m Upload: 0.0 MB/s | Download: 0.0 MB/s
[96m------------------------------------------------------------[0m
[1m[ BATTERY ][0m [92m98.19%[0m (Charging/Plugged in)
[1m[96m============================================================[0m
[1m[92mData logged to 2026_logs/2026-09-28.jsonl... (Press Ctrl+C to stop)[0m
[1m[96m============================================================[0m
[1mSYSTEM MONITOR V2[0m | Time: 2026-09-28 14:23:50
[96m------------------------------------------------------------[0m
[1m[ CPU ][0m Used: [92m0.7%[0m | Free: 99.3%
[96m------------------------------------------------------------[0m
[1m[ RAM ][0m Used: [92m6.88 GB (46.3%)[0m | Available: 7.96 GB | Total: 14.84 GB
[1m[ SWAP ][0m Used: 0.0 GB (0.0%) | Free: 4.0 GB | Total: 4.0 GB
        [93mTop 5 RAM Processes (Logged 10):[0m
          1. chrome (PID 7552) - 767.43 MB (5.05%)
          2. chrome (PID 6787) - 546.29 MB (3.59%)
          3. code (PID 50824) - 465.27 MB (3.06%)
          4. code (PID 51580) - 452.13 MB (2.97%)
          5. gnome-shell (PID 4411) - 432.15 MB (2.84%)
[96m------------------------------------------------------------[0m
[1m[ DISK ][0m Used: [92m20.92 GB (2.28%)[0m | Free: 894.91 GB | Total: 915.83 GB
         [93mI/O:[0m Read 0.0 MB/s | Write 0.78 MB/s | Activity: 0.2%
[96m------------------------------------------------------------[0m
[1m[ NET ][0m Upload: 0.0 MB/s | Download: 0.0 MB/s
[96m------------------------------------------------------------[0m
[1m[ BATTERY ][0m [92m98.19%[0m (Charging/Plugged in)
[1m[96m============================================================[0m
[1m[92mData logged to 2026_logs/2026-09-28.jsonl... (Press Ctrl+C to stop)[0m
[1m[96m============================================================[0m
[1mSYSTEM MONITOR V2[0m | Time: 2026-09-28 14:23:55
[96m------------------------------------------------------------[0m
[1m[ CPU ][0m Used: [92m0.7%[0m | Free: 99.3%
[96m------------------------------------------------------------[0m
[1m[ RAM ][0m Used: [92m6.87 GB (46.3%)[0m | Available: 7.97 GB | Total: 14.84 GB
[1m[ SWAP ][0m Used: 0.0 GB (0.0%) | Free: 4.0 GB | Total: 4.0 GB
        [93mTop 5 RAM Processes (Logged 10):[0m
          1. chrome (PID 7552) - 765.94 MB (5.04%)
          2. chrome (PID 6787) - 546.21 MB (3.59%)
          3. code (PID 50824) - 465.34 MB (3.06%)
          4. code (PID 51580) - 452.22 MB (2.98%)
          5. gnome-shell (PID 4411) - 432.15 MB (2.84%)
[96m------------------------------------------------------------[0m
[1m[ DISK ][0m Used: [92m20.92 GB (2.28%)[0m | Free: 894.91 GB | Total: 915.83 GB
         [93mI/O:[0m Read 0.0 MB/s | Write 0.01 MB/s | Activity: 0.8%
[96m------------------------------------------------------------[0m
[1m[ NET ][0m Upload: 0.0 MB/s | Download: 0.0 MB/s
[96m------------------------------------------------------------[0m
[1m[ BATTERY ][0m [92m98.19%[0m (Charging/Plugged in)
[1m[96m============================================================[0m
[1m[92mData logged to 2026_logs/2026-09-28.jsonl... (Press Ctrl+C to stop)[0m
[1m[96m============================================================[0m
[1mSYSTEM MONITOR V2[0m | Time: 2026-09-28 14:24:00
[96m------------------------------------------------------------[0m
[1m[ CPU ][0m Used: [92m0.9%[0m | Free: 99.1%
[96m------------------------------------------------------------[0m
[1m[ RAM ][0m Used: [92m6.86 GB (46.2%)[0m | Available: 7.98 GB | Total: 14.84 GB
[1m[ SWAP ][0m Used: 0.0 GB (0.0%) | Free: 4.0 GB | Total: 4.0 GB
        [93mTop 5 RAM Processes (Logged 10):[0m
          1. chrome (PID 7552) - 770.66 MB (5.07%)
          2. chrome (PID 6787) - 546.05 MB (3.59%)
          3. code (PID 50824) - 465.36 MB (3.06%)
          4. code (PID 51580) - 452.3 MB (2.98%)
          5. gnome-shell (PID 4411) - 432.16 MB (2.84%)
[96m------------------------------------------------------------[0m
[1m[ DISK ][0m Used: [92m20.92 GB (2.28%)[0m | Free: 894.91 GB | Total: 915.83 GB
         [93mI/O:[0m Read 0.0 MB/s | Write 0.03 MB/s | Activity: 0.98%
[96m------------------------------------------------------------[0m
[1m[ NET ][0m Upload: 0.0 MB/s | Download: 0.0 MB/s
[96m------------------------------------------------------------[0m
[1m[ BATTERY ][0m [92m98.19%[0m (Charging/Plugged in)
[1m[96m============================================================[0m
[1m[92mData logged to 2026_logs/2026-09-28.jsonl... (Press Ctrl+C to stop)[0m
[1m[96m============================================================[0m
[1mSYSTEM MONITOR V2[0m | Time: 2026-09-28 14:24:05
[96m------------------------------------------------------------[0m
[1m[ CPU ][0m Used: [92m1.0%[0m | Free: 99.0%
[96m------------------------------------------------------------[0m
[1m[ RAM ][0m Used: [92m6.86 GB (46.2%)[0m | Available: 7.98 GB | Total: 14.84 GB
[1m[ SWAP ][0m Used: 0.0 GB (0.0%) | Free: 4.0 GB | Total: 4.0 GB
        [93mTop 5 RAM Processes (Logged 10):[0m
          1. chrome (PID 7552) - 770.66 MB (5.07%)
          2. chrome (PID 6787) - 546.18 MB (3.59%)
          3. code (PID 50824) - 465.34 MB (3.06%)
          4. code (PID 51580) - 452.38 MB (2.98%)
          5. gnome-shell (PID 4411) - 432.16 MB (2.84%)
[96m------------------------------------------------------------[0m
[1m[ DISK ][0m Used: [92m20.92 GB (2.28%)[0m | Free: 894.91 GB | Total: 915.83 GB
         [93mI/O:[0m Read 0.0 MB/s | Write 0.04 MB/s | Activity: 0.96%
[96m------------------------------------------------------------[0m
[1m[ NET ][0m Upload: 0.01 MB/s | Download: 0.01 MB/s
[96m------------------------------------------------------------[0m
[1m[ BATTERY ][0m [92m98.19%[0m (Charging/Plugged in)
[1m[96m============================================================[0m
[1m[92mData logged to 2026_logs/2026-09-28.jsonl... (Press Ctrl+C to stop)[0m
[1m[96m============================================================[0m
[1mSYSTEM MONITOR V2[0m | Time: 2026-09-28 14:24:10
[96m------------------------------------------------------------[0m
[1m[ CPU ][0m Used: [92m1.0%[0m | Free: 99.0%
[96m------------------------------------------------------------[0m
[1m[ RAM ][0m Used: [92m6.85 GB (46.2%)[0m | Available: 7.99 GB | Total: 14.84 GB
[1m[ SWAP ][0m Used: 0.0 GB (0.0%) | Free: 4.0 GB | Total: 4.0 GB
        [93mTop 5 RAM Processes (Logged 10):[0m
          1. chrome (PID 7552) - 769.68 MB (5.06%)
          2. chrome (PID 6787) - 546.17 MB (3.59%)
          3. code (PID 50824) - 465.38 MB (3.06%)
          4. code (PID 51580) - 452.46 MB (2.98%)
          5. gnome-shell (PID 4411) - 432.29 MB (2.84%)
[96m------------------------------------------------------------[0m
[1m[ DISK ][0m Used: [92m20.92 GB (2.28%)[0m | Free: 894.91 GB | Total: 915.83 GB
         [93mI/O:[0m Read 0.0 MB/s | Write 0.69 MB/s | Activity: 0.98%
[96m------------------------------------------------------------[0m
[1m[ NET ][0m Upload: 0.0 MB/s | Download: 0.0 MB/s
[96m------------------------------------------------------------[0m
[1m[ BATTERY ][0m [92m98.19%[0m (Charging/Plugged in)
[1m[96m============================================================[0m
[1m[92mData logged to 2026_logs/2026-09-28.jsonl... (Press Ctrl+C to stop)[0m
[1m[96m============================================================[0m
[1mSYSTEM MONITOR V2[0m | Time: 2026-09-28 14:24:15
[96m------------------------------------------------------------[0m
[1m[ CPU ][0m Used: [92m0.8%[0m | Free: 99.2%
[96m------------------------------------------------------------[0m
[1m[ RAM ][0m Used: [92m6.86 GB (46.2%)[0m | Available: 7.98 GB | Total: 14.84 GB
[1m[ SWAP ][0m Used: 0.0 GB (0.0%) | Free: 4.0 GB | Total: 4.0 GB
        [93mTop 5 RAM Processes (Logged 10):[0m
          1. chrome (PID 7552) - 769.68 MB (5.06%)
          2. chrome (PID 6787) - 546.04 MB (3.59%)
          3. code (PID 50824) - 465.4 MB (3.06%)
          4. code (PID 51580) - 452.54 MB (2.98%)
          5. gnome-shell (PID 4411) - 432.28 MB (2.84%)
[96m------------------------------------------------------------[0m
[1m[ DISK ][0m Used: [92m20.92 GB (2.28%)[0m | Free: 894.91 GB | Total: 915.83 GB
         [93mI/O:[0m Read 0.0 MB/s | Write 0.29 MB/s | Activity: 0.06%
[96m------------------------------------------------------------[0m
[1m[ NET ][0m Upload: 0.0 MB/s | Download: 0.01 MB/s
[96m------------------------------------------------------------[0m
[1m[ BATTERY ][0m [92m98.19%[0m (Charging/Plugged in)
[1m[96m============================================================[0m
[1m[92mData logged to 2026_logs/2026-09-28.jsonl... (Press Ctrl+C to stop)[0m
[1m[96m============================================================[0m
[1mSYSTEM MONITOR V2[0m | Time: 2026-09-28 14:24:20
[96m------------------------------------------------------------[0m
[1m[ CPU ][0m Used: [92m1.5%[0m | Free: 98.5%
[96m------------------------------------------------------------[0m
[1m[ RAM ][0m Used: [92m6.91 GB (46.6%)[0m | Available: 7.93 GB | Total: 14.84 GB
[1m[ SWAP ][0m Used: 0.0 GB (0.0%) | Free: 4.0 GB | Total: 4.0 GB
        [93mTop 5 RAM Processes (Logged 10):[0m
          1. chrome (PID 7552) - 774.39 MB (5.09%)
          2. chrome (PID 6787) - 546.16 MB (3.59%)
          3. code (PID 50824) - 465.22 MB (3.06%)
          4. code (PID 51580) - 452.65 MB (2.98%)
          5. gnome-shell (PID 4411) - 432.28 MB (2.84%)
[96m------------------------------------------------------------[0m
[1m[ DISK ][0m Used: [92m20.92 GB (2.28%)[0m | Free: 894.91 GB | Total: 915.83 GB
         [93mI/O:[0m Read 0.0 MB/s | Write 0.04 MB/s | Activity: 0.94%
[96m------------------------------------------------------------[0m
[1m[ NET ][0m Upload: 0.0 MB/s | Download: 0.01 MB/s
[96m------------------------------------------------------------[0m
[1m[ BATTERY ][0m [92m98.19%[0m (Charging/Plugged in)
[1m[96m============================================================[0m
[1m[92mData logged to 2026_logs/2026-09-28.jsonl... (Press Ctrl+C to stop)[0m
[1m[96m============================================================[0m
[1mSYSTEM MONITOR V2[0m | Time: 2026-09-28 14:24:25
[96m------------------------------------------------------------[0m
[1m[ CPU ][0m Used: [92m0.7%[0m | Free: 99.3%
[96m------------------------------------------------------------[0m
[1m[ RAM ][0m Used: [92m6.91 GB (46.6%)[0m | Available: 7.93 GB | Total: 14.84 GB
[1m[ SWAP ][0m Used: 0.0 GB (0.0%) | Free: 4.0 GB | Total: 4.0 GB
        [93mTop 5 RAM Processes (Logged 10):[0m
          1. chrome (PID 7552) - 774.39 MB (5.09%)
          2. chrome (PID 6787) - 546.11 MB (3.59%)
          3. code (PID 50824) - 462.1 MB (3.04%)
          4. code (PID 51580) - 452.73 MB (2.98%)
          5. gnome-shell (PID 4411) - 432.16 MB (2.84%)
[96m------------------------------------------------------------[0m
[1m[ DISK ][0m Used: [92m20.92 GB (2.28%)[0m | Free: 894.91 GB | Total: 915.83 GB
         [93mI/O:[0m Read 0.0 MB/s | Write 0.55 MB/s | Activity: 0.87%
[96m------------------------------------------------------------[0m
[1m[ NET ][0m Upload: 0.0 MB/s | Download: 0.0 MB/s
[96m------------------------------------------------------------[0m
[1m[ BATTERY ][0m [92m98.19%[0m (Charging/Plugged in)
[1m[96m============================================================[0m
[1m[92mData logged to 2026_logs/2026-09-28.jsonl... (Press Ctrl+C to stop)[0m
[1m[96m============================================================[0m
[1mSYSTEM MONITOR V2[0m | Time: 2026-09-28 14:24:31
[96m------------------------------------------------------------[0m
[1m[ CPU ][0m Used: [92m0.7%[0m | Free: 99.3%
[96m------------------------------------------------------------[0m
[1m[ RAM ][0m Used: [92m6.89 GB (46.4%)[0m | Available: 7.95 GB | Total: 14.84 GB
[1m[ SWAP ][0m Used: 0.0 GB (0.0%) | Free: 4.0 GB | Total: 4.0 GB
        [93mTop 5 RAM Processes (Logged 10):[0m
          1. chrome (PID 7552) - 774.39 MB (5.09%)
          2. chrome (PID 6787) - 546.1 MB (3.59%)
          3. code (PID 50824) - 462.14 MB (3.04%)
          4. code (PID 51580) - 452.04 MB (2.97%)
          5. gnome-shell (PID 4411) - 432.16 MB (2.84%)
[96m------------------------------------------------------------[0m
[1m[ DISK ][0m Used: [92m20.92 GB (2.28%)[0m | Free: 894.91 GB | Total: 915.83 GB
         [93mI/O:[0m Read 0.0 MB/s | Write 0.02 MB/s | Activity: 1.67%
[96m------------------------------------------------------------[0m
[1m[ NET ][0m Upload: 0.0 MB/s | Download: 0.0 MB/s
[96m------------------------------------------------------------[0m
[1m[ BATTERY ][0m [92m98.19%[0m (Charging/Plugged in)
[1m[96m============================================================[0m
[1m[92mData logged to 2026_logs/2026-09-28.jsonl... (Press Ctrl+C to stop)[0m
[1m[96m============================================================[0m
[1mSYSTEM MONITOR V2[0m | Time: 2026-09-28 14:24:36
[96m------------------------------------------------------------[0m
[1m[ CPU ][0m Used: [92m0.7%[0m | Free: 99.3%
[96m------------------------------------------------------------[0m
[1m[ RAM ][0m Used: [92m6.88 GB (46.4%)[0m | Available: 7.96 GB | Total: 14.84 GB
[1m[ SWAP ][0m Used: 0.0 GB (0.0%) | Free: 4.0 GB | Total: 4.0 GB
        [93mTop 5 RAM Processes (Logged 10):[0m
          1. chrome (PID 7552) - 774.39 MB (5.09%)
          2. chrome (PID 6787) - 546.08 MB (3.59%)
          3. code (PID 50824) - 462.14 MB (3.04%)
          4. code (PID 51580) - 452.12 MB (2.97%)
          5. gnome-shell (PID 4411) - 432.16 MB (2.84%)
[96m------------------------------------------------------------[0m
[1m[ DISK ][0m Used: [92m20.92 GB (2.28%)[0m | Free: 894.91 GB | Total: 915.83 GB
         [93mI/O:[0m Read 0.0 MB/s | Write 0.02 MB/s | Activity: 0.08%
[96m------------------------------------------------------------[0m
[1m[ NET ][0m Upload: 0.0 MB/s | Download: 0.0 MB/s
[96m------------------------------------------------------------[0m
[1m[ BATTERY ][0m [92m98.19%[0m (Charging/Plugged in)
[1m[96m============================================================[0m
[1m[92mData logged to 2026_logs/2026-09-28.jsonl... (Press Ctrl+C to stop)[0m
[1m[96m============================================================[0m
[1mSYSTEM MONITOR V2[0m | Time: 2026-09-28 14:24:41
[96m------------------------------------------------------------[0m
[1m[ CPU ][0m Used: [92m0.8%[0m | Free: 99.2%
[96m------------------------------------------------------------[0m
[1m[ RAM ][0m Used: [92m6.89 GB (46.4%)[0m | Available: 7.96 GB | Total: 14.84 GB
[1m[ SWAP ][0m Used: 0.0 GB (0.0%) | Free: 4.0 GB | Total: 4.0 GB
        [93mTop 5 RAM Processes (Logged 10):[0m
          1. chrome (PID 7552) - 774.39 MB (5.09%)
          2. chrome (PID 6787) - 546.2 MB (3.59%)
          3. code (PID 50824) - 462.46 MB (3.04%)
          4. code (PID 51580) - 452.21 MB (2.98%)
          5. gnome-shell (PID 4411) - 432.16 MB (2.84%)
[96m------------------------------------------------------------[0m
[1m[ DISK ][0m Used: [92m20.92 GB (2.28%)[0m | Free: 894.91 GB | Total: 915.83 GB
         [93mI/O:[0m Read 0.0 MB/s | Write 0.05 MB/s | Activity: 0.96%
[96m------------------------------------------------------------[0m
[1m[ NET ][0m Upload: 0.0 MB/s | Download: 0.0 MB/s
[96m------------------------------------------------------------[0m
[1m[ BATTERY ][0m [92m98.19%[0m (Charging/Plugged in)
[1m[96m============================================================[0m
[1m[92mData logged to 2026_logs/2026-09-28.jsonl... (Press Ctrl+C to stop)[0m
[1m[96m============================================================[0m
[1mSYSTEM MONITOR V2[0m | Time: 2026-09-28 14:24:46
[96m------------------------------------------------------------[0m
[1m[ CPU ][0m Used: [92m0.8%[0m | Free: 99.2%
[96m------------------------------------------------------------[0m
[1m[ RAM ][0m Used: [92m6.88 GB (46.4%)[0m | Available: 7.96 GB | Total: 14.84 GB
[1m[ SWAP ][0m Used: 0.0 GB (0.0%) | Free: 4.0 GB | Total: 4.0 GB
        [93mTop 5 RAM Processes (Logged 10):[0m
          1. chrome (PID 7552) - 772.82 MB (5.08%)
          2. chrome (PID 6787) - 546.2 MB (3.59%)
          3. code (PID 50824) - 461.53 MB (3.04%)
          4. code (PID 51580) - 452.25 MB (2.98%)
          5. gnome-shell (PID 4411) - 432.16 MB (2.84%)
[96m------------------------------------------------------------[0m
[1m[ DISK ][0m Used: [92m20.92 GB (2.28%)[0m | Free: 894.91 GB | Total: 915.83 GB
         [93mI/O:[0m Read 0.0 MB/s | Write 0.37 MB/s | Activity: 1.14%
[96m------------------------------------------------------------[0m
[1m[ NET ][0m Upload: 0.0 MB/s | Download: 0.0 MB/s
[96m------------------------------------------------------------[0m
[1m[ BATTERY ][0m [92m98.19%[0m (Charging/Plugged in)
[1m[96m============================================================[0m
[1m[92mData logged to 2026_logs/2026-09-28.jsonl... (Press Ctrl+C to stop)[0m
[1m[96m============================================================[0m
[1mSYSTEM MONITOR V2[0m | Time: 2026-09-28 14:24:51
[96m------------------------------------------------------------[0m
[1m[ CPU ][0m Used: [92m0.7%[0m | Free: 99.3%
[96m------------------------------------------------------------[0m
[1m[ RAM ][0m Used: [92m6.87 GB (46.3%)[0m | Available: 7.97 GB | Total: 14.84 GB
[1m[ SWAP ][0m Used: 0.0 GB (0.0%) | Free: 4.0 GB | Total: 4.0 GB
        [93mTop 5 RAM Processes (Logged 10):[0m
          1. chrome (PID 7552) - 772.82 MB (5.08%)
          2. chrome (PID 6787) - 546.58 MB (3.6%)
          3. code (PID 50824) - 461.66 MB (3.04%)
          4. code (PID 51580) - 452.34 MB (2.98%)
          5. gnome-shell (PID 4411) - 432.16 MB (2.84%)
[96m------------------------------------------------------------[0m
[1m[ DISK ][0m Used: [92m20.92 GB (2.28%)[0m | Free: 894.91 GB | Total: 915.83 GB
         [93mI/O:[0m Read 0.0 MB/s | Write 0.02 MB/s | Activity: 1.02%
[96m------------------------------------------------------------[0m
[1m[ NET ][0m Upload: 0.0 MB/s | Download: 0.0 MB/s
[96m------------------------------------------------------------[0m
[1m[ BATTERY ][0m [92m98.19%[0m (Charging/Plugged in)
[1m[96m============================================================[0m
[1m[92mData logged to 2026_logs/2026-09-28.jsonl... (Press Ctrl+C to stop)[0m
[1m[96m============================================================[0m
[1mSYSTEM MONITOR V2[0m | Time: 2026-09-28 14:24:56
[96m------------------------------------------------------------[0m
[1m[ CPU ][0m Used: [92m0.7%[0m | Free: 99.3%
[96m------------------------------------------------------------[0m
[1m[ RAM ][0m Used: [92m6.87 GB (46.3%)[0m | Available: 7.98 GB | Total: 14.84 GB
[1m[ SWAP ][0m Used: 0.0 GB (0.0%) | Free: 4.0 GB | Total: 4.0 GB
        [93mTop 5 RAM Processes (Logged 10):[0m
          1. chrome (PID 7552) - 771.65 MB (5.08%)
          2. chrome (PID 6787) - 545.97 MB (3.59%)
          3. code (PID 50824) - 461.77 MB (3.04%)
          4. code (PID 51580) - 452.42 MB (2.98%)
          5. gnome-shell (PID 4411) - 432.21 MB (2.84%)
[96m------------------------------------------------------------[0m
[1m[ DISK ][0m Used: [92m20.92 GB (2.28%)[0m | Free: 894.91 GB | Total: 915.83 GB
         [93mI/O:[0m Read 0.0 MB/s | Write 0.01 MB/s | Activity: 0.84%
[96m------------------------------------------------------------[0m
[1m[ NET ][0m Upload: 0.0 MB/s | Download: 0.0 MB/s
[96m------------------------------------------------------------[0m
[1m[ BATTERY ][0m [92m98.19%[0m (Charging/Plugged in)
[1m[96m============================================================[0m
[1m[92mData logged to 2026_logs/2026-09-28.jsonl... (Press Ctrl+C to stop)[0m
[1m[96m============================================================[0m
[1mSYSTEM MONITOR V2[0m | Time: 2026-09-28 14:25:01
[96m------------------------------------------------------------[0m
[1m[ CPU ][0m Used: [92m0.6%[0m | Free: 99.4%
[96m------------------------------------------------------------[0m
[1m[ RAM ][0m Used: [92m6.87 GB (46.3%)[0m | Available: 7.98 GB | Total: 14.84 GB
[1m[ SWAP ][0m Used: 0.0 GB (0.0%) | Free: 4.0 GB | Total: 4.0 GB
        [93mTop 5 RAM Processes (Logged 10):[0m
          1. chrome (PID 7552) - 771.65 MB (5.08%)
          2. chrome (PID 6787) - 545.97 MB (3.59%)
          3. code (PID 50824) - 461.85 MB (3.04%)
          4. code (PID 51580) - 452.5 MB (2.98%)
          5. gnome-shell (PID 4411) - 432.21 MB (2.84%)
[96m------------------------------------------------------------[0m
[1m[ DISK ][0m Used: [92m20.92 GB (2.28%)[0m | Free: 894.91 GB | Total: 915.83 GB
         [93mI/O:[0m Read 0.0 MB/s | Write 0.79 MB/s | Activity: 0.16%
[96m------------------------------------------------------------[0m
[1m[ NET ][0m Upload: 0.0 MB/s | Download: 0.0 MB/s
[96m------------------------------------------------------------[0m
[1m[ BATTERY ][0m [92m98.19%[0m (Charging/Plugged in)
[1m[96m============================================================[0m
[1m[92mData logged to 2026_logs/2026-09-28.jsonl... (Press Ctrl+C to stop)[0m
[1m[96m============================================================[0m
[1mSYSTEM MONITOR V2[0m | Time: 2026-09-28 14:25:06
[96m------------------------------------------------------------[0m
[1m[ CPU ][0m Used: [92m0.7%[0m | Free: 99.3%
[96m------------------------------------------------------------[0m
[1m[ RAM ][0m Used: [92m6.86 GB (46.2%)[0m | Available: 7.98 GB | Total: 14.84 GB
[1m[ SWAP ][0m Used: 0.0 GB (0.0%) | Free: 4.0 GB | Total: 4.0 GB
        [93mTop 5 RAM Processes (Logged 10):[0m
          1. chrome (PID 7552) - 771.28 MB (5.07%)
          2. chrome (PID 6787) - 545.97 MB (3.59%)
          3. code (PID 50824) - 462.0 MB (3.04%)
          4. code (PID 51580) - 452.58 MB (2.98%)
          5. gnome-shell (PID 4411) - 432.21 MB (2.84%)
[96m------------------------------------------------------------[0m
[1m[ DISK ][0m Used: [92m20.92 GB (2.28%)[0m | Free: 894.91 GB | Total: 915.83 GB
         [93mI/O:[0m Read 0.0 MB/s | Write 0.02 MB/s | Activity: 0.8%
[96m------------------------------------------------------------[0m
[1m[ NET ][0m Upload: 0.0 MB/s | Download: 0.0 MB/s
[96m------------------------------------------------------------[0m
[1m[ BATTERY ][0m [92m98.19%[0m (Charging/Plugged in)
[1m[96m============================================================[0m
[1m[92mData logged to 2026_logs/2026-09-28.jsonl... (Press Ctrl+C to stop)[0m
[1m[96m============================================================[0m
[1mSYSTEM MONITOR V2[0m | Time: 2026-09-28 14:25:11
[96m------------------------------------------------------------[0m
[1m[ CPU ][0m Used: [92m1.0%[0m | Free: 99.0%
[96m------------------------------------------------------------[0m
[1m[ RAM ][0m Used: [92m6.85 GB (46.1%)[0m | Available: 8.0 GB | Total: 14.84 GB
[1m[ SWAP ][0m Used: 0.0 GB (0.0%) | Free: 4.0 GB | Total: 4.0 GB
        [93mTop 5 RAM Processes (Logged 10):[0m
          1. chrome (PID 7552) - 767.93 MB (5.05%)
          2. chrome (PID 6787) - 546.05 MB (3.59%)
          3. code (PID 50824) - 462.13 MB (3.04%)
          4. code (PID 51580) - 452.67 MB (2.98%)
          5. gnome-shell (PID 4411) - 432.21 MB (2.84%)
[96m------------------------------------------------------------[0m
[1m[ DISK ][0m Used: [92m20.92 GB (2.28%)[0m | Free: 894.91 GB | Total: 915.83 GB
         [93mI/O:[0m Read 0.0 MB/s | Write 0.01 MB/s | Activity: 0.8%
[96m------------------------------------------------------------[0m
[1m[ NET ][0m Upload: 0.0 MB/s | Download: 0.0 MB/s
[96m------------------------------------------------------------[0m
[1m[ BATTERY ][0m [92m98.19%[0m (Charging/Plugged in)
[1m[96m============================================================[0m
[1m[92mData logged to 2026_logs/2026-09-28.jsonl... (Press Ctrl+C to stop)[0m
[1m[96m============================================================[0m
[1mSYSTEM MONITOR V2[0m | Time: 2026-09-28 14:25:16
[96m------------------------------------------------------------[0m
[1m[ CPU ][0m Used: [92m1.5%[0m | Free: 98.5%
[96m------------------------------------------------------------[0m
[1m[ RAM ][0m Used: [92m6.9 GB (46.5%)[0m | Available: 7.95 GB | Total: 14.84 GB
[1m[ SWAP ][0m Used: 0.0 GB (0.0%) | Free: 4.0 GB | Total: 4.0 GB
        [93mTop 5 RAM Processes (Logged 10):[0m
          1. chrome (PID 7552) - 770.25 MB (5.07%)
          2. chrome (PID 6787) - 546.28 MB (3.59%)
          3. code (PID 50824) - 462.25 MB (3.04%)
          4. code (PID 51580) - 452.77 MB (2.98%)
          5. gnome-shell (PID 4411) - 432.26 MB (2.84%)
[96m------------------------------------------------------------[0m
[1m[ DISK ][0m Used: [92m20.92 GB (2.28%)[0m | Free: 894.91 GB | Total: 915.83 GB
         [93mI/O:[0m Read 0.0 MB/s | Write 0.35 MB/s | Activity: 1.82%
[96m------------------------------------------------------------[0m
[1m[ NET ][0m Upload: 0.01 MB/s | Download: 0.01 MB/s
[96m------------------------------------------------------------[0m
[1m[ BATTERY ][0m [92m98.19%[0m (Charging/Plugged in)
[1m[96m============================================================[0m
[1m[92mData logged to 2026_logs/2026-09-28.jsonl... (Press Ctrl+C to stop)[0m
[1m[96m============================================================[0m
[1mSYSTEM MONITOR V2[0m | Time: 2026-09-28 14:25:22
[96m------------------------------------------------------------[0m
[1m[ CPU ][0m Used: [92m0.7%[0m | Free: 99.3%
[96m------------------------------------------------------------[0m
[1m[ RAM ][0m Used: [92m6.91 GB (46.5%)[0m | Available: 7.94 GB | Total: 14.84 GB
[1m[ SWAP ][0m Used: 0.0 GB (0.0%) | Free: 4.0 GB | Total: 4.0 GB
        [93mTop 5 RAM Processes (Logged 10):[0m
          1. chrome (PID 7552) - 770.25 MB (5.07%)
          2. chrome (PID 6787) - 546.28 MB (3.59%)
          3. code (PID 50824) - 461.53 MB (3.04%)
          4. code (PID 51580) - 452.05 MB (2.97%)
          5. gnome-shell (PID 4411) - 432.27 MB (2.84%)
[96m------------------------------------------------------------[0m
[1m[ DISK ][0m Used: [92m20.92 GB (2.28%)[0m | Free: 894.91 GB | Total: 915.83 GB
         [93mI/O:[0m Read 0.0 MB/s | Write 0.02 MB/s | Activity: 1.61%
[96m------------------------------------------------------------[0m
[1m[ NET ][0m Upload: 0.0 MB/s | Download: 0.0 MB/s
[96m------------------------------------------------------------[0m
[1m[ BATTERY ][0m [92m98.19%[0m (Charging/Plugged in)
[1m[96m============================================================[0m
[1m[92mData logged to 2026_logs/2026-09-28.jsonl... (Press Ctrl+C to stop)[0m
[1m[96m============================================================[0m
[1mSYSTEM MONITOR V2[0m | Time: 2026-09-28 14:25:27
[96m------------------------------------------------------------[0m
[1m[ CPU ][0m Used: [92m0.8%[0m | Free: 99.2%
[96m------------------------------------------------------------[0m
[1m[ RAM ][0m Used: [92m6.91 GB (46.5%)[0m | Available: 7.94 GB | Total: 14.84 GB
[1m[ SWAP ][0m Used: 0.0 GB (0.0%) | Free: 4.0 GB | Total: 4.0 GB
        [93mTop 5 RAM Processes (Logged 10):[0m
          1. chrome (PID 7552) - 770.26 MB (5.07%)
          2. chrome (PID 6787) - 546.07 MB (3.59%)
          3. code (PID 50824) - 461.66 MB (3.04%)
          4. code (PID 51580) - 452.14 MB (2.97%)
          5. gnome-shell (PID 4411) - 432.13 MB (2.84%)
[96m------------------------------------------------------------[0m
[1m[ DISK ][0m Used: [92m20.92 GB (2.28%)[0m | Free: 894.91 GB | Total: 915.83 GB
         [93mI/O:[0m Read 0.0 MB/s | Write 0.01 MB/s | Activity: 1.57%
[96m------------------------------------------------------------[0m
[1m[ NET ][0m Upload: 0.0 MB/s | Download: 0.0 MB/s
[96m------------------------------------------------------------[0m
[1m[ BATTERY ][0m [92m98.19%[0m (Charging/Plugged in)
[1m[96m============================================================[0m
[1m[92mData logged to 2026_logs/2026-09-28.jsonl... (Press Ctrl+C to stop)[0m
[1m[96m============================================================[0m
[1mSYSTEM MONITOR V2[0m | Time: 2026-09-28 14:25:32
[96m------------------------------------------------------------[0m
[1m[ CPU ][0m Used: [92m0.6%[0m | Free: 99.4%
[96m------------------------------------------------------------[0m
[1m[ RAM ][0m Used: [92m6.91 GB (46.5%)[0m | Available: 7.94 GB | Total: 14.84 GB
[1m[ SWAP ][0m Used: 0.0 GB (0.0%) | Free: 4.0 GB | Total: 4.0 GB
        [93mTop 5 RAM Processes (Logged 10):[0m
          1. chrome (PID 7552) - 770.26 MB (5.07%)
          2. chrome (PID 6787) - 545.97 MB (3.59%)
          3. code (PID 50824) - 461.77 MB (3.04%)
          4. code (PID 51580) - 452.22 MB (2.98%)
          5. gnome-shell (PID 4411) - 432.13 MB (2.84%)
[96m------------------------------------------------------------[0m
[1m[ DISK ][0m Used: [92m20.92 GB (2.28%)[0m | Free: 894.91 GB | Total: 915.83 GB
         [93mI/O:[0m Read 0.0 MB/s | Write 0.01 MB/s | Activity: 0.92%
[96m------------------------------------------------------------[0m
[1m[ NET ][0m Upload: 0.0 MB/s | Download: 0.0 MB/s
[96m------------------------------------------------------------[0m
[1m[ BATTERY ][0m [92m98.19%[0m (Charging/Plugged in)
[1m[96m============================================================[0m
[1m[92mData logged to 2026_logs/2026-09-28.jsonl... (Press Ctrl+C to stop)[0m
[1m[96m============================================================[0m
[1mSYSTEM MONITOR V2[0m | Time: 2026-09-28 14:25:37
[96m------------------------------------------------------------[0m
[1m[ CPU ][0m Used: [92m0.7%[0m | Free: 99.3%
[96m------------------------------------------------------------[0m
[1m[ RAM ][0m Used: [92m6.9 GB (46.5%)[0m | Available: 7.95 GB | Total: 14.84 GB
[1m[ SWAP ][0m Used: 0.0 GB (0.0%) | Free: 4.0 GB | Total: 4.0 GB
        [93mTop 5 RAM Processes (Logged 10):[0m
          1. chrome (PID 7552) - 770.26 MB (5.07%)
          2. chrome (PID 6787) - 545.97 MB (3.59%)
          3. code (PID 50824) - 461.9 MB (3.04%)
          4. code (PID 51580) - 452.3 MB (2.98%)
          5. gnome-shell (PID 4411) - 432.13 MB (2.84%)
[96m------------------------------------------------------------[0m
[1m[ DISK ][0m Used: [92m20.92 GB (2.28%)[0m | Free: 894.91 GB | Total: 915.83 GB
         [93mI/O:[0m Read 0.0 MB/s | Write 0.79 MB/s | Activity: 0.04%
[96m------------------------------------------------------------[0m
[1m[ NET ][0m Upload: 0.0 MB/s | Download: 0.0 MB/s
[96m------------------------------------------------------------[0m
[1m[ BATTERY ][0m [92m98.19%[0m (Charging/Plugged in)
[1m[96m============================================================[0m
[1m[92mData logged to 2026_logs/2026-09-28.jsonl... (Press Ctrl+C to stop)[0m
[1m[96m============================================================[0m
[1mSYSTEM MONITOR V2[0m | Time: 2026-09-28 14:25:42
[96m------------------------------------------------------------[0m
[1m[ CPU ][0m Used: [92m0.9%[0m | Free: 99.1%
[96m------------------------------------------------------------[0m
[1m[ RAM ][0m Used: [92m6.89 GB (46.4%)[0m | Available: 7.95 GB | Total: 14.84 GB
[1m[ SWAP ][0m Used: 0.0 GB (0.0%) | Free: 4.0 GB | Total: 4.0 GB
        [93mTop 5 RAM Processes (Logged 10):[0m
          1. chrome (PID 7552) - 770.26 MB (5.07%)
          2. chrome (PID 6787) - 547.41 MB (3.6%)
          3. code (PID 50824) - 462.02 MB (3.04%)
          4. code (PID 51580) - 452.39 MB (2.98%)
          5. gnome-shell (PID 4411) - 432.13 MB (2.84%)
[96m------------------------------------------------------------[0m
[1m[ DISK ][0m Used: [92m20.92 GB (2.28%)[0m | Free: 894.91 GB | Total: 915.83 GB
         [93mI/O:[0m Read 0.0 MB/s | Write 0.07 MB/s | Activity: 1.86%
[96m------------------------------------------------------------[0m
[1m[ NET ][0m Upload: 0.0 MB/s | Download: 0.0 MB/s
[96m------------------------------------------------------------[0m
[1m[ BATTERY ][0m [92m98.19%[0m (Charging/Plugged in)
[1m[96m============================================================[0m
[1m[92mData logged to 2026_logs/2026-09-28.jsonl... (Press Ctrl+C to stop)[0m
[1m[96m============================================================[0m
[1mSYSTEM MONITOR V2[0m | Time: 2026-09-28 14:25:47
[96m------------------------------------------------------------[0m
[1m[ CPU ][0m Used: [92m1.6%[0m | Free: 98.4%
[96m------------------------------------------------------------[0m
[1m[ RAM ][0m Used: [92m6.93 GB (46.7%)[0m | Available: 7.92 GB | Total: 14.84 GB
[1m[ SWAP ][0m Used: 0.0 GB (0.0%) | Free: 4.0 GB | Total: 4.0 GB
        [93mTop 5 RAM Processes (Logged 10):[0m
          1. chrome (PID 7552) - 768.01 MB (5.05%)
          2. chrome (PID 6787) - 548.24 MB (3.61%)
          3. code (PID 50824) - 462.25 MB (3.04%)
          4. code (PID 51580) - 452.47 MB (2.98%)
          5. gnome-shell (PID 4411) - 432.19 MB (2.84%)
[96m------------------------------------------------------------[0m
[1m[ DISK ][0m Used: [92m20.92 GB (2.28%)[0m | Free: 894.91 GB | Total: 915.83 GB
         [93mI/O:[0m Read 0.0 MB/s | Write 0.52 MB/s | Activity: 1.94%
[96m------------------------------------------------------------[0m
[1m[ NET ][0m Upload: 0.0 MB/s | Download: 0.0 MB/s
[96m------------------------------------------------------------[0m
[1m[ BATTERY ][0m [92m98.19%[0m (Charging/Plugged in)
[1m[96m============================================================[0m
[1m[92mData logged to 2026_logs/2026-09-28.jsonl... (Press Ctrl+C to stop)[0m
[1m[96m============================================================[0m
[1mSYSTEM MONITOR V2[0m | Time: 2026-09-28 14:25:52
[96m------------------------------------------------------------[0m
[1m[ CPU ][0m Used: [92m0.7%[0m | Free: 99.3%
[96m------------------------------------------------------------[0m
[1m[ RAM ][0m Used: [92m6.91 GB (46.6%)[0m | Available: 7.93 GB | Total: 14.84 GB
[1m[ SWAP ][0m Used: 0.0 GB (0.0%) | Free: 4.0 GB | Total: 4.0 GB
        [93mTop 5 RAM Processes (Logged 10):[0m
          1. chrome (PID 7552) - 768.01 MB (5.05%)
          2. chrome (PID 6787) - 546.79 MB (3.6%)
          3. code (PID 50824) - 462.3 MB (3.04%)
          4. code (PID 51580) - 452.55 MB (2.98%)
          5. gnome-shell (PID 4411) - 432.19 MB (2.84%)
[96m------------------------------------------------------------[0m
[1m[ DISK ][0m Used: [92m20.92 GB (2.28%)[0m | Free: 894.91 GB | Total: 915.83 GB
         [93mI/O:[0m Read 0.0 MB/s | Write 0.03 MB/s | Activity: 1.73%
[96m------------------------------------------------------------[0m
[1m[ NET ][0m Upload: 0.0 MB/s | Download: 0.0 MB/s
[96m------------------------------------------------------------[0m
[1m[ BATTERY ][0m [92m98.19%[0m (Charging/Plugged in)
[1m[96m============================================================[0m
[1m[92mData logged to 2026_logs/2026-09-28.jsonl... (Press Ctrl+C to stop)[0m
[1m[96m============================================================[0m
[1mSYSTEM MONITOR V2[0m | Time: 2026-09-28 14:25:57
[96m------------------------------------------------------------[0m
[1m[ CPU ][0m Used: [92m0.9%[0m | Free: 99.1%
[96m------------------------------------------------------------[0m
[1m[ RAM ][0m Used: [92m6.9 GB (46.5%)[0m | Available: 7.94 GB | Total: 14.84 GB
[1m[ SWAP ][0m Used: 0.0 GB (0.0%) | Free: 4.0 GB | Total: 4.0 GB
        [93mTop 5 RAM Processes (Logged 10):[0m
          1. chrome (PID 7552) - 768.28 MB (5.05%)
          2. chrome (PID 6787) - 546.9 MB (3.6%)
          3. code (PID 50824) - 461.6 MB (3.04%)
          4. code (PID 51580) - 452.63 MB (2.98%)
          5. gnome-shell (PID 4411) - 432.17 MB (2.84%)
[96m------------------------------------------------------------[0m
[1m[ DISK ][0m Used: [92m20.92 GB (2.28%)[0m | Free: 894.91 GB | Total: 915.83 GB
         [93mI/O:[0m Read 0.0 MB/s | Write 0.0 MB/s | Activity: 0.0%
[96m------------------------------------------------------------[0m
[1m[ NET ][0m Upload: 0.0 MB/s | Download: 0.0 MB/s
[96m------------------------------------------------------------[0m
[1m[ BATTERY ][0m [92m98.19%[0m (Charging/Plugged in)
[1m[96m============================================================[0m
[1m[92mData logged to 2026_logs/2026-09-28.jsonl... (Press Ctrl+C to stop)[0m
[1m[96m============================================================[0m
[1mSYSTEM MONITOR V2[0m | Time: 2026-09-28 14:26:02
[96m------------------------------------------------------------[0m
[1m[ CPU ][0m Used: [92m0.7%[0m | Free: 99.3%
[96m------------------------------------------------------------[0m
[1m[ RAM ][0m Used: [92m6.89 GB (46.4%)[0m | Available: 7.95 GB | Total: 14.84 GB
[1m[ SWAP ][0m Used: 0.0 GB (0.0%) | Free: 4.0 GB | Total: 4.0 GB
        [93mTop 5 RAM Processes (Logged 10):[0m
          1. chrome (PID 7552) - 768.28 MB (5.05%)
          2. chrome (PID 6787) - 546.99 MB (3.6%)
          3. code (PID 50824) - 461.76 MB (3.04%)
          4. code (PID 51580) - 452.72 MB (2.98%)
          5. gnome-shell (PID 4411) - 432.18 MB (2.84%)
[96m------------------------------------------------------------[0m
[1m[ DISK ][0m Used: [92m20.92 GB (2.28%)[0m | Free: 894.91 GB | Total: 915.83 GB
         [93mI/O:[0m Read 0.0 MB/s | Write 0.06 MB/s | Activity: 0.96%
[96m------------------------------------------------------------[0m
[1m[ NET ][0m Upload: 0.0 MB/s | Download: 0.0 MB/s
[96m------------------------------------------------------------[0m
[1m[ BATTERY ][0m [92m98.19%[0m (Charging/Plugged in)
[1m[96m============================================================[0m
[1m[92mData logged to 2026_logs/2026-09-28.jsonl... (Press Ctrl+C to stop)[0m
[1m[96m============================================================[0m
[1mSYSTEM MONITOR V2[0m | Time: 2026-09-28 14:26:07
[96m------------------------------------------------------------[0m
[1m[ CPU ][0m Used: [92m0.7%[0m | Free: 99.3%
[96m------------------------------------------------------------[0m
[1m[ RAM ][0m Used: [92m6.89 GB (46.4%)[0m | Available: 7.95 GB | Total: 14.84 GB
[1m[ SWAP ][0m Used: 0.0 GB (0.0%) | Free: 4.0 GB | Total: 4.0 GB
        [93mTop 5 RAM Processes (Logged 10):[0m
          1. chrome (PID 7552) - 768.28 MB (5.05%)
          2. chrome (PID 6787) - 546.8 MB (3.6%)
          3. code (PID 50824) - 461.87 MB (3.04%)
          4. code (PID 51580) - 452.82 MB (2.98%)
          5. gnome-shell (PID 4411) - 432.17 MB (2.84%)
[96m------------------------------------------------------------[0m
[1m[ DISK ][0m Used: [92m20.92 GB (2.28%)[0m | Free: 894.91 GB | Total: 915.83 GB
         [93mI/O:[0m Read 0.0 MB/s | Write 0.82 MB/s | Activity: 1.02%
[96m------------------------------------------------------------[0m
[1m[ NET ][0m Upload: 0.0 MB/s | Download: 0.0 MB/s
[96m------------------------------------------------------------[0m
[1m[ BATTERY ][0m [92m98.19%[0m (Charging/Plugged in)
[1m[96m============================================================[0m
[1m[92mData logged to 2026_logs/2026-09-28.jsonl... (Press Ctrl+C to stop)[0m
[1m[96m============================================================[0m
[1mSYSTEM MONITOR V2[0m | Time: 2026-09-28 14:26:13
[96m------------------------------------------------------------[0m
[1m[ CPU ][0m Used: [92m1.1%[0m | Free: 98.9%
[96m------------------------------------------------------------[0m
[1m[ RAM ][0m Used: [92m6.89 GB (46.4%)[0m | Available: 7.95 GB | Total: 14.84 GB
[1m[ SWAP ][0m Used: 0.0 GB (0.0%) | Free: 4.0 GB | Total: 4.0 GB
        [93mTop 5 RAM Processes (Logged 10):[0m
          1. chrome (PID 7552) - 768.28 MB (5.05%)
          2. chrome (PID 6787) - 546.79 MB (3.6%)
          3. code (PID 50824) - 461.98 MB (3.04%)
          4. code (PID 51580) - 452.89 MB (2.98%)
          5. gnome-shell (PID 4411) - 432.17 MB (2.84%)
[96m------------------------------------------------------------[0m
[1m[ DISK ][0m Used: [92m20.92 GB (2.28%)[0m | Free: 894.91 GB | Total: 915.83 GB
         [93mI/O:[0m Read 0.0 MB/s | Write 0.04 MB/s | Activity: 0.92%
[96m------------------------------------------------------------[0m
[1m[ NET ][0m Upload: 0.0 MB/s | Download: 0.01 MB/s
[96m------------------------------------------------------------[0m
[1m[ BATTERY ][0m [92m98.19%[0m (Charging/Plugged in)
[1m[96m============================================================[0m
[1m[92mData logged to 2026_logs/2026-09-28.jsonl... (Press Ctrl+C to stop)[0m
[1m[96m============================================================[0m
[1mSYSTEM MONITOR V2[0m | Time: 2026-09-28 14:26:18
[96m------------------------------------------------------------[0m
[1m[ CPU ][0m Used: [92m1.7%[0m | Free: 98.3%
[96m------------------------------------------------------------[0m
[1m[ RAM ][0m Used: [92m6.93 GB (46.7%)[0m | Available: 7.92 GB | Total: 14.84 GB
[1m[ SWAP ][0m Used: 0.0 GB (0.0%) | Free: 4.0 GB | Total: 4.0 GB
        [93mTop 5 RAM Processes (Logged 10):[0m
          1. chrome (PID 7552) - 772.05 MB (5.08%)
          2. chrome (PID 6787) - 547.17 MB (3.6%)
          3. code (PID 50824) - 462.06 MB (3.04%)
          4. code (PID 51580) - 452.21 MB (2.98%)
          5. gnome-shell (PID 4411) - 432.17 MB (2.84%)
[96m------------------------------------------------------------[0m
[1m[ DISK ][0m Used: [92m20.92 GB (2.28%)[0m | Free: 894.91 GB | Total: 915.83 GB
         [93mI/O:[0m Read 0.0 MB/s | Write 0.37 MB/s | Activity: 0.04%
[96m------------------------------------------------------------[0m
[1m[ NET ][0m Upload: 0.0 MB/s | Download: 0.01 MB/s
[96m------------------------------------------------------------[0m
[1m[ BATTERY ][0m [92m98.19%[0m (Charging/Plugged in)
[1m[96m============================================================[0m
[1m[92mData logged to 2026_logs/2026-09-28.jsonl... (Press Ctrl+C to stop)[0m
[1m[96m============================================================[0m
[1mSYSTEM MONITOR V2[0m | Time: 2026-09-28 14:26:23
[96m------------------------------------------------------------[0m
[1m[ CPU ][0m Used: [92m1.0%[0m | Free: 99.0%
[96m------------------------------------------------------------[0m
[1m[ RAM ][0m Used: [92m6.94 GB (46.8%)[0m | Available: 7.9 GB | Total: 14.84 GB
[1m[ SWAP ][0m Used: 0.0 GB (0.0%) | Free: 4.0 GB | Total: 4.0 GB
        [93mTop 5 RAM Processes (Logged 10):[0m
          1. chrome (PID 7552) - 772.05 MB (5.08%)
          2. chrome (PID 6787) - 546.84 MB (3.6%)
          3. code (PID 50824) - 473.22 MB (3.11%)
          4. code (PID 51580) - 452.3 MB (2.98%)
          5. gnome-shell (PID 4411) - 432.17 MB (2.84%)
[96m------------------------------------------------------------[0m
[1m[ DISK ][0m Used: [92m20.92 GB (2.28%)[0m | Free: 894.91 GB | Total: 915.83 GB
         [93mI/O:[0m Read 0.0 MB/s | Write 0.07 MB/s | Activity: 1.0%
[96m------------------------------------------------------------[0m
[1m[ NET ][0m Upload: 0.0 MB/s | Download: 0.01 MB/s
[96m------------------------------------------------------------[0m
[1m[ BATTERY ][0m [92m98.19%[0m (Charging/Plugged in)
[1m[96m============================================================[0m
[1m[92mData logged to 2026_logs/2026-09-28.jsonl... (Press Ctrl+C to stop)[0m
[1m[96m============================================================[0m
[1mSYSTEM MONITOR V2[0m | Time: 2026-09-28 14:26:28
[96m------------------------------------------------------------[0m
[1m[ CPU ][0m Used: [92m0.7%[0m | Free: 99.3%
[96m------------------------------------------------------------[0m
[1m[ RAM ][0m Used: [92m6.94 GB (46.8%)[0m | Available: 7.9 GB | Total: 14.84 GB
[1m[ SWAP ][0m Used: 0.0 GB (0.0%) | Free: 4.0 GB | Total: 4.0 GB
        [93mTop 5 RAM Processes (Logged 10):[0m
          1. chrome (PID 7552) - 772.06 MB (5.08%)
          2. chrome (PID 6787) - 546.8 MB (3.6%)
          3. code (PID 50824) - 473.21 MB (3.11%)
          4. code (PID 51580) - 452.38 MB (2.98%)
          5. gnome-shell (PID 4411) - 432.17 MB (2.84%)
[96m------------------------------------------------------------[0m
[1m[ DISK ][0m Used: [92m20.92 GB (2.28%)[0m | Free: 894.91 GB | Total: 915.83 GB
         [93mI/O:[0m Read 0.0 MB/s | Write 0.04 MB/s | Activity: 0.14%
[96m------------------------------------------------------------[0m
[1m[ NET ][0m Upload: 0.0 MB/s | Download: 0.0 MB/s
[96m------------------------------------------------------------[0m
[1m[ BATTERY ][0m [92m98.19%[0m (Charging/Plugged in)
[1m[96m============================================================[0m
[1m[92mData logged to 2026_logs/2026-09-28.jsonl... (Press Ctrl+C to stop)[0m
[1m[96m============================================================[0m
[1mSYSTEM MONITOR V2[0m | Time: 2026-09-28 14:26:33
[96m------------------------------------------------------------[0m
[1m[ CPU ][0m Used: [92m0.7%[0m | Free: 99.3%
[96m------------------------------------------------------------[0m
[1m[ RAM ][0m Used: [92m6.94 GB (46.7%)[0m | Available: 7.9 GB | Total: 14.84 GB
[1m[ SWAP ][0m Used: 0.0 GB (0.0%) | Free: 4.0 GB | Total: 4.0 GB
        [93mTop 5 RAM Processes (Logged 10):[0m
          1. chrome (PID 7552) - 772.06 MB (5.08%)
          2. chrome (PID 6787) - 546.87 MB (3.6%)
          3. code (PID 50824) - 473.18 MB (3.11%)
          4. code (PID 51580) - 452.46 MB (2.98%)
          5. gnome-shell (PID 4411) - 432.17 MB (2.84%)
[96m------------------------------------------------------------[0m
[1m[ DISK ][0m Used: [92m20.92 GB (2.28%)[0m | Free: 894.91 GB | Total: 915.83 GB
         [93mI/O:[0m Read 0.0 MB/s | Write 0.01 MB/s | Activity: 0.8%
[96m------------------------------------------------------------[0m
[1m[ NET ][0m Upload: 0.0 MB/s | Download: 0.0 MB/s
[96m------------------------------------------------------------[0m
[1m[ BATTERY ][0m [92m98.19%[0m (Charging/Plugged in)
[1m[96m============================================================[0m
[1m[92mData logged to 2026_logs/2026-09-28.jsonl... (Press Ctrl+C to stop)[0m
[1m[96m============================================================[0m
[1mSYSTEM MONITOR V2[0m | Time: 2026-09-28 14:26:38
[96m------------------------------------------------------------[0m
[1m[ CPU ][0m Used: [92m1.0%[0m | Free: 99.0%
[96m------------------------------------------------------------[0m
[1m[ RAM ][0m Used: [92m6.92 GB (46.6%)[0m | Available: 7.92 GB | Total: 14.84 GB
[1m[ SWAP ][0m Used: 0.0 GB (0.0%) | Free: 4.0 GB | Total: 4.0 GB
        [93mTop 5 RAM Processes (Logged 10):[0m
          1. chrome (PID 7552) - 772.06 MB (5.08%)
          2. chrome (PID 6787) - 547.6 MB (3.6%)
          3. code (PID 50824) - 473.23 MB (3.11%)
          4. code (PID 51580) - 452.55 MB (2.98%)
          5. gnome-shell (PID 4411) - 432.17 MB (2.84%)
[96m------------------------------------------------------------[0m
[1m[ DISK ][0m Used: [92m20.92 GB (2.28%)[0m | Free: 894.91 GB | Total: 915.83 GB
         [93mI/O:[0m Read 0.0 MB/s | Write 0.81 MB/s | Activity: 1.86%
[96m------------------------------------------------------------[0m
[1m[ NET ][0m Upload: 0.0 MB/s | Download: 0.0 MB/s
[96m------------------------------------------------------------[0m
[1m[ BATTERY ][0m [92m98.19%[0m (Charging/Plugged in)
[1m[96m============================================================[0m
[1m[92mData logged to 2026_logs/2026-09-28.jsonl... (Press Ctrl+C to stop)[0m
[1m[96m============================================================[0m
[1mSYSTEM MONITOR V2[0m | Time: 2026-09-28 14:26:43
[96m------------------------------------------------------------[0m
[1m[ CPU ][0m Used: [92m0.8%[0m | Free: 99.2%
[96m------------------------------------------------------------[0m
[1m[ RAM ][0m Used: [92m6.91 GB (46.5%)[0m | Available: 7.93 GB | Total: 14.84 GB
[1m[ SWAP ][0m Used: 0.0 GB (0.0%) | Free: 4.0 GB | Total: 4.0 GB
        [93mTop 5 RAM Processes (Logged 10):[0m
          1. chrome (PID 7552) - 772.06 MB (5.08%)
          2. chrome (PID 6787) - 546.52 MB (3.6%)
          3. code (PID 50824) - 473.24 MB (3.11%)
          4. code (PID 51580) - 452.62 MB (2.98%)
          5. gnome-shell (PID 4411) - 432.17 MB (2.84%)
[96m------------------------------------------------------------[0m
[1m[ DISK ][0m Used: [92m20.92 GB (2.28%)[0m | Free: 894.91 GB | Total: 915.83 GB
         [93mI/O:[0m Read 0.0 MB/s | Write 0.01 MB/s | Activity: 0.84%
[96m------------------------------------------------------------[0m
[1m[ NET ][0m Upload: 0.0 MB/s | Download: 0.0 MB/s
[96m------------------------------------------------------------[0m
[1m[ BATTERY ][0m [92m98.19%[0m (Charging/Plugged in)
[1m[96m============================================================[0m
[1m[92mData logged to 2026_logs/2026-09-28.jsonl... (Press Ctrl+C to stop)[0m
[1m[96m============================================================[0m
[1mSYSTEM MONITOR V2[0m | Time: 2026-09-28 14:26:48
[96m------------------------------------------------------------[0m
[1m[ CPU ][0m Used: [92m0.8%[0m | Free: 99.2%
[96m------------------------------------------------------------[0m
[1m[ RAM ][0m Used: [92m6.87 GB (46.3%)[0m | Available: 7.97 GB | Total: 14.84 GB
[1m[ SWAP ][0m Used: 0.0 GB (0.0%) | Free: 4.0 GB | Total: 4.0 GB
        [93mTop 5 RAM Processes (Logged 10):[0m
          1. chrome (PID 7552) - 770.24 MB (5.07%)
          2. chrome (PID 6787) - 546.59 MB (3.6%)
          3. code (PID 50824) - 473.39 MB (3.11%)
          4. code (PID 51580) - 452.71 MB (2.98%)
          5. gnome-shell (PID 4411) - 432.17 MB (2.84%)
[96m------------------------------------------------------------[0m
[1m[ DISK ][0m Used: [92m20.92 GB (2.28%)[0m | Free: 894.91 GB | Total: 915.83 GB
         [93mI/O:[0m Read 0.0 MB/s | Write 0.58 MB/s | Activity: 0.18%
[96m------------------------------------------------------------[0m
[1m[ NET ][0m Upload: 0.0 MB/s | Download: 0.0 MB/s
[96m------------------------------------------------------------[0m
[1m[ BATTERY ][0m [92m98.19%[0m (Charging/Plugged in)
[1m[96m============================================================[0m
[1m[92mData logged to 2026_logs/2026-09-28.jsonl... (Press Ctrl+C to stop)[0m
[1m[96m============================================================[0m
[1mSYSTEM MONITOR V2[0m | Time: 2026-09-28 14:26:53
[96m------------------------------------------------------------[0m
[1m[ CPU ][0m Used: [92m0.7%[0m | Free: 99.3%
[96m------------------------------------------------------------[0m
[1m[ RAM ][0m Used: [92m6.87 GB (46.3%)[0m | Available: 7.97 GB | Total: 14.84 GB
[1m[ SWAP ][0m Used: 0.0 GB (0.0%) | Free: 4.0 GB | Total: 4.0 GB
        [93mTop 5 RAM Processes (Logged 10):[0m
          1. chrome (PID 7552) - 766.85 MB (5.05%)
          2. chrome (PID 6787) - 546.29 MB (3.59%)
          3. code (PID 50824) - 473.23 MB (3.11%)
          4. code (PID 51580) - 452.79 MB (2.98%)
          5. gnome-shell (PID 4411) - 432.23 MB (2.84%)
[96m------------------------------------------------------------[0m
[1m[ DISK ][0m Used: [92m20.92 GB (2.28%)[0m | Free: 894.91 GB | Total: 915.83 GB
         [93mI/O:[0m Read 0.0 MB/s | Write 0.02 MB/s | Activity: 1.73%
[96m------------------------------------------------------------[0m
[1m[ NET ][0m Upload: 0.0 MB/s | Download: 0.0 MB/s
[96m------------------------------------------------------------[0m
[1m[ BATTERY ][0m [92m98.19%[0m (Charging/Plugged in)
[1m[96m============================================================[0m
[1m[92mData logged to 2026_logs/2026-09-28.jsonl... (Press Ctrl+C to stop)[0m
[1m[96m============================================================[0m
[1mSYSTEM MONITOR V2[0m | Time: 2026-09-28 14:26:58
[96m------------------------------------------------------------[0m
[1m[ CPU ][0m Used: [92m0.7%[0m | Free: 99.3%
[96m------------------------------------------------------------[0m
[1m[ RAM ][0m Used: [92m6.87 GB (46.3%)[0m | Available: 7.98 GB | Total: 14.84 GB
[1m[ SWAP ][0m Used: 0.0 GB (0.0%) | Free: 4.0 GB | Total: 4.0 GB
        [93mTop 5 RAM Processes (Logged 10):[0m
          1. chrome (PID 7552) - 766.85 MB (5.05%)
          2. chrome (PID 6787) - 546.04 MB (3.59%)
          3. code (PID 50824) - 473.28 MB (3.11%)
          4. code (PID 51580) - 452.88 MB (2.98%)
          5. gnome-shell (PID 4411) - 432.23 MB (2.84%)
[96m------------------------------------------------------------[0m
[1m[ DISK ][0m Used: [92m20.92 GB (2.28%)[0m | Free: 894.91 GB | Total: 915.83 GB
         [93mI/O:[0m Read 0.0 MB/s | Write 0.13 MB/s | Activity: 1.04%
[96m------------------------------------------------------------[0m
[1m[ NET ][0m Upload: 0.0 MB/s | Download: 0.0 MB/s
[96m------------------------------------------------------------[0m
[1m[ BATTERY ][0m [92m98.19%[0m (Charging/Plugged in)
[1m[96m============================================================[0m
[1m[92mData logged to 2026_logs/2026-09-28.jsonl... (Press Ctrl+C to stop)[0m
[1m[96m============================================================[0m
[1mSYSTEM MONITOR V2[0m | Time: 2026-09-28 14:27:04
[96m------------------------------------------------------------[0m
[1m[ CPU ][0m Used: [92m0.7%[0m | Free: 99.3%
[96m------------------------------------------------------------[0m
[1m[ RAM ][0m Used: [92m6.87 GB (46.3%)[0m | Available: 7.98 GB | Total: 14.84 GB
[1m[ SWAP ][0m Used: 0.0 GB (0.0%) | Free: 4.0 GB | Total: 4.0 GB
        [93mTop 5 RAM Processes (Logged 10):[0m
          1. chrome (PID 7552) - 766.12 MB (5.04%)
          2. chrome (PID 6787) - 546.04 MB (3.59%)
          3. code (PID 50824) - 473.29 MB (3.11%)
          4. code (PID 51580) - 452.97 MB (2.98%)
          5. gnome-shell (PID 4411) - 432.17 MB (2.84%)
[96m------------------------------------------------------------[0m
[1m[ DISK ][0m Used: [92m20.92 GB (2.28%)[0m | Free: 894.91 GB | Total: 915.83 GB
         [93mI/O:[0m Read 0.0 MB/s | Write 0.01 MB/s | Activity: 0.82%
[96m------------------------------------------------------------[0m
[1m[ NET ][0m Upload: 0.0 MB/s | Download: 0.0 MB/s
[96m------------------------------------------------------------[0m
[1m[ BATTERY ][0m [92m98.19%[0m (Charging/Plugged in)
[1m[96m============================================================[0m
[1m[92mData logged to 2026_logs/2026-09-28.jsonl... (Press Ctrl+C to stop)[0m
[1m[96m============================================================[0m
[1mSYSTEM MONITOR V2[0m | Time: 2026-09-28 14:27:09
[96m------------------------------------------------------------[0m
[1m[ CPU ][0m Used: [92m0.9%[0m | Free: 99.1%
[96m------------------------------------------------------------[0m
[1m[ RAM ][0m Used: [92m6.87 GB (46.3%)[0m | Available: 7.98 GB | Total: 14.84 GB
[1m[ SWAP ][0m Used: 0.0 GB (0.0%) | Free: 4.0 GB | Total: 4.0 GB
        [93mTop 5 RAM Processes (Logged 10):[0m
          1. chrome (PID 7552) - 766.14 MB (5.04%)
          2. chrome (PID 6787) - 546.13 MB (3.59%)
          3. code (PID 50824) - 473.31 MB (3.11%)
          4. code (PID 51580) - 452.27 MB (2.98%)
          5. gnome-shell (PID 4411) - 432.17 MB (2.84%)
[96m------------------------------------------------------------[0m
[1m[ DISK ][0m Used: [92m20.92 GB (2.28%)[0m | Free: 894.91 GB | Total: 915.83 GB
         [93mI/O:[0m Read 0.0 MB/s | Write 0.91 MB/s | Activity: 1.88%
[96m------------------------------------------------------------[0m
[1m[ NET ][0m Upload: 0.0 MB/s | Download: 0.0 MB/s
[96m------------------------------------------------------------[0m
[1m[ BATTERY ][0m [92m98.19%[0m (Charging/Plugged in)
[1m[96m============================================================[0m
[1m[92mData logged to 2026_logs/2026-09-28.jsonl... (Press Ctrl+C to stop)[0m
[1m[96m============================================================[0m
[1mSYSTEM MONITOR V2[0m | Time: 2026-09-28 14:27:14
[96m------------------------------------------------------------[0m
[1m[ CPU ][0m Used: [92m0.7%[0m | Free: 99.3%
[96m------------------------------------------------------------[0m
[1m[ RAM ][0m Used: [92m6.87 GB (46.3%)[0m | Available: 7.98 GB | Total: 14.84 GB
[1m[ SWAP ][0m Used: 0.0 GB (0.0%) | Free: 4.0 GB | Total: 4.0 GB
        [93mTop 5 RAM Processes (Logged 10):[0m
          1. chrome (PID 7552) - 766.14 MB (5.04%)
          2. chrome (PID 6787) - 545.94 MB (3.59%)
          3. code (PID 50824) - 473.3 MB (3.11%)
          4. code (PID 51580) - 452.35 MB (2.98%)
          5. gnome-shell (PID 4411) - 432.15 MB (2.84%)
[96m------------------------------------------------------------[0m
[1m[ DISK ][0m Used: [92m20.92 GB (2.28%)[0m | Free: 894.91 GB | Total: 915.83 GB
         [93mI/O:[0m Read 0.0 MB/s | Write 0.02 MB/s | Activity: 1.61%
[96m------------------------------------------------------------[0m
[1m[ NET ][0m Upload: 0.0 MB/s | Download: 0.0 MB/s
[96m------------------------------------------------------------[0m
[1m[ BATTERY ][0m [92m98.19%[0m (Charging/Plugged in)
[1m[96m============================================================[0m
[1m[92mData logged to 2026_logs/2026-09-28.jsonl... (Press Ctrl+C to stop)[0m
[1m[96m============================================================[0m
[1mSYSTEM MONITOR V2[0m | Time: 2026-09-28 14:27:19
[96m------------------------------------------------------------[0m
[1m[ CPU ][0m Used: [92m2.7%[0m | Free: 97.3%
[96m------------------------------------------------------------[0m
[1m[ RAM ][0m Used: [92m6.89 GB (46.4%)[0m | Available: 7.96 GB | Total: 14.84 GB
[1m[ SWAP ][0m Used: 0.0 GB (0.0%) | Free: 4.0 GB | Total: 4.0 GB
        [93mTop 5 RAM Processes (Logged 10):[0m
          1. chrome (PID 7552) - 770.52 MB (5.07%)
          2. chrome (PID 6787) - 546.31 MB (3.59%)
          3. code (PID 50824) - 473.36 MB (3.11%)
          4. code (PID 51580) - 452.43 MB (2.98%)
          5. gnome-shell (PID 4411) - 432.15 MB (2.84%)
[96m------------------------------------------------------------[0m
[1m[ DISK ][0m Used: [92m20.92 GB (2.28%)[0m | Free: 894.91 GB | Total: 915.83 GB
         [93mI/O:[0m Read 0.0 MB/s | Write 0.51 MB/s | Activity: 1.78%
[96m------------------------------------------------------------[0m
[1m[ NET ][0m Upload: 0.0 MB/s | Download: 0.0 MB/s
[96m------------------------------------------------------------[0m
[1m[ BATTERY ][0m [92m98.19%[0m (Charging/Plugged in)
[1m[96m============================================================[0m
[1m[92mData logged to 2026_logs/2026-09-28.jsonl... (Press Ctrl+C to stop)[0m
[1m[96m============================================================[0m
[1mSYSTEM MONITOR V2[0m | Time: 2026-09-28 14:27:24
[96m------------------------------------------------------------[0m
[1m[ CPU ][0m Used: [92m0.7%[0m | Free: 99.3%
[96m------------------------------------------------------------[0m
[1m[ RAM ][0m Used: [92m6.89 GB (46.4%)[0m | Available: 7.96 GB | Total: 14.84 GB
[1m[ SWAP ][0m Used: 0.0 GB (0.0%) | Free: 4.0 GB | Total: 4.0 GB
        [93mTop 5 RAM Processes (Logged 10):[0m
          1. chrome (PID 7552) - 770.52 MB (5.07%)
          2. chrome (PID 6787) - 545.96 MB (3.59%)
          3. code (PID 50824) - 473.36 MB (3.11%)
          4. code (PID 51580) - 452.51 MB (2.98%)
          5. gnome-shell (PID 4411) - 432.15 MB (2.84%)
[96m------------------------------------------------------------[0m
[1m[ DISK ][0m Used: [92m20.92 GB (2.28%)[0m | Free: 894.91 GB | Total: 915.83 GB
         [93mI/O:[0m Read 0.0 MB/s | Write 0.05 MB/s | Activity: 0.96%
[96m------------------------------------------------------------[0m
[1m[ NET ][0m Upload: 0.0 MB/s | Download: 0.0 MB/s
[96m------------------------------------------------------------[0m
[1m[ BATTERY ][0m [92m98.19%[0m (Charging/Plugged in)
[1m[96m============================================================[0m
[1m[92mData logged to 2026_logs/2026-09-28.jsonl... (Press Ctrl+C to stop)[0m
[1m[96m============================================================[0m
[1mSYSTEM MONITOR V2[0m | Time: 2026-09-28 14:27:29
[96m------------------------------------------------------------[0m
[1m[ CPU ][0m Used: [92m0.7%[0m | Free: 99.3%
[96m------------------------------------------------------------[0m
[1m[ RAM ][0m Used: [92m6.88 GB (46.4%)[0m | Available: 7.96 GB | Total: 14.84 GB
[1m[ SWAP ][0m Used: 0.0 GB (0.0%) | Free: 4.0 GB | Total: 4.0 GB
        [93mTop 5 RAM Processes (Logged 10):[0m
          1. chrome (PID 7552) - 770.53 MB (5.07%)
          2. chrome (PID 6787) - 546.14 MB (3.59%)
          3. code (PID 50824) - 473.34 MB (3.11%)
          4. code (PID 51580) - 452.6 MB (2.98%)
          5. gnome-shell (PID 4411) - 432.15 MB (2.84%)
[96m------------------------------------------------------------[0m
[1m[ DISK ][0m Used: [92m20.92 GB (2.28%)[0m | Free: 894.91 GB | Total: 915.83 GB
         [93mI/O:[0m Read 0.0 MB/s | Write 0.06 MB/s | Activity: 0.92%
[96m------------------------------------------------------------[0m
[1m[ NET ][0m Upload: 0.0 MB/s | Download: 0.0 MB/s
[96m------------------------------------------------------------[0m
[1m[ BATTERY ][0m [92m98.19%[0m (Charging/Plugged in)
[1m[96m============================================================[0m
[1m[92mData logged to 2026_logs/2026-09-28.jsonl... (Press Ctrl+C to stop)[0m
[1m[96m============================================================[0m
[1mSYSTEM MONITOR V2[0m | Time: 2026-09-28 14:27:34
[96m------------------------------------------------------------[0m
[1m[ CPU ][0m Used: [92m0.6%[0m | Free: 99.4%
[96m------------------------------------------------------------[0m
[1m[ RAM ][0m Used: [92m6.89 GB (46.4%)[0m | Available: 7.96 GB | Total: 14.84 GB
[1m[ SWAP ][0m Used: 0.0 GB (0.0%) | Free: 4.0 GB | Total: 4.0 GB
        [93mTop 5 RAM Processes (Logged 10):[0m
          1. chrome (PID 7552) - 770.53 MB (5.07%)
          2. chrome (PID 6787) - 546.04 MB (3.59%)
          3. code (PID 50824) - 473.4 MB (3.11%)
          4. code (PID 51580) - 452.68 MB (2.98%)
          5. gnome-shell (PID 4411) - 432.15 MB (2.84%)
[96m------------------------------------------------------------[0m
[1m[ DISK ][0m Used: [92m20.92 GB (2.28%)[0m | Free: 894.91 GB | Total: 915.83 GB
         [93mI/O:[0m Read 0.0 MB/s | Write 0.04 MB/s | Activity: 0.96%
[96m------------------------------------------------------------[0m
[1m[ NET ][0m Upload: 0.0 MB/s | Download: 0.0 MB/s
[96m------------------------------------------------------------[0m
[1m[ BATTERY ][0m [92m98.19%[0m (Charging/Plugged in)
[1m[96m============================================================[0m
[1m[92mData logged to 2026_logs/2026-09-28.jsonl... (Press Ctrl+C to stop)[0m
[1m[96m============================================================[0m
[1mSYSTEM MONITOR V2[0m | Time: 2026-09-28 14:27:39
[96m------------------------------------------------------------[0m
[1m[ CPU ][0m Used: [92m0.6%[0m | Free: 99.4%
[96m------------------------------------------------------------[0m
[1m[ RAM ][0m Used: [92m6.88 GB (46.4%)[0m | Available: 7.96 GB | Total: 14.84 GB
[1m[ SWAP ][0m Used: 0.0 GB (0.0%) | Free: 4.0 GB | Total: 4.0 GB
        [93mTop 5 RAM Processes (Logged 10):[0m
          1. chrome (PID 7552) - 770.53 MB (5.07%)
          2. chrome (PID 6787) - 545.96 MB (3.59%)
          3. code (PID 50824) - 473.42 MB (3.11%)
          4. code (PID 51580) - 452.77 MB (2.98%)
          5. gnome-shell (PID 4411) - 432.2 MB (2.84%)
[96m------------------------------------------------------------[0m
[1m[ DISK ][0m Used: [92m20.92 GB (2.28%)[0m | Free: 894.91 GB | Total: 915.83 GB
         [93mI/O:[0m Read 0.0 MB/s | Write 0.04 MB/s | Activity: 1.04%
[96m------------------------------------------------------------[0m
[1m[ NET ][0m Upload: 0.0 MB/s | Download: 0.0 MB/s
[96m------------------------------------------------------------[0m
[1m[ BATTERY ][0m [92m98.19%[0m (Charging/Plugged in)
[1m[96m============================================================[0m
[1m[92mData logged to 2026_logs/2026-09-28.jsonl... (Press Ctrl+C to stop)[0m
[1m[96m============================================================[0m
[1mSYSTEM MONITOR V2[0m | Time: 2026-09-28 14:27:44
[96m------------------------------------------------------------[0m
[1m[ CPU ][0m Used: [92m0.6%[0m | Free: 99.4%
[96m------------------------------------------------------------[0m
[1m[ RAM ][0m Used: [92m6.89 GB (46.4%)[0m | Available: 7.96 GB | Total: 14.84 GB
[1m[ SWAP ][0m Used: 0.0 GB (0.0%) | Free: 4.0 GB | Total: 4.0 GB
        [93mTop 5 RAM Processes (Logged 10):[0m
          1. chrome (PID 7552) - 770.53 MB (5.07%)
          2. chrome (PID 6787) - 545.96 MB (3.59%)
          3. code (PID 50824) - 473.44 MB (3.11%)
          4. code (PID 51580) - 452.85 MB (2.98%)
          5. gnome-shell (PID 4411) - 432.2 MB (2.84%)
[96m------------------------------------------------------------[0m
[1m[ DISK ][0m Used: [92m20.92 GB (2.28%)[0m | Free: 894.91 GB | Total: 915.83 GB
         [93mI/O:[0m Read 0.0 MB/s | Write 0.79 MB/s | Activity: 0.08%
[96m------------------------------------------------------------[0m
[1m[ NET ][0m Upload: 0.0 MB/s | Download: 0.0 MB/s
[96m------------------------------------------------------------[0m
[1m[ BATTERY ][0m [92m98.19%[0m (Charging/Plugged in)
[1m[96m============================================================[0m
[1m[92mData logged to 2026_logs/2026-09-28.jsonl... (Press Ctrl+C to stop)[0m
[1m[96m============================================================[0m
[1mSYSTEM MONITOR V2[0m | Time: 2026-09-28 14:27:49
[96m------------------------------------------------------------[0m
[1m[ CPU ][0m Used: [92m0.8%[0m | Free: 99.2%
[96m------------------------------------------------------------[0m
[1m[ RAM ][0m Used: [92m6.88 GB (46.3%)[0m | Available: 7.97 GB | Total: 14.84 GB
[1m[ SWAP ][0m Used: 0.0 GB (0.0%) | Free: 4.0 GB | Total: 4.0 GB
        [93mTop 5 RAM Processes (Logged 10):[0m
          1. chrome (PID 7552) - 768.28 MB (5.05%)
          2. chrome (PID 6787) - 546.0 MB (3.59%)
          3. code (PID 50824) - 473.41 MB (3.11%)
          4. code (PID 51580) - 452.93 MB (2.98%)
          5. gnome-shell (PID 4411) - 432.2 MB (2.84%)
[96m------------------------------------------------------------[0m
[1m[ DISK ][0m Used: [92m20.92 GB (2.28%)[0m | Free: 894.91 GB | Total: 915.83 GB
         [93mI/O:[0m Read 0.0 MB/s | Write 0.32 MB/s | Activity: 1.82%
[96m------------------------------------------------------------[0m
[1m[ NET ][0m Upload: 0.0 MB/s | Download: 0.0 MB/s
[96m------------------------------------------------------------[0m
[1m[ BATTERY ][0m [92m98.19%[0m (Charging/Plugged in)
[1m[96m============================================================[0m
[1m[92mData logged to 2026_logs/2026-09-28.jsonl... (Press Ctrl+C to stop)[0m
[1m[96m============================================================[0m
[1mSYSTEM MONITOR V2[0m | Time: 2026-09-28 14:27:55
[96m------------------------------------------------------------[0m
[1m[ CPU ][0m Used: [92m0.6%[0m | Free: 99.4%
[96m------------------------------------------------------------[0m
[1m[ RAM ][0m Used: [92m6.88 GB (46.3%)[0m | Available: 7.97 GB | Total: 14.84 GB
[1m[ SWAP ][0m Used: 0.0 GB (0.0%) | Free: 4.0 GB | Total: 4.0 GB
        [93mTop 5 RAM Processes (Logged 10):[0m
          1. chrome (PID 7552) - 766.85 MB (5.05%)
          2. chrome (PID 6787) - 545.93 MB (3.59%)
          3. code (PID 50824) - 473.46 MB (3.12%)
          4. code (PID 51580) - 453.04 MB (2.98%)
          5. gnome-shell (PID 4411) - 432.2 MB (2.84%)
[96m------------------------------------------------------------[0m
[1m[ DISK ][0m Used: [92m20.92 GB (2.28%)[0m | Free: 894.91 GB | Total: 915.83 GB
         [93mI/O:[0m Read 0.0 MB/s | Write 0.01 MB/s | Activity: 1.68%
[96m------------------------------------------------------------[0m
[1m[ NET ][0m Upload: 0.0 MB/s | Download: 0.0 MB/s
[96m------------------------------------------------------------[0m
[1m[ BATTERY ][0m [92m98.19%[0m (Charging/Plugged in)
[1m[96m============================================================[0m
[1m[92mData logged to 2026_logs/2026-09-28.jsonl... (Press Ctrl+C to stop)[0m
[1m[96m============================================================[0m
[1mSYSTEM MONITOR V2[0m | Time: 2026-09-28 14:28:00
[96m------------------------------------------------------------[0m
[1m[ CPU ][0m Used: [92m1.2%[0m | Free: 98.8%
[96m------------------------------------------------------------[0m
[1m[ RAM ][0m Used: [92m6.74 GB (45.4%)[0m | Available: 8.1 GB | Total: 14.84 GB
[1m[ SWAP ][0m Used: 0.0 GB (0.0%) | Free: 4.0 GB | Total: 4.0 GB
        [93mTop 5 RAM Processes (Logged 10):[0m
          1. chrome (PID 7552) - 766.74 MB (5.04%)
          2. chrome (PID 6787) - 545.68 MB (3.59%)
          3. code (PID 50824) - 473.48 MB (3.12%)
          4. code (PID 51580) - 453.11 MB (2.98%)
          5. gnome-shell (PID 4411) - 432.26 MB (2.84%)
[96m------------------------------------------------------------[0m
[1m[ DISK ][0m Used: [92m20.92 GB (2.28%)[0m | Free: 894.91 GB | Total: 915.83 GB
         [93mI/O:[0m Read 0.0 MB/s | Write 0.06 MB/s | Activity: 0.2%
[96m------------------------------------------------------------[0m
[1m[ NET ][0m Upload: 0.0 MB/s | Download: 0.0 MB/s
[96m------------------------------------------------------------[0m
[1m[ BATTERY ][0m [92m98.19%[0m (Charging/Plugged in)
[1m[96m============================================================[0m
[1m[92mData logged to 2026_logs/2026-09-28.jsonl... (Press Ctrl+C to stop)[0m
[1m[96m============================================================[0m
[1mSYSTEM MONITOR V2[0m | Time: 2026-09-28 14:28:05
[96m------------------------------------------------------------[0m
[1m[ CPU ][0m Used: [92m3.5%[0m | Free: 96.5%
[96m------------------------------------------------------------[0m
[1m[ RAM ][0m Used: [92m6.94 GB (46.8%)[0m | Available: 7.9 GB | Total: 14.84 GB
[1m[ SWAP ][0m Used: 0.0 GB (0.0%) | Free: 4.0 GB | Total: 4.0 GB
        [93mTop 5 RAM Processes (Logged 10):[0m
          1. chrome (PID 7552) - 766.9 MB (5.05%)
          2. chrome (PID 6787) - 549.62 MB (3.62%)
          3. code (PID 50824) - 473.5 MB (3.12%)
          4. code (PID 51580) - 452.43 MB (2.98%)
          5. gnome-shell (PID 4411) - 432.26 MB (2.84%)
[96m------------------------------------------------------------[0m
[1m[ DISK ][0m Used: [92m20.92 GB (2.28%)[0m | Free: 894.91 GB | Total: 915.83 GB
         [93mI/O:[0m Read 0.0 MB/s | Write 0.08 MB/s | Activity: 0.9%
[96m------------------------------------------------------------[0m
[1m[ NET ][0m Upload: 0.0 MB/s | Download: 0.02 MB/s
[96m------------------------------------------------------------[0m
[1m[ BATTERY ][0m [92m98.19%[0m (Charging/Plugged in)
[1m[96m============================================================[0m
[1m[92mData logged to 2026_logs/2026-09-28.jsonl... (Press Ctrl+C to stop)[0m
[1m[96m============================================================[0m
[1mSYSTEM MONITOR V2[0m | Time: 2026-09-28 14:28:10
[96m------------------------------------------------------------[0m
[1m[ CPU ][0m Used: [92m2.8%[0m | Free: 97.2%
[96m------------------------------------------------------------[0m
[1m[ RAM ][0m Used: [92m7.03 GB (47.4%)[0m | Available: 7.81 GB | Total: 14.84 GB
[1m[ SWAP ][0m Used: 0.0 GB (0.0%) | Free: 4.0 GB | Total: 4.0 GB
        [93mTop 5 RAM Processes (Logged 10):[0m
          1. chrome (PID 7552) - 770.75 MB (5.07%)
          2. chrome (PID 6787) - 547.2 MB (3.6%)
          3. code (PID 50824) - 473.48 MB (3.12%)
          4. code (PID 51580) - 452.51 MB (2.98%)
          5. gnome-shell (PID 4411) - 432.12 MB (2.84%)
[96m------------------------------------------------------------[0m
[1m[ DISK ][0m Used: [92m20.92 GB (2.28%)[0m | Free: 894.91 GB | Total: 915.83 GB
         [93mI/O:[0m Read 0.0 MB/s | Write 0.04 MB/s | Activity: 0.16%
[96m------------------------------------------------------------[0m
[1m[ NET ][0m Upload: 0.0 MB/s | Download: 0.0 MB/s
[96m------------------------------------------------------------[0m
[1m[ BATTERY ][0m [92m98.19%[0m (Charging/Plugged in)
[1m[96m============================================================[0m
[1m[92mData logged to 2026_logs/2026-09-28.jsonl... (Press Ctrl+C to stop)[0m
[1m[96m============================================================[0m
[1mSYSTEM MONITOR V2[0m | Time: 2026-09-28 14:28:15
[96m------------------------------------------------------------[0m
[1m[ CPU ][0m Used: [92m0.8%[0m | Free: 99.2%
[96m------------------------------------------------------------[0m
[1m[ RAM ][0m Used: [92m6.97 GB (46.9%)[0m | Available: 7.88 GB | Total: 14.84 GB
[1m[ SWAP ][0m Used: 0.0 GB (0.0%) | Free: 4.0 GB | Total: 4.0 GB
        [93mTop 5 RAM Processes (Logged 10):[0m
          1. chrome (PID 7552) - 770.75 MB (5.07%)
          2. chrome (PID 6787) - 546.95 MB (3.6%)
          3. code (PID 50824) - 473.54 MB (3.12%)
          4. code (PID 51580) - 452.59 MB (2.98%)
          5. gnome-shell (PID 4411) - 432.18 MB (2.84%)
[96m------------------------------------------------------------[0m
[1m[ DISK ][0m Used: [92m20.92 GB (2.28%)[0m | Free: 894.91 GB | Total: 915.83 GB
         [93mI/O:[0m Read 0.0 MB/s | Write 0.74 MB/s | Activity: 1.71%
[96m------------------------------------------------------------[0m
[1m[ NET ][0m Upload: 0.0 MB/s | Download: 0.0 MB/s
[96m------------------------------------------------------------[0m
[1m[ BATTERY ][0m [92m98.19%[0m (Charging/Plugged in)
[1m[96m============================================================[0m
[1m[92mData logged to 2026_logs/2026-09-28.jsonl... (Press Ctrl+C to stop)[0m
[1m[96m============================================================[0m
[1mSYSTEM MONITOR V2[0m | Time: 2026-09-28 14:28:20
[96m------------------------------------------------------------[0m
[1m[ CPU ][0m Used: [92m1.6%[0m | Free: 98.4%
[96m------------------------------------------------------------[0m
[1m[ RAM ][0m Used: [92m6.96 GB (46.9%)[0m | Available: 7.88 GB | Total: 14.84 GB
[1m[ SWAP ][0m Used: 0.0 GB (0.0%) | Free: 4.0 GB | Total: 4.0 GB
        [93mTop 5 RAM Processes (Logged 10):[0m
          1. chrome (PID 7552) - 773.9 MB (5.09%)
          2. chrome (PID 6787) - 547.02 MB (3.6%)
          3. code (PID 50824) - 474.11 MB (3.12%)
          4. code (PID 51580) - 452.67 MB (2.98%)
          5. gnome-shell (PID 4411) - 432.2 MB (2.84%)
[96m------------------------------------------------------------[0m
[1m[ DISK ][0m Used: [92m20.92 GB (2.28%)[0m | Free: 894.91 GB | Total: 915.83 GB
         [93mI/O:[0m Read 0.0 MB/s | Write 0.66 MB/s | Activity: 0.99%
[96m------------------------------------------------------------[0m
[1m[ NET ][0m Upload: 0.01 MB/s | Download: 0.01 MB/s
[96m------------------------------------------------------------[0m
[1m[ BATTERY ][0m [92m98.19%[0m (Charging/Plugged in)
[1m[96m============================================================[0m
[1m[92mData logged to 2026_logs/2026-09-28.jsonl... (Press Ctrl+C to stop)[0m
[1m[96m============================================================[0m
[1mSYSTEM MONITOR V2[0m | Time: 2026-09-28 14:28:25
[96m------------------------------------------------------------[0m
[1m[ CPU ][0m Used: [92m0.8%[0m | Free: 99.2%
[96m------------------------------------------------------------[0m
[1m[ RAM ][0m Used: [92m6.92 GB (46.6%)[0m | Available: 7.92 GB | Total: 14.84 GB
[1m[ SWAP ][0m Used: 0.0 GB (0.0%) | Free: 4.0 GB | Total: 4.0 GB
        [93mTop 5 RAM Processes (Logged 10):[0m
          1. chrome (PID 7552) - 773.9 MB (5.09%)
          2. chrome (PID 6787) - 547.02 MB (3.6%)
          3. code (PID 50824) - 473.71 MB (3.12%)
          4. code (PID 51580) - 452.89 MB (2.98%)
          5. gnome-shell (PID 4411) - 432.17 MB (2.84%)
[96m------------------------------------------------------------[0m
[1m[ DISK ][0m Used: [92m20.92 GB (2.28%)[0m | Free: 894.91 GB | Total: 915.83 GB
         [93mI/O:[0m Read 0.0 MB/s | Write 0.03 MB/s | Activity: 1.67%
[96m------------------------------------------------------------[0m
[1m[ NET ][0m Upload: 0.0 MB/s | Download: 0.0 MB/s
[96m------------------------------------------------------------[0m
[1m[ BATTERY ][0m [92m98.19%[0m (Charging/Plugged in)
[1m[96m============================================================[0m
[1m[92mData logged to 2026_logs/2026-09-28.jsonl... (Press Ctrl+C to stop)[0m
[1m[96m============================================================[0m
[1mSYSTEM MONITOR V2[0m | Time: 2026-09-28 14:28:30
[96m------------------------------------------------------------[0m
[1m[ CPU ][0m Used: [92m0.7%[0m | Free: 99.3%
[96m------------------------------------------------------------[0m
[1m[ RAM ][0m Used: [92m6.9 GB (46.5%)[0m | Available: 7.94 GB | Total: 14.84 GB
[1m[ SWAP ][0m Used: 0.0 GB (0.0%) | Free: 4.0 GB | Total: 4.0 GB
        [93mTop 5 RAM Processes (Logged 10):[0m
          1. chrome (PID 7552) - 771.05 MB (5.07%)
          2. chrome (PID 6787) - 546.24 MB (3.59%)
          3. code (PID 50824) - 466.5 MB (3.07%)
          4. code (PID 51580) - 452.98 MB (2.98%)
          5. gnome-shell (PID 4411) - 432.17 MB (2.84%)
[96m------------------------------------------------------------[0m
[1m[ DISK ][0m Used: [92m20.92 GB (2.28%)[0m | Free: 894.91 GB | Total: 915.83 GB
         [93mI/O:[0m Read 0.0 MB/s | Write 0.02 MB/s | Activity: 1.71%
[96m------------------------------------------------------------[0m
[1m[ NET ][0m Upload: 0.0 MB/s | Download: 0.0 MB/s
[96m------------------------------------------------------------[0m
[1m[ BATTERY ][0m [92m98.19%[0m (Charging/Plugged in)
[1m[96m============================================================[0m
[1m[92mData logged to 2026_logs/2026-09-28.jsonl... (Press Ctrl+C to stop)[0m
[1m[96m============================================================[0m
[1mSYSTEM MONITOR V2[0m | Time: 2026-09-28 14:28:35
[96m------------------------------------------------------------[0m
[1m[ CPU ][0m Used: [92m0.9%[0m | Free: 99.1%
[96m------------------------------------------------------------[0m
[1m[ RAM ][0m Used: [92m6.87 GB (46.3%)[0m | Available: 7.97 GB | Total: 14.84 GB
[1m[ SWAP ][0m Used: 0.0 GB (0.0%) | Free: 4.0 GB | Total: 4.0 GB
        [93mTop 5 RAM Processes (Logged 10):[0m
          1. chrome (PID 7552) - 771.05 MB (5.07%)
          2. chrome (PID 6787) - 546.31 MB (3.59%)
          3. code (PID 50824) - 466.5 MB (3.07%)
          4. code (PID 51580) - 452.07 MB (2.97%)
          5. gnome-shell (PID 4411) - 432.17 MB (2.84%)
[96m------------------------------------------------------------[0m
[1m[ DISK ][0m Used: [92m20.92 GB (2.28%)[0m | Free: 894.91 GB | Total: 915.83 GB
         [93mI/O:[0m Read 0.0 MB/s | Write 0.11 MB/s | Activity: 1.78%
[96m------------------------------------------------------------[0m
[1m[ NET ][0m Upload: 0.0 MB/s | Download: 0.0 MB/s
[96m------------------------------------------------------------[0m
[1m[ BATTERY ][0m [92m98.19%[0m (Charging/Plugged in)
[1m[96m============================================================[0m
[1m[92mData logged to 2026_logs/2026-09-28.jsonl... (Press Ctrl+C to stop)[0m
[1m[96m============================================================[0m
[1mSYSTEM MONITOR V2[0m | Time: 2026-09-28 14:28:40
[96m------------------------------------------------------------[0m
[1m[ CPU ][0m Used: [92m0.8%[0m | Free: 99.2%
[96m------------------------------------------------------------[0m
[1m[ RAM ][0m Used: [92m6.88 GB (46.3%)[0m | Available: 7.97 GB | Total: 14.84 GB
[1m[ SWAP ][0m Used: 0.0 GB (0.0%) | Free: 4.0 GB | Total: 4.0 GB
        [93mTop 5 RAM Processes (Logged 10):[0m
          1. chrome (PID 7552) - 771.05 MB (5.07%)
          2. chrome (PID 6787) - 546.32 MB (3.59%)
          3. code (PID 50824) - 466.52 MB (3.07%)
          4. code (PID 51580) - 452.16 MB (2.97%)
          5. gnome-shell (PID 4411) - 432.17 MB (2.84%)
[96m------------------------------------------------------------[0m
[1m[ DISK ][0m Used: [92m20.92 GB (2.28%)[0m | Free: 894.91 GB | Total: 915.83 GB
         [93mI/O:[0m Read 0.0 MB/s | Write 2.3 MB/s | Activity: 1.88%
[96m------------------------------------------------------------[0m
[1m[ NET ][0m Upload: 0.0 MB/s | Download: 0.0 MB/s
[96m------------------------------------------------------------[0m
[1m[ BATTERY ][0m [92m98.19%[0m (Charging/Plugged in)
[1m[96m============================================================[0m
[1m[92mData logged to 2026_logs/2026-09-28.jsonl... (Press Ctrl+C to stop)[0m
[1m[96m============================================================[0m
[1mSYSTEM MONITOR V2[0m | Time: 2026-09-28 14:28:45
[96m------------------------------------------------------------[0m
[1m[ CPU ][0m Used: [92m0.8%[0m | Free: 99.2%
[96m------------------------------------------------------------[0m
[1m[ RAM ][0m Used: [92m6.87 GB (46.3%)[0m | Available: 7.97 GB | Total: 14.84 GB
[1m[ SWAP ][0m Used: 0.0 GB (0.0%) | Free: 4.0 GB | Total: 4.0 GB
        [93mTop 5 RAM Processes (Logged 10):[0m
          1. chrome (PID 7552) - 769.37 MB (5.06%)
          2. chrome (PID 6787) - 546.27 MB (3.59%)
          3. code (PID 50824) - 466.49 MB (3.07%)
          4. code (PID 51580) - 452.25 MB (2.98%)
          5. gnome-shell (PID 4411) - 432.17 MB (2.84%)
[96m------------------------------------------------------------[0m
[1m[ DISK ][0m Used: [92m20.92 GB (2.28%)[0m | Free: 894.91 GB | Total: 915.83 GB
         [93mI/O:[0m Read 0.0 MB/s | Write 0.11 MB/s | Activity: 1.22%
[96m------------------------------------------------------------[0m
[1m[ NET ][0m Upload: 0.0 MB/s | Download: 0.0 MB/s
[96m------------------------------------------------------------[0m
[1m[ BATTERY ][0m [92m98.19%[0m (Charging/Plugged in)
[1m[96m============================================================[0m
[1m[92mData logged to 2026_logs/2026-09-28.jsonl... (Press Ctrl+C to stop)[0m
[1m[96m============================================================[0m
[1mSYSTEM MONITOR V2[0m | Time: 2026-09-28 14:28:51
[96m------------------------------------------------------------[0m
[1m[ CPU ][0m Used: [92m0.8%[0m | Free: 99.2%
[96m------------------------------------------------------------[0m
[1m[ RAM ][0m Used: [92m6.88 GB (46.3%)[0m | Available: 7.96 GB | Total: 14.84 GB
[1m[ SWAP ][0m Used: 0.0 GB (0.0%) | Free: 4.0 GB | Total: 4.0 GB
        [93mTop 5 RAM Processes (Logged 10):[0m
          1. chrome (PID 7552) - 772.33 MB (5.08%)
          2. chrome (PID 6787) - 546.33 MB (3.59%)
          3. code (PID 50824) - 466.77 MB (3.07%)
          4. code (PID 51580) - 452.36 MB (2.98%)
          5. gnome-shell (PID 4411) - 432.23 MB (2.84%)
[96m------------------------------------------------------------[0m
[1m[ DISK ][0m Used: [92m20.92 GB (2.28%)[0m | Free: 894.91 GB | Total: 915.83 GB
         [93mI/O:[0m Read 0.0 MB/s | Write 0.96 MB/s | Activity: 0.08%
[96m------------------------------------------------------------[0m
[1m[ NET ][0m Upload: 0.0 MB/s | Download: 0.0 MB/s
[96m------------------------------------------------------------[0m
[1m[ BATTERY ][0m [92m98.19%[0m (Charging/Plugged in)
[1m[96m============================================================[0m
[1m[92mData logged to 2026_logs/2026-09-28.jsonl... (Press Ctrl+C to stop)[0m
[1m[96m============================================================[0m
[1mSYSTEM MONITOR V2[0m | Time: 2026-09-28 14:28:56
[96m------------------------------------------------------------[0m
[1m[ CPU ][0m Used: [92m1.0%[0m | Free: 99.0%
[96m------------------------------------------------------------[0m
[1m[ RAM ][0m Used: [92m6.87 GB (46.3%)[0m | Available: 7.97 GB | Total: 14.84 GB
[1m[ SWAP ][0m Used: 0.0 GB (0.0%) | Free: 4.0 GB | Total: 4.0 GB
        [93mTop 5 RAM Processes (Logged 10):[0m
          1. chrome (PID 7552) - 771.16 MB (5.07%)
          2. chrome (PID 6787) - 546.26 MB (3.59%)
          3. code (PID 50824) - 466.88 MB (3.07%)
          4. code (PID 51580) - 451.65 MB (2.97%)
          5. gnome-shell (PID 4411) - 432.23 MB (2.84%)
[96m------------------------------------------------------------[0m
[1m[ DISK ][0m Used: [92m20.92 GB (2.28%)[0m | Free: 894.91 GB | Total: 915.83 GB
         [93mI/O:[0m Read 0.0 MB/s | Write 0.02 MB/s | Activity: 1.59%
[96m------------------------------------------------------------[0m
[1m[ NET ][0m Upload: 0.0 MB/s | Download: 0.0 MB/s
[96m------------------------------------------------------------[0m
[1m[ BATTERY ][0m [92m98.19%[0m (Charging/Plugged in)
[1m[96m============================================================[0m
[1m[92mData logged to 2026_logs/2026-09-28.jsonl... (Press Ctrl+C to stop)[0m
[1m[96m============================================================[0m
[1mSYSTEM MONITOR V2[0m | Time: 2026-09-28 14:29:01
[96m------------------------------------------------------------[0m
[1m[ CPU ][0m Used: [92m0.8%[0m | Free: 99.2%
[96m------------------------------------------------------------[0m
[1m[ RAM ][0m Used: [92m6.87 GB (46.3%)[0m | Available: 7.98 GB | Total: 14.84 GB
[1m[ SWAP ][0m Used: 0.0 GB (0.0%) | Free: 4.0 GB | Total: 4.0 GB
        [93mTop 5 RAM Processes (Logged 10):[0m
          1. chrome (PID 7552) - 768.3 MB (5.05%)
          2. chrome (PID 6787) - 546.26 MB (3.59%)
          3. code (PID 50824) - 467.0 MB (3.07%)
          4. code (PID 51580) - 451.75 MB (2.97%)
          5. gnome-shell (PID 4411) - 432.11 MB (2.84%)
[96m------------------------------------------------------------[0m
[1m[ DISK ][0m Used: [92m20.92 GB (2.28%)[0m | Free: 894.91 GB | Total: 915.83 GB
         [93mI/O:[0m Read 0.0 MB/s | Write 0.09 MB/s | Activity: 1.71%
[96m------------------------------------------------------------[0m
[1m[ NET ][0m Upload: 0.0 MB/s | Download: 0.0 MB/s
[96m------------------------------------------------------------[0m
[1m[ BATTERY ][0m [92m98.19%[0m (Charging/Plugged in)
[1m[96m============================================================[0m
[1m[92mData logged to 2026_logs/2026-09-28.jsonl... (Press Ctrl+C to stop)[0m
[1m[96m============================================================[0m
[1mSYSTEM MONITOR V2[0m | Time: 2026-09-28 14:29:06
[96m------------------------------------------------------------[0m
[1m[ CPU ][0m Used: [92m0.9%[0m | Free: 99.1%
[96m------------------------------------------------------------[0m
[1m[ RAM ][0m Used: [92m6.86 GB (46.2%)[0m | Available: 7.98 GB | Total: 14.84 GB
[1m[ SWAP ][0m Used: 0.0 GB (0.0%) | Free: 4.0 GB | Total: 4.0 GB
        [93mTop 5 RAM Processes (Logged 10):[0m
          1. chrome (PID 7552) - 768.3 MB (5.05%)
          2. chrome (PID 6787) - 547.05 MB (3.6%)
          3. code (PID 50824) - 467.02 MB (3.07%)
          4. code (PID 51580) - 451.83 MB (2.97%)
          5. gnome-shell (PID 4411) - 432.16 MB (2.84%)
[96m------------------------------------------------------------[0m
[1m[ DISK ][0m Used: [92m20.92 GB (2.28%)[0m | Free: 894.91 GB | Total: 915.83 GB
         [93mI/O:[0m Read 0.0 MB/s | Write 0.01 MB/s | Activity: 0.96%
[96m------------------------------------------------------------[0m
[1m[ NET ][0m Upload: 0.0 MB/s | Download: 0.0 MB/s
[96m------------------------------------------------------------[0m
[1m[ BATTERY ][0m [92m98.19%[0m (Charging/Plugged in)
[1m[96m============================================================[0m
[1m[92mData logged to 2026_logs/2026-09-28.jsonl... (Press Ctrl+C to stop)[0m
[1m[96m============================================================[0m
[1mSYSTEM MONITOR V2[0m | Time: 2026-09-28 14:29:11
[96m------------------------------------------------------------[0m
[1m[ CPU ][0m Used: [92m0.8%[0m | Free: 99.2%
[96m------------------------------------------------------------[0m
[1m[ RAM ][0m Used: [92m6.87 GB (46.3%)[0m | Available: 7.98 GB | Total: 14.84 GB
[1m[ SWAP ][0m Used: 0.0 GB (0.0%) | Free: 4.0 GB | Total: 4.0 GB
        [93mTop 5 RAM Processes (Logged 10):[0m
          1. chrome (PID 7552) - 768.31 MB (5.05%)
          2. chrome (PID 6787) - 546.25 MB (3.59%)
          3. code (PID 50824) - 467.18 MB (3.07%)
          4. code (PID 51580) - 451.92 MB (2.97%)
          5. gnome-shell (PID 4411) - 432.24 MB (2.84%)
[96m------------------------------------------------------------[0m
[1m[ DISK ][0m Used: [92m20.92 GB (2.28%)[0m | Free: 894.91 GB | Total: 915.83 GB
         [93mI/O:[0m Read 0.0 MB/s | Write 0.56 MB/s | Activity: 1.06%
[96m------------------------------------------------------------[0m
[1m[ NET ][0m Upload: 0.0 MB/s | Download: 0.0 MB/s
[96m------------------------------------------------------------[0m
[1m[ BATTERY ][0m [92m98.19%[0m (Charging/Plugged in)
[1m[96m============================================================[0m
[1m[92mData logged to 2026_logs/2026-09-28.jsonl... (Press Ctrl+C to stop)[0m
[1m[96m============================================================[0m
[1mSYSTEM MONITOR V2[0m | Time: 2026-09-28 14:29:16
[96m------------------------------------------------------------[0m
[1m[ CPU ][0m Used: [92m1.5%[0m | Free: 98.5%
[96m------------------------------------------------------------[0m
[1m[ RAM ][0m Used: [92m6.9 GB (46.5%)[0m | Available: 7.95 GB | Total: 14.84 GB
[1m[ SWAP ][0m Used: 0.0 GB (0.0%) | Free: 4.0 GB | Total: 4.0 GB
        [93mTop 5 RAM Processes (Logged 10):[0m
          1. chrome (PID 7552) - 775.09 MB (5.1%)
          2. chrome (PID 6787) - 546.43 MB (3.6%)
          3. code (PID 50824) - 467.3 MB (3.07%)
          4. code (PID 51580) - 452.02 MB (2.97%)
          5. gnome-shell (PID 4411) - 432.29 MB (2.84%)
[96m------------------------------------------------------------[0m
[1m[ DISK ][0m Used: [92m20.92 GB (2.28%)[0m | Free: 894.91 GB | Total: 915.83 GB
         [93mI/O:[0m Read 0.0 MB/s | Write 0.06 MB/s | Activity: 0.9%
[96m------------------------------------------------------------[0m
[1m[ NET ][0m Upload: 0.0 MB/s | Download: 0.0 MB/s
[96m------------------------------------------------------------[0m
[1m[ BATTERY ][0m [92m98.19%[0m (Charging/Plugged in)
[1m[96m============================================================[0m
[1m[92mData logged to 2026_logs/2026-09-28.jsonl... (Press Ctrl+C to stop)[0m
[1m[96m============================================================[0m
[1mSYSTEM MONITOR V2[0m | Time: 2026-09-28 14:29:21
[96m------------------------------------------------------------[0m
[1m[ CPU ][0m Used: [92m1.0%[0m | Free: 99.0%
[96m------------------------------------------------------------[0m
[1m[ RAM ][0m Used: [92m6.89 GB (46.4%)[0m | Available: 7.96 GB | Total: 14.84 GB
[1m[ SWAP ][0m Used: 0.0 GB (0.0%) | Free: 4.0 GB | Total: 4.0 GB
        [93mTop 5 RAM Processes (Logged 10):[0m
          1. chrome (PID 7552) - 774.11 MB (5.09%)
          2. chrome (PID 6787) - 546.18 MB (3.59%)
          3. code (PID 50824) - 467.4 MB (3.08%)
          4. code (PID 51580) - 452.11 MB (2.97%)
          5. gnome-shell (PID 4411) - 432.29 MB (2.84%)
[96m------------------------------------------------------------[0m
[1m[ DISK ][0m Used: [92m20.92 GB (2.28%)[0m | Free: 894.91 GB | Total: 915.83 GB
         [93mI/O:[0m Read 0.0 MB/s | Write 0.84 MB/s | Activity: 0.1%
[96m------------------------------------------------------------[0m
[1m[ NET ][0m Upload: 0.0 MB/s | Download: 0.0 MB/s
[96m------------------------------------------------------------[0m
[1m[ BATTERY ][0m [92m98.19%[0m (Charging/Plugged in)
[1m[96m============================================================[0m
[1m[92mData logged to 2026_logs/2026-09-28.jsonl... (Press Ctrl+C to stop)[0m
[1m[96m============================================================[0m
[1mSYSTEM MONITOR V2[0m | Time: 2026-09-28 14:29:26
[96m------------------------------------------------------------[0m
[1m[ CPU ][0m Used: [92m0.6%[0m | Free: 99.4%
[96m------------------------------------------------------------[0m
[1m[ RAM ][0m Used: [92m6.89 GB (46.4%)[0m | Available: 7.95 GB | Total: 14.84 GB
[1m[ SWAP ][0m Used: 0.0 GB (0.0%) | Free: 4.0 GB | Total: 4.0 GB
        [93mTop 5 RAM Processes (Logged 10):[0m
          1. chrome (PID 7552) - 774.11 MB (5.09%)
          2. chrome (PID 6787) - 546.18 MB (3.59%)
          3. code (PID 50824) - 467.5 MB (3.08%)
          4. code (PID 51580) - 452.2 MB (2.98%)
          5. gnome-shell (PID 4411) - 432.16 MB (2.84%)
[96m------------------------------------------------------------[0m
[1m[ DISK ][0m Used: [92m20.92 GB (2.28%)[0m | Free: 894.91 GB | Total: 915.83 GB
         [93mI/O:[0m Read 0.0 MB/s | Write 0.01 MB/s | Activity: 1.57%
[96m------------------------------------------------------------[0m
[1m[ NET ][0m Upload: 0.0 MB/s | Download: 0.0 MB/s
[96m------------------------------------------------------------[0m
[1m[ BATTERY ][0m [92m98.19%[0m (Charging/Plugged in)
[1m[96m============================================================[0m
[1m[92mData logged to 2026_logs/2026-09-28.jsonl... (Press Ctrl+C to stop)[0m
[1m[96m============================================================[0m
[1mSYSTEM MONITOR V2[0m | Time: 2026-09-28 14:29:31
[96m------------------------------------------------------------[0m
[1m[ CPU ][0m Used: [92m0.7%[0m | Free: 99.3%
[96m------------------------------------------------------------[0m
[1m[ RAM ][0m Used: [92m6.88 GB (46.4%)[0m | Available: 7.96 GB | Total: 14.84 GB
[1m[ SWAP ][0m Used: 0.0 GB (0.0%) | Free: 4.0 GB | Total: 4.0 GB
        [93mTop 5 RAM Processes (Logged 10):[0m
          1. chrome (PID 7552) - 774.11 MB (5.09%)
          2. chrome (PID 6787) - 546.29 MB (3.59%)
          3. code (PID 50824) - 466.64 MB (3.07%)
          4. code (PID 51580) - 452.29 MB (2.98%)
          5. gnome-shell (PID 4411) - 432.22 MB (2.84%)
[96m------------------------------------------------------------[0m
[1m[ DISK ][0m Used: [92m20.92 GB (2.28%)[0m | Free: 894.91 GB | Total: 915.83 GB
         [93mI/O:[0m Read 0.0 MB/s | Write 0.02 MB/s | Activity: 1.75%
[96m------------------------------------------------------------[0m
[1m[ NET ][0m Upload: 0.0 MB/s | Download: 0.0 MB/s
[96m------------------------------------------------------------[0m
[1m[ BATTERY ][0m [92m98.19%[0m (Charging/Plugged in)
[1m[96m============================================================[0m
[1m[92mData logged to 2026_logs/2026-09-28.jsonl... (Press Ctrl+C to stop)[0m
[1m[96m============================================================[0m
[1mSYSTEM MONITOR V2[0m | Time: 2026-09-28 14:29:36
[96m------------------------------------------------------------[0m
[1m[ CPU ][0m Used: [92m0.7%[0m | Free: 99.3%
[96m------------------------------------------------------------[0m
[1m[ RAM ][0m Used: [92m6.88 GB (46.3%)[0m | Available: 7.96 GB | Total: 14.84 GB
[1m[ SWAP ][0m Used: 0.0 GB (0.0%) | Free: 4.0 GB | Total: 4.0 GB
        [93mTop 5 RAM Processes (Logged 10):[0m
          1. chrome (PID 7552) - 774.11 MB (5.09%)
          2. chrome (PID 6787) - 546.18 MB (3.59%)
          3. code (PID 50824) - 466.64 MB (3.07%)
          4. code (PID 51580) - 452.38 MB (2.98%)
          5. gnome-shell (PID 4411) - 432.22 MB (2.84%)
[96m------------------------------------------------------------[0m
[1m[ DISK ][0m Used: [92m20.92 GB (2.28%)[0m | Free: 894.91 GB | Total: 915.83 GB
         [93mI/O:[0m Read 0.0 MB/s | Write 0.02 MB/s | Activity: 1.73%
[96m------------------------------------------------------------[0m
[1m[ NET ][0m Upload: 0.0 MB/s | Download: 0.0 MB/s
[96m------------------------------------------------------------[0m
[1m[ BATTERY ][0m [92m98.19%[0m (Charging/Plugged in)
[1m[96m============================================================[0m
[1m[92mData logged to 2026_logs/2026-09-28.jsonl... (Press Ctrl+C to stop)[0m
[1m[96m============================================================[0m
[1mSYSTEM MONITOR V2[0m | Time: 2026-09-28 14:29:41
[96m------------------------------------------------------------[0m
[1m[ CPU ][0m Used: [92m0.7%[0m | Free: 99.3%
[96m------------------------------------------------------------[0m
[1m[ RAM ][0m Used: [92m6.88 GB (46.3%)[0m | Available: 7.96 GB | Total: 14.84 GB
[1m[ SWAP ][0m Used: 0.0 GB (0.0%) | Free: 4.0 GB | Total: 4.0 GB
        [93mTop 5 RAM Processes (Logged 10):[0m
          1. chrome (PID 7552) - 774.11 MB (5.09%)
          2. chrome (PID 6787) - 546.18 MB (3.59%)
          3. code (PID 50824) - 466.61 MB (3.07%)
          4. code (PID 51580) - 452.48 MB (2.98%)
          5. gnome-shell (PID 4411) - 432.15 MB (2.84%)
[96m------------------------------------------------------------[0m
[1m[ DISK ][0m Used: [92m20.92 GB (2.28%)[0m | Free: 894.91 GB | Total: 915.83 GB
         [93mI/O:[0m Read 0.0 MB/s | Write 0.0 MB/s | Activity: 0.0%
[96m------------------------------------------------------------[0m
[1m[ NET ][0m Upload: 0.0 MB/s | Download: 0.0 MB/s
[96m------------------------------------------------------------[0m
[1m[ BATTERY ][0m [92m98.19%[0m (Charging/Plugged in)
[1m[96m============================================================[0m
[1m[92mData logged to 2026_logs/2026-09-28.jsonl... (Press Ctrl+C to stop)[0m
[1m[96m============================================================[0m
[1mSYSTEM MONITOR V2[0m | Time: 2026-09-28 14:29:47
[96m------------------------------------------------------------[0m
[1m[ CPU ][0m Used: [92m0.8%[0m | Free: 99.2%
[96m------------------------------------------------------------[0m
[1m[ RAM ][0m Used: [92m6.87 GB (46.3%)[0m | Available: 7.97 GB | Total: 14.84 GB
[1m[ SWAP ][0m Used: 0.0 GB (0.0%) | Free: 4.0 GB | Total: 4.0 GB
        [93mTop 5 RAM Processes (Logged 10):[0m
          1. chrome (PID 7552) - 770.88 MB (5.07%)
          2. chrome (PID 6787) - 546.18 MB (3.59%)
          3. code (PID 50824) - 466.65 MB (3.07%)
          4. code (PID 51580) - 452.55 MB (2.98%)
          5. gnome-shell (PID 4411) - 432.15 MB (2.84%)
[96m------------------------------------------------------------[0m
[1m[ DISK ][0m Used: [92m20.92 GB (2.28%)[0m | Free: 894.91 GB | Total: 915.83 GB
         [93mI/O:[0m Read 0.0 MB/s | Write 0.07 MB/s | Activity: 1.92%
[96m------------------------------------------------------------[0m
[1m[ NET ][0m Upload: 0.0 MB/s | Download: 0.0 MB/s
[96m------------------------------------------------------------[0m
[1m[ BATTERY ][0m [92m98.19%[0m (Charging/Plugged in)
[1m[96m============================================================[0m
[1m[92mData logged to 2026_logs/2026-09-28.jsonl... (Press Ctrl+C to stop)[0m
[1m[96m============================================================[0m
[1mSYSTEM MONITOR V2[0m | Time: 2026-09-28 14:29:52
[96m------------------------------------------------------------[0m
[1m[ CPU ][0m Used: [92m0.9%[0m | Free: 99.1%
[96m------------------------------------------------------------[0m
[1m[ RAM ][0m Used: [92m6.88 GB (46.3%)[0m | Available: 7.97 GB | Total: 14.84 GB
[1m[ SWAP ][0m Used: 0.0 GB (0.0%) | Free: 4.0 GB | Total: 4.0 GB
        [93mTop 5 RAM Processes (Logged 10):[0m
          1. chrome (PID 7552) - 770.89 MB (5.07%)
          2. chrome (PID 6787) - 546.41 MB (3.59%)
          3. code (PID 50824) - 466.66 MB (3.07%)
          4. code (PID 51580) - 452.01 MB (2.97%)
          5. gnome-shell (PID 4411) - 432.15 MB (2.84%)
[96m------------------------------------------------------------[0m
[1m[ DISK ][0m Used: [92m20.92 GB (2.28%)[0m | Free: 894.91 GB | Total: 915.83 GB
         [93mI/O:[0m Read 0.0 MB/s | Write 0.33 MB/s | Activity: 0.92%
[96m------------------------------------------------------------[0m
[1m[ NET ][0m Upload: 0.0 MB/s | Download: 0.0 MB/s
[96m------------------------------------------------------------[0m
[1m[ BATTERY ][0m [92m98.19%[0m (Charging/Plugged in)
[1m[96m============================================================[0m
[1m[92mData logged to 2026_logs/2026-09-28.jsonl... (Press Ctrl+C to stop)[0m
[1m[96m============================================================[0m
[1mSYSTEM MONITOR V2[0m | Time: 2026-09-28 14:29:57
[96m------------------------------------------------------------[0m
[1m[ CPU ][0m Used: [92m0.7%[0m | Free: 99.3%
[96m------------------------------------------------------------[0m
[1m[ RAM ][0m Used: [92m6.87 GB (46.3%)[0m | Available: 7.98 GB | Total: 14.84 GB
[1m[ SWAP ][0m Used: 0.0 GB (0.0%) | Free: 4.0 GB | Total: 4.0 GB
        [93mTop 5 RAM Processes (Logged 10):[0m
          1. chrome (PID 7552) - 769.4 MB (5.06%)
          2. chrome (PID 6787) - 546.4 MB (3.59%)
          3. code (PID 50824) - 466.88 MB (3.07%)
          4. code (PID 51580) - 451.43 MB (2.97%)
          5. gnome-shell (PID 4411) - 432.15 MB (2.84%)
[96m------------------------------------------------------------[0m
[1m[ DISK ][0m Used: [92m20.92 GB (2.28%)[0m | Free: 894.91 GB | Total: 915.83 GB
         [93mI/O:[0m Read 0.0 MB/s | Write 0.9 MB/s | Activity: 1.63%
[96m------------------------------------------------------------[0m
[1m[ NET ][0m Upload: 0.0 MB/s | Download: 0.0 MB/s
[96m------------------------------------------------------------[0m
[1m[ BATTERY ][0m [92m98.19%[0m (Charging/Plugged in)
[1m[96m============================================================[0m
[1m[92mData logged to 2026_logs/2026-09-28.jsonl... (Press Ctrl+C to stop)[0m
[1m[96m============================================================[0m
[1mSYSTEM MONITOR V2[0m | Time: 2026-09-28 14:30:02
[96m------------------------------------------------------------[0m
[1m[ CPU ][0m Used: [92m0.8%[0m | Free: 99.2%
[96m------------------------------------------------------------[0m
[1m[ RAM ][0m Used: [92m6.87 GB (46.3%)[0m | Available: 7.97 GB | Total: 14.84 GB
[1m[ SWAP ][0m Used: 0.0 GB (0.0%) | Free: 4.0 GB | Total: 4.0 GB
        [93mTop 5 RAM Processes (Logged 10):[0m
          1. chrome (PID 7552) - 767.98 MB (5.05%)
          2. chrome (PID 6787) - 546.13 MB (3.59%)
          3. code (PID 50824) - 466.83 MB (3.07%)
          4. code (PID 51580) - 451.52 MB (2.97%)
          5. gnome-shell (PID 4411) - 432.21 MB (2.84%)
[96m------------------------------------------------------------[0m
[1m[ DISK ][0m Used: [92m20.92 GB (2.28%)[0m | Free: 894.91 GB | Total: 915.83 GB
         [93mI/O:[0m Read 0.0 MB/s | Write 0.03 MB/s | Activity: 1.73%
[96m------------------------------------------------------------[0m
[1m[ NET ][0m Upload: 0.0 MB/s | Download: 0.0 MB/s
[96m------------------------------------------------------------[0m
[1m[ BATTERY ][0m [92m98.19%[0m (Charging/Plugged in)
[1m[96m============================================================[0m
[1m[92mData logged to 2026_logs/2026-09-28.jsonl... (Press Ctrl+C to stop)[0m
[1m[96m============================================================[0m
[1mSYSTEM MONITOR V2[0m | Time: 2026-09-28 14:30:07
[96m------------------------------------------------------------[0m
[1m[ CPU ][0m Used: [92m0.6%[0m | Free: 99.4%
[96m------------------------------------------------------------[0m
[1m[ RAM ][0m Used: [92m6.87 GB (46.3%)[0m | Available: 7.97 GB | Total: 14.84 GB
[1m[ SWAP ][0m Used: 0.0 GB (0.0%) | Free: 4.0 GB | Total: 4.0 GB
        [93mTop 5 RAM Processes (Logged 10):[0m
          1. chrome (PID 7552) - 767.98 MB (5.05%)
          2. chrome (PID 6787) - 546.13 MB (3.59%)
          3. code (PID 50824) - 465.93 MB (3.07%)
          4. code (PID 51580) - 451.61 MB (2.97%)
          5. gnome-shell (PID 4411) - 432.21 MB (2.84%)
[96m------------------------------------------------------------[0m
[1m[ DISK ][0m Used: [92m20.92 GB (2.28%)[0m | Free: 894.91 GB | Total: 915.83 GB
         [93mI/O:[0m Read 0.0 MB/s | Write 0.01 MB/s | Activity: 0.92%
[96m------------------------------------------------------------[0m
[1m[ NET ][0m Upload: 0.0 MB/s | Download: 0.0 MB/s
[96m------------------------------------------------------------[0m
[1m[ BATTERY ][0m [92m98.19%[0m (Charging/Plugged in)
[1m[96m============================================================[0m
[1m[92mData logged to 2026_logs/2026-09-28.jsonl... (Press Ctrl+C to stop)[0m
[1m[96m============================================================[0m
[1mSYSTEM MONITOR V2[0m | Time: 2026-09-28 14:30:12
[96m------------------------------------------------------------[0m
[1m[ CPU ][0m Used: [92m0.8%[0m | Free: 99.2%
[96m------------------------------------------------------------[0m
[1m[ RAM ][0m Used: [92m6.87 GB (46.3%)[0m | Available: 7.97 GB | Total: 14.84 GB
[1m[ SWAP ][0m Used: 0.0 GB (0.0%) | Free: 4.0 GB | Total: 4.0 GB
        [93mTop 5 RAM Processes (Logged 10):[0m
          1. chrome (PID 7552) - 767.98 MB (5.05%)
          2. chrome (PID 6787) - 546.1 MB (3.59%)
          3. code (PID 50824) - 466.05 MB (3.07%)
          4. code (PID 51580) - 451.7 MB (2.97%)
          5. gnome-shell (PID 4411) - 432.2 MB (2.84%)
[96m------------------------------------------------------------[0m
[1m[ DISK ][0m Used: [92m20.92 GB (2.28%)[0m | Free: 894.91 GB | Total: 915.83 GB
         [93mI/O:[0m Read 0.0 MB/s | Write 0.01 MB/s | Activity: 0.76%
[96m------------------------------------------------------------[0m
[1m[ NET ][0m Upload: 0.0 MB/s | Download: 0.0 MB/s
[96m------------------------------------------------------------[0m
[1m[ BATTERY ][0m [92m98.19%[0m (Charging/Plugged in)
[1m[96m============================================================[0m
[1m[92mData logged to 2026_logs/2026-09-28.jsonl... (Press Ctrl+C to stop)[0m
[1m[96m============================================================[0m
[1mSYSTEM MONITOR V2[0m | Time: 2026-09-28 14:30:17
[96m------------------------------------------------------------[0m
[1m[ CPU ][0m Used: [92m1.6%[0m | Free: 98.4%
[96m------------------------------------------------------------[0m
[1m[ RAM ][0m Used: [92m6.94 GB (46.8%)[0m | Available: 7.9 GB | Total: 14.84 GB
[1m[ SWAP ][0m Used: 0.0 GB (0.0%) | Free: 4.0 GB | Total: 4.0 GB
        [93mTop 5 RAM Processes (Logged 10):[0m
          1. chrome (PID 7552) - 770.87 MB (5.07%)
          2. chrome (PID 6787) - 546.56 MB (3.6%)
          3. code (PID 50824) - 466.13 MB (3.07%)
          4. code (PID 51580) - 451.78 MB (2.97%)
          5. gnome-shell (PID 4411) - 432.26 MB (2.84%)
[96m------------------------------------------------------------[0m
[1m[ DISK ][0m Used: [92m20.92 GB (2.28%)[0m | Free: 894.91 GB | Total: 915.83 GB
         [93mI/O:[0m Read 0.0 MB/s | Write 0.01 MB/s | Activity: 0.8%
[96m------------------------------------------------------------[0m
[1m[ NET ][0m Upload: 0.01 MB/s | Download: 0.01 MB/s
[96m------------------------------------------------------------[0m
[1m[ BATTERY ][0m [92m98.19%[0m (Charging/Plugged in)
[1m[96m============================================================[0m
[1m[92mData logged to 2026_logs/2026-09-28.jsonl... (Press Ctrl+C to stop)[0m
[1m[96m============================================================[0m
[1mSYSTEM MONITOR V2[0m | Time: 2026-09-28 14:30:22
[96m------------------------------------------------------------[0m
[1m[ CPU ][0m Used: [92m0.7%[0m | Free: 99.3%
[96m------------------------------------------------------------[0m
[1m[ RAM ][0m Used: [92m6.95 GB (46.8%)[0m | Available: 7.9 GB | Total: 14.84 GB
[1m[ SWAP ][0m Used: 0.0 GB (0.0%) | Free: 4.0 GB | Total: 4.0 GB
        [93mTop 5 RAM Processes (Logged 10):[0m
          1. chrome (PID 7552) - 770.87 MB (5.07%)
          2. chrome (PID 6787) - 546.44 MB (3.6%)
          3. code (PID 50824) - 466.28 MB (3.07%)
          4. code (PID 51580) - 451.86 MB (2.97%)
          5. gnome-shell (PID 4411) - 432.26 MB (2.84%)
[96m------------------------------------------------------------[0m
[1m[ DISK ][0m Used: [92m20.92 GB (2.28%)[0m | Free: 894.91 GB | Total: 915.83 GB
         [93mI/O:[0m Read 0.0 MB/s | Write 0.41 MB/s | Activity: 1.86%
[96m------------------------------------------------------------[0m
[1m[ NET ][0m Upload: 0.0 MB/s | Download: 0.0 MB/s
[96m------------------------------------------------------------[0m
[1m[ BATTERY ][0m [92m98.19%[0m (Charging/Plugged in)
[1m[96m============================================================[0m
[1m[92mData logged to 2026_logs/2026-09-28.jsonl... (Press Ctrl+C to stop)[0m
[1m[96m============================================================[0m
[1mSYSTEM MONITOR V2[0m | Time: 2026-09-28 14:30:27
[96m------------------------------------------------------------[0m
[1m[ CPU ][0m Used: [92m0.9%[0m | Free: 99.1%
[96m------------------------------------------------------------[0m
[1m[ RAM ][0m Used: [92m6.92 GB (46.6%)[0m | Available: 7.92 GB | Total: 14.84 GB
[1m[ SWAP ][0m Used: 0.0 GB (0.0%) | Free: 4.0 GB | Total: 4.0 GB
        [93mTop 5 RAM Processes (Logged 10):[0m
          1. chrome (PID 7552) - 770.87 MB (5.07%)
          2. chrome (PID 6787) - 546.51 MB (3.6%)
          3. code (PID 50824) - 466.41 MB (3.07%)
          4. code (PID 51580) - 451.94 MB (2.97%)
          5. gnome-shell (PID 4411) - 432.18 MB (2.84%)
[96m------------------------------------------------------------[0m
[1m[ DISK ][0m Used: [92m20.92 GB (2.28%)[0m | Free: 894.91 GB | Total: 915.83 GB
         [93mI/O:[0m Read 0.0 MB/s | Write 1.02 MB/s | Activity: 1.82%
[96m------------------------------------------------------------[0m
[1m[ NET ][0m Upload: 0.0 MB/s | Download: 0.0 MB/s
[96m------------------------------------------------------------[0m
[1m[ BATTERY ][0m [92m98.19%[0m (Charging/Plugged in)
[1m[96m============================================================[0m
[1m[92mData logged to 2026_logs/2026-09-28.jsonl... (Press Ctrl+C to stop)[0m
[1m[96m============================================================[0m
[1mSYSTEM MONITOR V2[0m | Time: 2026-09-28 14:30:33
[96m------------------------------------------------------------[0m
[1m[ CPU ][0m Used: [92m0.6%[0m | Free: 99.4%
[96m------------------------------------------------------------[0m
[1m[ RAM ][0m Used: [92m6.92 GB (46.6%)[0m | Available: 7.92 GB | Total: 14.84 GB
[1m[ SWAP ][0m Used: 0.0 GB (0.0%) | Free: 4.0 GB | Total: 4.0 GB
        [93mTop 5 RAM Processes (Logged 10):[0m
          1. chrome (PID 7552) - 770.88 MB (5.07%)
          2. chrome (PID 6787) - 545.94 MB (3.59%)
          3. code (PID 50824) - 466.65 MB (3.07%)
          4. code (PID 51580) - 452.02 MB (2.97%)
          5. gnome-shell (PID 4411) - 432.18 MB (2.84%)
[96m------------------------------------------------------------[0m
[1m[ DISK ][0m Used: [92m20.92 GB (2.28%)[0m | Free: 894.91 GB | Total: 915.83 GB[H[2J[3J[H[2J[3J[H[2J[3J[H[2J[3J[H[2J[3J[H[2J[3J[H[2J[3J[H[2J[3J[H[2J[3J[H[2J[3J[H[2J[3J[H[2J[3J[H[2J[3J[H[2J[3J[H[2J[3J[H[2J[3J[H[2J[3J[H[2J[3J[H[2J[3J[H[2J[3J[H[2J[3J[H[2J[3J[H[2J[3J[H[2J[3J[H[2J[3J[H[2J[3J[H[2J[3J[H[2J[3J[H[2J[3J[H[2J[3J[H[2J[3J[H[2J[3J[H[2J[3J[H[2J[3J[H[2J[3J[H[2J[3J[H[2J[3J[H[2J[3J[H[2J[3J[H[2J[3J[H[2J[3J[H[2J[3J[H[2J[3J[H[2J[3J[H[2J[3J[H[2J[3J[H[2J[3J[H[2J[3J[H[2J[3J[H[2J[3J[H[2J[3J[H[2J[3J[H[2J[3J[H[2J[3J[H[2J[3J[H[2J[3J[H[2J[3J[H[2J[3J[H[2J[3J[H[2J[3J[H[2J[3J[H[2J[3J[H[2J[3J[H[2J[3J[H[2J[3J[H[2J[3J[H[2J[3J[H[2J[3J[H[2J[3J[H[2J[3J[H[2J[3J[H[2J[3J[H[2J[3J[H[2J[3J[H[2J[3J[H[2J[3J[H[2J[3J[H[2J[3J[H[2J[3J[H[2J[3J[H[2J[3J[H[2J[3J[H[2J[3J[H[2J[3J[H[2J[3J[H[2J[3J[H[2J[3J
         [93mI/O:[0m Read 0.0 MB/s | Write 0.01 MB/s | Activity: 0.84%
[96m------------------------------------------------------------[0m
[1m[ NET ][0m Upload: 0.0 MB/s | Download: 0.0 MB/s
[96m------------------------------------------------------------[0m
[1m[ BATTERY ][0m [92m98.19%[0m (Charging/Plugged in)
[1m[96m============================================================[0m
[1m[92mData logged to 2026_logs/2026-09-28.jsonl... (Press Ctrl+C to stop)[0m
[1m[96m============================================================[0m
[1mSYSTEM MONITOR V2[0m | Time: 2026-09-28 14:30:38
[96m------------------------------------------------------------[0m
[1m[ CPU ][0m Used: [92m1.0%[0m | Free: 99.0%
[96m------------------------------------------------------------[0m
[1m[ RAM ][0m Used: [92m6.9 GB (46.5%)[0m | Available: 7.94 GB | Total: 14.84 GB
[1m[ SWAP ][0m Used: 0.0 GB (0.0%) | Free: 4.0 GB | Total: 4.0 GB
        [93mTop 5 RAM Processes (Logged 10):[0m
          1. chrome (PID 7552) - 770.88 MB (5.07%)
          2. chrome (PID 6787) - 545.94 MB (3.59%)
          3. code (PID 50824) - 466.66 MB (3.07%)
          4. code (PID 51580) - 452.13 MB (2.97%)
          5. gnome-shell (PID 4411) - 432.23 MB (2.84%)
[96m------------------------------------------------------------[0m
[1m[ DISK ][0m Used: [92m20.92 GB (2.28%)[0m | Free: 894.91 GB | Total: 915.83 GB
         [93mI/O:[0m Read 0.0 MB/s | Write 0.01 MB/s | Activity: 1.69%
[96m------------------------------------------------------------[0m
[1m[ NET ][0m Upload: 0.0 MB/s | Download: 0.0 MB/s
[96m------------------------------------------------------------[0m
[1m[ BATTERY ][0m [92m98.19%[0m (Charging/Plugged in)
[1m[96m============================================================[0m
[1m[92mData logged to 2026_logs/2026-09-28.jsonl... (Press Ctrl+C to stop)[0m
[1m[96m============================================================[0m
[1mSYSTEM MONITOR V2[0m | Time: 2026-09-28 14:30:43
[96m------------------------------------------------------------[0m
[1m[ CPU ][0m Used: [92m1.9%[0m | Free: 98.1%
[96m------------------------------------------------------------[0m
[1m[ RAM ][0m Used: [92m6.95 GB (46.8%)[0m | Available: 7.9 GB | Total: 14.84 GB
[1m[ SWAP ][0m Used: 0.0 GB (0.0%) | Free: 4.0 GB | Total: 4.0 GB
        [93mTop 5 RAM Processes (Logged 10):[0m
          1. chrome (PID 7552) - 770.88 MB (5.07%)
          2. chrome (PID 6787) - 548.23 MB (3.61%)
          3. code (PID 50824) - 466.19 MB (3.07%)
          4. code (PID 51580) - 452.2 MB (2.98%)
          5. gnome-shell (PID 4411) - 432.23 MB (2.84%)
[96m------------------------------------------------------------[0m
[1m[ DISK ][0m Used: [92m20.92 GB (2.28%)[0m | Free: 894.91 GB | Total: 915.83 GB
         [93mI/O:[0m Read 0.0 MB/s | Write 0.0 MB/s | Activity: 0.04%
[96m------------------------------------------------------------[0m
[1m[ NET ][0m Upload: 0.0 MB/s | Download: 0.0 MB/s
[96m------------------------------------------------------------[0m
[1m[ BATTERY ][0m [92m98.19%[0m (Charging/Plugged in)
[1m[96m============================================================[0m
[1m[92mData logged to 2026_logs/2026-09-28.jsonl... (Press Ctrl+C to stop)[0m
[1m[96m============================================================[0m
[1mSYSTEM MONITOR V2[0m | Time: 2026-09-28 14:30:48
[96m------------------------------------------------------------[0m
[1m[ CPU ][0m Used: [92m1.0%[0m | Free: 99.0%
[96m------------------------------------------------------------[0m
[1m[ RAM ][0m Used: [92m6.94 GB (46.7%)[0m | Available: 7.91 GB | Total: 14.84 GB
[1m[ SWAP ][0m Used: 0.0 GB (0.0%) | Free: 4.0 GB | Total: 4.0 GB
        [93mTop 5 RAM Processes (Logged 10):[0m
          1. chrome (PID 7552) - 768.96 MB (5.06%)
          2. chrome (PID 6787) - 547.1 MB (3.6%)
          3. code (PID 50824) - 466.45 MB (3.07%)
          4. code (PID 51580) - 451.5 MB (2.97%)
          5. gnome-shell (PID 4411) - 432.16 MB (2.84%)
[96m------------------------------------------------------------[0m
[1m[ DISK ][0m Used: [92m20.92 GB (2.28%)[0m | Free: 894.91 GB | Total: 915.83 GB
         [93mI/O:[0m Read 0.0 MB/s | Write 0.05 MB/s | Activity: 1.68%
[96m------------------------------------------------------------[0m
[1m[ NET ][0m Upload: 0.0 MB/s | Download: 0.0 MB/s
[96m------------------------------------------------------------[0m
[1m[ BATTERY ][0m [92m98.19%[0m (Charging/Plugged in)
[1m[96m============================================================[0m
[1m[92mData logged to 2026_logs/2026-09-28.jsonl... (Press Ctrl+C to stop)[0m
[1m[96m============================================================[0m
[1mSYSTEM MONITOR V2[0m | Time: 2026-09-28 14:30:53
[96m------------------------------------------------------------[0m
[1m[ CPU ][0m Used: [92m0.8%[0m | Free: 99.2%
[96m------------------------------------------------------------[0m
[1m[ RAM ][0m Used: [92m6.92 GB (46.6%)[0m | Available: 7.92 GB | Total: 14.84 GB
[1m[ SWAP ][0m Used: 0.0 GB (0.0%) | Free: 4.0 GB | Total: 4.0 GB
        [93mTop 5 RAM Processes (Logged 10):[0m
          1. chrome (PID 7552) - 768.97 MB (5.06%)
          2. chrome (PID 6787) - 547.11 MB (3.6%)
          3. code (PID 50824) - 466.25 MB (3.07%)
          4. code (PID 51580) - 451.58 MB (2.97%)
          5. gnome-shell (PID 4411) - 432.22 MB (2.84%)
[96m------------------------------------------------------------[0m
[1m[ DISK ][0m Used: [92m20.92 GB (2.28%)[0m | Free: 894.91 GB | Total: 915.83 GB
         [93mI/O:[0m Read 0.0 MB/s | Write 0.51 MB/s | Activity: 1.63%
[96m------------------------------------------------------------[0m
[1m[ NET ][0m Upload: 0.0 MB/s | Download: 0.0 MB/s
[96m------------------------------------------------------------[0m
[1m[ BATTERY ][0m [92m98.19%[0m (Charging/Plugged in)
[1m[96m============================================================[0m
[1m[92mData logged to 2026_logs/2026-09-28.jsonl... (Press Ctrl+C to stop)[0m
[1m[96m============================================================[0m
[1mSYSTEM MONITOR V2[0m | Time: 2026-09-28 14:30:58
[96m------------------------------------------------------------[0m
[1m[ CPU ][0m Used: [92m0.8%[0m | Free: 99.2%
[96m------------------------------------------------------------[0m
[1m[ RAM ][0m Used: [92m6.9 GB (46.5%)[0m | Available: 7.94 GB | Total: 14.84 GB
[1m[ SWAP ][0m Used: 0.0 GB (0.0%) | Free: 4.0 GB | Total: 4.0 GB
        [93mTop 5 RAM Processes (Logged 10):[0m
          1. chrome (PID 7552) - 767.54 MB (5.05%)
          2. chrome (PID 6787) - 546.84 MB (3.6%)
          3. code (PID 50824) - 466.36 MB (3.07%)
          4. code (PID 51580) - 451.67 MB (2.97%)
          5. gnome-shell (PID 4411) - 432.22 MB (2.84%)
[96m------------------------------------------------------------[0m
[1m[ DISK ][0m Used: [92m20.92 GB (2.28%)[0m | Free: 894.91 GB | Total: 915.83 GB
         [93mI/O:[0m Read 0.0 MB/s | Write 0.04 MB/s | Activity: 1.73%
[96m------------------------------------------------------------[0m
[1m[ NET ][0m Upload: 0.0 MB/s | Download: 0.0 MB/s
[96m------------------------------------------------------------[0m
[1m[ BATTERY ][0m [92m98.19%[0m (Charging/Plugged in)
[1m[96m============================================================[0m
[1m[92mData logged to 2026_logs/2026-09-28.jsonl... (Press Ctrl+C to stop)[0m
[1m[96m============================================================[0m
[1mSYSTEM MONITOR V2[0m | Time: 2026-09-28 14:31:03
[96m------------------------------------------------------------[0m
[1m[ CPU ][0m Used: [92m0.8%[0m | Free: 99.2%
[96m------------------------------------------------------------[0m
[1m[ RAM ][0m Used: [92m6.9 GB (46.5%)[0m | Available: 7.94 GB | Total: 14.84 GB
[1m[ SWAP ][0m Used: 0.0 GB (0.0%) | Free: 4.0 GB | Total: 4.0 GB
        [93mTop 5 RAM Processes (Logged 10):[0m
          1. chrome (PID 7552) - 767.54 MB (5.05%)
          2. chrome (PID 6787) - 547.12 MB (3.6%)
          3. code (PID 50824) - 466.48 MB (3.07%)
          4. code (PID 51580) - 451.75 MB (2.97%)
          5. gnome-shell (PID 4411) - 432.21 MB (2.84%)
[96m------------------------------------------------------------[0m
[1m[ DISK ][0m Used: [92m20.92 GB (2.28%)[0m | Free: 894.91 GB | Total: 915.83 GB
         [93mI/O:[0m Read 0.0 MB/s | Write 0.94 MB/s | Activity: 1.12%
[96m------------------------------------------------------------[0m
[1m[ NET ][0m Upload: 0.0 MB/s | Download: 0.0 MB/s
[96m------------------------------------------------------------[0m
[1m[ BATTERY ][0m [92m98.19%[0m (Charging/Plugged in)
[1m[96m============================================================[0m
[1m[92mData logged to 2026_logs/2026-09-28.jsonl... (Press Ctrl+C to stop)[0m
[1m[96m============================================================[0m
[1mSYSTEM MONITOR V2[0m | Time: 2026-09-28 14:31:08
[96m------------------------------------------------------------[0m
[1m[ CPU ][0m Used: [92m0.8%[0m | Free: 99.2%
[96m------------------------------------------------------------[0m
[1m[ RAM ][0m Used: [92m6.93 GB (46.7%)[0m | Available: 7.91 GB | Total: 14.84 GB
[1m[ SWAP ][0m Used: 0.0 GB (0.0%) | Free: 4.0 GB | Total: 4.0 GB
        [93mTop 5 RAM Processes (Logged 10):[0m
          1. chrome (PID 7552) - 767.54 MB (5.05%)
          2. chrome (PID 6787) - 546.79 MB (3.6%)
          3. code (PID 50824) - 467.41 MB (3.08%)
          4. code (PID 51580) - 451.83 MB (2.97%)
          5. gnome-shell (PID 4411) - 432.21 MB (2.84%)
[96m------------------------------------------------------------[0m
[1m[ DISK ][0m Used: [92m20.92 GB (2.28%)[0m | Free: 894.91 GB | Total: 915.83 GB
         [93mI/O:[0m Read 0.0 MB/s | Write 0.05 MB/s | Activity: 0.76%
[96m------------------------------------------------------------[0m
[1m[ NET ][0m Upload: 0.0 MB/s | Download: 0.0 MB/s
[96m------------------------------------------------------------[0m
[1m[ BATTERY ][0m [92m98.19%[0m (Charging/Plugged in)
[1m[96m============================================================[0m
[1m[92mData logged to 2026_logs/2026-09-28.jsonl... (Press Ctrl+C to stop)[0m
[1m[96m============================================================[0m
[1mSYSTEM MONITOR V2[0m | Time: 2026-09-28 14:31:13
[96m------------------------------------------------------------[0m
[1m[ CPU ][0m Used: [92m1.3%[0m | Free: 98.7%
[96m------------------------------------------------------------[0m
[1m[ RAM ][0m Used: [92m6.92 GB (46.6%)[0m | Available: 7.93 GB | Total: 14.84 GB
[1m[ SWAP ][0m Used: 0.0 GB (0.0%) | Free: 4.0 GB | Total: 4.0 GB
        [93mTop 5 RAM Processes (Logged 10):[0m
          1. chrome (PID 7552) - 767.57 MB (5.05%)
          2. chrome (PID 6787) - 546.91 MB (3.6%)
          3. code (PID 50824) - 466.32 MB (3.07%)
          4. code (PID 51580) - 451.92 MB (2.97%)
          5. gnome-shell (PID 4411) - 432.2 MB (2.84%)
[96m------------------------------------------------------------[0m
[1m[ DISK ][0m Used: [92m20.92 GB (2.28%)[0m | Free: 894.91 GB | Total: 915.83 GB
         [93mI/O:[0m Read 0.0 MB/s | Write 0.07 MB/s | Activity: 1.88%
[96m------------------------------------------------------------[0m
[1m[ NET ][0m Upload: 0.0 MB/s | Download: 0.0 MB/s
[96m------------------------------------------------------------[0m
[1m[ BATTERY ][0m [92m98.19%[0m (Charging/Plugged in)
[1m[96m============================================================[0m
[1m[92mData logged to 2026_logs/2026-09-28.jsonl... (Press Ctrl+C to stop)[0m
[1m[96m============================================================[0m
[1mSYSTEM MONITOR V2[0m | Time: 2026-09-28 14:31:18
[96m------------------------------------------------------------[0m
[1m[ CPU ][0m Used: [92m1.7%[0m | Free: 98.3%
[96m------------------------------------------------------------[0m
[1m[ RAM ][0m Used: [92m6.95 GB (46.8%)[0m | Available: 7.9 GB | Total: 14.84 GB
[1m[ SWAP ][0m Used: 0.0 GB (0.0%) | Free: 4.0 GB | Total: 4.0 GB
        [93mTop 5 RAM Processes (Logged 10):[0m
          1. chrome (PID 7552) - 773.99 MB (5.09%)
          2. chrome (PID 6787) - 547.22 MB (3.6%)
          3. code (PID 50824) - 466.45 MB (3.07%)
          4. code (PID 51580) - 452.0 MB (2.97%)
          5. gnome-shell (PID 4411) - 432.2 MB (2.84%)
[96m------------------------------------------------------------[0m
[1m[ DISK ][0m Used: [92m20.92 GB (2.28%)[0m | Free: 894.91 GB | Total: 915.83 GB
         [93mI/O:[0m Read 0.0 MB/s | Write 0.01 MB/s | Activity: 0.82%
[96m------------------------------------------------------------[0m
[1m[ NET ][0m Upload: 0.0 MB/s | Download: 0.0 MB/s
[96m------------------------------------------------------------[0m
[1m[ BATTERY ][0m [92m98.19%[0m (Charging/Plugged in)
[1m[96m============================================================[0m
[1m[92mData logged to 2026_logs/2026-09-28.jsonl... (Press Ctrl+C to stop)[0m
[1m[96m============================================================[0m
[1mSYSTEM MONITOR V2[0m | Time: 2026-09-28 14:31:24
[96m------------------------------------------------------------[0m
[1m[ CPU ][0m Used: [92m0.6%[0m | Free: 99.4%
[96m------------------------------------------------------------[0m
[1m[ RAM ][0m Used: [92m6.93 GB (46.7%)[0m | Available: 7.91 GB | Total: 14.84 GB
[1m[ SWAP ][0m Used: 0.0 GB (0.0%) | Free: 4.0 GB | Total: 4.0 GB
        [93mTop 5 RAM Processes (Logged 10):[0m
          1. chrome (PID 7552) - 773.99 MB (5.09%)
          2. chrome (PID 6787) - 546.81 MB (3.6%)
          3. code (PID 50824) - 466.55 MB (3.07%)
          4. code (PID 51580) - 452.08 MB (2.97%)
          5. gnome-shell (PID 4411) - 432.26 MB (2.84%)
[96m------------------------------------------------------------[0m
[1m[ DISK ][0m Used: [92m20.92 GB (2.28%)[0m | Free: 894.91 GB | Total: 915.83 GB
         [93mI/O:[0m Read 0.0 MB/s | Write 0.38 MB/s | Activity: 1.71%
[96m------------------------------------------------------------[0m
[1m[ NET ][0m Upload: 0.0 MB/s | Download: 0.0 MB/s
[96m------------------------------------------------------------[0m
[1m[ BATTERY ][0m [92m98.19%[0m (Charging/Plugged in)
[1m[96m============================================================[0m
[1m[92mData logged to 2026_logs/2026-09-28.jsonl... (Press Ctrl+C to stop)[0m
[1m[96m============================================================[0m
[1mSYSTEM MONITOR V2[0m | Time: 2026-09-28 14:31:29
[96m------------------------------------------------------------[0m
[1m[ CPU ][0m Used: [92m0.7%[0m | Free: 99.3%
[96m------------------------------------------------------------[0m
[1m[ RAM ][0m Used: [92m6.93 GB (46.7%)[0m | Available: 7.91 GB | Total: 14.84 GB
[1m[ SWAP ][0m Used: 0.0 GB (0.0%) | Free: 4.0 GB | Total: 4.0 GB
        [93mTop 5 RAM Processes (Logged 10):[0m
          1. chrome (PID 7552) - 773.99 MB (5.09%)
          2. chrome (PID 6787) - 546.8 MB (3.6%)
          3. code (PID 50824) - 466.68 MB (3.07%)
          4. code (PID 51580) - 452.17 MB (2.97%)
          5. gnome-shell (PID 4411) - 432.26 MB (2.84%)
[96m------------------------------------------------------------[0m
[1m[ DISK ][0m Used: [92m20.92 GB (2.28%)[0m | Free: 894.91 GB | Total: 915.83 GB
         [93mI/O:[0m Read 0.0 MB/s | Write 0.01 MB/s | Activity: 0.94%
[96m------------------------------------------------------------[0m
[1m[ NET ][0m Upload: 0.0 MB/s | Download: 0.0 MB/s
[96m------------------------------------------------------------[0m
[1m[ BATTERY ][0m [92m98.19%[0m (Charging/Plugged in)
[1m[96m============================================================[0m
[1m[92mData logged to 2026_logs/2026-09-28.jsonl... (Press Ctrl+C to stop)[0m
[1m[96m============================================================[0m
[1mSYSTEM MONITOR V2[0m | Time: 2026-09-28 14:31:34
[96m------------------------------------------------------------[0m
[1m[ CPU ][0m Used: [92m0.7%[0m | Free: 99.3%
[96m------------------------------------------------------------[0m
[1m[ RAM ][0m Used: [92m6.93 GB (46.7%)[0m | Available: 7.91 GB | Total: 14.84 GB
[1m[ SWAP ][0m Used: 0.0 GB (0.0%) | Free: 4.0 GB | Total: 4.0 GB
        [93mTop 5 RAM Processes (Logged 10):[0m
          1. chrome (PID 7552) - 774.0 MB (5.09%)
          2. chrome (PID 6787) - 546.88 MB (3.6%)
          3. code (PID 50824) - 466.86 MB (3.07%)
          4. code (PID 51580) - 452.26 MB (2.98%)
          5. gnome-shell (PID 4411) - 432.13 MB (2.84%)
[96m------------------------------------------------------------[0m
[1m[ DISK ][0m Used: [92m20.92 GB (2.28%)[0m | Free: 894.91 GB | Total: 915.83 GB
         [93mI/O:[0m Read 0.0 MB/s | Write 0.06 MB/s | Activity: 0.78%
[96m------------------------------------------------------------[0m
[1m[ NET ][0m Upload: 0.0 MB/s | Download: 0.0 MB/s
[96m------------------------------------------------------------[0m
[1m[ BATTERY ][0m [92m98.19%[0m (Charging/Plugged in)
[1m[96m============================================================[0m
[1m[92mData logged to 2026_logs/2026-09-28.jsonl... (Press Ctrl+C to stop)[0m
[1m[96m============================================================[0m
[1mSYSTEM MONITOR V2[0m | Time: 2026-09-28 14:31:39
[96m------------------------------------------------------------[0m
[1m[ CPU ][0m Used: [92m0.7%[0m | Free: 99.3%
[96m------------------------------------------------------------[0m
[1m[ RAM ][0m Used: [92m6.93 GB (46.7%)[0m | Available: 7.91 GB | Total: 14.84 GB
[1m[ SWAP ][0m Used: 0.0 GB (0.0%) | Free: 4.0 GB | Total: 4.0 GB
        [93mTop 5 RAM Processes (Logged 10):[0m
          1. chrome (PID 7552) - 774.0 MB (5.09%)
          2. chrome (PID 6787) - 547.61 MB (3.6%)
          3. code (PID 50824) - 466.16 MB (3.07%)
          4. code (PID 51580) - 451.55 MB (2.97%)
          5. gnome-shell (PID 4411) - 432.13 MB (2.84%)
[96m------------------------------------------------------------[0m
[1m[ DISK ][0m Used: [92m20.92 GB (2.28%)[0m | Free: 894.91 GB | Total: 915.83 GB
         [93mI/O:[0m Read 0.0 MB/s | Write 0.94 MB/s | Activity: 1.0%
[96m------------------------------------------------------------[0m
[1m[ NET ][0m Upload: 0.0 MB/s | Download: 0.0 MB/s
[96m------------------------------------------------------------[0m
[1m[ BATTERY ][0m [92m98.19%[0m (Charging/Plugged in)
[1m[96m============================================================[0m
[1m[92mData logged to 2026_logs/2026-09-28.jsonl... (Press Ctrl+C to stop)[0m
[1m[96m============================================================[0m
[1mSYSTEM MONITOR V2[0m | Time: 2026-09-28 14:31:44
[96m------------------------------------------------------------[0m
[1m[ CPU ][0m Used: [92m1.1%[0m | Free: 98.9%
[96m------------------------------------------------------------[0m
[1m[ RAM ][0m Used: [92m6.9 GB (46.5%)[0m | Available: 7.94 GB | Total: 14.84 GB
[1m[ SWAP ][0m Used: 0.0 GB (0.0%) | Free: 4.0 GB | Total: 4.0 GB
        [93mTop 5 RAM Processes (Logged 10):[0m
          1. chrome (PID 7552) - 774.0 MB (5.09%)
          2. chrome (PID 6787) - 546.39 MB (3.59%)
          3. code (PID 50824) - 466.27 MB (3.07%)
          4. code (PID 51580) - 451.63 MB (2.97%)
          5. gnome-shell (PID 4411) - 432.13 MB (2.84%)
[96m------------------------------------------------------------[0m
[1m[ DISK ][0m Used: [92m20.92 GB (2.28%)[0m | Free: 894.91 GB | Total: 915.83 GB
         [93mI/O:[0m Read 0.0 MB/s | Write 0.06 MB/s | Activity: 1.08%
[96m------------------------------------------------------------[0m
[1m[ NET ][0m Upload: 0.0 MB/s | Download: 0.0 MB/s
[96m------------------------------------------------------------[0m
[1m[ BATTERY ][0m [92m98.19%[0m (Charging/Plugged in)
[1m[96m============================================================[0m
[1m[92mData logged to 2026_logs/2026-09-28.jsonl... (Press Ctrl+C to stop)[0m
[1m[96m============================================================[0m
[1mSYSTEM MONITOR V2[0m | Time: 2026-09-28 14:31:49
[96m------------------------------------------------------------[0m
[1m[ CPU ][0m Used: [92m0.8%[0m | Free: 99.2%
[96m------------------------------------------------------------[0m
[1m[ RAM ][0m Used: [92m6.86 GB (46.2%)[0m | Available: 7.98 GB | Total: 14.84 GB
[1m[ SWAP ][0m Used: 0.0 GB (0.0%) | Free: 4.0 GB | Total: 4.0 GB
        [93mTop 5 RAM Processes (Logged 10):[0m
          1. chrome (PID 7552) - 770.7 MB (5.07%)
          2. chrome (PID 6787) - 546.14 MB (3.59%)
          3. code (PID 50824) - 466.35 MB (3.07%)
          4. code (PID 51580) - 451.71 MB (2.97%)
          5. gnome-shell (PID 4411) - 432.13 MB (2.84%)
[96m------------------------------------------------------------[0m
[1m[ DISK ][0m Used: [92m20.92 GB (2.28%)[0m | Free: 894.91 GB | Total: 915.83 GB
         [93mI/O:[0m Read 0.0 MB/s | Write 0.01 MB/s | Activity: 0.94%
[96m------------------------------------------------------------[0m
[1m[ NET ][0m Upload: 0.0 MB/s | Download: 0.0 MB/s
[96m------------------------------------------------------------[0m
[1m[ BATTERY ][0m [92m98.19%[0m (Charging/Plugged in)
[1m[96m============================================================[0m
[1m[92mData logged to 2026_logs/2026-09-28.jsonl... (Press Ctrl+C to stop)[0m
[1m[96m============================================================[0m
[1mSYSTEM MONITOR V2[0m | Time: 2026-09-28 14:31:54
[96m------------------------------------------------------------[0m
[1m[ CPU ][0m Used: [92m0.6%[0m | Free: 99.4%
[96m------------------------------------------------------------[0m
[1m[ RAM ][0m Used: [92m6.86 GB (46.2%)[0m | Available: 7.98 GB | Total: 14.84 GB
[1m[ SWAP ][0m Used: 0.0 GB (0.0%) | Free: 4.0 GB | Total: 4.0 GB
        [93mTop 5 RAM Processes (Logged 10):[0m
          1. chrome (PID 7552) - 769.28 MB (5.06%)
          2. chrome (PID 6787) - 546.02 MB (3.59%)
          3. code (PID 50824) - 466.5 MB (3.07%)
          4. code (PID 51580) - 451.8 MB (2.97%)
          5. gnome-shell (PID 4411) - 432.13 MB (2.84%)
[96m------------------------------------------------------------[0m
[1m[ DISK ][0m Used: [92m20.92 GB (2.28%)[0m | Free: 894.91 GB | Total: 915.83 GB
         [93mI/O:[0m Read 0.0 MB/s | Write 0.53 MB/s | Activity: 1.0%
[96m------------------------------------------------------------[0m
[1m[ NET ][0m Upload: 0.0 MB/s | Download: 0.0 MB/s
[96m------------------------------------------------------------[0m
[1m[ BATTERY ][0m [92m98.19%[0m (Charging/Plugged in)
[1m[96m============================================================[0m
[1m[92mData logged to 2026_logs/2026-09-28.jsonl... (Press Ctrl+C to stop)[0m
[1m[96m============================================================[0m
[1mSYSTEM MONITOR V2[0m | Time: 2026-09-28 14:31:59
[96m------------------------------------------------------------[0m
[1m[ CPU ][0m Used: [92m0.7%[0m | Free: 99.3%
[96m------------------------------------------------------------[0m
[1m[ RAM ][0m Used: [92m6.87 GB (46.3%)[0m | Available: 7.98 GB | Total: 14.84 GB
[1m[ SWAP ][0m Used: 0.0 GB (0.0%) | Free: 4.0 GB | Total: 4.0 GB
        [93mTop 5 RAM Processes (Logged 10):[0m
          1. chrome (PID 7552) - 769.28 MB (5.06%)
          2. chrome (PID 6787) - 546.0 MB (3.59%)
          3. code (PID 50824) - 466.63 MB (3.07%)
          4. code (PID 51580) - 451.89 MB (2.97%)
          5. gnome-shell (PID 4411) - 432.13 MB (2.84%)
[96m------------------------------------------------------------[0m
[1m[ DISK ][0m Used: [92m20.92 GB (2.28%)[0m | Free: 894.91 GB | Total: 915.83 GB
         [93mI/O:[0m Read 0.0 MB/s | Write 0.07 MB/s | Activity: 0.82%
[96m------------------------------------------------------------[0m
[1m[ NET ][0m Upload: 0.0 MB/s | Download: 0.0 MB/s
[96m------------------------------------------------------------[0m
[1m[ BATTERY ][0m [92m98.19%[0m (Charging/Plugged in)
[1m[96m============================================================[0m
[1m[92mData logged to 2026_logs/2026-09-28.jsonl... (Press Ctrl+C to stop)[0m
[1m[96m============================================================[0m
[1mSYSTEM MONITOR V2[0m | Time: 2026-09-28 14:32:04
[96m------------------------------------------------------------[0m
[1m[ CPU ][0m Used: [92m0.7%[0m | Free: 99.3%
[96m------------------------------------------------------------[0m
[1m[ RAM ][0m Used: [92m6.87 GB (46.3%)[0m | Available: 7.98 GB | Total: 14.84 GB
[1m[ SWAP ][0m Used: 0.0 GB (0.0%) | Free: 4.0 GB | Total: 4.0 GB
        [93mTop 5 RAM Processes (Logged 10):[0m
          1. chrome (PID 7552) - 767.86 MB (5.05%)
          2. chrome (PID 6787) - 546.0 MB (3.59%)
          3. code (PID 50824) - 466.91 MB (3.07%)
          4. code (PID 51580) - 451.97 MB (2.97%)
          5. gnome-shell (PID 4411) - 432.19 MB (2.84%)
[96m------------------------------------------------------------[0m
[1m[ DISK ][0m Used: [92m20.92 GB (2.28%)[0m | Free: 894.91 GB | Total: 915.83 GB
         [93mI/O:[0m Read 0.0 MB/s | Write 0.0 MB/s | Activity: 0.0%
[96m------------------------------------------------------------[0m
[1m[ NET ][0m Upload: 0.0 MB/s | Download: 0.0 MB/s
[96m------------------------------------------------------------[0m
[1m[ BATTERY ][0m [92m98.19%[0m (Charging/Plugged in)
[1m[96m============================================================[0m
[1m[92mData logged to 2026_logs/2026-09-28.jsonl... (Press Ctrl+C to stop)[0m
[1m[96m============================================================[0m
[1mSYSTEM MONITOR V2[0m | Time: 2026-09-28 14:32:09
[96m------------------------------------------------------------[0m
[1m[ CPU ][0m Used: [92m0.8%[0m | Free: 99.2%
[96m------------------------------------------------------------[0m
[1m[ RAM ][0m Used: [92m6.75 GB (45.5%)[0m | Available: 8.09 GB | Total: 14.84 GB
[1m[ SWAP ][0m Used: 0.0 GB (0.0%) | Free: 4.0 GB | Total: 4.0 GB
        [93mTop 5 RAM Processes (Logged 10):[0m
          1. chrome (PID 7552) - 767.86 MB (5.05%)
          2. chrome (PID 6787) - 545.78 MB (3.59%)
          3. code (PID 50824) - 466.93 MB (3.07%)
          4. code (PID 51580) - 452.05 MB (2.97%)
          5. gnome-shell (PID 4411) - 432.19 MB (2.84%)
[96m------------------------------------------------------------[0m
[1m[ DISK ][0m Used: [92m20.92 GB (2.28%)[0m | Free: 894.91 GB | Total: 915.83 GB
         [93mI/O:[0m Read 0.0 MB/s | Write 0.77 MB/s | Activity: 1.84%
[96m------------------------------------------------------------[0m
[1m[ NET ][0m Upload: 0.0 MB/s | Download: 0.0 MB/s
[96m------------------------------------------------------------[0m
[1m[ BATTERY ][0m [92m98.19%[0m (Charging/Plugged in)
[1m[96m============================================================[0m
[1m[92mData logged to 2026_logs/2026-09-28.jsonl... (Press Ctrl+C to stop)[0m
[1m[96m============================================================[0m
[1mSYSTEM MONITOR V2[0m | Time: 2026-09-28 14:32:15
[96m------------------------------------------------------------[0m
[1m[ CPU ][0m Used: [92m1.3%[0m | Free: 98.7%
[96m------------------------------------------------------------[0m
[1m[ RAM ][0m Used: [92m6.91 GB (46.5%)[0m | Available: 7.93 GB | Total: 14.84 GB
[1m[ SWAP ][0m Used: 0.0 GB (0.0%) | Free: 4.0 GB | Total: 4.0 GB
        [93mTop 5 RAM Processes (Logged 10):[0m
          1. chrome (PID 7552) - 767.86 MB (5.05%)
          2. chrome (PID 6787) - 549.53 MB (3.62%)
          3. code (PID 50824) - 466.46 MB (3.07%)
          4. code (PID 51580) - 452.14 MB (2.97%)
          5. gnome-shell (PID 4411) - 432.17 MB (2.84%)
[96m------------------------------------------------------------[0m
[1m[ DISK ][0m Used: [92m20.92 GB (2.28%)[0m | Free: 894.91 GB | Total: 915.83 GB
         [93mI/O:[0m Read 0.0 MB/s | Write 0.05 MB/s | Activity: 1.67%
[96m------------------------------------------------------------[0m
[1m[ NET ][0m Upload: 0.0 MB/s | Download: 0.0 MB/s
[96m------------------------------------------------------------[0m
[1m[ BATTERY ][0m [92m98.19%[0m (Charging/Plugged in)
[1m[96m============================================================[0m
[1m[92mData logged to 2026_logs/2026-09-28.jsonl... (Press Ctrl+C to stop)[0m
[1m[96m============================================================[0m
[1mSYSTEM MONITOR V2[0m | Time: 2026-09-28 14:32:20
[96m------------------------------------------------------------[0m
[1m[ CPU ][0m Used: [92m4.9%[0m | Free: 95.1%
        [93mTop 5 (Logged 10):[0m chrome (3.4%)
[96m------------------------------------------------------------[0m
[1m[ RAM ][0m Used: [92m7.1 GB (47.8%)[0m | Available: 7.75 GB | Total: 14.84 GB
[1m[ SWAP ][0m Used: 0.0 GB (0.0%) | Free: 4.0 GB | Total: 4.0 GB
        [93mTop 5 RAM Processes (Logged 10):[0m
          1. chrome (PID 7552) - 770.42 MB (5.07%)
          2. chrome (PID 6787) - 546.26 MB (3.59%)
          3. code (PID 50824) - 466.48 MB (3.07%)
          4. code (PID 51580) - 452.21 MB (2.98%)
          5. gnome-shell (PID 4411) - 432.17 MB (2.84%)
[96m------------------------------------------------------------[0m
[1m[ DISK ][0m Used: [92m20.92 GB (2.28%)[0m | Free: 894.91 GB | Total: 915.83 GB
         [93mI/O:[0m Read 0.0 MB/s | Write 0.06 MB/s | Activity: 0.22%
[96m------------------------------------------------------------[0m
[1m[ NET ][0m Upload: 0.0 MB/s | Download: 0.0 MB/s
[96m------------------------------------------------------------[0m
[1m[ BATTERY ][0m [92m98.19%[0m (Charging/Plugged in)
[1m[96m============================================================[0m
[1m[92mData logged to 2026_logs/2026-09-28.jsonl... (Press Ctrl+C to stop)[0m
[1m[96m============================================================[0m
[1mSYSTEM MONITOR V2[0m | Time: 2026-09-28 14:32:25
[96m------------------------------------------------------------[0m
[1m[ CPU ][0m Used: [92m2.0%[0m | Free: 98.0%
[96m------------------------------------------------------------[0m
[1m[ RAM ][0m Used: [92m7.03 GB (47.4%)[0m | Available: 7.81 GB | Total: 14.84 GB
[1m[ SWAP ][0m Used: 0.0 GB (0.0%) | Free: 4.0 GB | Total: 4.0 GB
        [93mTop 5 RAM Processes (Logged 10):[0m
          1. chrome (PID 7552) - 772.78 MB (5.08%)
          2. chrome (PID 6787) - 546.11 MB (3.59%)
          3. code (PID 50824) - 466.51 MB (3.07%)
          4. code (PID 51580) - 452.32 MB (2.98%)
          5. gnome-shell (PID 4411) - 432.17 MB (2.84%)
[96m------------------------------------------------------------[0m
[1m[ DISK ][0m Used: [92m20.92 GB (2.28%)[0m | Free: 894.91 GB | Total: 915.83 GB
         [93mI/O:[0m Read 0.0 MB/s | Write 0.51 MB/s | Activity: 1.69%
[96m------------------------------------------------------------[0m
[1m[ NET ][0m Upload: 0.0 MB/s | Download: 0.0 MB/s
[96m------------------------------------------------------------[0m
[1m[ BATTERY ][0m [92m98.19%[0m (Charging/Plugged in)
[1m[96m============================================================[0m
[1m[92mData logged to 2026_logs/2026-09-28.jsonl... (Press Ctrl+C to stop)[0m
[1m[96m============================================================[0m
[1mSYSTEM MONITOR V2[0m | Time: 2026-09-28 14:32:30
[96m------------------------------------------------------------[0m
[1m[ CPU ][0m Used: [92m0.7%[0m | Free: 99.3%
[96m------------------------------------------------------------[0m
[1m[ RAM ][0m Used: [92m6.96 GB (46.9%)[0m | Available: 7.88 GB | Total: 14.84 GB
[1m[ SWAP ][0m Used: 0.0 GB (0.0%) | Free: 4.0 GB | Total: 4.0 GB
        [93mTop 5 RAM Processes (Logged 10):[0m
          1. chrome (PID 7552) - 772.78 MB (5.08%)
          2. chrome (PID 6787) - 546.11 MB (3.59%)
          3. code (PID 50824) - 466.58 MB (3.07%)
          4. code (PID 51580) - 452.39 MB (2.98%)
          5. gnome-shell (PID 4411) - 432.17 MB (2.84%)
[96m------------------------------------------------------------[0m
[1m[ DISK ][0m Used: [92m20.92 GB (2.28%)[0m | Free: 894.91 GB | Total: 915.83 GB
         [93mI/O:[0m Read 0.0 MB/s | Write 0.02 MB/s | Activity: 0.82%
[96m------------------------------------------------------------[0m
[1m[ NET ][0m Upload: 0.0 MB/s | Download: 0.0 MB/s
[96m------------------------------------------------------------[0m
[1m[ BATTERY ][0m [92m98.19%[0m (Charging/Plugged in)
[1m[96m============================================================[0m
[1m[92mData logged to 2026_logs/2026-09-28.jsonl... (Press Ctrl+C to stop)[0m
[1m[96m============================================================[0m
[1mSYSTEM MONITOR V2[0m | Time: 2026-09-28 14:32:35
[96m------------------------------------------------------------[0m
[1m[ CPU ][0m Used: [92m0.6%[0m | Free: 99.4%
[96m------------------------------------------------------------[0m
[1m[ RAM ][0m Used: [92m6.93 GB (46.7%)[0m | Available: 7.91 GB | Total: 14.84 GB
[1m[ SWAP ][0m Used: 0.0 GB (0.0%) | Free: 4.0 GB | Total: 4.0 GB
        [93mTop 5 RAM Processes (Logged 10):[0m
          1. chrome (PID 7552) - 772.79 MB (5.08%)
          2. chrome (PID 6787) - 546.14 MB (3.59%)
          3. code (PID 50824) - 466.73 MB (3.07%)
          4. code (PID 51580) - 451.91 MB (2.97%)
          5. gnome-shell (PID 4411) - 432.22 MB (2.84%)
[96m------------------------------------------------------------[0m
[1m[ DISK ][0m Used: [92m20.92 GB (2.28%)[0m | Free: 894.91 GB | Total: 915.83 GB
         [93mI/O:[0m Read 0.0 MB/s | Write 0.02 MB/s | Activity: 0.92%
[96m------------------------------------------------------------[0m
[1m[ NET ][0m Upload: 0.0 MB/s | Download: 0.0 MB/s
[96m------------------------------------------------------------[0m
[1m[ BATTERY ][0m [92m98.19%[0m (Charging/Plugged in)
[1m[96m============================================================[0m
[1m[92mData logged to 2026_logs/2026-09-28.jsonl... (Press Ctrl+C to stop)[0m
[1m[96m============================================================[0m
[1mSYSTEM MONITOR V2[0m | Time: 2026-09-28 14:32:40
[96m------------------------------------------------------------[0m
[1m[ CPU ][0m Used: [92m0.8%[0m | Free: 99.2%
[96m------------------------------------------------------------[0m
[1m[ RAM ][0m Used: [92m6.9 GB (46.5%)[0m | Available: 7.94 GB | Total: 14.84 GB
[1m[ SWAP ][0m Used: 0.0 GB (0.0%) | Free: 4.0 GB | Total: 4.0 GB
        [93mTop 5 RAM Processes (Logged 10):[0m
          1. chrome (PID 7552) - 772.79 MB (5.08%)
          2. chrome (PID 6787) - 545.98 MB (3.59%)
          3. code (PID 50824) - 466.96 MB (3.07%)
          4. code (PID 51580) - 452.01 MB (2.97%)
          5. gnome-shell (PID 4411) - 432.22 MB (2.84%)
[96m------------------------------------------------------------[0m
[1m[ DISK ][0m Used: [92m20.92 GB (2.28%)[0m | Free: 894.91 GB | Total: 915.83 GB
         [93mI/O:[0m Read 0.0 MB/s | Write 1.07 MB/s | Activity: 1.02%
[96m------------------------------------------------------------[0m
[1m[ NET ][0m Upload: 0.0 MB/s | Download: 0.0 MB/s
[96m------------------------------------------------------------[0m
[1m[ BATTERY ][0m [92m98.19%[0m (Charging/Plugged in)
[1m[96m============================================================[0m
[1m[92mData logged to 2026_logs/2026-09-28.jsonl... (Press Ctrl+C to stop)[0m
[1m[96m============================================================[0m
[1mSYSTEM MONITOR V2[0m | Time: 2026-09-28 14:32:45
[96m------------------------------------------------------------[0m
[1m[ CPU ][0m Used: [92m1.3%[0m | Free: 98.7%
[96m------------------------------------------------------------[0m
[1m[ RAM ][0m Used: [92m6.86 GB (46.2%)[0m | Available: 7.98 GB | Total: 14.84 GB
[1m[ SWAP ][0m Used: 0.0 GB (0.0%) | Free: 4.0 GB | Total: 4.0 GB
        [93mTop 5 RAM Processes (Logged 10):[0m
          1. chrome (PID 7552) - 772.79 MB (5.08%)
          2. chrome (PID 6787) - 545.98 MB (3.59%)
          3. code (PID 50824) - 466.98 MB (3.07%)
          4. code (PID 51580) - 452.1 MB (2.97%)
          5. gnome-shell (PID 4411) - 432.15 MB (2.84%)
[96m------------------------------------------------------------[0m
[1m[ DISK ][0m Used: [92m20.92 GB (2.28%)[0m | Free: 894.91 GB | Total: 915.83 GB
         [93mI/O:[0m Read 0.0 MB/s | Write 0.04 MB/s | Activity: 1.73%
[96m------------------------------------------------------------[0m
[1m[ NET ][0m Upload: 0.0 MB/s | Download: 0.0 MB/s
[96m------------------------------------------------------------[0m
[1m[ BATTERY ][0m [92m98.19%[0m (Charging/Plugged in)
[1m[96m============================================================[0m
[1m[92mData logged to 2026_logs/2026-09-28.jsonl... (Press Ctrl+C to stop)[0m
[1m[96m============================================================[0m
[1mSYSTEM MONITOR V2[0m | Time: 2026-09-28 14:32:50
[96m------------------------------------------------------------[0m
[1m[ CPU ][0m Used: [92m1.0%[0m | Free: 99.0%
[96m------------------------------------------------------------[0m
[1m[ RAM ][0m Used: [92m6.86 GB (46.2%)[0m | Available: 7.98 GB | Total: 14.84 GB
[1m[ SWAP ][0m Used: 0.0 GB (0.0%) | Free: 4.0 GB | Total: 4.0 GB
        [93mTop 5 RAM Processes (Logged 10):[0m
          1. chrome (PID 7552) - 775.11 MB (5.1%)
          2. chrome (PID 6787) - 546.21 MB (3.59%)
          3. code (PID 50824) - 466.53 MB (3.07%)
          4. code (PID 51580) - 452.18 MB (2.98%)
          5. gnome-shell (PID 4411) - 432.15 MB (2.84%)
[96m------------------------------------------------------------[0m
[1m[ DISK ][0m Used: [92m20.92 GB (2.28%)[0m | Free: 894.91 GB | Total: 915.83 GB
         [93mI/O:[0m Read 0.0 MB/s | Write 2.44 MB/s | Activity: 0.39%
[96m------------------------------------------------------------[0m
[1m[ NET ][0m Upload: 0.0 MB/s | Download: 0.0 MB/s
[96m------------------------------------------------------------[0m
[1m[ BATTERY ][0m [92m98.19%[0m (Charging/Plugged in)
[1m[96m============================================================[0m
[1m[92mData logged to 2026_logs/2026-09-28.jsonl... (Press Ctrl+C to stop)[0m
[1m[96m============================================================[0m
[1mSYSTEM MONITOR V2[0m | Time: 2026-09-28 14:32:55
[96m------------------------------------------------------------[0m
[1m[ CPU ][0m Used: [92m0.7%[0m | Free: 99.3%
[96m------------------------------------------------------------[0m
[1m[ RAM ][0m Used: [92m6.86 GB (46.2%)[0m | Available: 7.98 GB | Total: 14.84 GB
[1m[ SWAP ][0m Used: 0.0 GB (0.0%) | Free: 4.0 GB | Total: 4.0 GB
        [93mTop 5 RAM Processes (Logged 10):[0m
          1. chrome (PID 7552) - 772.77 MB (5.08%)
          2. chrome (PID 6787) - 546.21 MB (3.59%)
          3. code (PID 50824) - 466.54 MB (3.07%)
          4. code (PID 51580) - 452.27 MB (2.98%)
          5. gnome-shell (PID 4411) - 432.15 MB (2.84%)
[96m------------------------------------------------------------[0m
[1m[ DISK ][0m Used: [92m20.92 GB (2.28%)[0m | Free: 894.91 GB | Total: 915.83 GB
         [93mI/O:[0m Read 0.0 MB/s | Write 0.32 MB/s | Activity: 1.73%
[96m------------------------------------------------------------[0m
[1m[ NET ][0m Upload: 0.0 MB/s | Download: 0.0 MB/s
[96m------------------------------------------------------------[0m
[1m[ BATTERY ][0m [92m98.19%[0m (Charging/Plugged in)
[1m[96m============================================================[0m
[1m[92mData logged to 2026_logs/2026-09-28.jsonl... (Press Ctrl+C to stop)[0m
[1m[96m============================================================[0m
[1mSYSTEM MONITOR V2[0m | Time: 2026-09-28 14:33:00
[96m------------------------------------------------------------[0m
[1m[ CPU ][0m Used: [92m0.9%[0m | Free: 99.1%
[96m------------------------------------------------------------[0m
[1m[ RAM ][0m Used: [92m6.86 GB (46.2%)[0m | Available: 7.98 GB | Total: 14.84 GB
[1m[ SWAP ][0m Used: 0.0 GB (0.0%) | Free: 4.0 GB | Total: 4.0 GB
        [93mTop 5 RAM Processes (Logged 10):[0m
          1. chrome (PID 7552) - 772.77 MB (5.08%)
          2. chrome (PID 6787) - 546.26 MB (3.59%)
          3. code (PID 50824) - 466.58 MB (3.07%)
          4. code (PID 51580) - 452.36 MB (2.98%)
          5. gnome-shell (PID 4411) - 432.16 MB (2.84%)
[96m------------------------------------------------------------[0m
[1m[ DISK ][0m Used: [92m20.92 GB (2.28%)[0m | Free: 894.91 GB | Total: 915.83 GB
         [93mI/O:[0m Read 0.0 MB/s | Write 0.07 MB/s | Activity: 1.04%
[96m------------------------------------------------------------[0m
[1m[ NET ][0m Upload: 0.0 MB/s | Download: 0.0 MB/s
[96m------------------------------------------------------------[0m
[1m[ BATTERY ][0m [92m98.19%[0m (Charging/Plugged in)
[1m[96m============================================================[0m
[1m[92mData logged to 2026_logs/2026-09-28.jsonl... (Press Ctrl+C to stop)[0m
[1m[96m============================================================[0m
[1mSYSTEM MONITOR V2[0m | Time: 2026-09-28 14:33:06
[96m------------------------------------------------------------[0m
[1m[ CPU ][0m Used: [92m0.9%[0m | Free: 99.1%
[96m------------------------------------------------------------[0m
[1m[ RAM ][0m Used: [92m6.88 GB (46.4%)[0m | Available: 7.96 GB | Total: 14.84 GB
[1m[ SWAP ][0m Used: 0.0 GB (0.0%) | Free: 4.0 GB | Total: 4.0 GB
        [93mTop 5 RAM Processes (Logged 10):[0m
          1. chrome (PID 7552) - 769.18 MB (5.06%)
          2. chrome (PID 6787) - 546.28 MB (3.59%)
          3. code (PID 50824) - 466.66 MB (3.07%)
          4. code (PID 51580) - 452.45 MB (2.98%)
          5. gnome-shell (PID 4411) - 432.16 MB (2.84%)
[96m------------------------------------------------------------[0m
[1m[ DISK ][0m Used: [92m20.92 GB (2.28%)[0m | Free: 894.91 GB | Total: 915.83 GB
         [93mI/O:[0m Read 0.0 MB/s | Write 0.01 MB/s | Activity: 0.86%
[96m------------------------------------------------------------[0m
[1m[ NET ][0m Upload: 0.0 MB/s | Download: 0.02 MB/s
[96m------------------------------------------------------------[0m
[1m[ BATTERY ][0m [92m98.19%[0m (Charging/Plugged in)
[1m[96m============================================================[0m
[1m[92mData logged to 2026_logs/2026-09-28.jsonl... (Press Ctrl+C to stop)[0m
[1m[96m============================================================[0m
[1mSYSTEM MONITOR V2[0m | Time: 2026-09-28 14:33:11
[96m------------------------------------------------------------[0m
[1m[ CPU ][0m Used: [92m0.7%[0m | Free: 99.3%
[96m------------------------------------------------------------[0m
[1m[ RAM ][0m Used: [92m6.88 GB (46.4%)[0m | Available: 7.96 GB | Total: 14.84 GB
[1m[ SWAP ][0m Used: 0.0 GB (0.0%) | Free: 4.0 GB | Total: 4.0 GB
        [93mTop 5 RAM Processes (Logged 10):[0m
          1. chrome (PID 7552) - 772.12 MB (5.08%)
          2. chrome (PID 6787) - 546.34 MB (3.59%)
          3. code (PID 50824) - 466.8 MB (3.07%)
          4. code (PID 51580) - 452.54 MB (2.98%)
          5. gnome-shell (PID 4411) - 432.14 MB (2.84%)
[96m------------------------------------------------------------[0m
[1m[ DISK ][0m Used: [92m20.92 GB (2.28%)[0m | Free: 894.91 GB | Total: 915.83 GB
         [93mI/O:[0m Read 0.0 MB/s | Write 0.01 MB/s | Activity: 0.94%
[96m------------------------------------------------------------[0m
[1m[ NET ][0m Upload: 0.0 MB/s | Download: 0.0 MB/s
[96m------------------------------------------------------------[0m
[1m[ BATTERY ][0m [92m98.19%[0m (Charging/Plugged in)
[1m[96m============================================================[0m
[1m[92mData logged to 2026_logs/2026-09-28.jsonl... (Press Ctrl+C to stop)[0m
[1m[96m============================================================[0m
[1mSYSTEM MONITOR V2[0m | Time: 2026-09-28 14:33:16
[96m------------------------------------------------------------[0m
[1m[ CPU ][0m Used: [92m1.9%[0m | Free: 98.1%
[96m------------------------------------------------------------[0m
[1m[ RAM ][0m Used: [92m6.91 GB (46.6%)[0m | Available: 7.93 GB | Total: 14.84 GB
[1m[ SWAP ][0m Used: 0.0 GB (0.0%) | Free: 4.0 GB | Total: 4.0 GB
        [93mTop 5 RAM Processes (Logged 10):[0m
          1. chrome (PID 7552) - 779.27 MB (5.13%)
          2. chrome (PID 6787) - 550.52 MB (3.62%)
          3. code (PID 50824) - 466.98 MB (3.07%)
          4. code (PID 51580) - 452.62 MB (2.98%)
          5. gnome-shell (PID 4411) - 432.14 MB (2.84%)
[96m------------------------------------------------------------[0m
[1m[ DISK ][0m Used: [92m20.92 GB (2.28%)[0m | Free: 894.91 GB | Total: 915.83 GB
         [93mI/O:[0m Read 0.0 MB/s | Write 0.69 MB/s | Activity: 0.1%
[96m------------------------------------------------------------[0m
[1m[ NET ][0m Upload: 0.01 MB/s | Download: 0.01 MB/s
[96m------------------------------------------------------------[0m
[1m[ BATTERY ][0m [92m98.19%[0m (Charging/Plugged in)
[1m[96m============================================================[0m
[1m[92mData logged to 2026_logs/2026-09-28.jsonl... (Press Ctrl+C to stop)[0m
[1m[96m============================================================[0m
[1mSYSTEM MONITOR V2[0m | Time: 2026-09-28 14:33:21
[96m------------------------------------------------------------[0m
[1m[ CPU ][0m Used: [92m0.7%[0m | Free: 99.3%
[96m------------------------------------------------------------[0m
[1m[ RAM ][0m Used: [92m6.92 GB (46.6%)[0m | Available: 7.92 GB | Total: 14.84 GB
[1m[ SWAP ][0m Used: 0.0 GB (0.0%) | Free: 4.0 GB | Total: 4.0 GB
        [93mTop 5 RAM Processes (Logged 10):[0m
          1. chrome (PID 7552) - 779.27 MB (5.13%)
          2. chrome (PID 6787) - 546.12 MB (3.59%)
          3. code (PID 50824) - 466.27 MB (3.07%)
          4. code (PID 51580) - 452.72 MB (2.98%)
          5. gnome-shell (PID 4411) - 432.2 MB (2.84%)
[96m------------------------------------------------------------[0m
[1m[ DISK ][0m Used: [92m20.92 GB (2.28%)[0m | Free: 894.91 GB | Total: 915.83 GB
         [93mI/O:[0m Read 0.0 MB/s | Write 0.1 MB/s | Activity: 1.7%
[96m------------------------------------------------------------[0m
[1m[ NET ][0m Upload: 0.0 MB/s | Download: 0.0 MB/s
[96m------------------------------------------------------------[0m
[1m[ BATTERY ][0m [92m98.19%[0m (Charging/Plugged in)
[1m[96m============================================================[0m
[1m[92mData logged to 2026_logs/2026-09-28.jsonl... (Press Ctrl+C to stop)[0m
[1m[96m============================================================[0m
[1mSYSTEM MONITOR V2[0m | Time: 2026-09-28 14:33:26
[96m------------------------------------------------------------[0m
[1m[ CPU ][0m Used: [92m0.8%[0m | Free: 99.2%
[96m------------------------------------------------------------[0m
[1m[ RAM ][0m Used: [92m6.89 GB (46.4%)[0m | Available: 7.95 GB | Total: 14.84 GB
[1m[ SWAP ][0m Used: 0.0 GB (0.0%) | Free: 4.0 GB | Total: 4.0 GB
        [93mTop 5 RAM Processes (Logged 10):[0m
          1. chrome (PID 7552) - 776.42 MB (5.11%)
          2. chrome (PID 6787) - 546.12 MB (3.59%)
          3. code (PID 50824) - 466.35 MB (3.07%)
          4. code (PID 51580) - 452.01 MB (2.97%)
          5. gnome-shell (PID 4411) - 432.22 MB (2.84%)
[96m------------------------------------------------------------[0m
[1m[ DISK ][0m Used: [92m20.92 GB (2.28%)[0m | Free: 894.91 GB | Total: 915.83 GB
         [93mI/O:[0m Read 0.0 MB/s | Write 0.03 MB/s | Activity: 0.18%
[96m------------------------------------------------------------[0m
[1m[ NET ][0m Upload: 0.0 MB/s | Download: 0.0 MB/s
[96m------------------------------------------------------------[0m
[1m[ BATTERY ][0m [92m98.19%[0m (Charging/Plugged in)
[1m[96m============================================================[0m
[1m[92mData logged to 2026_logs/2026-09-28.jsonl... (Press Ctrl+C to stop)[0m
[1m[96m============================================================[0m
[1mSYSTEM MONITOR V2[0m | Time: 2026-09-28 14:33:31
[96m------------------------------------------------------------[0m
[1m[ CPU ][0m Used: [92m0.8%[0m | Free: 99.2%
[96m------------------------------------------------------------[0m
[1m[ RAM ][0m Used: [92m6.89 GB (46.4%)[0m | Available: 7.96 GB | Total: 14.84 GB
[1m[ SWAP ][0m Used: 0.0 GB (0.0%) | Free: 4.0 GB | Total: 4.0 GB
        [93mTop 5 RAM Processes (Logged 10):[0m
          1. chrome (PID 7552) - 776.42 MB (5.11%)
          2. chrome (PID 6787) - 546.29 MB (3.59%)
          3. code (PID 50824) - 466.49 MB (3.07%)
          4. code (PID 51580) - 452.1 MB (2.97%)
          5. gnome-shell (PID 4411) - 432.19 MB (2.84%)
[96m------------------------------------------------------------[0m
[1m[ DISK ][0m Used: [92m20.92 GB (2.28%)[0m | Free: 894.91 GB | Total: 915.83 GB
         [93mI/O:[0m Read 0.0 MB/s | Write 0.33 MB/s | Activity: 0.88%
[96m------------------------------------------------------------[0m
[1m[ NET ][0m Upload: 0.0 MB/s | Download: 0.0 MB/s
[96m------------------------------------------------------------[0m
[1m[ BATTERY ][0m [92m98.19%[0m (Charging/Plugged in)
[1m[96m============================================================[0m
[1m[92mData logged to 2026_logs/2026-09-28.jsonl... (Press Ctrl+C to stop)[0m
[1m[96m============================================================[0m
[1mSYSTEM MONITOR V2[0m | Time: 2026-09-28 14:33:36
[96m------------------------------------------------------------[0m
[1m[ CPU ][0m Used: [92m0.6%[0m | Free: 99.4%
[96m------------------------------------------------------------[0m
[1m[ RAM ][0m Used: [92m6.89 GB (46.4%)[0m | Available: 7.96 GB | Total: 14.84 GB
[1m[ SWAP ][0m Used: 0.0 GB (0.0%) | Free: 4.0 GB | Total: 4.0 GB
        [93mTop 5 RAM Processes (Logged 10):[0m
          1. chrome (PID 7552) - 776.42 MB (5.11%)
          2. chrome (PID 6787) - 546.29 MB (3.59%)
          3. code (PID 50824) - 466.61 MB (3.07%)
          4. code (PID 51580) - 452.18 MB (2.98%)
          5. gnome-shell (PID 4411) - 432.19 MB (2.84%)
[96m------------------------------------------------------------[0m
[1m[ DISK ][0m Used: [92m20.92 GB (2.28%)[0m | Free: 894.91 GB | Total: 915.83 GB
         [93mI/O:[0m Read 0.0 MB/s | Write 0.08 MB/s | Activity: 0.86%
[96m------------------------------------------------------------[0m
[1m[ NET ][0m Upload: 0.0 MB/s | Download: 0.0 MB/s
[96m------------------------------------------------------------[0m
[1m[ BATTERY ][0m [92m98.19%[0m (Charging/Plugged in)
[1m[96m============================================================[0m
[1m[92mData logged to 2026_logs/2026-09-28.jsonl... (Press Ctrl+C to stop)[0m
[1m[96m============================================================[0m
[1mSYSTEM MONITOR V2[0m | Time: 2026-09-28 14:33:41
[96m------------------------------------------------------------[0m
[1m[ CPU ][0m Used: [92m0.7%[0m | Free: 99.3%
[96m------------------------------------------------------------[0m
[1m[ RAM ][0m Used: [92m6.89 GB (46.4%)[0m | Available: 7.95 GB | Total: 14.84 GB
[1m[ SWAP ][0m Used: 0.0 GB (0.0%) | Free: 4.0 GB | Total: 4.0 GB
        [93mTop 5 RAM Processes (Logged 10):[0m
          1. chrome (PID 7552) - 776.42 MB (5.11%)
          2. chrome (PID 6787) - 546.29 MB (3.59%)
          3. code (PID 50824) - 466.7 MB (3.07%)
          4. code (PID 51580) - 452.26 MB (2.98%)
          5. gnome-shell (PID 4411) - 432.25 MB (2.84%)
[96m------------------------------------------------------------[0m
[1m[ DISK ][0m Used: [92m20.92 GB (2.28%)[0m | Free: 894.91 GB | Total: 915.83 GB
         [93mI/O:[0m Read 0.0 MB/s | Write 0.0 MB/s | Activity: 0.0%
[96m------------------------------------------------------------[0m
[1m[ NET ][0m Upload: 0.0 MB/s | Download: 0.0 MB/s
[96m------------------------------------------------------------[0m
[1m[ BATTERY ][0m [92m98.19%[0m (Charging/Plugged in)
[1m[96m============================================================[0m
[1m[92mData logged to 2026_logs/2026-09-28.jsonl... (Press Ctrl+C to stop)[0m
[1m[96m============================================================[0m
[1mSYSTEM MONITOR V2[0m | Time: 2026-09-28 14:33:46
[96m------------------------------------------------------------[0m
[1m[ CPU ][0m Used: [92m1.1%[0m | Free: 98.9%
[96m------------------------------------------------------------[0m
[1m[ RAM ][0m Used: [92m6.87 GB (46.3%)[0m | Available: 7.98 GB | Total: 14.84 GB
[1m[ SWAP ][0m Used: 0.0 GB (0.0%) | Free: 4.0 GB | Total: 4.0 GB
        [93mTop 5 RAM Processes (Logged 10):[0m
          1. chrome (PID 7552) - 771.02 MB (5.07%)
          2. chrome (PID 6787) - 546.13 MB (3.59%)
          3. code (PID 50824) - 466.86 MB (3.07%)
          4. code (PID 51580) - 452.35 MB (2.98%)
          5. gnome-shell (PID 4411) - 432.25 MB (2.84%)
[96m------------------------------------------------------------[0m
[1m[ DISK ][0m Used: [92m20.92 GB (2.28%)[0m | Free: 894.91 GB | Total: 915.83 GB
         [93mI/O:[0m Read 0.0 MB/s | Write 0.04 MB/s | Activity: 1.78%
[96m------------------------------------------------------------[0m
[1m[ NET ][0m Upload: 0.0 MB/s | Download: 0.0 MB/s
[96m------------------------------------------------------------[0m
[1m[ BATTERY ][0m [92m98.19%[0m (Charging/Plugged in)
[1m[96m============================================================[0m
[1m[92mData logged to 2026_logs/2026-09-28.jsonl... (Press Ctrl+C to stop)[0m
[1m[96m============================================================[0m
[1mSYSTEM MONITOR V2[0m | Time: 2026-09-28 14:33:51
[96m------------------------------------------------------------[0m
[1m[ CPU ][0m Used: [92m0.8%[0m | Free: 99.2%
[96m------------------------------------------------------------[0m
[1m[ RAM ][0m Used: [92m6.87 GB (46.3%)[0m | Available: 7.97 GB | Total: 14.84 GB
[1m[ SWAP ][0m Used: 0.0 GB (0.0%) | Free: 4.0 GB | Total: 4.0 GB
        [93mTop 5 RAM Processes (Logged 10):[0m
          1. chrome (PID 7552) - 771.02 MB (5.07%)
          2. chrome (PID 6787) - 546.13 MB (3.59%)
          3. code (PID 50824) - 467.03 MB (3.07%)
          4. code (PID 51580) - 452.43 MB (2.98%)
          5. gnome-shell (PID 4411) - 432.12 MB (2.84%)
[96m------------------------------------------------------------[0m
[1m[ DISK ][0m Used: [92m20.92 GB (2.28%)[0m | Free: 894.91 GB | Total: 915.83 GB
         [93mI/O:[0m Read 0.0 MB/s | Write 1.02 MB/s | Activity: 0.1%
[96m------------------------------------------------------------[0m
[1m[ NET ][0m Upload: 0.0 MB/s | Download: 0.0 MB/s
[96m------------------------------------------------------------[0m
[1m[ BATTERY ][0m [92m98.19%[0m (Charging/Plugged in)
[1m[96m============================================================[0m
[1m[92mData logged to 2026_logs/2026-09-28.jsonl... (Press Ctrl+C to stop)[0m
[1m[96m============================================================[0m
[1mSYSTEM MONITOR V2[0m | Time: 2026-09-28 14:33:56
[96m------------------------------------------------------------[0m
[1m[ CPU ][0m Used: [92m0.9%[0m | Free: 99.1%
[96m------------------------------------------------------------[0m
[1m[ RAM ][0m Used: [92m6.87 GB (46.3%)[0m | Available: 7.97 GB | Total: 14.84 GB
[1m[ SWAP ][0m Used: 0.0 GB (0.0%) | Free: 4.0 GB | Total: 4.0 GB
        [93mTop 5 RAM Processes (Logged 10):[0m
          1. chrome (PID 7552) - 774.16 MB (5.09%)
          2. chrome (PID 6787) - 546.19 MB (3.59%)
          3. code (PID 50824) - 466.34 MB (3.07%)
          4. code (PID 51580) - 452.51 MB (2.98%)
          5. gnome-shell (PID 4411) - 432.17 MB (2.84%)
[96m------------------------------------------------------------[0m
[1m[ DISK ][0m Used: [92m20.92 GB (2.28%)[0m | Free: 894.91 GB | Total: 915.83 GB
         [93mI/O:[0m Read 0.0 MB/s | Write 0.06 MB/s | Activity: 0.92%
[96m------------------------------------------------------------[0m
[1m[ NET ][0m Upload: 0.0 MB/s | Download: 0.0 MB/s
[96m------------------------------------------------------------[0m
[1m[ BATTERY ][0m [92m98.19%[0m (Charging/Plugged in)
[1m[96m============================================================[0m
[1m[92mData logged to 2026_logs/2026-09-28.jsonl... (Press Ctrl+C to stop)[0m
[1m[96m============================================================[0m
[1mSYSTEM MONITOR V2[0m | Time: 2026-09-28 14:34:01
[96m------------------------------------------------------------[0m
[1m[ CPU ][0m Used: [92m0.8%[0m | Free: 99.2%
[96m------------------------------------------------------------[0m
[1m[ RAM ][0m Used: [92m6.87 GB (46.3%)[0m | Available: 7.98 GB | Total: 14.84 GB
[1m[ SWAP ][0m Used: 0.0 GB (0.0%) | Free: 4.0 GB | Total: 4.0 GB
        [93mTop 5 RAM Processes (Logged 10):[0m
          1. chrome (PID 7552) - 772.48 MB (5.08%)
          2. chrome (PID 6787) - 546.2 MB (3.59%)
          3. code (PID 50824) - 466.41 MB (3.07%)
          4. code (PID 51580) - 452.59 MB (2.98%)
          5. gnome-shell (PID 4411) - 432.18 MB (2.84%)
[96m------------------------------------------------------------[0m
[1m[ DISK ][0m Used: [92m20.92 GB (2.28%)[0m | Free: 894.91 GB | Total: 915.83 GB
         [93mI/O:[0m Read 0.0 MB/s | Write 0.38 MB/s | Activity: 1.02%
[96m------------------------------------------------------------[0m
[1m[ NET ][0m Upload: 0.0 MB/s | Download: 0.0 MB/s
[96m------------------------------------------------------------[0m
[1m[ BATTERY ][0m [92m98.19%[0m (Charging/Plugged in)
[1m[96m============================================================[0m
[1m[92mData logged to 2026_logs/2026-09-28.jsonl... (Press Ctrl+C to stop)[0m
[1m[96m============================================================[0m
[1mSYSTEM MONITOR V2[0m | Time: 2026-09-28 14:34:07
[96m------------------------------------------------------------[0m
[1m[ CPU ][0m Used: [92m0.8%[0m | Free: 99.2%
[96m------------------------------------------------------------[0m
[1m[ RAM ][0m Used: [92m6.87 GB (46.3%)[0m | Available: 7.98 GB | Total: 14.84 GB
[1m[ SWAP ][0m Used: 0.0 GB (0.0%) | Free: 4.0 GB | Total: 4.0 GB
        [93mTop 5 RAM Processes (Logged 10):[0m
          1. chrome (PID 7552) - 772.48 MB (5.08%)
          2. chrome (PID 6787) - 546.45 MB (3.6%)
          3. code (PID 50824) - 466.55 MB (3.07%)
          4. code (PID 51580) - 452.68 MB (2.98%)
          5. gnome-shell (PID 4411) - 432.17 MB (2.84%)
[96m------------------------------------------------------------[0m
[1m[ DISK ][0m Used: [92m20.92 GB (2.28%)[0m | Free: 894.91 GB | Total: 915.83 GB
         [93mI/O:[0m Read 0.0 MB/s | Write 0.0 MB/s | Activity: 0.0%
[96m------------------------------------------------------------[0m
[1m[ NET ][0m Upload: 0.0 MB/s | Download: 0.0 MB/s
[96m------------------------------------------------------------[0m
[1m[ BATTERY ][0m [92m98.19%[0m (Charging/Plugged in)
[1m[96m============================================================[0m
[1m[92mData logged to 2026_logs/2026-09-28.jsonl... (Press Ctrl+C to stop)[0m
[1m[96m============================================================[0m
[1mSYSTEM MONITOR V2[0m | Time: 2026-09-28 14:34:12
[96m------------------------------------------------------------[0m
[1m[ CPU ][0m Used: [92m0.8%[0m | Free: 99.2%
[96m------------------------------------------------------------[0m
[1m[ RAM ][0m Used: [92m6.87 GB (46.3%)[0m | Available: 7.97 GB | Total: 14.84 GB
[1m[ SWAP ][0m Used: 0.0 GB (0.0%) | Free: 4.0 GB | Total: 4.0 GB
        [93mTop 5 RAM Processes (Logged 10):[0m
          1. chrome (PID 7552) - 772.48 MB (5.08%)
          2. chrome (PID 6787) - 546.12 MB (3.59%)
          3. code (PID 50824) - 466.67 MB (3.07%)
          4. code (PID 51580) - 452.78 MB (2.98%)
          5. gnome-shell (PID 4411) - 432.3 MB (2.84%)
[96m------------------------------------------------------------[0m
[1m[ DISK ][0m Used: [92m20.92 GB (2.28%)[0m | Free: 894.91 GB | Total: 915.83 GB
         [93mI/O:[0m Read 0.0 MB/s | Write 0.7 MB/s | Activity: 1.83%
[96m------------------------------------------------------------[0m
[1m[ NET ][0m Upload: 0.0 MB/s | Download: 0.0 MB/s
[96m------------------------------------------------------------[0m
[1m[ BATTERY ][0m [92m98.19%[0m (Charging/Plugged in)
[1m[96m============================================================[0m
[1m[92mData logged to 2026_logs/2026-09-28.jsonl... (Press Ctrl+C to stop)[0m
[1m[96m============================================================[0m
[1mSYSTEM MONITOR V2[0m | Time: 2026-09-28 14:34:17
[96m------------------------------------------------------------[0m
[1m[ CPU ][0m Used: [92m1.4%[0m | Free: 98.6%
[96m------------------------------------------------------------[0m
[1m[ RAM ][0m Used: [92m6.9 GB (46.5%)[0m | Available: 7.94 GB | Total: 14.84 GB
[1m[ SWAP ][0m Used: 0.0 GB (0.0%) | Free: 4.0 GB | Total: 4.0 GB
        [93mTop 5 RAM Processes (Logged 10):[0m
          1. chrome (PID 7552) - 769.36 MB (5.06%)
          2. chrome (PID 6787) - 546.17 MB (3.59%)
          3. code (PID 50824) - 466.79 MB (3.07%)
          4. code (PID 51580) - 452.85 MB (2.98%)
          5. gnome-shell (PID 4411) - 432.3 MB (2.84%)
[96m------------------------------------------------------------[0m
[1m[ DISK ][0m Used: [92m20.92 GB (2.28%)[0m | Free: 894.91 GB | Total: 915.83 GB
         [93mI/O:[0m Read 0.0 MB/s | Write 0.02 MB/s | Activity: 0.96%
[96m------------------------------------------------------------[0m
[1m[ NET ][0m Upload: 0.0 MB/s | Download: 0.01 MB/s
[96m------------------------------------------------------------[0m
[1m[ BATTERY ][0m [92m98.19%[0m (Charging/Plugged in)
[1m[96m============================================================[0m
[1m[92mData logged to 2026_logs/2026-09-28.jsonl... (Press Ctrl+C to stop)[0m
[1m[96m============================================================[0m
[1mSYSTEM MONITOR V2[0m | Time: 2026-09-28 14:34:22
[96m------------------------------------------------------------[0m
[1m[ CPU ][0m Used: [92m0.7%[0m | Free: 99.3%
[96m------------------------------------------------------------[0m
[1m[ RAM ][0m Used: [92m6.91 GB (46.5%)[0m | Available: 7.94 GB | Total: 14.84 GB
[1m[ SWAP ][0m Used: 0.0 GB (0.0%) | Free: 4.0 GB | Total: 4.0 GB
        [93mTop 5 RAM Processes (Logged 10):[0m
          1. chrome (PID 7552) - 769.36 MB (5.06%)
          2. chrome (PID 6787) - 546.17 MB (3.59%)
          3. code (PID 50824) - 466.88 MB (3.07%)
          4. code (PID 51580) - 452.17 MB (2.97%)
          5. gnome-shell (PID 4411) - 432.29 MB (2.84%)
[96m------------------------------------------------------------[0m
[1m[ DISK ][0m Used: [92m20.92 GB (2.28%)[0m | Free: 894.91 GB | Total: 915.83 GB
         [93mI/O:[0m Read 0.0 MB/s | Write 0.42 MB/s | Activity: 1.7%
[96m------------------------------------------------------------[0m
[1m[ NET ][0m Upload: 0.0 MB/s | Download: 0.0 MB/s
[96m------------------------------------------------------------[0m
[1m[ BATTERY ][0m [92m98.19%[0m (Charging/Plugged in)
[1m[96m============================================================[0m
[1m[92mData logged to 2026_logs/2026-09-28.jsonl... (Press Ctrl+C to stop)[0m
[1m[96m============================================================[0m
[1mSYSTEM MONITOR V2[0m | Time: 2026-09-28 14:34:27
[96m------------------------------------------------------------[0m
[1m[ CPU ][0m Used: [92m0.7%[0m | Free: 99.3%
[96m------------------------------------------------------------[0m
[1m[ RAM ][0m Used: [92m6.9 GB (46.5%)[0m | Available: 7.94 GB | Total: 14.84 GB
[1m[ SWAP ][0m Used: 0.0 GB (0.0%) | Free: 4.0 GB | Total: 4.0 GB
        [93mTop 5 RAM Processes (Logged 10):[0m
          1. chrome (PID 7552) - 769.36 MB (5.06%)
          2. chrome (PID 6787) - 546.18 MB (3.59%)
          3. code (PID 50824) - 467.1 MB (3.07%)
          4. code (PID 51580) - 452.25 MB (2.98%)
          5. gnome-shell (PID 4411) - 432.29 MB (2.84%)
[96m------------------------------------------------------------[0m
[1m[ DISK ][0m Used: [92m20.92 GB (2.28%)[0m | Free: 894.91 GB | Total: 915.83 GB
         [93mI/O:[0m Read 0.0 MB/s | Write 0.01 MB/s | Activity: 0.8%
[96m------------------------------------------------------------[0m
[1m[ NET ][0m Upload: 0.0 MB/s | Download: 0.0 MB/s
[96m------------------------------------------------------------[0m
[1m[ BATTERY ][0m [92m98.19%[0m (Charging/Plugged in)
[1m[96m============================================================[0m
[1m[92mData logged to 2026_logs/2026-09-28.jsonl... (Press Ctrl+C to stop)[0m
[1m[96m============================================================[0m
[1mSYSTEM MONITOR V2[0m | Time: 2026-09-28 14:34:32
[96m------------------------------------------------------------[0m
[1m[ CPU ][0m Used: [92m0.7%[0m | Free: 99.3%
[96m------------------------------------------------------------[0m
[1m[ RAM ][0m Used: [92m6.91 GB (46.5%)[0m | Available: 7.94 GB | Total: 14.84 GB
[1m[ SWAP ][0m Used: 0.0 GB (0.0%) | Free: 4.0 GB | Total: 4.0 GB
        [93mTop 5 RAM Processes (Logged 10):[0m
          1. chrome (PID 7552) - 769.36 MB (5.06%)
          2. chrome (PID 6787) - 546.07 MB (3.59%)
          3. code (PID 50824) - 466.4 MB (3.07%)
          4. code (PID 51580) - 452.33 MB (2.98%)
          5. gnome-shell (PID 4411) - 432.23 MB (2.84%)
[96m------------------------------------------------------------[0m
[1m[ DISK ][0m Used: [92m20.92 GB (2.28%)[0m | Free: 894.91 GB | Total: 915.83 GB
         [93mI/O:[0m Read 0.0 MB/s | Write 0.43 MB/s | Activity: 0.94%
[96m------------------------------------------------------------[0m
[1m[ NET ][0m Upload: 0.0 MB/s | Download: 0.0 MB/s
[96m------------------------------------------------------------[0m
[1m[ BATTERY ][0m [92m98.19%[0m (Charging/Plugged in)
[1m[96m============================================================[0m
[1m[92mData logged to 2026_logs/2026-09-28.jsonl... (Press Ctrl+C to stop)[0m
[1m[96m============================================================[0m
[1mSYSTEM MONITOR V2[0m | Time: 2026-09-28 14:34:37
[96m------------------------------------------------------------[0m
[1m[ CPU ][0m Used: [92m0.8%[0m | Free: 99.2%
[96m------------------------------------------------------------[0m
[1m[ RAM ][0m Used: [92m6.91 GB (46.5%)[0m | Available: 7.94 GB | Total: 14.84 GB
[1m[ SWAP ][0m Used: 0.0 GB (0.0%) | Free: 4.0 GB | Total: 4.0 GB
        [93mTop 5 RAM Processes (Logged 10):[0m
          1. chrome (PID 7552) - 768.38 MB (5.06%)
          2. chrome (PID 6787) - 546.14 MB (3.59%)
          3. code (PID 50824) - 466.48 MB (3.07%)
          4. code (PID 51580) - 452.41 MB (2.98%)
          5. gnome-shell (PID 4411) - 432.23 MB (2.84%)
[96m------------------------------------------------------------[0m
[1m[ DISK ][0m Used: [92m20.92 GB (2.28%)[0m | Free: 894.91 GB | Total: 915.83 GB
         [93mI/O:[0m Read 0.0 MB/s | Write 0.03 MB/s | Activity: 1.08%
[96m------------------------------------------------------------[0m
[1m[ NET ][0m Upload: 0.0 MB/s | Download: 0.0 MB/s
[96m------------------------------------------------------------[0m
[1m[ BATTERY ][0m [92m98.19%[0m (Charging/Plugged in)
[1m[96m============================================================[0m
[1m[92mData logged to 2026_logs/2026-09-28.jsonl... (Press Ctrl+C to stop)[0m
[1m[96m============================================================[0m
[1mSYSTEM MONITOR V2[0m | Time: 2026-09-28 14:34:42
[96m------------------------------------------------------------[0m
[1m[ CPU ][0m Used: [92m0.7%[0m | Free: 99.3%
[96m------------------------------------------------------------[0m
[1m[ RAM ][0m Used: [92m6.91 GB (46.5%)[0m | Available: 7.94 GB | Total: 14.84 GB
[1m[ SWAP ][0m Used: 0.0 GB (0.0%) | Free: 4.0 GB | Total: 4.0 GB
        [93mTop 5 RAM Processes (Logged 10):[0m
          1. chrome (PID 7552) - 768.38 MB (5.06%)
          2. chrome (PID 6787) - 546.14 MB (3.59%)
          3. code (PID 50824) - 466.63 MB (3.07%)
          4. code (PID 51580) - 452.5 MB (2.98%)
          5. gnome-shell (PID 4411) - 432.23 MB (2.84%)
[96m------------------------------------------------------------[0m
[1m[ DISK ][0m Used: [92m20.92 GB (2.28%)[0m | Free: 894.91 GB | Total: 915.83 GB
         [93mI/O:[0m Read 0.0 MB/s | Write 0.0 MB/s | Activity: 0.04%
[96m------------------------------------------------------------[0m
[1m[ NET ][0m Upload: 0.0 MB/s | Download: 0.0 MB/s
[96m------------------------------------------------------------[0m
[1m[ BATTERY ][0m [92m98.19%[0m (Charging/Plugged in)
[1m[96m============================================================[0m
[1m[92mData logged to 2026_logs/2026-09-28.jsonl... (Press Ctrl+C to stop)[0m
[1m[96m============================================================[0m
[1mSYSTEM MONITOR V2[0m | Time: 2026-09-28 14:34:47
[96m------------------------------------------------------------[0m
[1m[ CPU ][0m Used: [92m1.2%[0m | Free: 98.8%
[96m------------------------------------------------------------[0m
[1m[ RAM ][0m Used: [92m6.88 GB (46.3%)[0m | Available: 7.97 GB | Total: 14.84 GB
[1m[ SWAP ][0m Used: 0.0 GB (0.0%) | Free: 4.0 GB | Total: 4.0 GB
        [93mTop 5 RAM Processes (Logged 10):[0m
          1. chrome (PID 7552) - 768.38 MB (5.06%)
          2. chrome (PID 6787) - 546.56 MB (3.6%)
          3. code (PID 50824) - 466.75 MB (3.07%)
          4. code (PID 51580) - 452.59 MB (2.98%)
          5. gnome-shell (PID 4411) - 432.23 MB (2.84%)
[96m------------------------------------------------------------[0m
[1m[ DISK ][0m Used: [92m20.92 GB (2.28%)[0m | Free: 894.91 GB | Total: 915.83 GB
         [93mI/O:[0m Read 0.0 MB/s | Write 0.05 MB/s | Activity: 1.53%
[96m------------------------------------------------------------[0m
[1m[ NET ][0m Upload: 0.0 MB/s | Download: 0.0 MB/s
[96m------------------------------------------------------------[0m
[1m[ BATTERY ][0m [92m98.19%[0m (Charging/Plugged in)
[1m[96m============================================================[0m
[1m[92mData logged to 2026_logs/2026-09-28.jsonl... (Press Ctrl+C to stop)[0m
[1m[96m============================================================[0m
[1mSYSTEM MONITOR V2[0m | Time: 2026-09-28 14:34:52
[96m------------------------------------------------------------[0m
[1m[ CPU ][0m Used: [92m0.8%[0m | Free: 99.2%
[96m------------------------------------------------------------[0m
[1m[ RAM ][0m Used: [92m6.87 GB (46.3%)[0m | Available: 7.97 GB | Total: 14.84 GB
[1m[ SWAP ][0m Used: 0.0 GB (0.0%) | Free: 4.0 GB | Total: 4.0 GB
        [93mTop 5 RAM Processes (Logged 10):[0m
          1. chrome (PID 7552) - 768.38 MB (5.06%)
          2. chrome (PID 6787) - 546.25 MB (3.59%)
          3. code (PID 50824) - 466.98 MB (3.07%)
          4. code (PID 51580) - 452.66 MB (2.98%)
          5. gnome-shell (PID 4411) - 432.23 MB (2.84%)
[96m------------------------------------------------------------[0m
[1m[ DISK ][0m Used: [92m20.92 GB (2.28%)[0m | Free: 894.91 GB | Total: 915.83 GB
         [93mI/O:[0m Read 0.0 MB/s | Write 0.95 MB/s | Activity: 1.0%
[96m------------------------------------------------------------[0m
[1m[ NET ][0m Upload: 0.0 MB/s | Download: 0.0 MB/s
[96m------------------------------------------------------------[0m
[1m[ BATTERY ][0m [92m98.19%[0m (Charging/Plugged in)
[1m[96m============================================================[0m
[1m[92mData logged to 2026_logs/2026-09-28.jsonl... (Press Ctrl+C to stop)[0m
[1m[96m============================================================[0m
[1mSYSTEM MONITOR V2[0m | Time: 2026-09-28 14:34:58
[96m------------------------------------------------------------[0m
[1m[ CPU ][0m Used: [92m0.7%[0m | Free: 99.3%
[96m------------------------------------------------------------[0m
[1m[ RAM ][0m Used: [92m6.86 GB (46.2%)[0m | Available: 7.98 GB | Total: 14.84 GB
[1m[ SWAP ][0m Used: 0.0 GB (0.0%) | Free: 4.0 GB | Total: 4.0 GB
        [93mTop 5 RAM Processes (Logged 10):[0m
          1. chrome (PID 7552) - 768.38 MB (5.06%)
          2. chrome (PID 6787) - 546.19 MB (3.59%)
          3. code (PID 50824) - 467.02 MB (3.07%)
          4. code (PID 51580) - 452.75 MB (2.98%)
          5. gnome-shell (PID 4411) - 432.23 MB (2.84%)
[96m------------------------------------------------------------[0m
[1m[ DISK ][0m Used: [92m20.92 GB (2.28%)[0m | Free: 894.91 GB | Total: 915.83 GB
         [93mI/O:[0m Read 0.0 MB/s | Write 0.03 MB/s | Activity: 0.86%
[96m------------------------------------------------------------[0m
[1m[ NET ][0m Upload: 0.0 MB/s | Download: 0.0 MB/s
[96m------------------------------------------------------------[0m
[1m[ BATTERY ][0m [92m98.19%[0m (Charging/Plugged in)
[1m[96m============================================================[0m
[1m[92mData logged to 2026_logs/2026-09-28.jsonl... (Press Ctrl+C to stop)[0m
[1m[96m============================================================[0m
[1mSYSTEM MONITOR V2[0m | Time: 2026-09-28 14:35:03
[96m------------------------------------------------------------[0m
[1m[ CPU ][0m Used: [92m0.7%[0m | Free: 99.3%
[96m------------------------------------------------------------[0m
[1m[ RAM ][0m Used: [92m6.86 GB (46.2%)[0m | Available: 7.99 GB | Total: 14.84 GB
[1m[ SWAP ][0m Used: 0.0 GB (0.0%) | Free: 4.0 GB | Total: 4.0 GB
        [93mTop 5 RAM Processes (Logged 10):[0m
          1. chrome (PID 7552) - 768.38 MB (5.06%)
          2. chrome (PID 6787) - 546.11 MB (3.59%)
          3. code (PID 50824) - 467.32 MB (3.07%)
          4. code (PID 51580) - 452.83 MB (2.98%)
          5. gnome-shell (PID 4411) - 432.29 MB (2.84%)
[96m------------------------------------------------------------[0m
[1m[ DISK ][0m Used: [92m20.92 GB (2.28%)[0m | Free: 894.91 GB | Total: 915.83 GB
         [93mI/O:[0m Read 0.0 MB/s | Write 0.37 MB/s | Activity: 1.0%
[96m------------------------------------------------------------[0m
[1m[ NET ][0m Upload: 0.0 MB/s | Download: 0.0 MB/s
[96m------------------------------------------------------------[0m
[1m[ BATTERY ][0m [92m98.19%[0m (Charging/Plugged in)
[1m[96m============================================================[0m
[1m[92mData logged to 2026_logs/2026-09-28.jsonl... (Press Ctrl+C to stop)[0m
[1m[96m============================================================[0m
[1mSYSTEM MONITOR V2[0m | Time: 2026-09-28 14:35:08
[96m------------------------------------------------------------[0m
[1m[ CPU ][0m Used: [92m0.8%[0m | Free: 99.2%
[96m------------------------------------------------------------[0m
[1m[ RAM ][0m Used: [92m6.75 GB (45.5%)[0m | Available: 8.1 GB | Total: 14.84 GB
[1m[ SWAP ][0m Used: 0.0 GB (0.0%) | Free: 4.0 GB | Total: 4.0 GB
        [93mTop 5 RAM Processes (Logged 10):[0m
          1. chrome (PID 7552) - 768.38 MB (5.06%)
          2. chrome (PID 6787) - 545.94 MB (3.59%)
          3. code (PID 50824) - 467.28 MB (3.07%)
          4. code (PID 51580) - 452.94 MB (2.98%)
          5. gnome-shell (PID 4411) - 432.29 MB (2.84%)
[96m------------------------------------------------------------[0m
[1m[ DISK ][0m Used: [92m20.92 GB (2.28%)[0m | Free: 894.91 GB | Total: 915.83 GB
         [93mI/O:[0m Read 0.0 MB/s | Write 0.05 MB/s | Activity: 0.94%
[96m------------------------------------------------------------[0m
[1m[ NET ][0m Upload: 0.0 MB/s | Download: 0.0 MB/s
[96m------------------------------------------------------------[0m
[1m[ BATTERY ][0m [92m98.19%[0m (Charging/Plugged in)
[1m[96m============================================================[0m
[1m[92mData logged to 2026_logs/2026-09-28.jsonl... (Press Ctrl+C to stop)[0m
[1m[96m============================================================[0m
[1mSYSTEM MONITOR V2[0m | Time: 2026-09-28 14:35:13
[96m------------------------------------------------------------[0m
[1m[ CPU ][0m Used: [92m0.7%[0m | Free: 99.3%
[96m------------------------------------------------------------[0m
[1m[ RAM ][0m Used: [92m6.74 GB (45.4%)[0m | Available: 8.1 GB | Total: 14.84 GB
[1m[ SWAP ][0m Used: 0.0 GB (0.0%) | Free: 4.0 GB | Total: 4.0 GB
        [93mTop 5 RAM Processes (Logged 10):[0m
          1. chrome (PID 7552) - 768.38 MB (5.06%)
          2. chrome (PID 6787) - 545.82 MB (3.59%)
          3. code (PID 50824) - 467.39 MB (3.08%)
          4. code (PID 51580) - 452.43 MB (2.98%)
          5. gnome-shell (PID 4411) - 432.16 MB (2.84%)
[96m------------------------------------------------------------[0m
[1m[ DISK ][0m Used: [92m20.92 GB (2.28%)[0m | Free: 894.91 GB | Total: 915.83 GB
         [93mI/O:[0m Read 0.0 MB/s | Write 0.01 MB/s | Activity: 0.92%
[96m------------------------------------------------------------[0m
[1m[ NET ][0m Upload: 0.0 MB/s | Download: 0.0 MB/s
[96m------------------------------------------------------------[0m
[1m[ BATTERY ][0m [92m98.19%[0m (Charging/Plugged in)
[1m[96m============================================================[0m
[1m[92mData logged to 2026_logs/2026-09-28.jsonl... (Press Ctrl+C to stop)[0m
[1m[96m============================================================[0m
[1mSYSTEM MONITOR V2[0m | Time: 2026-09-28 14:35:18
[96m------------------------------------------------------------[0m
[1m[ CPU ][0m Used: [92m5.5%[0m | Free: 94.5%
[96m------------------------------------------------------------[0m
[1m[ RAM ][0m Used: [92m7.16 GB (48.3%)[0m | Available: 7.68 GB | Total: 14.84 GB
[1m[ SWAP ][0m Used: 0.0 GB (0.0%) | Free: 4.0 GB | Total: 4.0 GB
        [93mTop 5 RAM Processes (Logged 10):[0m
          1. chrome (PID 7552) - 768.39 MB (5.06%)
          2. chrome (PID 6787) - 546.18 MB (3.59%)
          3. code (PID 50824) - 467.52 MB (3.08%)
          4. code (PID 51580) - 452.52 MB (2.98%)
          5. gnome-shell (PID 4411) - 432.21 MB (2.84%)
[96m------------------------------------------------------------[0m
[1m[ DISK ][0m Used: [92m20.92 GB (2.28%)[0m | Free: 894.91 GB | Total: 915.83 GB
         [93mI/O:[0m Read 0.0 MB/s | Write 0.05 MB/s | Activity: 1.06%
[96m------------------------------------------------------------[0m
[1m[ NET ][0m Upload: 0.0 MB/s | Download: 0.0 MB/s
[96m------------------------------------------------------------[0m
[1m[ BATTERY ][0m [92m98.19%[0m (Charging/Plugged in)
[1m[96m============================================================[0m
[1m[92mData logged to 2026_logs/2026-09-28.jsonl... (Press Ctrl+C to stop)[0m
[1m[96m============================================================[0m
[1mSYSTEM MONITOR V2[0m | Time: 2026-09-28 14:35:23
[96m------------------------------------------------------------[0m
[1m[ CPU ][0m Used: [92m0.7%[0m | Free: 99.3%
[96m------------------------------------------------------------[0m
[1m[ RAM ][0m Used: [92m7.08 GB (47.7%)[0m | Available: 7.76 GB | Total: 14.84 GB
[1m[ SWAP ][0m Used: 0.0 GB (0.0%) | Free: 4.0 GB | Total: 4.0 GB
        [93mTop 5 RAM Processes (Logged 10):[0m
          1. chrome (PID 7552) - 768.39 MB (5.06%)
          2. chrome (PID 6787) - 546.11 MB (3.59%)
          3. code (PID 50824) - 467.63 MB (3.08%)
          4. code (PID 51580) - 452.61 MB (2.98%)
          5. gnome-shell (PID 4411) - 432.21 MB (2.84%)
[96m------------------------------------------------------------[0m
[1m[ DISK ][0m Used: [92m20.92 GB (2.28%)[0m | Free: 894.91 GB | Total: 915.83 GB
         [93mI/O:[0m Read 0.0 MB/s | Write 0.01 MB/s | Activity: 0.78%
[96m------------------------------------------------------------[0m
[1m[ NET ][0m Upload: 0.0 MB/s | Download: 0.0 MB/s
[96m------------------------------------------------------------[0m
[1m[ BATTERY ][0m [92m98.19%[0m (Charging/Plugged in)
[1m[96m============================================================[0m
[1m[92mData logged to 2026_logs/2026-09-28.jsonl... (Press Ctrl+C to stop)[0m
[1m[96m============================================================[0m
[1mSYSTEM MONITOR V2[0m | Time: 2026-09-28 14:35:28
[96m------------------------------------------------------------[0m
[1m[ CPU ][0m Used: [92m0.8%[0m | Free: 99.2%
[96m------------------------------------------------------------[0m
[1m[ RAM ][0m Used: [92m6.99 GB (47.1%)[0m | Available: 7.86 GB | Total: 14.84 GB
[1m[ SWAP ][0m Used: 0.0 GB (0.0%) | Free: 4.0 GB | Total: 4.0 GB
        [93mTop 5 RAM Processes (Logged 10):[0m
          1. chrome (PID 7552) - 768.39 MB (5.06%)
          2. chrome (PID 6787) - 546.09 MB (3.59%)
          3. code (PID 50824) - 467.74 MB (3.08%)
          4. code (PID 51580) - 452.71 MB (2.98%)
          5. gnome-shell (PID 4411) - 432.14 MB (2.84%)
[96m------------------------------------------------------------[0m
[1m[ DISK ][0m Used: [92m20.92 GB (2.28%)[0m | Free: 894.91 GB | Total: 915.83 GB
         [93mI/O:[0m Read 0.0 MB/s | Write 1.07 MB/s | Activity: 0.2%
[96m------------------------------------------------------------[0m
[1m[ NET ][0m Upload: 0.0 MB/s | Download: 0.0 MB/s
[96m------------------------------------------------------------[0m
[1m[ BATTERY ][0m [92m98.19%[0m (Charging/Plugged in)
[1m[96m============================================================[0m
[1m[92mData logged to 2026_logs/2026-09-28.jsonl... (Press Ctrl+C to stop)[0m
[1m[96m============================================================[0m
[1mSYSTEM MONITOR V2[0m | Time: 2026-09-28 14:35:33
[96m------------------------------------------------------------[0m
[1m[ CPU ][0m Used: [92m0.7%[0m | Free: 99.3%
[96m------------------------------------------------------------[0m
[1m[ RAM ][0m Used: [92m6.95 GB (46.8%)[0m | Available: 7.89 GB | Total: 14.84 GB
[1m[ SWAP ][0m Used: 0.0 GB (0.0%) | Free: 4.0 GB | Total: 4.0 GB
        [93mTop 5 RAM Processes (Logged 10):[0m
          1. chrome (PID 7552) - 768.41 MB (5.06%)
          2. chrome (PID 6787) - 546.16 MB (3.59%)
          3. code (PID 50824) - 467.83 MB (3.08%)
          4. code (PID 51580) - 452.8 MB (2.98%)
          5. gnome-shell (PID 4411) - 432.14 MB (2.84%)
[96m------------------------------------------------------------[0m
[1m[ DISK ][0m Used: [92m20.92 GB (2.28%)[0m | Free: 894.91 GB | Total: 915.83 GB
         [93mI/O:[0m Read 0.0 MB/s | Write 0.52 MB/s | Activity: 1.75%
[96m------------------------------------------------------------[0m
[1m[ NET ][0m Upload: 0.0 MB/s | Download: 0.0 MB/s
[96m------------------------------------------------------------[0m
[1m[ BATTERY ][0m [92m98.19%[0m (Charging/Plugged in)
[1m[96m============================================================[0m
[1m[92mData logged to 2026_logs/2026-09-28.jsonl... (Press Ctrl+C to stop)[0m
[1m[96m============================================================[0m
[1mSYSTEM MONITOR V2[0m | Time: 2026-09-28 14:35:38
[96m------------------------------------------------------------[0m
[1m[ CPU ][0m Used: [92m0.6%[0m | Free: 99.4%
[96m------------------------------------------------------------[0m
[1m[ RAM ][0m Used: [92m6.93 GB (46.7%)[0m | Available: 7.92 GB | Total: 14.84 GB
[1m[ SWAP ][0m Used: 0.0 GB (0.0%) | Free: 4.0 GB | Total: 4.0 GB
        [93mTop 5 RAM Processes (Logged 10):[0m
          1. chrome (PID 7552) - 768.41 MB (5.06%)
          2. chrome (PID 6787) - 546.09 MB (3.59%)
          3. code (PID 50824) - 467.08 MB (3.07%)
          4. code (PID 51580) - 453.0 MB (2.98%)
          5. gnome-shell (PID 4411) - 432.14 MB (2.84%)
[96m------------------------------------------------------------[0m
[1m[ DISK ][0m Used: [92m20.92 GB (2.28%)[0m | Free: 894.91 GB | Total: 915.83 GB
         [93mI/O:[0m Read 0.0 MB/s | Write 0.01 MB/s | Activity: 0.8%
[96m------------------------------------------------------------[0m
[1m[ NET ][0m Upload: 0.0 MB/s | Download: 0.0 MB/s
[96m------------------------------------------------------------[0m
[1m[ BATTERY ][0m [92m98.19%[0m (Charging/Plugged in)
[1m[96m============================================================[0m
[1m[92mData logged to 2026_logs/2026-09-28.jsonl... (Press Ctrl+C to stop)[0m
[1m[96m============================================================[0m
[1mSYSTEM MONITOR V2[0m | Time: 2026-09-28 14:35:43
[96m------------------------------------------------------------[0m
[1m[ CPU ][0m Used: [92m1.8%[0m | Free: 98.2%
[96m------------------------------------------------------------[0m
[1m[ RAM ][0m Used: [92m6.94 GB (46.7%)[0m | Available: 7.9 GB | Total: 14.84 GB
[1m[ SWAP ][0m Used: 0.0 GB (0.0%) | Free: 4.0 GB | Total: 4.0 GB
        [93mTop 5 RAM Processes (Logged 10):[0m
          1. chrome (PID 7552) - 768.41 MB (5.06%)
          2. chrome (PID 6787) - 548.02 MB (3.61%)
          3. code (PID 50824) - 467.09 MB (3.07%)
          4. code (PID 51580) - 453.08 MB (2.98%)
          5. gnome-shell (PID 4411) - 432.2 MB (2.84%)
[96m------------------------------------------------------------[0m
[1m[ DISK ][0m Used: [92m20.92 GB (2.28%)[0m | Free: 894.91 GB | Total: 915.83 GB
         [93mI/O:[0m Read 0.0 MB/s | Write 0.08 MB/s | Activity: 1.71%
[96m------------------------------------------------------------[0m
[1m[ NET ][0m Upload: 0.01 MB/s | Download: 0.01 MB/s
[96m------------------------------------------------------------[0m
[1m[ BATTERY ][0m [92m98.19%[0m (Charging/Plugged in)
[1m[96m============================================================[0m
[1m[92mData logged to 2026_logs/2026-09-28.jsonl... (Press Ctrl+C to stop)[0m
[1m[96m============================================================[0m
[1mSYSTEM MONITOR V2[0m | Time: 2026-09-28 14:35:49
[96m------------------------------------------------------------[0m
[1m[ CPU ][0m Used: [92m1.5%[0m | Free: 98.5%
[96m------------------------------------------------------------[0m
[1m[ RAM ][0m Used: [92m6.92 GB (46.6%)[0m | Available: 7.92 GB | Total: 14.84 GB
[1m[ SWAP ][0m Used: 0.0 GB (0.0%) | Free: 4.0 GB | Total: 4.0 GB
        [93mTop 5 RAM Processes (Logged 10):[0m
          1. chrome (PID 7552) - 768.41 MB (5.06%)
          2. chrome (PID 6787) - 547.62 MB (3.6%)
          3. code (PID 50824) - 467.09 MB (3.07%)
          4. code (PID 51580) - 453.17 MB (2.98%)
          5. gnome-shell (PID 4411) - 432.2 MB (2.84%)
[96m------------------------------------------------------------[0m
[1m[ DISK ][0m Used: [92m20.92 GB (2.28%)[0m | Free: 894.91 GB | Total: 915.83 GB
         [93mI/O:[0m Read 0.0 MB/s | Write 0.01 MB/s | Activity: 0.94%
[96m------------------------------------------------------------[0m
[1m[ NET ][0m Upload: 0.0 MB/s | Download: 0.0 MB/s
[96m------------------------------------------------------------[0m
[1m[ BATTERY ][0m [92m98.19%[0m (Charging/Plugged in)
[1m[96m============================================================[0m
[1m[92mData logged to 2026_logs/2026-09-28.jsonl... (Press Ctrl+C to stop)[0m
[1m[96m============================================================[0m
[1mSYSTEM MONITOR V2[0m | Time: 2026-09-28 14:35:54
[96m------------------------------------------------------------[0m
[1m[ CPU ][0m Used: [92m0.7%[0m | Free: 99.3%
[96m------------------------------------------------------------[0m
[1m[ RAM ][0m Used: [92m6.91 GB (46.5%)[0m | Available: 7.94 GB | Total: 14.84 GB
[1m[ SWAP ][0m Used: 0.0 GB (0.0%) | Free: 4.0 GB | Total: 4.0 GB
        [93mTop 5 RAM Processes (Logged 10):[0m
          1. chrome (PID 7552) - 768.41 MB (5.06%)
          2. chrome (PID 6787) - 547.32 MB (3.6%)
          3. code (PID 50824) - 467.04 MB (3.07%)
          4. code (PID 51580) - 453.26 MB (2.98%)
          5. gnome-shell (PID 4411) - 432.13 MB (2.84%)
[96m------------------------------------------------------------[0m
[1m[ DISK ][0m Used: [92m20.92 GB (2.28%)[0m | Free: 894.91 GB | Total: 915.83 GB
         [93mI/O:[0m Read 0.0 MB/s | Write 2.28 MB/s | Activity: 0.1%
[96m------------------------------------------------------------[0m
[1m[ NET ][0m Upload: 0.0 MB/s | Download: 0.0 MB/s
[96m------------------------------------------------------------[0m
[1m[ BATTERY ][0m [92m98.19%[0m (Charging/Plugged in)
[1m[96m============================================================[0m
[1m[92mData logged to 2026_logs/2026-09-28.jsonl... (Press Ctrl+C to stop)[0m
[1m[96m============================================================[0m
[1mSYSTEM MONITOR V2[0m | Time: 2026-09-28 14:35:59
[96m------------------------------------------------------------[0m
[1m[ CPU ][0m Used: [92m0.7%[0m | Free: 99.3%
[96m------------------------------------------------------------[0m
[1m[ RAM ][0m Used: [92m6.9 GB (46.5%)[0m | Available: 7.94 GB | Total: 14.84 GB
[1m[ SWAP ][0m Used: 0.0 GB (0.0%) | Free: 4.0 GB | Total: 4.0 GB
        [93mTop 5 RAM Processes (Logged 10):[0m
          1. chrome (PID 7552) - 768.41 MB (5.06%)
          2. chrome (PID 6787) - 547.14 MB (3.6%)
          3. code (PID 50824) - 467.09 MB (3.07%)
          4. code (PID 51580) - 453.38 MB (2.98%)
          5. gnome-shell (PID 4411) - 432.19 MB (2.84%)
[96m------------------------------------------------------------[0m
[1m[ DISK ][0m Used: [92m20.92 GB (2.28%)[0m | Free: 894.91 GB | Total: 915.83 GB
         [93mI/O:[0m Read 0.0 MB/s | Write 0.78 MB/s | Activity: 0.9%
[96m------------------------------------------------------------[0m
[1m[ NET ][0m Upload: 0.0 MB/s | Download: 0.0 MB/s
[96m------------------------------------------------------------[0m
[1m[ BATTERY ][0m [92m98.19%[0m (Charging/Plugged in)
[1m[96m============================================================[0m
[1m[92mData logged to 2026_logs/2026-09-28.jsonl... (Press Ctrl+C to stop)[0m
[1m[96m============================================================[0m
[1mSYSTEM MONITOR V2[0m | Time: 2026-09-28 14:36:04
[96m------------------------------------------------------------[0m
[1m[ CPU ][0m Used: [92m0.6%[0m | Free: 99.4%
[96m------------------------------------------------------------[0m
[1m[ RAM ][0m Used: [92m6.9 GB (46.5%)[0m | Available: 7.94 GB | Total: 14.84 GB
[1m[ SWAP ][0m Used: 0.0 GB (0.0%) | Free: 4.0 GB | Total: 4.0 GB
        [93mTop 5 RAM Processes (Logged 10):[0m
          1. chrome (PID 7552) - 768.41 MB (5.06%)
          2. chrome (PID 6787) - 547.45 MB (3.6%)
          3. code (PID 50824) - 467.1 MB (3.07%)
          4. code (PID 51580) - 453.46 MB (2.98%)
          5. gnome-shell (PID 4411) - 432.19 MB (2.84%)
[96m------------------------------------------------------------[0m
[1m[ DISK ][0m Used: [92m20.92 GB (2.28%)[0m | Free: 894.91 GB | Total: 915.83 GB
         [93mI/O:[0m Read 0.0 MB/s | Write 0.49 MB/s | Activity: 1.76%
[96m------------------------------------------------------------[0m
[1m[ NET ][0m Upload: 0.0 MB/s | Download: 0.0 MB/s
[96m------------------------------------------------------------[0m
[1m[ BATTERY ][0m [92m98.19%[0m (Charging/Plugged in)
[1m[96m============================================================[0m
[1m[92mData logged to 2026_logs/2026-09-28.jsonl... (Press Ctrl+C to stop)[0m
[1m[96m============================================================[0m
[1mSYSTEM MONITOR V2[0m | Time: 2026-09-28 14:36:09
[96m------------------------------------------------------------[0m
[1m[ CPU ][0m Used: [92m0.7%[0m | Free: 99.3%
[96m------------------------------------------------------------[0m
[1m[ RAM ][0m Used: [92m6.9 GB (46.5%)[0m | Available: 7.94 GB | Total: 14.84 GB
[1m[ SWAP ][0m Used: 0.0 GB (0.0%) | Free: 4.0 GB | Total: 4.0 GB
        [93mTop 5 RAM Processes (Logged 10):[0m
          1. chrome (PID 7552) - 768.41 MB (5.06%)
          2. chrome (PID 6787) - 547.15 MB (3.6%)
          3. code (PID 50824) - 467.25 MB (3.07%)
          4. code (PID 51580) - 452.79 MB (2.98%)
          5. gnome-shell (PID 4411) - 432.18 MB (2.84%)
[96m------------------------------------------------------------[0m
[1m[ DISK ][0m Used: [92m20.92 GB (2.28%)[0m | Free: 894.91 GB | Total: 915.83 GB
         [93mI/O:[0m Read 0.0 MB/s | Write 0.07 MB/s | Activity: 1.67%
[96m------------------------------------------------------------[0m
[1m[ NET ][0m Upload: 0.0 MB/s | Download: 0.0 MB/s
[96m------------------------------------------------------------[0m
[1m[ BATTERY ][0m [92m98.19%[0m (Charging/Plugged in)
[1m[96m============================================================[0m
[1m[92mData logged to 2026_logs/2026-09-28.jsonl... (Press Ctrl+C to stop)[0m
[1m[96m============================================================[0m
[1mSYSTEM MONITOR V2[0m | Time: 2026-09-28 14:36:14
[96m------------------------------------------------------------[0m
[1m[ CPU ][0m Used: [92m1.0%[0m | Free: 99.0%
[96m------------------------------------------------------------[0m
[1m[ RAM ][0m Used: [92m6.9 GB (46.5%)[0m | Available: 7.95 GB | Total: 14.84 GB
[1m[ SWAP ][0m Used: 0.0 GB (0.0%) | Free: 4.0 GB | Total: 4.0 GB
        [93mTop 5 RAM Processes (Logged 10):[0m
          1. chrome (PID 7552) - 768.41 MB (5.06%)
          2. chrome (PID 6787) - 547.14 MB (3.6%)
          3. code (PID 50824) - 466.54 MB (3.07%)
          4. code (PID 51580) - 452.88 MB (2.98%)
          5. gnome-shell (PID 4411) - 432.18 MB (2.84%)
[96m------------------------------------------------------------[0m
[1m[ DISK ][0m Used: [92m20.92 GB (2.28%)[0m | Free: 894.91 GB | Total: 915.83 GB
         [93mI/O:[0m Read 0.0 MB/s | Write 0.08 MB/s | Activity: 2.04%
[96m------------------------------------------------------------[0m
[1m[ NET ][0m Upload: 0.0 MB/s | Download: 0.0 MB/s
[96m------------------------------------------------------------[0m
[1m[ BATTERY ][0m [92m98.19%[0m (Charging/Plugged in)
[1m[96m============================================================[0m
[1m[92mData logged to 2026_logs/2026-09-28.jsonl... (Press Ctrl+C to stop)[0m
[1m[96m============================================================[0m
[1mSYSTEM MONITOR V2[0m | Time: 2026-09-28 14:36:19
[96m------------------------------------------------------------[0m
[1m[ CPU ][0m Used: [92m1.5%[0m | Free: 98.5%
[96m------------------------------------------------------------[0m
[1m[ RAM ][0m Used: [92m6.95 GB (46.9%)[0m | Available: 7.89 GB | Total: 14.84 GB
[1m[ SWAP ][0m Used: 0.0 GB (0.0%) | Free: 4.0 GB | Total: 4.0 GB
        [93mTop 5 RAM Processes (Logged 10):[0m
          1. chrome (PID 7552) - 768.42 MB (5.06%)
          2. chrome (PID 6787) - 547.57 MB (3.6%)
          3. code (PID 50824) - 466.65 MB (3.07%)
          4. code (PID 51580) - 452.96 MB (2.98%)
          5. gnome-shell (PID 4411) - 432.18 MB (2.84%)
[96m------------------------------------------------------------[0m
[1m[ DISK ][0m Used: [92m20.92 GB (2.28%)[0m | Free: 894.91 GB | Total: 915.83 GB
         [93mI/O:[0m Read 0.0 MB/s | Write 0.11 MB/s | Activity: 1.73%
[96m------------------------------------------------------------[0m
[1m[ NET ][0m Upload: 0.01 MB/s | Download: 0.0 MB/s
[96m------------------------------------------------------------[0m
[1m[ BATTERY ][0m [92m98.19%[0m (Charging/Plugged in)
[1m[96m============================================================[0m
[1m[92mData logged to 2026_logs/2026-09-28.jsonl... (Press Ctrl+C to stop)[0m
[1m[96m============================================================[0m
[1mSYSTEM MONITOR V2[0m | Time: 2026-09-28 14:36:24
[96m------------------------------------------------------------[0m
[1m[ CPU ][0m Used: [92m0.6%[0m | Free: 99.4%
[96m------------------------------------------------------------[0m
[1m[ RAM ][0m Used: [92m6.96 GB (46.9%)[0m | Available: 7.89 GB | Total: 14.84 GB
[1m[ SWAP ][0m Used: 0.0 GB (0.0%) | Free: 4.0 GB | Total: 4.0 GB
        [93mTop 5 RAM Processes (Logged 10):[0m
          1. chrome (PID 7552) - 768.42 MB (5.06%)
          2. chrome (PID 6787) - 547.15 MB (3.6%)
          3. code (PID 50824) - 466.76 MB (3.07%)
          4. code (PID 51580) - 453.11 MB (2.98%)
          5. gnome-shell (PID 4411) - 432.18 MB (2.84%)
[96m------------------------------------------------------------[0m
[1m[ DISK ][0m Used: [92m20.92 GB (2.28%)[0m | Free: 894.91 GB | Total: 915.83 GB
         [93mI/O:[0m Read 0.0 MB/s | Write 0.02 MB/s | Activity: 0.94%
[96m------------------------------------------------------------[0m
[1m[ NET ][0m Upload: 0.0 MB/s | Download: 0.0 MB/s
[96m------------------------------------------------------------[0m
[1m[ BATTERY ][0m [92m98.19%[0m (Charging/Plugged in)
[1m[96m============================================================[0m
[1m[92mData logged to 2026_logs/2026-09-28.jsonl... (Press Ctrl+C to stop)[0m
[1m[96m============================================================[0m
[1mSYSTEM MONITOR V2[0m | Time: 2026-09-28 14:36:29
[96m------------------------------------------------------------[0m
[1m[ CPU ][0m Used: [92m0.8%[0m | Free: 99.2%
[96m------------------------------------------------------------[0m
[1m[ RAM ][0m Used: [92m6.96 GB (46.9%)[0m | Available: 7.88 GB | Total: 14.84 GB
[1m[ SWAP ][0m Used: 0.0 GB (0.0%) | Free: 4.0 GB | Total: 4.0 GB
        [93mTop 5 RAM Processes (Logged 10):[0m
          1. chrome (PID 7552) - 768.42 MB (5.06%)
          2. chrome (PID 6787) - 547.24 MB (3.6%)
          3. code (PID 50824) - 466.83 MB (3.07%)
          4. code (PID 51580) - 453.2 MB (2.98%)
          5. gnome-shell (PID 4411) - 432.18 MB (2.84%)
[96m------------------------------------------------------------[0m
[1m[ DISK ][0m Used: [92m20.92 GB (2.28%)[0m | Free: 894.91 GB | Total: 915.83 GB
         [93mI/O:[0m Read 0.0 MB/s | Write 0.0 MB/s | Activity: 0.0%
[96m------------------------------------------------------------[0m
[1m[ NET ][0m Upload: 0.0 MB/s | Download: 0.0 MB/s
[96m------------------------------------------------------------[0m
[1m[ BATTERY ][0m [92m98.19%[0m (Charging/Plugged in)
[1m[96m============================================================[0m
[1m[92mData logged to 2026_logs/2026-09-28.jsonl... (Press Ctrl+C to stop)[0m
[1m[96m============================================================[0m
[1mSYSTEM MONITOR V2[0m | Time: 2026-09-28 14:36:34
[96m------------------------------------------------------------[0m
[1m[ CPU ][0m Used: [92m0.7%[0m | Free: 99.3%
[96m------------------------------------------------------------[0m
[1m[ RAM ][0m Used: [92m6.96 GB (46.9%)[0m | Available: 7.88 GB | Total: 14.84 GB
[1m[ SWAP ][0m Used: 0.0 GB (0.0%) | Free: 4.0 GB | Total: 4.0 GB
        [93mTop 5 RAM Processes (Logged 10):[0m
          1. chrome (PID 7552) - 768.43 MB (5.06%)
          2. chrome (PID 6787) - 547.22 MB (3.6%)
          3. code (PID 50824) - 466.98 MB (3.07%)
          4. code (PID 51580) - 453.3 MB (2.98%)
          5. gnome-shell (PID 4411) - 432.18 MB (2.84%)
[96m------------------------------------------------------------[0m
[1m[ DISK ][0m Used: [92m20.92 GB (2.28%)[0m | Free: 894.91 GB | Total: 915.83 GB
         [93mI/O:[0m Read 0.0 MB/s | Write 1.09 MB/s | Activity: 1.82%
[96m------------------------------------------------------------[0m
[1m[ NET ][0m Upload: 0.0 MB/s | Download: 0.0 MB/s
[96m------------------------------------------------------------[0m
[1m[ BATTERY ][0m [92m98.19%[0m (Charging/Plugged in)
[1m[96m============================================================[0m
[1m[92mData logged to 2026_logs/2026-09-28.jsonl... (Press Ctrl+C to stop)[0m
[1m[96m============================================================[0m
[1mSYSTEM MONITOR V2[0m | Time: 2026-09-28 14:36:40
[96m------------------------------------------------------------[0m
[1m[ CPU ][0m Used: [92m0.8%[0m | Free: 99.2%
[96m------------------------------------------------------------[0m
[1m[ RAM ][0m Used: [92m6.95 GB (46.8%)[0m | Available: 7.89 GB | Total: 14.84 GB
[1m[ SWAP ][0m Used: 0.0 GB (0.0%) | Free: 4.0 GB | Total: 4.0 GB
        [93mTop 5 RAM Processes (Logged 10):[0m
          1. chrome (PID 7552) - 768.43 MB (5.06%)
          2. chrome (PID 6787) - 547.94 MB (3.61%)
          3. code (PID 50824) - 467.11 MB (3.07%)
          4. code (PID 51580) - 453.39 MB (2.98%)
          5. gnome-shell (PID 4411) - 432.18 MB (2.84%)
[96m------------------------------------------------------------[0m
[1m[ DISK ][0m Used: [92m20.92 GB (2.28%)[0m | Free: 894.91 GB | Total: 915.83 GB
         [93mI/O:[0m Read 0.0 MB/s | Write 0.0 MB/s | Activity: 0.0%
[96m------------------------------------------------------------[0m
[1m[ NET ][0m Upload: 0.0 MB/s | Download: 0.0 MB/s
[96m------------------------------------------------------------[0m
[1m[ BATTERY ][0m [92m98.19%[0m (Charging/Plugged in)
[1m[96m============================================================[0m
[1m[92mData logged to 2026_logs/2026-09-28.jsonl... (Press Ctrl+C to stop)[0m
[1m[96m============================================================[0m
[1mSYSTEM MONITOR V2[0m | Time: 2026-09-28 14:36:45
[96m------------------------------------------------------------[0m
[1m[ CPU ][0m Used: [92m1.0%[0m | Free: 99.0%
[96m------------------------------------------------------------[0m
[1m[ RAM ][0m Used: [92m6.95 GB (46.8%)[0m | Available: 7.89 GB | Total: 14.84 GB
[1m[ SWAP ][0m Used: 0.0 GB (0.0%) | Free: 4.0 GB | Total: 4.0 GB
        [93mTop 5 RAM Processes (Logged 10):[0m
          1. chrome (PID 7552) - 768.43 MB (5.06%)
          2. chrome (PID 6787) - 547.2 MB (3.6%)
          3. code (PID 50824) - 467.3 MB (3.07%)
          4. code (PID 51580) - 452.7 MB (2.98%)
          5. gnome-shell (PID 4411) - 432.18 MB (2.84%)
[96m------------------------------------------------------------[0m
[1m[ DISK ][0m Used: [92m20.92 GB (2.28%)[0m | Free: 894.91 GB | Total: 915.83 GB
         [93mI/O:[0m Read 0.0 MB/s | Write 0.03 MB/s | Activity: 1.73%
[96m------------------------------------------------------------[0m
[1m[ NET ][0m Upload: 0.0 MB/s | Download: 0.0 MB/s
[96m------------------------------------------------------------[0m
[1m[ BATTERY ][0m [92m98.19%[0m (Charging/Plugged in)
[1m[96m============================================================[0m
[1m[92mData logged to 2026_logs/2026-09-28.jsonl... (Press Ctrl+C to stop)[0m
[1m[96m============================================================[0m
[1mSYSTEM MONITOR V2[0m | Time: 2026-09-28 14:36:50
[96m------------------------------------------------------------[0m
[1m[ CPU ][0m Used: [92m1.2%[0m | Free: 98.8%
[96m------------------------------------------------------------[0m
[1m[ RAM ][0m Used: [92m6.92 GB (46.6%)[0m | Available: 7.93 GB | Total: 14.84 GB
[1m[ SWAP ][0m Used: 0.0 GB (0.0%) | Free: 4.0 GB | Total: 4.0 GB
        [93mTop 5 RAM Processes (Logged 10):[0m
          1. chrome (PID 7552) - 768.43 MB (5.06%)
          2. chrome (PID 6787) - 546.89 MB (3.6%)
          3. code (PID 50824) - 466.55 MB (3.07%)
          4. code (PID 51580) - 452.8 MB (2.98%)
          5. gnome-shell (PID 4411) - 432.18 MB (2.84%)
[96m------------------------------------------------------------[0m
[1m[ DISK ][0m Used: [92m20.92 GB (2.28%)[0m | Free: 894.91 GB | Total: 915.83 GB
         [93mI/O:[0m Read 0.0 MB/s | Write 0.08 MB/s | Activity: 0.25%
[96m------------------------------------------------------------[0m
[1m[ NET ][0m Upload: 0.0 MB/s | Download: 0.0 MB/s
[96m------------------------------------------------------------[0m
[1m[ BATTERY ][0m [92m98.19%[0m (Charging/Plugged in)
[1m[96m============================================================[0m
[1m[92mData logged to 2026_logs/2026-09-28.jsonl... (Press Ctrl+C to stop)[0m
[1m[96m============================================================[0m
[1mSYSTEM MONITOR V2[0m | Time: 2026-09-28 14:36:55
[96m------------------------------------------------------------[0m
[1m[ CPU ][0m Used: [92m0.9%[0m | Free: 99.1%
[96m------------------------------------------------------------[0m
[1m[ RAM ][0m Used: [92m6.9 GB (46.5%)[0m | Available: 7.94 GB | Total: 14.84 GB
[1m[ SWAP ][0m Used: 0.0 GB (0.0%) | Free: 4.0 GB | Total: 4.0 GB
        [93mTop 5 RAM Processes (Logged 10):[0m
          1. chrome (PID 7552) - 768.43 MB (5.06%)
          2. chrome (PID 6787) - 546.89 MB (3.6%)
          3. code (PID 50824) - 466.7 MB (3.07%)
          4. code (PID 51580) - 452.9 MB (2.98%)
          5. gnome-shell (PID 4411) - 432.18 MB (2.84%)
[96m------------------------------------------------------------[0m
[1m[ DISK ][0m Used: [92m20.92 GB (2.28%)[0m | Free: 894.91 GB | Total: 915.83 GB
         [93mI/O:[0m Read 0.0 MB/s | Write 0.04 MB/s | Activity: 1.63%
[96m------------------------------------------------------------[0m
[1m[ NET ][0m Upload: 0.0 MB/s | Download: 0.0 MB/s
[96m------------------------------------------------------------[0m
[1m[ BATTERY ][0m [92m98.19%[0m (Charging/Plugged in)
[1m[96m============================================================[0m
[1m[92mData logged to 2026_logs/2026-09-28.jsonl... (Press Ctrl+C to stop)[0m
[1m[96m============================================================[0m
[1mSYSTEM MONITOR V2[0m | Time: 2026-09-28 14:37:00
[96m------------------------------------------------------------[0m
[1m[ CPU ][0m Used: [92m1.8%[0m | Free: 98.2%
[96m------------------------------------------------------------[0m
[1m[ RAM ][0m Used: [92m6.87 GB (46.3%)[0m | Available: 7.97 GB | Total: 14.84 GB
[1m[ SWAP ][0m Used: 0.0 GB (0.0%) | Free: 4.0 GB | Total: 4.0 GB
        [93mTop 5 RAM Processes (Logged 10):[0m
          1. chrome (PID 7552) - 768.43 MB (5.06%)
          2. chrome (PID 6787) - 546.58 MB (3.6%)
          3. code (PID 50824) - 466.81 MB (3.07%)
          4. code (PID 51580) - 452.2 MB (2.98%)
          5. gnome-shell (PID 4411) - 432.19 MB (2.84%)
[96m------------------------------------------------------------[0m
[1m[ DISK ][0m Used: [92m20.92 GB (2.28%)[0m | Free: 894.91 GB | Total: 915.83 GB
         [93mI/O:[0m Read 0.0 MB/s | Write 0.06 MB/s | Activity: 0.88%
[96m------------------------------------------------------------[0m
[1m[ NET ][0m Upload: 0.0 MB/s | Download: 0.0 MB/s
[96m------------------------------------------------------------[0m
[1m[ BATTERY ][0m [92m98.19%[0m (Charging/Plugged in)
[1m[96m============================================================[0m
[1m[92mData logged to 2026_logs/2026-09-28.jsonl... (Press Ctrl+C to stop)[0m
[1m[96m============================================================[0m
[1mSYSTEM MONITOR V2[0m | Time: 2026-09-28 14:37:05
[96m------------------------------------------------------------[0m
[1m[ CPU ][0m Used: [92m0.7%[0m | Free: 99.3%
[96m------------------------------------------------------------[0m
[1m[ RAM ][0m Used: [92m6.86 GB (46.2%)[0m | Available: 7.98 GB | Total: 14.84 GB
[1m[ SWAP ][0m Used: 0.0 GB (0.0%) | Free: 4.0 GB | Total: 4.0 GB
        [93mTop 5 RAM Processes (Logged 10):[0m
          1. chrome (PID 7552) - 768.43 MB (5.06%)
          2. chrome (PID 6787) - 546.58 MB (3.6%)
          3. code (PID 50824) - 466.9 MB (3.07%)
          4. code (PID 51580) - 452.3 MB (2.98%)
          5. gnome-shell (PID 4411) - 432.25 MB (2.84%)
[96m------------------------------------------------------------[0m
[1m[ DISK ][0m Used: [92m20.92 GB (2.28%)[0m | Free: 894.91 GB | Total: 915.83 GB
         [93mI/O:[0m Read 0.0 MB/s | Write 1.3 MB/s | Activity: 1.04%
[96m------------------------------------------------------------[0m
[1m[ NET ][0m Upload: 0.0 MB/s | Download: 0.0 MB/s
[96m------------------------------------------------------------[0m
[1m[ BATTERY ][0m [92m98.19%[0m (Charging/Plugged in)
[1m[96m============================================================[0m
[1m[92mData logged to 2026_logs/2026-09-28.jsonl... (Press Ctrl+C to stop)[0m
[1m[96m============================================================[0m
[1mSYSTEM MONITOR V2[0m | Time: 2026-09-28 14:37:10
[96m------------------------------------------------------------[0m
[1m[ CPU ][0m Used: [92m0.7%[0m | Free: 99.3%
[96m------------------------------------------------------------[0m
[1m[ RAM ][0m Used: [92m6.84 GB (46.1%)[0m | Available: 8.0 GB | Total: 14.84 GB
[1m[ SWAP ][0m Used: 0.0 GB (0.0%) | Free: 4.0 GB | Total: 4.0 GB
        [93mTop 5 RAM Processes (Logged 10):[0m
          1. chrome (PID 7552) - 768.43 MB (5.06%)
          2. chrome (PID 6787) - 546.36 MB (3.59%)
          3. code (PID 50824) - 467.05 MB (3.07%)
          4. code (PID 51580) - 452.38 MB (2.98%)
          5. gnome-shell (PID 4411) - 432.18 MB (2.84%)
[96m------------------------------------------------------------[0m
[1m[ DISK ][0m Used: [92m20.92 GB (2.28%)[0m | Free: 894.91 GB | Total: 915.83 GB
         [93mI/O:[0m Read 0.0 MB/s | Write 0.0 MB/s | Activity: 0.0%
[96m------------------------------------------------------------[0m
[1m[ NET ][0m Upload: 0.0 MB/s | Download: 0.0 MB/s
[96m------------------------------------------------------------[0m
[1m[ BATTERY ][0m [92m98.19%[0m (Charging/Plugged in)
[1m[96m============================================================[0m
[1m[92mData logged to 2026_logs/2026-09-28.jsonl... (Press Ctrl+C to stop)[0m
[1m[96m============================================================[0m
[1mSYSTEM MONITOR V2[0m | Time: 2026-09-28 14:37:15
[96m------------------------------------------------------------[0m
[1m[ CPU ][0m Used: [92m1.2%[0m | Free: 98.8%
[96m------------------------------------------------------------[0m
[1m[ RAM ][0m Used: [92m6.86 GB (46.2%)[0m | Available: 7.98 GB | Total: 14.84 GB
[1m[ SWAP ][0m Used: 0.0 GB (0.0%) | Free: 4.0 GB | Total: 4.0 GB
        [93mTop 5 RAM Processes (Logged 10):[0m
          1. chrome (PID 7552) - 774.97 MB (5.1%)
          2. chrome (PID 6787) - 551.82 MB (3.63%)
          3. code (PID 50824) - 467.3 MB (3.07%)
          4. code (PID 51580) - 452.48 MB (2.98%)
          5. gnome-shell (PID 4411) - 432.18 MB (2.84%)
[96m------------------------------------------------------------[0m
[1m[ DISK ][0m Used: [92m20.92 GB (2.28%)[0m | Free: 894.91 GB | Total: 915.83 GB
         [93mI/O:[0m Read 0.0 MB/s | Write 0.04 MB/s | Activity: 1.78%
[96m------------------------------------------------------------[0m
[1m[ NET ][0m Upload: 0.0 MB/s | Download: 0.0 MB/s
[96m------------------------------------------------------------[0m
[1m[ BATTERY ][0m [92m98.19%[0m (Charging/Plugged in)
[1m[96m============================================================[0m
[1m[92mData logged to 2026_logs/2026-09-28.jsonl... (Press Ctrl+C to stop)[0m
[1m[96m============================================================[0m
[1mSYSTEM MONITOR V2[0m | Time: 2026-09-28 14:37:20
[96m------------------------------------------------------------[0m
[1m[ CPU ][0m Used: [92m1.2%[0m | Free: 98.8%
[96m------------------------------------------------------------[0m
[1m[ RAM ][0m Used: [92m6.88 GB (46.3%)[0m | Available: 7.96 GB | Total: 14.84 GB
[1m[ SWAP ][0m Used: 0.0 GB (0.0%) | Free: 4.0 GB | Total: 4.0 GB
        [93mTop 5 RAM Processes (Logged 10):[0m
          1. chrome (PID 7552) - 774.97 MB (5.1%)
          2. chrome (PID 6787) - 546.59 MB (3.6%)
          3. code (PID 50824) - 467.34 MB (3.07%)
          4. code (PID 51580) - 452.56 MB (2.98%)
          5. gnome-shell (PID 4411) - 432.18 MB (2.84%)
[96m------------------------------------------------------------[0m
[1m[ DISK ][0m Used: [92m20.92 GB (2.28%)[0m | Free: 894.91 GB | Total: 915.83 GB
         [93mI/O:[0m Read 0.0 MB/s | Write 0.0 MB/s | Activity: 0.76%
[96m------------------------------------------------------------[0m
[1m[ NET ][0m Upload: 0.0 MB/s | Download: 0.0 MB/s
[96m------------------------------------------------------------[0m
[1m[ BATTERY ][0m [92m98.19%[0m (Charging/Plugged in)
[1m[96m============================================================[0m
[1m[92mData logged to 2026_logs/2026-09-28.jsonl... (Press Ctrl+C to stop)[0m
[1m[96m============================================================[0m
[1mSYSTEM MONITOR V2[0m | Time: 2026-09-28 14:37:26
[96m------------------------------------------------------------[0m
[1m[ CPU ][0m Used: [92m0.7%[0m | Free: 99.3%
[96m------------------------------------------------------------[0m
[1m[ RAM ][0m Used: [92m6.88 GB (46.4%)[0m | Available: 7.96 GB | Total: 14.84 GB
[1m[ SWAP ][0m Used: 0.0 GB (0.0%) | Free: 4.0 GB | Total: 4.0 GB
        [93mTop 5 RAM Processes (Logged 10):[0m
          1. chrome (PID 7552) - 774.97 MB (5.1%)
          2. chrome (PID 6787) - 546.3 MB (3.59%)
          3. code (PID 50824) - 466.82 MB (3.07%)
          4. code (PID 51580) - 452.65 MB (2.98%)
          5. gnome-shell (PID 4411) - 432.18 MB (2.84%)
[96m------------------------------------------------------------[0m
[1m[ DISK ][0m Used: [92m20.92 GB (2.28%)[0m | Free: 894.91 GB | Total: 915.83 GB
         [93mI/O:[0m Read 0.0 MB/s | Write 0.05 MB/s | Activity: 1.69%
[96m------------------------------------------------------------[0m
[1m[ NET ][0m Upload: 0.0 MB/s | Download: 0.0 MB/s
[96m------------------------------------------------------------[0m
[1m[ BATTERY ][0m [92m98.19%[0m (Charging/Plugged in)
[1m[96m============================================================[0m
[1m[92mData logged to 2026_logs/2026-09-28.jsonl... (Press Ctrl+C to stop)[0m
[1m[96m============================================================[0m
[1mSYSTEM MONITOR V2[0m | Time: 2026-09-28 14:37:31
[96m------------------------------------------------------------[0m
[1m[ CPU ][0m Used: [92m0.6%[0m | Free: 99.4%
[96m------------------------------------------------------------[0m
[1m[ RAM ][0m Used: [92m6.88 GB (46.3%)[0m | Available: 7.97 GB | Total: 14.84 GB
[1m[ SWAP ][0m Used: 0.0 GB (0.0%) | Free: 4.0 GB | Total: 4.0 GB
        [93mTop 5 RAM Processes (Logged 10):[0m
          1. chrome (PID 7552) - 774.97 MB (5.1%)
          2. chrome (PID 6787) - 546.3 MB (3.59%)
          3. code (PID 50824) - 466.87 MB (3.07%)
          4. code (PID 51580) - 452.75 MB (2.98%)
          5. gnome-shell (PID 4411) - 432.18 MB (2.84%)
[96m------------------------------------------------------------[0m
[1m[ DISK ][0m Used: [92m20.92 GB (2.28%)[0m | Free: 894.91 GB | Total: 915.83 GB
         [93mI/O:[0m Read 0.0 MB/s | Write 0.01 MB/s | Activity: 1.57%
[96m------------------------------------------------------------[0m
[1m[ NET ][0m Upload: 0.0 MB/s | Download: 0.0 MB/s
[96m------------------------------------------------------------[0m
[1m[ BATTERY ][0m [92m98.19%[0m (Charging/Plugged in)
[1m[96m============================================================[0m
[1m[92mData logged to 2026_logs/2026-09-28.jsonl... (Press Ctrl+C to stop)[0m
[1m[96m============================================================[0m
[1mSYSTEM MONITOR V2[0m | Time: 2026-09-28 14:37:36
[96m------------------------------------------------------------[0m
[1m[ CPU ][0m Used: [92m0.7%[0m | Free: 99.3%
[96m------------------------------------------------------------[0m
[1m[ RAM ][0m Used: [92m6.87 GB (46.3%)[0m | Available: 7.97 GB | Total: 14.84 GB
[1m[ SWAP ][0m Used: 0.0 GB (0.0%) | Free: 4.0 GB | Total: 4.0 GB
        [93mTop 5 RAM Processes (Logged 10):[0m
          1. chrome (PID 7552) - 774.98 MB (5.1%)
          2. chrome (PID 6787) - 546.38 MB (3.59%)
          3. code (PID 50824) - 466.89 MB (3.07%)
          4. code (PID 51580) - 452.84 MB (2.98%)
          5. gnome-shell (PID 4411) - 432.18 MB (2.84%)
[96m------------------------------------------------------------[0m
[1m[ DISK ][0m Used: [92m20.92 GB (2.28%)[0m | Free: 894.91 GB | Total: 915.83 GB
         [93mI/O:[0m Read 0.0 MB/s | Write 0.58 MB/s | Activity: 1.04%
[96m------------------------------------------------------------[0m
[1m[ NET ][0m Upload: 0.0 MB/s | Download: 0.0 MB/s
[96m------------------------------------------------------------[0m
[1m[ BATTERY ][0m [92m98.19%[0m (Charging/Plugged in)
[1m[96m============================================================[0m
[1m[92mData logged to 2026_logs/2026-09-28.jsonl... (Press Ctrl+C to stop)[0m
[1m[96m============================================================[0m
[1mSYSTEM MONITOR V2[0m | Time: 2026-09-28 14:37:41
[96m------------------------------------------------------------[0m
[1m[ CPU ][0m Used: [92m0.8%[0m | Free: 99.2%
[96m------------------------------------------------------------[0m
[1m[ RAM ][0m Used: [92m6.88 GB (46.3%)[0m | Available: 7.97 GB | Total: 14.84 GB
[1m[ SWAP ][0m Used: 0.0 GB (0.0%) | Free: 4.0 GB | Total: 4.0 GB
        [93mTop 5 RAM Processes (Logged 10):[0m
          1. chrome (PID 7552) - 774.98 MB (5.1%)
          2. chrome (PID 6787) - 546.3 MB (3.59%)
          3. code (PID 50824) - 467.0 MB (3.07%)
          4. code (PID 51580) - 452.93 MB (2.98%)
          5. gnome-shell (PID 4411) - 432.18 MB (2.84%)
[96m------------------------------------------------------------[0m
[1m[ DISK ][0m Used: [92m20.92 GB (2.28%)[0m | Free: 894.91 GB | Total: 915.83 GB
         [93mI/O:[0m Read 0.0 MB/s | Write 0.86 MB/s | Activity: 0.88%
[96m------------------------------------------------------------[0m
[1m[ NET ][0m Upload: 0.0 MB/s | Download: 0.0 MB/s
[96m------------------------------------------------------------[0m
[1m[ BATTERY ][0m [92m98.19%[0m (Charging/Plugged in)
[1m[96m============================================================[0m
[1m[92mData logged to 2026_logs/2026-09-28.jsonl... (Press Ctrl+C to stop)[0m
[1m[96m============================================================[0m
[1mSYSTEM MONITOR V2[0m | Time: 2026-09-28 14:37:46
[96m------------------------------------------------------------[0m
[1m[ CPU ][0m Used: [92m0.8%[0m | Free: 99.2%
[96m------------------------------------------------------------[0m
[1m[ RAM ][0m Used: [92m6.76 GB (45.5%)[0m | Available: 8.08 GB | Total: 14.84 GB
[1m[ SWAP ][0m Used: 0.0 GB (0.0%) | Free: 4.0 GB | Total: 4.0 GB
        [93mTop 5 RAM Processes (Logged 10):[0m
          1. chrome (PID 7552) - 771.56 MB (5.08%)
          2. chrome (PID 6787) - 546.17 MB (3.59%)
          3. code (PID 50824) - 467.09 MB (3.07%)
          4. code (PID 51580) - 453.02 MB (2.98%)
          5. gnome-shell (PID 4411) - 432.18 MB (2.84%)
[96m------------------------------------------------------------[0m
[1m[ DISK ][0m Used: [92m20.92 GB (2.28%)[0m | Free: 894.91 GB | Total: 915.83 GB
         [93mI/O:[0m Read 0.0 MB/s | Write 0.06 MB/s | Activity: 1.06%
[96m------------------------------------------------------------[0m
[1m[ NET ][0m Upload: 0.0 MB/s | Download: 0.0 MB/s
[96m------------------------------------------------------------[0m
[1m[ BATTERY ][0m [92m98.19%[0m (Charging/Plugged in)
[1m[96m============================================================[0m
[1m[92mData logged to 2026_logs/2026-09-28.jsonl... (Press Ctrl+C to stop)[0m
[1m[96m============================================================[0m
[1mSYSTEM MONITOR V2[0m | Time: 2026-09-28 14:37:51
[96m------------------------------------------------------------[0m
[1m[ CPU ][0m Used: [92m1.0%[0m | Free: 99.0%
[96m------------------------------------------------------------[0m
[1m[ RAM ][0m Used: [92m6.74 GB (45.4%)[0m | Available: 8.1 GB | Total: 14.84 GB
[1m[ SWAP ][0m Used: 0.0 GB (0.0%) | Free: 4.0 GB | Total: 4.0 GB
        [93mTop 5 RAM Processes (Logged 10):[0m
          1. chrome (PID 7552) - 771.56 MB (5.08%)
          2. chrome (PID 6787) - 554.38 MB (3.65%)
          3. code (PID 50824) - 467.3 MB (3.07%)
          4. code (PID 51580) - 453.13 MB (2.98%)
          5. gnome-shell (PID 4411) - 432.18 MB (2.84%)
[96m------------------------------------------------------------[0m
[1m[ DISK ][0m Used: [92m20.92 GB (2.28%)[0m | Free: 894.91 GB | Total: 915.83 GB
         [93mI/O:[0m Read 0.0 MB/s | Write 0.01 MB/s | Activity: 1.61%
[96m------------------------------------------------------------[0m
[1m[ NET ][0m Upload: 0.0 MB/s | Download: 0.0 MB/s
[96m------------------------------------------------------------[0m
[1m[ BATTERY ][0m [92m98.19%[0m (Charging/Plugged in)
[1m[96m============================================================[0m
[1m[92mData logged to 2026_logs/2026-09-28.jsonl... (Press Ctrl+C to stop)[0m
[1m[96m============================================================[0m
[1mSYSTEM MONITOR V2[0m | Time: 2026-09-28 14:37:56
[96m------------------------------------------------------------[0m
[1m[ CPU ][0m Used: [92m4.6%[0m | Free: 95.4%
[96m------------------------------------------------------------[0m
[1m[ RAM ][0m Used: [92m7.15 GB (48.2%)[0m | Available: 7.69 GB | Total: 14.84 GB
[1m[ SWAP ][0m Used: 0.0 GB (0.0%) | Free: 4.0 GB | Total: 4.0 GB
        [93mTop 5 RAM Processes (Logged 10):[0m
          1. chrome (PID 7552) - 770.14 MB (5.07%)
          2. chrome (PID 6787) - 546.31 MB (3.59%)
          3. code (PID 50824) - 466.63 MB (3.07%)
          4. code (PID 51580) - 452.62 MB (2.98%)
          5. gnome-shell (PID 4411) - 432.18 MB (2.84%)
[96m------------------------------------------------------------[0m
[1m[ DISK ][0m Used: [92m20.92 GB (2.28%)[0m | Free: 894.91 GB | Total: 915.83 GB
         [93mI/O:[0m Read 0.0 MB/s | Write 0.05 MB/s | Activity: 1.86%
[96m------------------------------------------------------------[0m[H[2J[3J[H[2J[3J[H[2J[3J[H[2J[3J[H[2J[3J[H[2J[3J[H[2J[3J[H[2J[3J[H[2J[3J[H[2J[3J[H[2J[3J[H[2J[3J[H[2J[3J[H[2J[3J[H[2J[3J[H[2J[3J[H[2J[3J[H[2J[3J[H[2J[3J[H[2J[3J[H[2J[3J[H[2J[3J[H[2J[3J[H[2J[3J[H[2J[3J[H[2J[3J[H[2J[3J[H[2J[3J[H[2J[3J[H[2J[3J[H[2J[3J[H[2J[3J[H[2J[3J[H[2J[3J[H[2J[3J[H[2J[3J[H[2J[3J[H[2J[3J[H[2J[3J[H[2J[3J[H[2J[3J[H[2J[3J[H[2J[3J[H[2J[3J[H[2J[3J[H[2J[3J[H[2J[3J[H[2J[3J[H[2J[3J[H[2J[3J[H[2J[3J[H[2J[3J[H[2J[3J[H[2J[3J[H[2J[3J[H[2J[3J[H[2J[3J[H[2J[3J[H[2J[3J[H[2J[3J[H[2J[3J[H[2J[3J[H[2J[3J[H[2J[3J[H[2J[3J[H[2J[3J[H[2J[3J[H[2J[3J[H[2J[3J[H[2J[3J[H[2J[3J[H[2J[3J[H[2J[3J[H[2J[3J[H[2J[3J[H[2J[3J[H[2J[3J[H[2J[3J[H[2J[3J[H[2J[3J[H[2J[3J[H[2J[3J[H[2J[3J[H[2J[3J[H[2J[3J[H[2J[3J[H[2J[3J
[1m[ NET ][0m Upload: 0.0 MB/s | Download: 0.0 MB/s
[96m------------------------------------------------------------[0m
[1m[ BATTERY ][0m [92m98.19%[0m (Charging/Plugged in)
[1m[96m============================================================[0m
[1m[92mData logged to 2026_logs/2026-09-28.jsonl... (Press Ctrl+C to stop)[0m
[1m[96m============================================================[0m
[1mSYSTEM MONITOR V2[0m | Time: 2026-09-28 14:38:01
[96m------------------------------------------------------------[0m
[1m[ CPU ][0m Used: [92m1.0%[0m | Free: 99.0%
[96m------------------------------------------------------------[0m
[1m[ RAM ][0m Used: [92m7.05 GB (47.5%)[0m | Available: 7.8 GB | Total: 14.84 GB
[1m[ SWAP ][0m Used: 0.0 GB (0.0%) | Free: 4.0 GB | Total: 4.0 GB
        [93mTop 5 RAM Processes (Logged 10):[0m
          1. chrome (PID 7552) - 770.14 MB (5.07%)
          2. chrome (PID 6787) - 546.43 MB (3.6%)
          3. code (PID 50824) - 468.83 MB (3.08%)
          4. code (PID 51580) - 452.72 MB (2.98%)
          5. gnome-shell (PID 4411) - 432.18 MB (2.84%)
[96m------------------------------------------------------------[0m
[1m[ DISK ][0m Used: [92m20.92 GB (2.28%)[0m | Free: 894.91 GB | Total: 915.83 GB
         [93mI/O:[0m Read 0.0 MB/s | Write 0.07 MB/s | Activity: 0.94%
[96m------------------------------------------------------------[0m
[1m[ NET ][0m Upload: 0.0 MB/s | Download: 0.0 MB/s
[96m------------------------------------------------------------[0m
[1m[ BATTERY ][0m [92m98.19%[0m (Charging/Plugged in)
[1m[96m============================================================[0m
[1m[92mData logged to 2026_logs/2026-09-28.jsonl... (Press Ctrl+C to stop)[0m
[1m[96m============================================================[0m
[1mSYSTEM MONITOR V2[0m | Time: 2026-09-28 14:38:06
[96m------------------------------------------------------------[0m
[1m[ CPU ][0m Used: [92m0.8%[0m | Free: 99.2%
[96m------------------------------------------------------------[0m
[1m[ RAM ][0m Used: [92m7.0 GB (47.1%)[0m | Available: 7.85 GB | Total: 14.84 GB
[1m[ SWAP ][0m Used: 0.0 GB (0.0%) | Free: 4.0 GB | Total: 4.0 GB
        [93mTop 5 RAM Processes (Logged 10):[0m
          1. chrome (PID 7552) - 768.46 MB (5.06%)
          2. chrome (PID 6787) - 546.43 MB (3.6%)
          3. code (PID 50824) - 468.88 MB (3.08%)
          4. code (PID 51580) - 452.81 MB (2.98%)
          5. gnome-shell (PID 4411) - 432.18 MB (2.84%)
[96m------------------------------------------------------------[0m
[1m[ DISK ][0m Used: [92m20.92 GB (2.28%)[0m | Free: 894.91 GB | Total: 915.83 GB
         [93mI/O:[0m Read 0.0 MB/s | Write 0.55 MB/s | Activity: 0.98%
[96m------------------------------------------------------------[0m
[1m[ NET ][0m Upload: 0.0 MB/s | Download: 0.02 MB/s
[96m------------------------------------------------------------[0m
[1m[ BATTERY ][0m [92m98.19%[0m (Charging/Plugged in)
[1m[96m============================================================[0m
[1m[92mData logged to 2026_logs/2026-09-28.jsonl... (Press Ctrl+C to stop)[0m
[1m[96m============================================================[0m
[1mSYSTEM MONITOR V2[0m | Time: 2026-09-28 14:38:11
[96m------------------------------------------------------------[0m
[1m[ CPU ][0m Used: [92m0.6%[0m | Free: 99.4%
[96m------------------------------------------------------------[0m
[1m[ RAM ][0m Used: [92m6.96 GB (46.9%)[0m | Available: 7.88 GB | Total: 14.84 GB
[1m[ SWAP ][0m Used: 0.0 GB (0.0%) | Free: 4.0 GB | Total: 4.0 GB
        [93mTop 5 RAM Processes (Logged 10):[0m
          1. chrome (PID 7552) - 768.46 MB (5.06%)
          2. chrome (PID 6787) - 546.43 MB (3.6%)
          3. code (PID 50824) - 468.89 MB (3.08%)
          4. code (PID 51580) - 452.9 MB (2.98%)
          5. gnome-shell (PID 4411) - 432.18 MB (2.84%)
[96m------------------------------------------------------------[0m
[1m[ DISK ][0m Used: [92m20.92 GB (2.28%)[0m | Free: 894.91 GB | Total: 915.83 GB
         [93mI/O:[0m Read 0.0 MB/s | Write 0.83 MB/s | Activity: 0.22%
[96m------------------------------------------------------------[0m
[1m[ NET ][0m Upload: 0.0 MB/s | Download: 0.0 MB/s
[96m------------------------------------------------------------[0m
[1m[ BATTERY ][0m [92m98.19%[0m (Charging/Plugged in)
[1m[96m============================================================[0m
[1m[92mData logged to 2026_logs/2026-09-28.jsonl... (Press Ctrl+C to stop)[0m
[1m[96m============================================================[0m
[1mSYSTEM MONITOR V2[0m | Time: 2026-09-28 14:38:17
[96m------------------------------------------------------------[0m
[1m[ CPU ][0m Used: [92m1.6%[0m | Free: 98.4%
[96m------------------------------------------------------------[0m
[1m[ RAM ][0m Used: [92m6.97 GB (46.9%)[0m | Available: 7.88 GB | Total: 14.84 GB
[1m[ SWAP ][0m Used: 0.0 GB (0.0%) | Free: 4.0 GB | Total: 4.0 GB
        [93mTop 5 RAM Processes (Logged 10):[0m
          1. chrome (PID 7552) - 771.57 MB (5.08%)
          2. chrome (PID 6787) - 546.71 MB (3.6%)
          3. code (PID 50824) - 468.93 MB (3.09%)
          4. code (PID 51580) - 452.99 MB (2.98%)
          5. gnome-shell (PID 4411) - 432.18 MB (2.84%)
[96m------------------------------------------------------------[0m
[1m[ DISK ][0m Used: [92m20.92 GB (2.28%)[0m | Free: 894.91 GB | Total: 915.83 GB
         [93mI/O:[0m Read 0.0 MB/s | Write 0.04 MB/s | Activity: 0.92%
[96m------------------------------------------------------------[0m
[1m[ NET ][0m Upload: 0.01 MB/s | Download: 0.01 MB/s
[96m------------------------------------------------------------[0m
[1m[ BATTERY ][0m [92m98.19%[0m (Charging/Plugged in)
[1m[96m============================================================[0m
[1m[92mData logged to 2026_logs/2026-09-28.jsonl... (Press Ctrl+C to stop)[0m
[1m[96m============================================================[0m
[1mSYSTEM MONITOR V2[0m | Time: 2026-09-28 14:38:22
[96m------------------------------------------------------------[0m
[1m[ CPU ][0m Used: [92m1.0%[0m | Free: 99.0%
[96m------------------------------------------------------------[0m
[1m[ RAM ][0m Used: [92m6.94 GB (46.7%)[0m | Available: 7.91 GB | Total: 14.84 GB
[1m[ SWAP ][0m Used: 0.0 GB (0.0%) | Free: 4.0 GB | Total: 4.0 GB
        [93mTop 5 RAM Processes (Logged 10):[0m
          1. chrome (PID 7552) - 771.57 MB (5.08%)
          2. chrome (PID 6787) - 546.53 MB (3.6%)
          3. code (PID 50824) - 468.98 MB (3.09%)
          4. code (PID 51580) - 453.08 MB (2.98%)
          5. gnome-shell (PID 4411) - 432.26 MB (2.84%)
[96m------------------------------------------------------------[0m
[1m[ DISK ][0m Used: [92m20.92 GB (2.28%)[0m | Free: 894.91 GB | Total: 915.83 GB
         [93mI/O:[0m Read 0.0 MB/s | Write 0.07 MB/s | Activity: 0.97%
[96m------------------------------------------------------------[0m
[1m[ NET ][0m Upload: 0.0 MB/s | Download: 0.0 MB/s
[96m------------------------------------------------------------[0m
[1m[ BATTERY ][0m [92m98.19%[0m (Charging/Plugged in)
[1m[96m============================================================[0m
[1m[92mData logged to 2026_logs/2026-09-28.jsonl... (Press Ctrl+C to stop)[0m
[1m[96m============================================================[0m
[1mSYSTEM MONITOR V2[0m | Time: 2026-09-28 14:38:27
[96m------------------------------------------------------------[0m
[1m[ CPU ][0m Used: [92m0.8%[0m | Free: 99.2%
[96m------------------------------------------------------------[0m
[1m[ RAM ][0m Used: [92m6.92 GB (46.6%)[0m | Available: 7.93 GB | Total: 14.84 GB
[1m[ SWAP ][0m Used: 0.0 GB (0.0%) | Free: 4.0 GB | Total: 4.0 GB
        [93mTop 5 RAM Processes (Logged 10):[0m
          1. chrome (PID 7552) - 771.57 MB (5.08%)
          2. chrome (PID 6787) - 546.35 MB (3.59%)
          3. code (PID 50824) - 469.12 MB (3.09%)
          4. code (PID 51580) - 453.17 MB (2.98%)
          5. gnome-shell (PID 4411) - 432.26 MB (2.84%)
[96m------------------------------------------------------------[0m
[1m[ DISK ][0m Used: [92m20.92 GB (2.28%)[0m | Free: 894.91 GB | Total: 915.83 GB
         [93mI/O:[0m Read 0.0 MB/s | Write 2.31 MB/s | Activity: 1.9%
[96m------------------------------------------------------------[0m
[1m[ NET ][0m Upload: 0.0 MB/s | Download: 0.0 MB/s
[96m------------------------------------------------------------[0m
[1m[ BATTERY ][0m [92m98.19%[0m (Charging/Plugged in)
[1m[96m============================================================[0m
[1m[92mData logged to 2026_logs/2026-09-28.jsonl... (Press Ctrl+C to stop)[0m
[1m[96m============================================================[0m
[1mSYSTEM MONITOR V2[0m | Time: 2026-09-28 14:38:32
[96m------------------------------------------------------------[0m
[1m[ CPU ][0m Used: [92m0.8%[0m | Free: 99.2%
[96m------------------------------------------------------------[0m
[1m[ RAM ][0m Used: [92m6.93 GB (46.7%)[0m | Available: 7.91 GB | Total: 14.84 GB
[1m[ SWAP ][0m Used: 0.0 GB (0.0%) | Free: 4.0 GB | Total: 4.0 GB
        [93mTop 5 RAM Processes (Logged 10):[0m
          1. chrome (PID 7552) - 771.57 MB (5.08%)
          2. chrome (PID 6787) - 546.34 MB (3.59%)
          3. code (PID 50824) - 469.79 MB (3.09%)
          4. code (PID 51580) - 453.26 MB (2.98%)
          5. gnome-shell (PID 4411) - 432.17 MB (2.84%)
[96m------------------------------------------------------------[0m
[1m[ DISK ][0m Used: [92m20.92 GB (2.28%)[0m | Free: 894.91 GB | Total: 915.83 GB
         [93mI/O:[0m Read 0.0 MB/s | Write 0.04 MB/s | Activity: 0.8%
[96m------------------------------------------------------------[0m
[1m[ NET ][0m Upload: 0.0 MB/s | Download: 0.0 MB/s
[96m------------------------------------------------------------[0m
[1m[ BATTERY ][0m [92m98.19%[0m (Charging/Plugged in)
[1m[96m============================================================[0m
[1m[92mData logged to 2026_logs/2026-09-28.jsonl... (Press Ctrl+C to stop)[0m
[1m[96m============================================================[0m
[1mSYSTEM MONITOR V2[0m | Time: 2026-09-28 14:38:37
[96m------------------------------------------------------------[0m
[1m[ CPU ][0m Used: [92m0.7%[0m | Free: 99.3%
[96m------------------------------------------------------------[0m
[1m[ RAM ][0m Used: [92m6.93 GB (46.7%)[0m | Available: 7.92 GB | Total: 14.84 GB
[1m[ SWAP ][0m Used: 0.0 GB (0.0%) | Free: 4.0 GB | Total: 4.0 GB
        [93mTop 5 RAM Processes (Logged 10):[0m
          1. chrome (PID 7552) - 771.57 MB (5.08%)
          2. chrome (PID 6787) - 546.3 MB (3.59%)
          3. code (PID 50824) - 469.9 MB (3.09%)
          4. code (PID 51580) - 453.35 MB (2.98%)
          5. gnome-shell (PID 4411) - 432.17 MB (2.84%)
[96m------------------------------------------------------------[0m
[1m[ DISK ][0m Used: [92m20.92 GB (2.28%)[0m | Free: 894.91 GB | Total: 915.83 GB
         [93mI/O:[0m Read 0.0 MB/s | Write 0.4 MB/s | Activity: 1.81%
[96m------------------------------------------------------------[0m
[1m[ NET ][0m Upload: 0.0 MB/s | Download: 0.0 MB/s
[96m------------------------------------------------------------[0m
[1m[ BATTERY ][0m [92m98.19%[0m (Charging/Plugged in)
[1m[96m============================================================[0m
[1m[92mData logged to 2026_logs/2026-09-28.jsonl... (Press Ctrl+C to stop)[0m
[1m[96m============================================================[0m
[1mSYSTEM MONITOR V2[0m | Time: 2026-09-28 14:38:42
[96m------------------------------------------------------------[0m
[1m[ CPU ][0m Used: [92m0.8%[0m | Free: 99.2%
[96m------------------------------------------------------------[0m
[1m[ RAM ][0m Used: [92m6.93 GB (46.7%)[0m | Available: 7.92 GB | Total: 14.84 GB
[1m[ SWAP ][0m Used: 0.0 GB (0.0%) | Free: 4.0 GB | Total: 4.0 GB
        [93mTop 5 RAM Processes (Logged 10):[0m
          1. chrome (PID 7552) - 771.57 MB (5.08%)
          2. chrome (PID 6787) - 546.38 MB (3.59%)
          3. code (PID 50824) - 469.63 MB (3.09%)
          4. code (PID 51580) - 453.46 MB (2.98%)
          5. gnome-shell (PID 4411) - 432.17 MB (2.84%)
[96m------------------------------------------------------------[0m
[1m[ DISK ][0m Used: [92m20.92 GB (2.28%)[0m | Free: 894.91 GB | Total: 915.83 GB
         [93mI/O:[0m Read 0.0 MB/s | Write 0.0 MB/s | Activity: 0.76%
[96m------------------------------------------------------------[0m
[1m[ NET ][0m Upload: 0.0 MB/s | Download: 0.0 MB/s
[96m------------------------------------------------------------[0m
[1m[ BATTERY ][0m [92m98.19%[0m (Charging/Plugged in)
[1m[96m============================================================[0m
[1m[92mData logged to 2026_logs/2026-09-28.jsonl... (Press Ctrl+C to stop)[0m
[1m[96m============================================================[0m
[1mSYSTEM MONITOR V2[0m | Time: 2026-09-28 14:38:47
[96m------------------------------------------------------------[0m
[1m[ CPU ][0m Used: [92m1.2%[0m | Free: 98.8%
[96m------------------------------------------------------------[0m
[1m[ RAM ][0m Used: [92m6.88 GB (46.4%)[0m | Available: 7.96 GB | Total: 14.84 GB
[1m[ SWAP ][0m Used: 0.0 GB (0.0%) | Free: 4.0 GB | Total: 4.0 GB
        [93mTop 5 RAM Processes (Logged 10):[0m
          1. chrome (PID 7552) - 773.69 MB (5.09%)
          2. chrome (PID 6787) - 546.97 MB (3.6%)
          3. code (PID 50824) - 467.98 MB (3.08%)
          4. code (PID 51580) - 453.55 MB (2.98%)
          5. gnome-shell (PID 4411) - 432.17 MB (2.84%)
[96m------------------------------------------------------------[0m
[1m[ DISK ][0m Used: [92m20.92 GB (2.28%)[0m | Free: 894.91 GB | Total: 915.83 GB
         [93mI/O:[0m Read 0.0 MB/s | Write 0.9 MB/s | Activity: 1.65%
[96m------------------------------------------------------------[0m
[1m[ NET ][0m Upload: 0.0 MB/s | Download: 0.0 MB/s
[96m------------------------------------------------------------[0m
[1m[ BATTERY ][0m [92m98.19%[0m (Charging/Plugged in)
[1m[96m============================================================[0m
[1m[92mData logged to 2026_logs/2026-09-28.jsonl... (Press Ctrl+C to stop)[0m
[1m[96m============================================================[0m
[1mSYSTEM MONITOR V2[0m | Time: 2026-09-28 14:38:52
[96m------------------------------------------------------------[0m
[1m[ CPU ][0m Used: [92m0.9%[0m | Free: 99.1%
[96m------------------------------------------------------------[0m
[1m[ RAM ][0m Used: [92m6.88 GB (46.3%)[0m | Available: 7.96 GB | Total: 14.84 GB
[1m[ SWAP ][0m Used: 0.0 GB (0.0%) | Free: 4.0 GB | Total: 4.0 GB
        [93mTop 5 RAM Processes (Logged 10):[0m
          1. chrome (PID 7552) - 773.69 MB (5.09%)
          2. chrome (PID 6787) - 546.45 MB (3.6%)
          3. code (PID 50824) - 467.98 MB (3.08%)
          4. code (PID 51580) - 452.87 MB (2.98%)
          5. gnome-shell (PID 4411) - 432.17 MB (2.84%)
[96m------------------------------------------------------------[0m
[1m[ DISK ][0m Used: [92m20.92 GB (2.28%)[0m | Free: 894.91 GB | Total: 915.83 GB
         [93mI/O:[0m Read 0.0 MB/s | Write 0.02 MB/s | Activity: 0.86%
[96m------------------------------------------------------------[0m
[1m[ NET ][0m Upload: 0.0 MB/s | Download: 0.0 MB/s
[96m------------------------------------------------------------[0m
[1m[ BATTERY ][0m [92m98.19%[0m (Charging/Plugged in)
[1m[96m============================================================[0m
[1m[92mData logged to 2026_logs/2026-09-28.jsonl... (Press Ctrl+C to stop)[0m
[1m[96m============================================================[0m
[1mSYSTEM MONITOR V2[0m | Time: 2026-09-28 14:38:57
[96m------------------------------------------------------------[0m
[1m[ CPU ][0m Used: [92m0.9%[0m | Free: 99.1%
[96m------------------------------------------------------------[0m
[1m[ RAM ][0m Used: [92m6.88 GB (46.4%)[0m | Available: 7.96 GB | Total: 14.84 GB
[1m[ SWAP ][0m Used: 0.0 GB (0.0%) | Free: 4.0 GB | Total: 4.0 GB
        [93mTop 5 RAM Processes (Logged 10):[0m
          1. chrome (PID 7552) - 772.27 MB (5.08%)
          2. chrome (PID 6787) - 546.45 MB (3.6%)
          3. code (PID 50824) - 467.95 MB (3.08%)
          4. code (PID 51580) - 452.96 MB (2.98%)
          5. gnome-shell (PID 4411) - 432.17 MB (2.84%)
[96m------------------------------------------------------------[0m
[1m[ DISK ][0m Used: [92m20.92 GB (2.28%)[0m | Free: 894.91 GB | Total: 915.83 GB
         [93mI/O:[0m Read 0.0 MB/s | Write 0.03 MB/s | Activity: 0.9%
[96m------------------------------------------------------------[0m
[1m[ NET ][0m Upload: 0.0 MB/s | Download: 0.0 MB/s
[96m------------------------------------------------------------[0m
[1m[ BATTERY ][0m [92m98.19%[0m (Charging/Plugged in)
[1m[96m============================================================[0m
[1m[92mData logged to 2026_logs/2026-09-28.jsonl... (Press Ctrl+C to stop)[0m
[1m[96m============================================================[0m
[1mSYSTEM MONITOR V2[0m | Time: 2026-09-28 14:39:02
[96m------------------------------------------------------------[0m
[1m[ CPU ][0m Used: [92m0.9%[0m | Free: 99.1%
[96m------------------------------------------------------------[0m
[1m[ RAM ][0m Used: [92m6.87 GB (46.3%)[0m | Available: 7.97 GB | Total: 14.84 GB
[1m[ SWAP ][0m Used: 0.0 GB (0.0%) | Free: 4.0 GB | Total: 4.0 GB
        [93mTop 5 RAM Processes (Logged 10):[0m
          1. chrome (PID 7552) - 772.27 MB (5.08%)
          2. chrome (PID 6787) - 546.43 MB (3.6%)
          3. code (PID 50824) - 468.32 MB (3.08%)
          4. code (PID 51580) - 453.05 MB (2.98%)
          5. gnome-shell (PID 4411) - 432.18 MB (2.84%)
[96m------------------------------------------------------------[0m
[1m[ DISK ][0m Used: [92m20.92 GB (2.28%)[0m | Free: 894.91 GB | Total: 915.83 GB
         [93mI/O:[0m Read 0.0 MB/s | Write 0.07 MB/s | Activity: 1.63%
[96m------------------------------------------------------------[0m
[1m[ NET ][0m Upload: 0.0 MB/s | Download: 0.01 MB/s
[96m------------------------------------------------------------[0m
[1m[ BATTERY ][0m [92m98.19%[0m (Charging/Plugged in)
[1m[96m============================================================[0m
[1m[92mData logged to 2026_logs/2026-09-28.jsonl... (Press Ctrl+C to stop)[0m
[1m[96m============================================================[0m
[1mSYSTEM MONITOR V2[0m | Time: 2026-09-28 14:39:07
[96m------------------------------------------------------------[0m
[1m[ CPU ][0m Used: [92m0.7%[0m | Free: 99.3%
[96m------------------------------------------------------------[0m
[1m[ RAM ][0m Used: [92m6.86 GB (46.2%)[0m | Available: 7.98 GB | Total: 14.84 GB
[1m[ SWAP ][0m Used: 0.0 GB (0.0%) | Free: 4.0 GB | Total: 4.0 GB
        [93mTop 5 RAM Processes (Logged 10):[0m
          1. chrome (PID 7552) - 769.41 MB (5.06%)
          2. chrome (PID 6787) - 546.29 MB (3.59%)
          3. code (PID 50824) - 467.4 MB (3.08%)
          4. code (PID 51580) - 453.15 MB (2.98%)
          5. gnome-shell (PID 4411) - 432.18 MB (2.84%)
[96m------------------------------------------------------------[0m
[1m[ DISK ][0m Used: [92m20.92 GB (2.28%)[0m | Free: 894.91 GB | Total: 915.83 GB
         [93mI/O:[0m Read 0.0 MB/s | Write 0.32 MB/s | Activity: 1.61%
[96m------------------------------------------------------------[0m
[1m[ NET ][0m Upload: 0.0 MB/s | Download: 0.0 MB/s
[96m------------------------------------------------------------[0m
[1m[ BATTERY ][0m [92m98.19%[0m (Charging/Plugged in)
[1m[96m============================================================[0m
[1m[92mData logged to 2026_logs/2026-09-28.jsonl... (Press Ctrl+C to stop)[0m
[1m[96m============================================================[0m
[1mSYSTEM MONITOR V2[0m | Time: 2026-09-28 14:39:12
[96m------------------------------------------------------------[0m
[1m[ CPU ][0m Used: [92m0.8%[0m | Free: 99.2%
[96m------------------------------------------------------------[0m
[1m[ RAM ][0m Used: [92m6.86 GB (46.2%)[0m | Available: 7.98 GB | Total: 14.84 GB
[1m[ SWAP ][0m Used: 0.0 GB (0.0%) | Free: 4.0 GB | Total: 4.0 GB
        [93mTop 5 RAM Processes (Logged 10):[0m
          1. chrome (PID 7552) - 769.41 MB (5.06%)
          2. chrome (PID 6787) - 546.3 MB (3.59%)
          3. code (PID 50824) - 467.52 MB (3.08%)
          4. code (PID 51580) - 453.23 MB (2.98%)
          5. gnome-shell (PID 4411) - 432.18 MB (2.84%)
[96m------------------------------------------------------------[0m
[1m[ DISK ][0m Used: [92m20.92 GB (2.28%)[0m | Free: 894.91 GB | Total: 915.83 GB
         [93mI/O:[0m Read 0.0 MB/s | Write 0.88 MB/s | Activity: 1.04%
[96m------------------------------------------------------------[0m
[1m[ NET ][0m Upload: 0.0 MB/s | Download: 0.0 MB/s
[96m------------------------------------------------------------[0m
[1m[ BATTERY ][0m [92m98.19%[0m (Charging/Plugged in)
[1m[96m============================================================[0m
[1m[92mData logged to 2026_logs/2026-09-28.jsonl... (Press Ctrl+C to stop)[0m
[1m[96m============================================================[0m
[1mSYSTEM MONITOR V2[0m | Time: 2026-09-28 14:39:18
[96m------------------------------------------------------------[0m
[1m[ CPU ][0m Used: [92m1.2%[0m | Free: 98.8%
[96m------------------------------------------------------------[0m
[1m[ RAM ][0m Used: [92m6.89 GB (46.4%)[0m | Available: 7.95 GB | Total: 14.84 GB
[1m[ SWAP ][0m Used: 0.0 GB (0.0%) | Free: 4.0 GB | Total: 4.0 GB
        [93mTop 5 RAM Processes (Logged 10):[0m
          1. chrome (PID 7552) - 776.29 MB (5.11%)
          2. chrome (PID 6787) - 546.33 MB (3.59%)
          3. code (PID 50824) - 467.59 MB (3.08%)
          4. code (PID 51580) - 453.33 MB (2.98%)
          5. gnome-shell (PID 4411) - 432.25 MB (2.84%)
[96m------------------------------------------------------------[0m
[1m[ DISK ][0m Used: [92m20.92 GB (2.28%)[0m | Free: 894.91 GB | Total: 915.83 GB
         [93mI/O:[0m Read 0.0 MB/s | Write 0.39 MB/s | Activity: 1.1%
[96m------------------------------------------------------------[0m
[1m[ NET ][0m Upload: 0.0 MB/s | Download: 0.0 MB/s
[96m------------------------------------------------------------[0m
[1m[ BATTERY ][0m [92m98.19%[0m (Charging/Plugged in)
[1m[96m============================================================[0m
[1m[92mData logged to 2026_logs/2026-09-28.jsonl... (Press Ctrl+C to stop)[0m
[1m[96m============================================================[0m
[1mSYSTEM MONITOR V2[0m | Time: 2026-09-28 14:39:23
[96m------------------------------------------------------------[0m
[1m[ CPU ][0m Used: [92m0.7%[0m | Free: 99.3%
[96m------------------------------------------------------------[0m
[1m[ RAM ][0m Used: [92m6.9 GB (46.5%)[0m | Available: 7.95 GB | Total: 14.84 GB
[1m[ SWAP ][0m Used: 0.0 GB (0.0%) | Free: 4.0 GB | Total: 4.0 GB
        [93mTop 5 RAM Processes (Logged 10):[0m
          1. chrome (PID 7552) - 776.29 MB (5.11%)
          2. chrome (PID 6787) - 546.33 MB (3.59%)
          3. code (PID 50824) - 467.74 MB (3.08%)
          4. code (PID 51580) - 453.42 MB (2.98%)
          5. gnome-shell (PID 4411) - 432.25 MB (2.84%)
[96m------------------------------------------------------------[0m
[1m[ DISK ][0m Used: [92m20.92 GB (2.28%)[0m | Free: 894.91 GB | Total: 915.83 GB
         [93mI/O:[0m Read 0.0 MB/s | Write 0.01 MB/s | Activity: 0.04%
[96m------------------------------------------------------------[0m
[1m[ NET ][0m Upload: 0.0 MB/s | Download: 0.0 MB/s
[96m------------------------------------------------------------[0m
[1m[ BATTERY ][0m [92m98.19%[0m (Charging/Plugged in)
[1m[96m============================================================[0m
[1m[92mData logged to 2026_logs/2026-09-28.jsonl... (Press Ctrl+C to stop)[0m
[1m[96m============================================================[0m
[1mSYSTEM MONITOR V2[0m | Time: 2026-09-28 14:39:28
[96m------------------------------------------------------------[0m
[1m[ CPU ][0m Used: [92m0.7%[0m | Free: 99.3%
[96m------------------------------------------------------------[0m
[1m[ RAM ][0m Used: [92m6.89 GB (46.4%)[0m | Available: 7.95 GB | Total: 14.84 GB
[1m[ SWAP ][0m Used: 0.0 GB (0.0%) | Free: 4.0 GB | Total: 4.0 GB
        [93mTop 5 RAM Processes (Logged 10):[0m
          1. chrome (PID 7552) - 775.3 MB (5.1%)
          2. chrome (PID 6787) - 546.51 MB (3.6%)
          3. code (PID 50824) - 467.85 MB (3.08%)
          4. code (PID 51580) - 453.51 MB (2.98%)
          5. gnome-shell (PID 4411) - 432.29 MB (2.84%)
[96m------------------------------------------------------------[0m
[1m[ DISK ][0m Used: [92m20.92 GB (2.28%)[0m | Free: 894.91 GB | Total: 915.83 GB
         [93mI/O:[0m Read 0.0 MB/s | Write 0.01 MB/s | Activity: 0.8%
[96m------------------------------------------------------------[0m
[1m[ NET ][0m Upload: 0.0 MB/s | Download: 0.0 MB/s
[96m------------------------------------------------------------[0m
[1m[ BATTERY ][0m [92m98.19%[0m (Charging/Plugged in)
[1m[96m============================================================[0m
[1m[92mData logged to 2026_logs/2026-09-28.jsonl... (Press Ctrl+C to stop)[0m
[1m[96m============================================================[0m
[1mSYSTEM MONITOR V2[0m | Time: 2026-09-28 14:39:33
[96m------------------------------------------------------------[0m
[1m[ CPU ][0m Used: [92m0.7%[0m | Free: 99.3%
[96m------------------------------------------------------------[0m
[1m[ RAM ][0m Used: [92m6.89 GB (46.4%)[0m | Available: 7.95 GB | Total: 14.84 GB
[1m[ SWAP ][0m Used: 0.0 GB (0.0%) | Free: 4.0 GB | Total: 4.0 GB
        [93mTop 5 RAM Processes (Logged 10):[0m
          1. chrome (PID 7552) - 775.3 MB (5.1%)
          2. chrome (PID 6787) - 546.39 MB (3.59%)
          3. code (PID 50824) - 467.96 MB (3.08%)
          4. code (PID 51580) - 453.6 MB (2.98%)
          5. gnome-shell (PID 4411) - 432.29 MB (2.84%)
[96m------------------------------------------------------------[0m
[1m[ DISK ][0m Used: [92m20.92 GB (2.28%)[0m | Free: 894.91 GB | Total: 915.83 GB
         [93mI/O:[0m Read 0.0 MB/s | Write 0.01 MB/s | Activity: 1.59%
[96m------------------------------------------------------------[0m
[1m[ NET ][0m Upload: 0.0 MB/s | Download: 0.0 MB/s
[96m------------------------------------------------------------[0m
[1m[ BATTERY ][0m [92m98.19%[0m (Charging/Plugged in)
[1m[96m============================================================[0m
[1m[92mData logged to 2026_logs/2026-09-28.jsonl... (Press Ctrl+C to stop)[0m
[1m[96m============================================================[0m
[1mSYSTEM MONITOR V2[0m | Time: 2026-09-28 14:39:38
[96m------------------------------------------------------------[0m
[1m[ CPU ][0m Used: [92m0.7%[0m | Free: 99.3%
[96m------------------------------------------------------------[0m
[1m[ RAM ][0m Used: [92m6.89 GB (46.4%)[0m | Available: 7.95 GB | Total: 14.84 GB
[1m[ SWAP ][0m Used: 0.0 GB (0.0%) | Free: 4.0 GB | Total: 4.0 GB
        [93mTop 5 RAM Processes (Logged 10):[0m
          1. chrome (PID 7552) - 775.31 MB (5.1%)
          2. chrome (PID 6787) - 546.32 MB (3.59%)
          3. code (PID 50824) - 468.13 MB (3.08%)
          4. code (PID 51580) - 453.7 MB (2.99%)
          5. gnome-shell (PID 4411) - 432.23 MB (2.84%)
[96m------------------------------------------------------------[0m
[1m[ DISK ][0m Used: [92m20.92 GB (2.28%)[0m | Free: 894.91 GB | Total: 915.83 GB
         [93mI/O:[0m Read 0.0 MB/s | Write 0.33 MB/s | Activity: 1.72%
[96m------------------------------------------------------------[0m
[1m[ NET ][0m Upload: 0.0 MB/s | Download: 0.0 MB/s
[96m------------------------------------------------------------[0m
[1m[ BATTERY ][0m [92m98.19%[0m (Charging/Plugged in)
[1m[96m============================================================[0m
[1m[92mData logged to 2026_logs/2026-09-28.jsonl... (Press Ctrl+C to stop)[0m
[1m[96m============================================================[0m
[1mSYSTEM MONITOR V2[0m | Time: 2026-09-28 14:39:43
[96m------------------------------------------------------------[0m
[1m[ CPU ][0m Used: [92m0.6%[0m | Free: 99.4%
[96m------------------------------------------------------------[0m
[1m[ RAM ][0m Used: [92m6.89 GB (46.4%)[0m | Available: 7.95 GB | Total: 14.84 GB
[1m[ SWAP ][0m Used: 0.0 GB (0.0%) | Free: 4.0 GB | Total: 4.0 GB
        [93mTop 5 RAM Processes (Logged 10):[0m
          1. chrome (PID 7552) - 775.31 MB (5.1%)
          2. chrome (PID 6787) - 546.32 MB (3.59%)
          3. code (PID 50824) - 468.21 MB (3.08%)
          4. code (PID 51580) - 453.0 MB (2.98%)
          5. gnome-shell (PID 4411) - 432.23 MB (2.84%)
[96m------------------------------------------------------------[0m
[1m[ DISK ][0m Used: [92m20.92 GB (2.28%)[0m | Free: 894.91 GB | Total: 915.83 GB
         [93mI/O:[0m Read 0.0 MB/s | Write 0.01 MB/s | Activity: 0.8%
[96m------------------------------------------------------------[0m
[1m[ NET ][0m Upload: 0.0 MB/s | Download: 0.0 MB/s
[96m------------------------------------------------------------[0m
[1m[ BATTERY ][0m [92m98.19%[0m (Charging/Plugged in)
[1m[96m============================================================[0m
[1m[92mData logged to 2026_logs/2026-09-28.jsonl... (Press Ctrl+C to stop)[0m
[1m[96m============================================================[0m
[1mSYSTEM MONITOR V2[0m | Time: 2026-09-28 14:39:48
[96m------------------------------------------------------------[0m
[1m[ CPU ][0m Used: [92m1.1%[0m | Free: 98.9%
[96m------------------------------------------------------------[0m
[1m[ RAM ][0m Used: [92m6.87 GB (46.3%)[0m | Available: 7.98 GB | Total: 14.84 GB
[1m[ SWAP ][0m Used: 0.0 GB (0.0%) | Free: 4.0 GB | Total: 4.0 GB
        [93mTop 5 RAM Processes (Logged 10):[0m
          1. chrome (PID 7552) - 771.79 MB (5.08%)
          2. chrome (PID 6787) - 546.45 MB (3.6%)
          3. code (PID 50824) - 467.52 MB (3.08%)
          4. code (PID 51580) - 453.09 MB (2.98%)
          5. gnome-shell (PID 4411) - 432.23 MB (2.84%)
[96m------------------------------------------------------------[0m
[1m[ DISK ][0m Used: [92m20.92 GB (2.28%)[0m | Free: 894.91 GB | Total: 915.83 GB
         [93mI/O:[0m Read 0.0 MB/s | Write 0.01 MB/s | Activity: 0.8%
[96m------------------------------------------------------------[0m
[1m[ NET ][0m Upload: 0.0 MB/s | Download: 0.0 MB/s
[96m------------------------------------------------------------[0m
[1m[ BATTERY ][0m [92m98.19%[0m (Charging/Plugged in)
[1m[96m============================================================[0m
[1m[92mData logged to 2026_logs/2026-09-28.jsonl... (Press Ctrl+C to stop)[0m
[1m[96m============================================================[0m
[1mSYSTEM MONITOR V2[0m | Time: 2026-09-28 14:39:53
[96m------------------------------------------------------------[0m
[1m[ CPU ][0m Used: [92m0.7%[0m | Free: 99.3%
[96m------------------------------------------------------------[0m
[1m[ RAM ][0m Used: [92m6.87 GB (46.3%)[0m | Available: 7.98 GB | Total: 14.84 GB
[1m[ SWAP ][0m Used: 0.0 GB (0.0%) | Free: 4.0 GB | Total: 4.0 GB
        [93mTop 5 RAM Processes (Logged 10):[0m
          1. chrome (PID 7552) - 770.29 MB (5.07%)
          2. chrome (PID 6787) - 546.42 MB (3.6%)
          3. code (PID 50824) - 467.59 MB (3.08%)
          4. code (PID 51580) - 453.19 MB (2.98%)
          5. gnome-shell (PID 4411) - 432.23 MB (2.84%)
[96m------------------------------------------------------------[0m
[1m[ DISK ][0m Used: [92m20.92 GB (2.28%)[0m | Free: 894.91 GB | Total: 915.83 GB
         [93mI/O:[0m Read 0.0 MB/s | Write 0.8 MB/s | Activity: 0.86%
[96m------------------------------------------------------------[0m
[1m[ NET ][0m Upload: 0.0 MB/s | Download: 0.0 MB/s
[96m------------------------------------------------------------[0m
[1m[ BATTERY ][0m [92m98.19%[0m (Charging/Plugged in)
[1m[96m============================================================[0m
[1m[92mData logged to 2026_logs/2026-09-28.jsonl... (Press Ctrl+C to stop)[0m
[1m[96m============================================================[0m
[1mSYSTEM MONITOR V2[0m | Time: 2026-09-28 14:39:58
[96m------------------------------------------------------------[0m
[1m[ CPU ][0m Used: [92m0.7%[0m | Free: 99.3%
[96m------------------------------------------------------------[0m
[1m[ RAM ][0m Used: [92m6.86 GB (46.2%)[0m | Available: 7.98 GB | Total: 14.84 GB
[1m[ SWAP ][0m Used: 0.0 GB (0.0%) | Free: 4.0 GB | Total: 4.0 GB
        [93mTop 5 RAM Processes (Logged 10):[0m
          1. chrome (PID 7552) - 770.3 MB (5.07%)
          2. chrome (PID 6787) - 546.39 MB (3.59%)
          3. code (PID 50824) - 467.73 MB (3.08%)
          4. code (PID 51580) - 453.28 MB (2.98%)
          5. gnome-shell (PID 4411) - 432.28 MB (2.84%)
[96m------------------------------------------------------------[0m
[1m[ DISK ][0m Used: [92m20.92 GB (2.28%)[0m | Free: 894.91 GB | Total: 915.83 GB
         [93mI/O:[0m Read 0.0 MB/s | Write 0.06 MB/s | Activity: 1.86%
[96m------------------------------------------------------------[0m
[1m[ NET ][0m Upload: 0.0 MB/s | Download: 0.0 MB/s
[96m------------------------------------------------------------[0m
[1m[ BATTERY ][0m [92m98.19%[0m (Charging/Plugged in)
[1m[96m============================================================[0m
[1m[92mData logged to 2026_logs/2026-09-28.jsonl... (Press Ctrl+C to stop)[0m
[1m[96m============================================================[0m
[1mSYSTEM MONITOR V2[0m | Time: 2026-09-28 14:40:03
[96m------------------------------------------------------------[0m
[1m[ CPU ][0m Used: [92m0.7%[0m | Free: 99.3%
[96m------------------------------------------------------------[0m
[1m[ RAM ][0m Used: [92m6.86 GB (46.2%)[0m | Available: 7.98 GB | Total: 14.84 GB
[1m[ SWAP ][0m Used: 0.0 GB (0.0%) | Free: 4.0 GB | Total: 4.0 GB
        [93mTop 5 RAM Processes (Logged 10):[0m
          1. chrome (PID 7552) - 768.62 MB (5.06%)
          2. chrome (PID 6787) - 546.28 MB (3.59%)
          3. code (PID 50824) - 467.84 MB (3.08%)
          4. code (PID 51580) - 453.37 MB (2.98%)
          5. gnome-shell (PID 4411) - 432.29 MB (2.84%)
[96m------------------------------------------------------------[0m
[1m[ DISK ][0m Used: [92m20.92 GB (2.28%)[0m | Free: 894.91 GB | Total: 915.83 GB
         [93mI/O:[0m Read 0.0 MB/s | Write 0.01 MB/s | Activity: 0.8%
[96m------------------------------------------------------------[0m
[1m[ NET ][0m Upload: 0.0 MB/s | Download: 0.0 MB/s
[96m------------------------------------------------------------[0m
[1m[ BATTERY ][0m [92m98.19%[0m (Charging/Plugged in)
[1m[96m============================================================[0m
[1m[92mData logged to 2026_logs/2026-09-28.jsonl... (Press Ctrl+C to stop)[0m
[1m[96m============================================================[0m
[1mSYSTEM MONITOR V2[0m | Time: 2026-09-28 14:40:09
[96m------------------------------------------------------------[0m
[1m[ CPU ][0m Used: [92m0.7%[0m | Free: 99.3%
[96m------------------------------------------------------------[0m
[1m[ RAM ][0m Used: [92m6.86 GB (46.2%)[0m | Available: 7.98 GB | Total: 14.84 GB
[1m[ SWAP ][0m Used: 0.0 GB (0.0%) | Free: 4.0 GB | Total: 4.0 GB
        [93mTop 5 RAM Processes (Logged 10):[0m
          1. chrome (PID 7552) - 768.62 MB (5.06%)
          2. chrome (PID 6787) - 546.21 MB (3.59%)
          3. code (PID 50824) - 467.95 MB (3.08%)
          4. code (PID 51580) - 453.46 MB (2.98%)
          5. gnome-shell (PID 4411) - 432.16 MB (2.84%)
[96m------------------------------------------------------------[0m
[1m[ DISK ][0m Used: [92m20.92 GB (2.28%)[0m | Free: 894.91 GB | Total: 915.83 GB
         [93mI/O:[0m Read 0.0 MB/s | Write 0.23 MB/s | Activity: 1.71%
[96m------------------------------------------------------------[0m
[1m[ NET ][0m Upload: 0.0 MB/s | Download: 0.0 MB/s
[96m------------------------------------------------------------[0m
[1m[ BATTERY ][0m [92m98.19%[0m (Charging/Plugged in)
[1m[96m============================================================[0m
[1m[92mData logged to 2026_logs/2026-09-28.jsonl... (Press Ctrl+C to stop)[0m
[1m[96m============================================================[0m
[1mSYSTEM MONITOR V2[0m | Time: 2026-09-28 14:40:14
[96m------------------------------------------------------------[0m
[1m[ CPU ][0m Used: [92m0.7%[0m | Free: 99.3%
[96m------------------------------------------------------------[0m
[1m[ RAM ][0m Used: [92m6.87 GB (46.3%)[0m | Available: 7.97 GB | Total: 14.84 GB
[1m[ SWAP ][0m Used: 0.0 GB (0.0%) | Free: 4.0 GB | Total: 4.0 GB
        [93mTop 5 RAM Processes (Logged 10):[0m
          1. chrome (PID 7552) - 768.62 MB (5.06%)
          2. chrome (PID 6787) - 546.21 MB (3.59%)
          3. code (PID 50824) - 468.04 MB (3.08%)
          4. code (PID 51580) - 453.56 MB (2.98%)
          5. gnome-shell (PID 4411) - 432.16 MB (2.84%)
[96m------------------------------------------------------------[0m
[1m[ DISK ][0m Used: [92m20.92 GB (2.28%)[0m | Free: 894.91 GB | Total: 915.83 GB
         [93mI/O:[0m Read 0.0 MB/s | Write 0.01 MB/s | Activity: 0.04%
[96m------------------------------------------------------------[0m
[1m[ NET ][0m Upload: 0.0 MB/s | Download: 0.0 MB/s
[96m------------------------------------------------------------[0m
[1m[ BATTERY ][0m [92m98.19%[0m (Charging/Plugged in)
[1m[96m============================================================[0m
[1m[92mData logged to 2026_logs/2026-09-28.jsonl... (Press Ctrl+C to stop)[0m
[1m[96m============================================================[0m
[1mSYSTEM MONITOR V2[0m | Time: 2026-09-28 14:40:19
[96m------------------------------------------------------------[0m
[1m[ CPU ][0m Used: [92m1.6%[0m | Free: 98.4%
[96m------------------------------------------------------------[0m
[1m[ RAM ][0m Used: [92m6.9 GB (46.5%)[0m | Available: 7.94 GB | Total: 14.84 GB
[1m[ SWAP ][0m Used: 0.0 GB (0.0%) | Free: 4.0 GB | Total: 4.0 GB
        [93mTop 5 RAM Processes (Logged 10):[0m
          1. chrome (PID 7552) - 775.35 MB (5.1%)
          2. chrome (PID 6787) - 547.37 MB (3.6%)
          3. code (PID 50824) - 468.25 MB (3.08%)
          4. code (PID 51580) - 453.66 MB (2.98%)
          5. gnome-shell (PID 4411) - 432.16 MB (2.84%)
[96m------------------------------------------------------------[0m
[1m[ DISK ][0m Used: [92m20.92 GB (2.28%)[0m | Free: 894.91 GB | Total: 915.83 GB
         [93mI/O:[0m Read 0.0 MB/s | Write 0.16 MB/s | Activity: 1.06%
[96m------------------------------------------------------------[0m
[1m[ NET ][0m Upload: 0.0 MB/s | Download: 0.0 MB/s
[96m------------------------------------------------------------[0m
[1m[ BATTERY ][0m [92m98.19%[0m (Charging/Plugged in)
[1m[96m============================================================[0m
[1m[92mData logged to 2026_logs/2026-09-28.jsonl... (Press Ctrl+C to stop)[0m
[1m[96m============================================================[0m
[1mSYSTEM MONITOR V2[0m | Time: 2026-09-28 14:40:24
[96m------------------------------------------------------------[0m
[1m[ CPU ][0m Used: [92m0.7%[0m | Free: 99.3%
[96m------------------------------------------------------------[0m
[1m[ RAM ][0m Used: [92m6.9 GB (46.5%)[0m | Available: 7.94 GB | Total: 14.84 GB
[1m[ SWAP ][0m Used: 0.0 GB (0.0%) | Free: 4.0 GB | Total: 4.0 GB
        [93mTop 5 RAM Processes (Logged 10):[0m
          1. chrome (PID 7552) - 775.35 MB (5.1%)
          2. chrome (PID 6787) - 546.34 MB (3.59%)
          3. code (PID 50824) - 467.54 MB (3.08%)
          4. code (PID 51580) - 453.75 MB (2.99%)
          5. gnome-shell (PID 4411) - 432.16 MB (2.84%)
[96m------------------------------------------------------------[0m
[1m[ DISK ][0m Used: [92m20.92 GB (2.28%)[0m | Free: 894.91 GB | Total: 915.83 GB
         [93mI/O:[0m Read 0.0 MB/s | Write 1.13 MB/s | Activity: 0.16%
[96m------------------------------------------------------------[0m
[1m[ NET ][0m Upload: 0.0 MB/s | Download: 0.0 MB/s
[96m------------------------------------------------------------[0m
[1m[ BATTERY ][0m [92m98.19%[0m (Charging/Plugged in)
[1m[96m============================================================[0m
[1m[92mData logged to 2026_logs/2026-09-28.jsonl... (Press Ctrl+C to stop)[0m
[1m[96m============================================================[0m
[1mSYSTEM MONITOR V2[0m | Time: 2026-09-28 14:40:29
[96m------------------------------------------------------------[0m
[1m[ CPU ][0m Used: [92m1.0%[0m | Free: 99.0%
[96m------------------------------------------------------------[0m
[1m[ RAM ][0m Used: [92m6.89 GB (46.4%)[0m | Available: 7.95 GB | Total: 14.84 GB
[1m[ SWAP ][0m Used: 0.0 GB (0.0%) | Free: 4.0 GB | Total: 4.0 GB
        [93mTop 5 RAM Processes (Logged 10):[0m
          1. chrome (PID 7552) - 775.35 MB (5.1%)
          2. chrome (PID 6787) - 546.25 MB (3.59%)
          3. code (PID 50824) - 467.64 MB (3.08%)
          4. code (PID 51580) - 453.85 MB (2.99%)
          5. gnome-shell (PID 4411) - 432.21 MB (2.84%)
[96m------------------------------------------------------------[0m
[1m[ DISK ][0m Used: [92m20.92 GB (2.28%)[0m | Free: 894.91 GB | Total: 915.83 GB
         [93mI/O:[0m Read 0.0 MB/s | Write 0.01 MB/s | Activity: 0.78%
[96m------------------------------------------------------------[0m
[1m[ NET ][0m Upload: 0.0 MB/s | Download: 0.0 MB/s
[96m------------------------------------------------------------[0m
[1m[ BATTERY ][0m [92m98.19%[0m (Charging/Plugged in)
[1m[96m============================================================[0m
[1m[92mData logged to 2026_logs/2026-09-28.jsonl... (Press Ctrl+C to stop)[0m
[1m[96m============================================================[0m
[1mSYSTEM MONITOR V2[0m | Time: 2026-09-28 14:40:34
[96m------------------------------------------------------------[0m
[1m[ CPU ][0m Used: [92m0.9%[0m | Free: 99.1%
[96m------------------------------------------------------------[0m
[1m[ RAM ][0m Used: [92m6.9 GB (46.5%)[0m | Available: 7.95 GB | Total: 14.84 GB
[1m[ SWAP ][0m Used: 0.0 GB (0.0%) | Free: 4.0 GB | Total: 4.0 GB
        [93mTop 5 RAM Processes (Logged 10):[0m
          1. chrome (PID 7552) - 775.35 MB (5.1%)
          2. chrome (PID 6787) - 546.36 MB (3.59%)
          3. code (PID 50824) - 467.74 MB (3.08%)
          4. code (PID 51580) - 453.95 MB (2.99%)
          5. gnome-shell (PID 4411) - 432.21 MB (2.84%)
[96m------------------------------------------------------------[0m
[1m[ DISK ][0m Used: [92m20.92 GB (2.28%)[0m | Free: 894.91 GB | Total: 915.83 GB
         [93mI/O:[0m Read 0.0 MB/s | Write 0.02 MB/s | Activity: 1.57%
[96m------------------------------------------------------------[0m
[1m[ NET ][0m Upload: 0.0 MB/s | Download: 0.0 MB/s
[96m------------------------------------------------------------[0m
[1m[ BATTERY ][0m [92m98.19%[0m (Charging/Plugged in)
[1m[96m============================================================[0m
[1m[92mData logged to 2026_logs/2026-09-28.jsonl... (Press Ctrl+C to stop)[0m
[1m[96m============================================================[0m
[1mSYSTEM MONITOR V2[0m | Time: 2026-09-28 14:40:39
[96m------------------------------------------------------------[0m
[1m[ CPU ][0m Used: [92m1.0%[0m | Free: 99.0%
[96m------------------------------------------------------------[0m
[1m[ RAM ][0m Used: [92m6.88 GB (46.4%)[0m | Available: 7.96 GB | Total: 14.84 GB
[1m[ SWAP ][0m Used: 0.0 GB (0.0%) | Free: 4.0 GB | Total: 4.0 GB
        [93mTop 5 RAM Processes (Logged 10):[0m
          1. chrome (PID 7552) - 775.36 MB (5.1%)
          2. chrome (PID 6787) - 546.41 MB (3.59%)
          3. code (PID 50824) - 467.85 MB (3.08%)
          4. code (PID 51580) - 453.23 MB (2.98%)
          5. gnome-shell (PID 4411) - 432.2 MB (2.84%)
[96m------------------------------------------------------------[0m
[1m[ DISK ][0m Used: [92m20.92 GB (2.28%)[0m | Free: 894.91 GB | Total: 915.83 GB
         [93mI/O:[0m Read 0.0 MB/s | Write 0.35 MB/s | Activity: 0.88%
[96m------------------------------------------------------------[0m
[1m[ NET ][0m Upload: 0.0 MB/s | Download: 0.0 MB/s
[96m------------------------------------------------------------[0m
[1m[ BATTERY ][0m [92m98.19%[0m (Charging/Plugged in)
[1m[96m============================================================[0m
[1m[92mData logged to 2026_logs/2026-09-28.jsonl... (Press Ctrl+C to stop)[0m
[1m[96m============================================================[0m
[1mSYSTEM MONITOR V2[0m | Time: 2026-09-28 14:40:44
[96m------------------------------------------------------------[0m
[1m[ CPU ][0m Used: [92m1.4%[0m | Free: 98.6%
[96m------------------------------------------------------------[0m
[1m[ RAM ][0m Used: [92m6.92 GB (46.6%)[0m | Available: 7.92 GB | Total: 14.84 GB
[1m[ SWAP ][0m Used: 0.0 GB (0.0%) | Free: 4.0 GB | Total: 4.0 GB
        [93mTop 5 RAM Processes (Logged 10):[0m
          1. chrome (PID 7552) - 780.04 MB (5.13%)
          2. chrome (PID 6787) - 547.38 MB (3.6%)
          3. code (PID 50824) - 467.95 MB (3.08%)
          4. code (PID 51580) - 453.32 MB (2.98%)
          5. gnome-shell (PID 4411) - 432.2 MB (2.84%)
[96m------------------------------------------------------------[0m
[1m[ DISK ][0m Used: [92m20.92 GB (2.28%)[0m | Free: 894.91 GB | Total: 915.83 GB
         [93mI/O:[0m Read 0.0 MB/s | Write 0.03 MB/s | Activity: 1.73%
[96m------------------------------------------------------------[0m
[1m[ NET ][0m Upload: 0.0 MB/s | Download: 0.0 MB/s
[96m------------------------------------------------------------[0m
[1m[ BATTERY ][0m [92m98.19%[0m (Charging/Plugged in)
[1m[96m============================================================[0m
[1m[92mData logged to 2026_logs/2026-09-28.jsonl... (Press Ctrl+C to stop)[0m
[1m[96m============================================================[0m
[1mSYSTEM MONITOR V2[0m | Time: 2026-09-28 14:40:49
[96m------------------------------------------------------------[0m
[1m[ CPU ][0m Used: [92m0.9%[0m | Free: 99.1%
[96m------------------------------------------------------------[0m
[1m[ RAM ][0m Used: [92m6.93 GB (46.7%)[0m | Available: 7.92 GB | Total: 14.84 GB
[1m[ SWAP ][0m Used: 0.0 GB (0.0%) | Free: 4.0 GB | Total: 4.0 GB
        [93mTop 5 RAM Processes (Logged 10):[0m
          1. chrome (PID 7552) - 776.74 MB (5.11%)
          2. chrome (PID 6787) - 547.53 MB (3.6%)
          3. code (PID 50824) - 468.02 MB (3.08%)
          4. code (PID 51580) - 453.41 MB (2.98%)
          5. gnome-shell (PID 4411) - 432.18 MB (2.84%)
[96m------------------------------------------------------------[0m
[1m[ DISK ][0m Used: [92m20.92 GB (2.28%)[0m | Free: 894.91 GB | Total: 915.83 GB
         [93mI/O:[0m Read 0.0 MB/s | Write 0.07 MB/s | Activity: 1.14%
[96m------------------------------------------------------------[0m
[1m[ NET ][0m Upload: 0.0 MB/s | Download: 0.0 MB/s
[96m------------------------------------------------------------[0m
[1m[ BATTERY ][0m [92m98.19%[0m (Charging/Plugged in)
[1m[96m============================================================[0m
[1m[92mData logged to 2026_logs/2026-09-28.jsonl... (Press Ctrl+C to stop)[0m
[1m[96m============================================================[0m
[1mSYSTEM MONITOR V2[0m | Time: 2026-09-28 14:40:54
[96m------------------------------------------------------------[0m
[1m[ CPU ][0m Used: [92m0.8%[0m | Free: 99.2%
[96m------------------------------------------------------------[0m
[1m[ RAM ][0m Used: [92m6.91 GB (46.5%)[0m | Available: 7.94 GB | Total: 14.84 GB
[1m[ SWAP ][0m Used: 0.0 GB (0.0%) | Free: 4.0 GB | Total: 4.0 GB
        [93mTop 5 RAM Processes (Logged 10):[0m
          1. chrome (PID 7552) - 766.54 MB (5.04%)
          2. chrome (PID 6787) - 547.18 MB (3.6%)
          3. code (PID 50824) - 468.23 MB (3.08%)
          4. code (PID 51580) - 453.5 MB (2.98%)
          5. gnome-shell (PID 4411) - 432.18 MB (2.84%)
[96m------------------------------------------------------------[0m
[1m[ DISK ][0m Used: [92m20.92 GB (2.28%)[0m | Free: 894.91 GB | Total: 915.83 GB
         [93mI/O:[0m Read 0.0 MB/s | Write 0.02 MB/s | Activity: 0.76%
[96m------------------------------------------------------------[0m
[1m[ NET ][0m Upload: 0.0 MB/s | Download: 0.0 MB/s
[96m------------------------------------------------------------[0m
[1m[ BATTERY ][0m [92m98.19%[0m (Charging/Plugged in)
[1m[96m============================================================[0m
[1m[92mData logged to 2026_logs/2026-09-28.jsonl... (Press Ctrl+C to stop)[0m
[1m[96m============================================================[0m
[1mSYSTEM MONITOR V2[0m | Time: 2026-09-28 14:41:00
[96m------------------------------------------------------------[0m
[1m[ CPU ][0m Used: [92m0.8%[0m | Free: 99.2%
[96m------------------------------------------------------------[0m
[1m[ RAM ][0m Used: [92m6.91 GB (46.5%)[0m | Available: 7.94 GB | Total: 14.84 GB
[1m[ SWAP ][0m Used: 0.0 GB (0.0%) | Free: 4.0 GB | Total: 4.0 GB
        [93mTop 5 RAM Processes (Logged 10):[0m
          1. chrome (PID 7552) - 766.54 MB (5.04%)
          2. chrome (PID 6787) - 547.16 MB (3.6%)
          3. code (PID 50824) - 468.33 MB (3.08%)
          4. code (PID 51580) - 453.59 MB (2.98%)
          5. gnome-shell (PID 4411) - 432.12 MB (2.84%)
[96m------------------------------------------------------------[0m
[1m[ DISK ][0m Used: [92m20.92 GB (2.28%)[0m | Free: 894.91 GB | Total: 915.83 GB
         [93mI/O:[0m Read 0.0 MB/s | Write 0.84 MB/s | Activity: 1.65%
[96m------------------------------------------------------------[0m
[1m[ NET ][0m Upload: 0.0 MB/s | Download: 0.0 MB/s
[96m------------------------------------------------------------[0m
[1m[ BATTERY ][0m [92m98.19%[0m (Charging/Plugged in)
[1m[96m============================================================[0m
[1m[92mData logged to 2026_logs/2026-09-28.jsonl... (Press Ctrl+C to stop)[0m
[1m[96m============================================================[0m
[1mSYSTEM MONITOR V2[0m | Time: 2026-09-28 14:41:05
[96m------------------------------------------------------------[0m
[1m[ CPU ][0m Used: [92m0.9%[0m | Free: 99.1%
[96m------------------------------------------------------------[0m
[1m[ RAM ][0m Used: [92m6.9 GB (46.5%)[0m | Available: 7.95 GB | Total: 14.84 GB
[1m[ SWAP ][0m Used: 0.0 GB (0.0%) | Free: 4.0 GB | Total: 4.0 GB
        [93mTop 5 RAM Processes (Logged 10):[0m
          1. chrome (PID 7552) - 764.86 MB (5.03%)
          2. chrome (PID 6787) - 547.16 MB (3.6%)
          3. code (PID 50824) - 467.82 MB (3.08%)
          4. code (PID 51580) - 453.68 MB (2.98%)
          5. gnome-shell (PID 4411) - 432.12 MB (2.84%)
[96m------------------------------------------------------------[0m
[1m[ DISK ][0m Used: [92m20.92 GB (2.28%)[0m | Free: 894.91 GB | Total: 915.83 GB
         [93mI/O:[0m Read 0.0 MB/s | Write 0.03 MB/s | Activity: 1.59%
[96m------------------------------------------------------------[0m
[1m[ NET ][0m Upload: 0.0 MB/s | Download: 0.0 MB/s
[96m------------------------------------------------------------[0m
[1m[ BATTERY ][0m [92m98.19%[0m (Charging/Plugged in)
[1m[96m============================================================[0m
[1m[92mData logged to 2026_logs/2026-09-28.jsonl... (Press Ctrl+C to stop)[0m
[1m[96m============================================================[0m
[1mSYSTEM MONITOR V2[0m | Time: 2026-09-28 14:41:10
[96m------------------------------------------------------------[0m
[1m[ CPU ][0m Used: [92m0.8%[0m | Free: 99.2%
[96m------------------------------------------------------------[0m
[1m[ RAM ][0m Used: [92m6.9 GB (46.5%)[0m | Available: 7.95 GB | Total: 14.84 GB
[1m[ SWAP ][0m Used: 0.0 GB (0.0%) | Free: 4.0 GB | Total: 4.0 GB
        [93mTop 5 RAM Processes (Logged 10):[0m
          1. chrome (PID 7552) - 764.87 MB (5.03%)
          2. chrome (PID 6787) - 547.15 MB (3.6%)
          3. code (PID 50824) - 467.82 MB (3.08%)
          4. code (PID 51580) - 453.77 MB (2.99%)
          5. gnome-shell (PID 4411) - 432.18 MB (2.84%)
[96m------------------------------------------------------------[0m
[1m[ DISK ][0m Used: [92m20.92 GB (2.28%)[0m | Free: 894.91 GB | Total: 915.83 GB
         [93mI/O:[0m Read 0.0 MB/s | Write 0.06 MB/s | Activity: 0.88%
[96m------------------------------------------------------------[0m
[1m[ NET ][0m Upload: 0.0 MB/s | Download: 0.0 MB/s
[96m------------------------------------------------------------[0m
[1m[ BATTERY ][0m [92m98.19%[0m (Charging/Plugged in)
[1m[96m============================================================[0m
[1m[92mData logged to 2026_logs/2026-09-28.jsonl... (Press Ctrl+C to stop)[0m
[1m[96m============================================================[0m
[1mSYSTEM MONITOR V2[0m | Time: 2026-09-28 14:41:15
[96m------------------------------------------------------------[0m
[1m[ CPU ][0m Used: [92m0.9%[0m | Free: 99.1%
[96m------------------------------------------------------------[0m
[1m[ RAM ][0m Used: [92m6.9 GB (46.5%)[0m | Available: 7.95 GB | Total: 14.84 GB
[1m[ SWAP ][0m Used: 0.0 GB (0.0%) | Free: 4.0 GB | Total: 4.0 GB
        [93mTop 5 RAM Processes (Logged 10):[0m
          1. chrome (PID 7552) - 764.56 MB (5.03%)
          2. chrome (PID 6787) - 547.11 MB (3.6%)
          3. code (PID 50824) - 467.83 MB (3.08%)
          4. code (PID 51580) - 453.88 MB (2.99%)
          5. gnome-shell (PID 4411) - 432.22 MB (2.84%)
[96m------------------------------------------------------------[0m
[1m[ DISK ][0m Used: [92m20.92 GB (2.28%)[0m | Free: 894.91 GB | Total: 915.83 GB
         [93mI/O:[0m Read 0.0 MB/s | Write 0.47 MB/s | Activity: 0.9%
[96m------------------------------------------------------------[0m
[1m[ NET ][0m Upload: 0.0 MB/s | Download: 0.0 MB/s
[96m------------------------------------------------------------[0m
[1m[ BATTERY ][0m [92m98.19%[0m (Charging/Plugged in)
[1m[96m============================================================[0m
[1m[92mData logged to 2026_logs/2026-09-28.jsonl... (Press Ctrl+C to stop)[0m
[1m[96m============================================================[0m
[1mSYSTEM MONITOR V2[0m | Time: 2026-09-28 14:41:20
[96m------------------------------------------------------------[0m
[1m[ CPU ][0m Used: [92m1.5%[0m | Free: 98.5%
[96m------------------------------------------------------------[0m
[1m[ RAM ][0m Used: [92m6.94 GB (46.7%)[0m | Available: 7.91 GB | Total: 14.84 GB
[1m[ SWAP ][0m Used: 0.0 GB (0.0%) | Free: 4.0 GB | Total: 4.0 GB
        [93mTop 5 RAM Processes (Logged 10):[0m
          1. chrome (PID 7552) - 765.0 MB (5.03%)
          2. chrome (PID 6787) - 547.24 MB (3.6%)
          3. code (PID 50824) - 467.95 MB (3.08%)
          4. code (PID 51580) - 453.96 MB (2.99%)
          5. gnome-shell (PID 4411) - 432.22 MB (2.84%)
[96m------------------------------------------------------------[0m
[1m[ DISK ][0m Used: [92m20.92 GB (2.28%)[0m | Free: 894.91 GB | Total: 915.83 GB
         [93mI/O:[0m Read 0.0 MB/s | Write 0.07 MB/s | Activity: 1.75%
[96m------------------------------------------------------------[0m
[1m[ NET ][0m Upload: 0.01 MB/s | Download: 0.0 MB/s
[96m------------------------------------------------------------[0m
[1m[ BATTERY ][0m [92m98.19%[0m (Charging/Plugged in)
[1m[96m============================================================[0m
[1m[92mData logged to 2026_logs/2026-09-28.jsonl... (Press Ctrl+C to stop)[0m
[1m[96m============================================================[0m
[1mSYSTEM MONITOR V2[0m | Time: 2026-09-28 14:41:25
[96m------------------------------------------------------------[0m
[1m[ CPU ][0m Used: [92m0.8%[0m | Free: 99.2%
[96m------------------------------------------------------------[0m
[1m[ RAM ][0m Used: [92m6.94 GB (46.7%)[0m | Available: 7.9 GB | Total: 14.84 GB
[1m[ SWAP ][0m Used: 0.0 GB (0.0%) | Free: 4.0 GB | Total: 4.0 GB
        [93mTop 5 RAM Processes (Logged 10):[0m
          1. chrome (PID 7552) - 765.0 MB (5.03%)
          2. chrome (PID 6787) - 547.09 MB (3.6%)
          3. code (PID 50824) - 468.06 MB (3.08%)
          4. code (PID 51580) - 454.09 MB (2.99%)
          5. gnome-shell (PID 4411) - 432.15 MB (2.84%)
[96m------------------------------------------------------------[0m
[1m[ DISK ][0m Used: [92m20.92 GB (2.28%)[0m | Free: 894.91 GB | Total: 915.83 GB
         [93mI/O:[0m Read 0.0 MB/s | Write 0.01 MB/s | Activity: 0.92%
[96m------------------------------------------------------------[0m
[1m[ NET ][0m Upload: 0.0 MB/s | Download: 0.0 MB/s
[96m------------------------------------------------------------[0m
[1m[ BATTERY ][0m [92m98.19%[0m (Charging/Plugged in)
[1m[96m============================================================[0m
[1m[92mData logged to 2026_logs/2026-09-28.jsonl... (Press Ctrl+C to stop)[0m
[1m[96m============================================================[0m
[1mSYSTEM MONITOR V2[0m | Time: 2026-09-28 14:41:30
[96m------------------------------------------------------------[0m
[1m[ CPU ][0m Used: [92m0.7%[0m | Free: 99.3%
[96m------------------------------------------------------------[0m
[1m[ RAM ][0m Used: [92m6.94 GB (46.7%)[0m | Available: 7.91 GB | Total: 14.84 GB
[1m[ SWAP ][0m Used: 0.0 GB (0.0%) | Free: 4.0 GB | Total: 4.0 GB
        [93mTop 5 RAM Processes (Logged 10):[0m
          1. chrome (PID 7552) - 765.0 MB (5.03%)
          2. chrome (PID 6787) - 547.13 MB (3.6%)
          3. code (PID 50824) - 468.18 MB (3.08%)
          4. code (PID 51580) - 454.17 MB (2.99%)
          5. gnome-shell (PID 4411) - 432.21 MB (2.84%)
[96m------------------------------------------------------------[0m
[1m[ DISK ][0m Used: [92m20.92 GB (2.28%)[0m | Free: 894.91 GB | Total: 915.83 GB
         [93mI/O:[0m Read 0.0 MB/s | Write 0.03 MB/s | Activity: 0.84%
[96m------------------------------------------------------------[0m
[1m[ NET ][0m Upload: 0.01 MB/s | Download: 0.0 MB/s
[96m------------------------------------------------------------[0m
[1m[ BATTERY ][0m [92m98.19%[0m (Charging/Plugged in)
[1m[96m============================================================[0m
[1m[92mData logged to 2026_logs/2026-09-28.jsonl... (Press Ctrl+C to stop)[0m
[1m[96m============================================================[0m
[1mSYSTEM MONITOR V2[0m | Time: 2026-09-28 14:41:35
[96m------------------------------------------------------------[0m
[1m[ CPU ][0m Used: [92m0.9%[0m | Free: 99.1%
[96m------------------------------------------------------------[0m
[1m[ RAM ][0m Used: [92m6.92 GB (46.6%)[0m | Available: 7.92 GB | Total: 14.84 GB
[1m[ SWAP ][0m Used: 0.0 GB (0.0%) | Free: 4.0 GB | Total: 4.0 GB
        [93mTop 5 RAM Processes (Logged 10):[0m
          1. chrome (PID 7552) - 765.0 MB (5.03%)
          2. chrome (PID 6787) - 547.18 MB (3.6%)
          3. code (PID 50824) - 468.34 MB (3.08%)
          4. code (PID 51580) - 453.49 MB (2.98%)
          5. gnome-shell (PID 4411) - 432.14 MB (2.84%)
[96m------------------------------------------------------------[0m
[1m[ DISK ][0m Used: [92m20.92 GB (2.28%)[0m | Free: 894.91 GB | Total: 915.83 GB
         [93mI/O:[0m Read 0.0 MB/s | Write 1.1 MB/s | Activity: 0.92%
[96m------------------------------------------------------------[0m
[1m[ NET ][0m Upload: 0.0 MB/s | Download: 0.0 MB/s
[96m------------------------------------------------------------[0m
[1m[ BATTERY ][0m [92m98.19%[0m (Charging/Plugged in)
[1m[96m============================================================[0m
[1m[92mData logged to 2026_logs/2026-09-28.jsonl... (Press Ctrl+C to stop)[0m
[1m[96m============================================================[0m
[1mSYSTEM MONITOR V2[0m | Time: 2026-09-28 14:41:40
[96m------------------------------------------------------------[0m
[1m[ CPU ][0m Used: [92m0.8%[0m | Free: 99.2%
[96m------------------------------------------------------------[0m
[1m[ RAM ][0m Used: [92m6.92 GB (46.6%)[0m | Available: 7.92 GB | Total: 14.84 GB
[1m[ SWAP ][0m Used: 0.0 GB (0.0%) | Free: 4.0 GB | Total: 4.0 GB
        [93mTop 5 RAM Processes (Logged 10):[0m
          1. chrome (PID 7552) - 763.9 MB (5.03%)
          2. chrome (PID 6787) - 547.12 MB (3.6%)
          3. code (PID 50824) - 467.62 MB (3.08%)
          4. code (PID 51580) - 453.58 MB (2.98%)
          5. gnome-shell (PID 4411) - 432.14 MB (2.84%)
[96m------------------------------------------------------------[0m
[1m[ DISK ][0m Used: [92m20.92 GB (2.28%)[0m | Free: 894.91 GB | Total: 915.83 GB
         [93mI/O:[0m Read 0.0 MB/s | Write 0.03 MB/s | Activity: 1.76%
[96m------------------------------------------------------------[0m
[1m[ NET ][0m Upload: 0.0 MB/s | Download: 0.0 MB/s
[96m------------------------------------------------------------[0m
[1m[ BATTERY ][0m [92m98.19%[0m (Charging/Plugged in)
[1m[96m============================================================[0m
[1m[92mData logged to 2026_logs/2026-09-28.jsonl... (Press Ctrl+C to stop)[0m
[1m[96m============================================================[0m
[1mSYSTEM MONITOR V2[0m | Time: 2026-09-28 14:41:45
[96m------------------------------------------------------------[0m
[1m[ CPU ][0m Used: [92m0.9%[0m | Free: 99.1%
[96m------------------------------------------------------------[0m
[1m[ RAM ][0m Used: [92m6.89 GB (46.4%)[0m | Available: 7.96 GB | Total: 14.84 GB
[1m[ SWAP ][0m Used: 0.0 GB (0.0%) | Free: 4.0 GB | Total: 4.0 GB
        [93mTop 5 RAM Processes (Logged 10):[0m
          1. chrome (PID 7552) - 762.68 MB (5.02%)
          2. chrome (PID 6787) - 546.48 MB (3.6%)
          3. code (PID 50824) - 467.68 MB (3.08%)
          4. code (PID 51580) - 453.67 MB (2.98%)
          5. gnome-shell (PID 4411) - 432.14 MB (2.84%)
[96m------------------------------------------------------------[0m
[1m[ DISK ][0m Used: [92m20.92 GB (2.28%)[0m | Free: 894.91 GB | Total: 915.83 GB
         [93mI/O:[0m Read 0.0 MB/s | Write 0.37 MB/s | Activity: 1.76%
[96m------------------------------------------------------------[0m
[1m[ NET ][0m Upload: 0.0 MB/s | Download: 0.0 MB/s
[96m------------------------------------------------------------[0m
[1m[ BATTERY ][0m [92m98.19%[0m (Charging/Plugged in)
[1m[96m============================================================[0m
[1m[92mData logged to 2026_logs/2026-09-28.jsonl... (Press Ctrl+C to stop)[0m
[1m[96m============================================================[0m
[1mSYSTEM MONITOR V2[0m | Time: 2026-09-28 14:41:51
[96m------------------------------------------------------------[0m
[1m[ CPU ][0m Used: [92m0.8%[0m | Free: 99.2%
[96m------------------------------------------------------------[0m
[1m[ RAM ][0m Used: [92m6.88 GB (46.3%)[0m | Available: 7.96 GB | Total: 14.84 GB
[1m[ SWAP ][0m Used: 0.0 GB (0.0%) | Free: 4.0 GB | Total: 4.0 GB
        [93mTop 5 RAM Processes (Logged 10):[0m
          1. chrome (PID 7552) - 762.68 MB (5.02%)
          2. chrome (PID 6787) - 546.59 MB (3.6%)
          3. code (PID 50824) - 467.82 MB (3.08%)
          4. code (PID 51580) - 453.77 MB (2.99%)
          5. gnome-shell (PID 4411) - 432.19 MB (2.84%)
[96m------------------------------------------------------------[0m
[1m[ DISK ][0m Used: [92m20.92 GB (2.28%)[0m | Free: 894.91 GB | Total: 915.83 GB
         [93mI/O:[0m Read 0.0 MB/s | Write 0.03 MB/s | Activity: 0.96%
[96m------------------------------------------------------------[0m
[1m[ NET ][0m Upload: 0.0 MB/s | Download: 0.0 MB/s
[96m------------------------------------------------------------[0m
[1m[ BATTERY ][0m [92m98.19%[0m (Charging/Plugged in)
[1m[96m============================================================[0m
[1m[92mData logged to 2026_logs/2026-09-28.jsonl... (Press Ctrl+C to stop)[0m
[1m[96m============================================================[0m
[1mSYSTEM MONITOR V2[0m | Time: 2026-09-28 14:41:56
[96m------------------------------------------------------------[0m
[1m[ CPU ][0m Used: [92m0.8%[0m | Free: 99.2%
[96m------------------------------------------------------------[0m
[1m[ RAM ][0m Used: [92m6.88 GB (46.4%)[0m | Available: 7.96 GB | Total: 14.84 GB
[1m[ SWAP ][0m Used: 0.0 GB (0.0%) | Free: 4.0 GB | Total: 4.0 GB
        [93mTop 5 RAM Processes (Logged 10):[0m
          1. chrome (PID 7552) - 762.68 MB (5.02%)
          2. chrome (PID 6787) - 546.62 MB (3.6%)
          3. code (PID 50824) - 467.92 MB (3.08%)
          4. code (PID 51580) - 453.86 MB (2.99%)
          5. gnome-shell (PID 4411) - 432.2 MB (2.84%)
[96m------------------------------------------------------------[0m
[1m[ DISK ][0m Used: [92m20.92 GB (2.28%)[0m | Free: 894.91 GB | Total: 915.83 GB
         [93mI/O:[0m Read 0.0 MB/s | Write 0.01 MB/s | Activity: 0.94%
[96m------------------------------------------------------------[0m
[1m[ NET ][0m Upload: 0.0 MB/s | Download: 0.0 MB/s
[96m------------------------------------------------------------[0m
[1m[ BATTERY ][0m [92m98.19%[0m (Charging/Plugged in)
[1m[96m============================================================[0m
[1m[92mData logged to 2026_logs/2026-09-28.jsonl... (Press Ctrl+C to stop)[0m
[1m[96m============================================================[0m
[1mSYSTEM MONITOR V2[0m | Time: 2026-09-28 14:42:01
[96m------------------------------------------------------------[0m
[1m[ CPU ][0m Used: [92m0.7%[0m | Free: 99.3%
[96m------------------------------------------------------------[0m
[1m[ RAM ][0m Used: [92m6.88 GB (46.4%)[0m | Available: 7.96 GB | Total: 14.84 GB
[1m[ SWAP ][0m Used: 0.0 GB (0.0%) | Free: 4.0 GB | Total: 4.0 GB
        [93mTop 5 RAM Processes (Logged 10):[0m
          1. chrome (PID 7552) - 762.68 MB (5.02%)
          2. chrome (PID 6787) - 546.48 MB (3.6%)
          3. code (PID 50824) - 468.03 MB (3.08%)
          4. code (PID 51580) - 453.95 MB (2.99%)
          5. gnome-shell (PID 4411) - 432.14 MB (2.84%)
[96m------------------------------------------------------------[0m
[1m[ DISK ][0m Used: [92m20.92 GB (2.28%)[0m | Free: 894.91 GB | Total: 915.83 GB
         [93mI/O:[0m Read 0.0 MB/s | Write 0.07 MB/s | Activity: 0.92%
[96m------------------------------------------------------------[0m
[1m[ NET ][0m Upload: 0.0 MB/s | Download: 0.0 MB/s
[96m------------------------------------------------------------[0m
[1m[ BATTERY ][0m [92m98.19%[0m (Charging/Plugged in)
[1m[96m============================================================[0m
[1m[92mData logged to 2026_logs/2026-09-28.jsonl... (Press Ctrl+C to stop)[0m
[1m[96m============================================================[0m
[1mSYSTEM MONITOR V2[0m | Time: 2026-09-28 14:42:06
[96m------------------------------------------------------------[0m
[1m[ CPU ][0m Used: [92m1.4%[0m | Free: 98.6%
[96m------------------------------------------------------------[0m
[1m[ RAM ][0m Used: [92m6.87 GB (46.3%)[0m | Available: 7.98 GB | Total: 14.84 GB
[1m[ SWAP ][0m Used: 0.0 GB (0.0%) | Free: 4.0 GB | Total: 4.0 GB
        [93mTop 5 RAM Processes (Logged 10):[0m
          1. chrome (PID 7552) - 762.68 MB (5.02%)
          2. chrome (PID 6787) - 547.26 MB (3.6%)
          3. code (PID 50824) - 468.11 MB (3.08%)
          4. code (PID 51580) - 454.04 MB (2.99%)
          5. gnome-shell (PID 4411) - 432.36 MB (2.84%)
[96m------------------------------------------------------------[0m
[1m[ DISK ][0m Used: [92m20.92 GB (2.28%)[0m | Free: 894.91 GB | Total: 915.83 GB
         [93mI/O:[0m Read 0.0 MB/s | Write 0.92 MB/s | Activity: 1.14%
[96m------------------------------------------------------------[0m
[1m[ NET ][0m Upload: 0.0 MB/s | Download: 0.0 MB/s
[96m------------------------------------------------------------[0m
[1m[ BATTERY ][0m [92m98.19%[0m (Charging/Plugged in)
[1m[96m============================================================[0m
[1m[92mData logged to 2026_logs/2026-09-28.jsonl... (Press Ctrl+C to stop)[0m
[1m[96m============================================================[0m
[1mSYSTEM MONITOR V2[0m | Time: 2026-09-28 14:42:11
[96m------------------------------------------------------------[0m
[1m[ CPU ][0m Used: [92m2.2%[0m | Free: 97.8%
[96m------------------------------------------------------------[0m
[1m[ RAM ][0m Used: [92m6.87 GB (46.3%)[0m | Available: 7.98 GB | Total: 14.84 GB
[1m[ SWAP ][0m Used: 0.0 GB (0.0%) | Free: 4.0 GB | Total: 4.0 GB
        [93mTop 5 RAM Processes (Logged 10):[0m
          1. chrome (PID 7552) - 762.68 MB (5.02%)
          2. chrome (PID 6787) - 546.48 MB (3.6%)
          3. code (PID 50824) - 468.39 MB (3.08%)
          4. code (PID 51580) - 454.12 MB (2.99%)
          5. gnome-shell (PID 4411) - 432.47 MB (2.85%)
[96m------------------------------------------------------------[0m
[1m[ DISK ][0m Used: [92m20.92 GB (2.28%)[0m | Free: 894.91 GB | Total: 915.83 GB
         [93mI/O:[0m Read 0.0 MB/s | Write 0.05 MB/s | Activity: 1.04%
[96m------------------------------------------------------------[0m
[1m[ NET ][0m Upload: 0.0 MB/s | Download: 0.0 MB/s
[96m------------------------------------------------------------[0m
[1m[ BATTERY ][0m [92m98.19%[0m (Charging/Plugged in)
[1m[96m============================================================[0m
[1m[92mData logged to 2026_logs/2026-09-28.jsonl... (Press Ctrl+C to stop)[0m
[1m[96m============================================================[0m
[1mSYSTEM MONITOR V2[0m | Time: 2026-09-28 14:42:16
[96m------------------------------------------------------------[0m
[1m[ CPU ][0m Used: [92m7.9%[0m | Free: 92.1%
[96m------------------------------------------------------------[0m
[1m[ RAM ][0m Used: [92m7.17 GB (48.3%)[0m | Available: 7.68 GB | Total: 14.84 GB
[1m[ SWAP ][0m Used: 0.0 GB (0.0%) | Free: 4.0 GB | Total: 4.0 GB
        [93mTop 5 RAM Processes (Logged 10):[0m
          1. chrome (PID 7552) - 767.73 MB (5.05%)
          2. chrome (PID 6787) - 551.38 MB (3.63%)
          3. code (PID 50824) - 468.92 MB (3.09%)
          4. code (PID 51580) - 454.22 MB (2.99%)
          5. gnome-shell (PID 4411) - 443.76 MB (2.92%)
[96m------------------------------------------------------------[0m
[1m[ DISK ][0m Used: [92m20.92 GB (2.28%)[0m | Free: 894.91 GB | Total: 915.83 GB
         [93mI/O:[0m Read 0.0 MB/s | Write 0.66 MB/s | Activity: 1.41%
[96m------------------------------------------------------------[0m
[1m[ NET ][0m Upload: 0.0 MB/s | Download: 0.0 MB/s
[96m------------------------------------------------------------[0m
[1m[ BATTERY ][0m [92m98.19%[0m (Charging/Plugged in)
[1m[96m============================================================[0m
[1m[92mData logged to 2026_logs/2026-09-28.jsonl... (Press Ctrl+C to stop)[0m
[1m[96m============================================================[0m
[1mSYSTEM MONITOR V2[0m | Time: 2026-09-28 14:42:21
[96m------------------------------------------------------------[0m
[1m[ CPU ][0m Used: [92m7.7%[0m | Free: 92.3%
        [93mTop 5 (Logged 10):[0m code (2.88%), code (2.29%)
[96m------------------------------------------------------------[0m
[1m[ RAM ][0m Used: [92m7.14 GB (48.1%)[0m | Available: 7.7 GB | Total: 14.84 GB
[1m[ SWAP ][0m Used: 0.0 GB (0.0%) | Free: 4.0 GB | Total: 4.0 GB
        [93mTop 5 RAM Processes (Logged 10):[0m
          1. chrome (PID 7552) - 767.73 MB (5.05%)
          2. chrome (PID 6787) - 546.52 MB (3.6%)
          3. code (PID 50824) - 470.06 MB (3.09%)
          4. code (PID 50476) - 461.25 MB (3.03%)
          5. code (PID 51580) - 454.33 MB (2.99%)
[96m------------------------------------------------------------[0m
[1m[ DISK ][0m Used: [92m20.92 GB (2.28%)[0m | Free: 894.91 GB | Total: 915.83 GB
         [93mI/O:[0m Read 0.0 MB/s | Write 0.01 MB/s | Activity: 0.04%
[96m------------------------------------------------------------[0m
[1m[ NET ][0m Upload: 0.0 MB/s | Download: 0.0 MB/s
[96m------------------------------------------------------------[0m
[1m[ BATTERY ][0m [92m98.19%[0m (Charging/Plugged in)
[1m[96m============================================================[0m
[1m[92mData logged to 2026_logs/2026-09-28.jsonl... (Press Ctrl+C to stop)[0m
[1m[96m============================================================[0m
[1mSYSTEM MONITOR V2[0m | Time: 2026-09-28 14:42:26
[96m------------------------------------------------------------[0m
[1m[ CPU ][0m Used: [92m9.4%[0m | Free: 90.6%
        [93mTop 5 (Logged 10):[0m code (5.19%)
[96m------------------------------------------------------------[0m
[1m[ RAM ][0m Used: [92m7.12 GB (48.0%)[0m | Available: 7.73 GB | Total: 14.84 GB
[1m[ SWAP ][0m Used: 0.0 GB (0.0%) | Free: 4.0 GB | Total: 4.0 GB
        [93mTop 5 RAM Processes (Logged 10):[0m
          1. chrome (PID 7552) - 767.73 MB (5.05%)
          2. chrome (PID 6787) - 546.54 MB (3.6%)
          3. code (PID 50476) - 484.92 MB (3.19%)
          4. code (PID 50824) - 470.15 MB (3.09%)
          5. code (PID 51580) - 453.63 MB (2.98%)
[96m------------------------------------------------------------[0m
[1m[ DISK ][0m Used: [92m20.92 GB (2.28%)[0m | Free: 894.91 GB | Total: 915.83 GB
         [93mI/O:[0m Read 0.0 MB/s | Write 0.1 MB/s | Activity: 1.94%
[96m------------------------------------------------------------[0m
[1m[ NET ][0m Upload: 0.0 MB/s | Download: 0.0 MB/s
[96m------------------------------------------------------------[0m
[1m[ BATTERY ][0m [92m98.19%[0m (Charging/Plugged in)
[1m[96m============================================================[0m
[1m[92mData logged to 2026_logs/2026-09-28.jsonl... (Press Ctrl+C to stop)[0m
[1m[96m============================================================[0m
[1mSYSTEM MONITOR V2[0m | Time: 2026-09-28 14:42:31
[96m------------------------------------------------------------[0m
[1m[ CPU ][0m Used: [92m7.4%[0m | Free: 92.6%
        [93mTop 5 (Logged 10):[0m code (3.84%)
[96m------------------------------------------------------------[0m
[1m[ RAM ][0m Used: [92m7.11 GB (47.9%)[0m | Available: 7.73 GB | Total: 14.84 GB
[1m[ SWAP ][0m Used: 0.0 GB (0.0%) | Free: 4.0 GB | Total: 4.0 GB
        [93mTop 5 RAM Processes (Logged 10):[0m
          1. chrome (PID 7552) - 767.73 MB (5.05%)
          2. chrome (PID 6787) - 546.95 MB (3.6%)
          3. code (PID 50476) - 494.22 MB (3.25%)
          4. code (PID 50824) - 470.86 MB (3.1%)
          5. code (PID 51580) - 453.72 MB (2.99%)
[96m------------------------------------------------------------[0m
[1m[ DISK ][0m Used: [92m20.92 GB (2.28%)[0m | Free: 894.91 GB | Total: 915.83 GB
         [93mI/O:[0m Read 0.0 MB/s | Write 0.02 MB/s | Activity: 1.86%
[96m------------------------------------------------------------[0m
[1m[ NET ][0m Upload: 0.0 MB/s | Download: 0.0 MB/s
[96m------------------------------------------------------------[0m
[1m[ BATTERY ][0m [92m98.19%[0m (Charging/Plugged in)
[1m[96m============================================================[0m
[1m[92mData logged to 2026_logs/2026-09-28.jsonl... (Press Ctrl+C to stop)[0m
[1m[96m============================================================[0m
[1mSYSTEM MONITOR V2[0m | Time: 2026-09-28 14:42:36
[96m------------------------------------------------------------[0m
[1m[ CPU ][0m Used: [92m6.9%[0m | Free: 93.1%
        [93mTop 5 (Logged 10):[0m code (3.2%)
[96m------------------------------------------------------------[0m
[1m[ RAM ][0m Used: [92m7.1 GB (47.8%)[0m | Available: 7.74 GB | Total: 14.84 GB
[1m[ SWAP ][0m Used: 0.0 GB (0.0%) | Free: 4.0 GB | Total: 4.0 GB
        [93mTop 5 RAM Processes (Logged 10):[0m
          1. chrome (PID 7552) - 767.73 MB (5.05%)
          2. chrome (PID 6787) - 546.55 MB (3.6%)
          3. code (PID 50476) - 498.76 MB (3.28%)
          4. code (PID 50824) - 471.78 MB (3.1%)
          5. code (PID 51580) - 453.79 MB (2.99%)
[96m------------------------------------------------------------[0m
[1m[ DISK ][0m Used: [92m20.92 GB (2.28%)[0m | Free: 894.91 GB | Total: 915.83 GB
         [93mI/O:[0m Read 0.0 MB/s | Write 1.29 MB/s | Activity: 1.1%
[96m------------------------------------------------------------[0m
[1m[ NET ][0m Upload: 0.0 MB/s | Download: 0.0 MB/s
[96m------------------------------------------------------------[0m
[1m[ BATTERY ][0m [92m98.19%[0m (Charging/Plugged in)
[1m[96m============================================================[0m
[1m[92mData logged to 2026_logs/2026-09-28.jsonl... (Press Ctrl+C to stop)[0m
[1m[96m============================================================[0m
[1mSYSTEM MONITOR V2[0m | Time: 2026-09-28 14:42:42
[96m------------------------------------------------------------[0m
[1m[ CPU ][0m Used: [92m7.4%[0m | Free: 92.6%
        [93mTop 5 (Logged 10):[0m code (3.43%)
[96m------------------------------------------------------------[0m
[1m[ RAM ][0m Used: [92m7.09 GB (47.8%)[0m | Available: 7.75 GB | Total: 14.84 GB
[1m[ SWAP ][0m Used: 0.0 GB (0.0%) | Free: 4.0 GB | Total: 4.0 GB
        [93mTop 5 RAM Processes (Logged 10):[0m
          1. chrome (PID 7552) - 767.74 MB (5.05%)
          2. chrome (PID 6787) - 546.6 MB (3.6%)
          3. code (PID 50476) - 498.98 MB (3.28%)
          4. code (PID 50824) - 472.34 MB (3.11%)
          5. code (PID 51580) - 453.88 MB (2.99%)
[96m------------------------------------------------------------[0m
[1m[ DISK ][0m Used: [92m20.92 GB (2.28%)[0m | Free: 894.91 GB | Total: 915.83 GB
         [93mI/O:[0m Read 0.0 MB/s | Write 0.02 MB/s | Activity: 1.76%
[96m------------------------------------------------------------[0m
[1m[ NET ][0m Upload: 0.0 MB/s | Download: 0.0 MB/s
[96m------------------------------------------------------------[0m
[1m[ BATTERY ][0m [92m98.19%[0m (Charging/Plugged in)
[1m[96m============================================================[0m
[1m[92mData logged to 2026_logs/2026-09-28.jsonl... (Press Ctrl+C to stop)[0m
[1m[96m============================================================[0m
[1mSYSTEM MONITOR V2[0m | Time: 2026-09-28 14:42:47
[96m------------------------------------------------------------[0m
[1m[ CPU ][0m Used: [92m4.4%[0m | Free: 95.6%
[96m------------------------------------------------------------[0m
[1m[ RAM ][0m Used: [92m7.07 GB (47.6%)[0m | Available: 7.78 GB | Total: 14.84 GB
[1m[ SWAP ][0m Used: 0.0 GB (0.0%) | Free: 4.0 GB | Total: 4.0 GB
        [93mTop 5 RAM Processes (Logged 10):[0m
          1. chrome (PID 7552) - 765.89 MB (5.04%)
          2. chrome (PID 6787) - 546.91 MB (3.6%)
          3. code (PID 50476) - 493.77 MB (3.25%)
          4. code (PID 50824) - 473.02 MB (3.11%)
          5. code (PID 51580) - 454.02 MB (2.99%)
[96m------------------------------------------------------------[0m
[1m[ DISK ][0m Used: [92m20.92 GB (2.28%)[0m | Free: 894.91 GB | Total: 915.83 GB
         [93mI/O:[0m Read 0.0 MB/s | Write 0.54 MB/s | Activity: 0.16%
[96m------------------------------------------------------------[0m
[1m[ NET ][0m Upload: 0.0 MB/s | Download: 0.0 MB/s
[96m------------------------------------------------------------[0m
[1m[ BATTERY ][0m [92m98.19%[0m (Charging/Plugged in)
[1m[96m============================================================[0m
[1m[92mData logged to 2026_logs/2026-09-28.jsonl... (Press Ctrl+C to stop)[0m
[1m[96m============================================================[0m
[1mSYSTEM MONITOR V2[0m | Time: 2026-09-28 14:42:52
[96m------------------------------------------------------------[0m
[1m[ CPU ][0m Used: [92m5.5%[0m | Free: 94.5%
[96m------------------------------------------------------------[0m
[1m[ RAM ][0m Used: [92m7.07 GB (47.6%)[0m | Available: 7.77 GB | Total: 14.84 GB
[1m[ SWAP ][0m Used: 0.0 GB (0.0%) | Free: 4.0 GB | Total: 4.0 GB
        [93mTop 5 RAM Processes (Logged 10):[0m
          1. chrome (PID 7552) - 765.89 MB (5.04%)
          2. chrome (PID 6787) - 546.23 MB (3.59%)
          3. code (PID 50476) - 499.52 MB (3.29%)
          4. code (PID 50824) - 473.49 MB (3.12%)
          5. code (PID 51580) - 453.35 MB (2.98%)
[96m------------------------------------------------------------[0m
[1m[ DISK ][0m Used: [92m20.92 GB (2.28%)[0m | Free: 894.91 GB | Total: 915.83 GB
         [93mI/O:[0m Read 0.0 MB/s | Write 0.04 MB/s | Activity: 0.92%
[96m------------------------------------------------------------[0m
[1m[ NET ][0m Upload: 0.0 MB/s | Download: 0.0 MB/s
[96m------------------------------------------------------------[0m
[1m[ BATTERY ][0m [92m98.19%[0m (Charging/Plugged in)
[1m[96m============================================================[0m
[1m[92mData logged to 2026_logs/2026-09-28.jsonl... (Press Ctrl+C to stop)[0m
[1m[96m============================================================[0m
[1mSYSTEM MONITOR V2[0m | Time: 2026-09-28 14:42:57
[96m------------------------------------------------------------[0m
[1m[ CPU ][0m Used: [92m7.1%[0m | Free: 92.9%
        [93mTop 5 (Logged 10):[0m code (2.86%), code (2.02%)
[96m------------------------------------------------------------[0m
[1m[ RAM ][0m Used: [92m7.06 GB (47.6%)[0m | Available: 7.78 GB | Total: 14.84 GB
[1m[ SWAP ][0m Used: 0.0 GB (0.0%) | Free: 4.0 GB | Total: 4.0 GB
        [93mTop 5 RAM Processes (Logged 10):[0m
          1. chrome (PID 7552) - 764.46 MB (5.03%)
          2. chrome (PID 6787) - 546.68 MB (3.6%)
          3. code (PID 50476) - 517.64 MB (3.41%)
          4. code (PID 50824) - 474.45 MB (3.12%)
          5. code (PID 51580) - 453.43 MB (2.98%)
[96m------------------------------------------------------------[0m
[1m[ DISK ][0m Used: [92m20.92 GB (2.28%)[0m | Free: 894.91 GB | Total: 915.83 GB
         [93mI/O:[0m Read 0.0 MB/s | Write 0.05 MB/s | Activity: 0.82%
[96m------------------------------------------------------------[0m
[1m[ NET ][0m Upload: 0.0 MB/s | Download: 0.0 MB/s
[96m------------------------------------------------------------[0m
[1m[ BATTERY ][0m [92m98.19%[0m (Charging/Plugged in)
[1m[96m============================================================[0m
[1m[92mData logged to 2026_logs/2026-09-28.jsonl... (Press Ctrl+C to stop)[0m
[1m[96m============================================================[0m
[1mSYSTEM MONITOR V2[0m | Time: 2026-09-28 14:43:02
[96m------------------------------------------------------------[0m
[1m[ CPU ][0m Used: [92m4.8%[0m | Free: 95.2%
[96m------------------------------------------------------------[0m
[1m[ RAM ][0m Used: [92m7.07 GB (47.6%)[0m | Available: 7.77 GB | Total: 14.84 GB
[1m[ SWAP ][0m Used: 0.0 GB (0.0%) | Free: 4.0 GB | Total: 4.0 GB
        [93mTop 5 RAM Processes (Logged 10):[0m
          1. chrome (PID 7552) - 764.46 MB (5.03%)
          2. chrome (PID 6787) - 546.34 MB (3.59%)
          3. code (PID 50476) - 520.59 MB (3.43%)
          4. code (PID 50824) - 474.73 MB (3.12%)
          5. code (PID 51580) - 453.52 MB (2.98%)
[96m------------------------------------------------------------[0m
[1m[ DISK ][0m Used: [92m20.92 GB (2.28%)[0m | Free: 894.91 GB | Total: 915.83 GB
         [93mI/O:[0m Read 0.0 MB/s | Write 0.11 MB/s | Activity: 1.74%
[96m------------------------------------------------------------[0m
[1m[ NET ][0m Upload: 0.0 MB/s | Download: 0.0 MB/s
[96m------------------------------------------------------------[0m
[1m[ BATTERY ][0m [92m98.19%[0m (Charging/Plugged in)
[1m[96m============================================================[0m
[1m[92mData logged to 2026_logs/2026-09-28.jsonl... (Press Ctrl+C to stop)[0m
[1m[96m============================================================[0m
[1mSYSTEM MONITOR V2[0m | Time: 2026-09-28 14:43:07
[96m------------------------------------------------------------[0m
[1m[ CPU ][0m Used: [92m5.7%[0m | Free: 94.3%
[96m------------------------------------------------------------[0m
[1m[ RAM ][0m Used: [92m7.08 GB (47.7%)[0m | Available: 7.76 GB | Total: 14.84 GB
[1m[ SWAP ][0m Used: 0.0 GB (0.0%) | Free: 4.0 GB | Total: 4.0 GB
        [93mTop 5 RAM Processes (Logged 10):[0m
          1. chrome (PID 7552) - 764.46 MB (5.03%)
          2. chrome (PID 6787) - 546.4 MB (3.59%)
          3. code (PID 50476) - 519.49 MB (3.42%)
          4. code (PID 50824) - 475.57 MB (3.13%)
          5. code (PID 51580) - 453.61 MB (2.98%)
[96m------------------------------------------------------------[0m
[1m[ DISK ][0m Used: [92m20.92 GB (2.28%)[0m | Free: 894.91 GB | Total: 915.83 GB
         [93mI/O:[0m Read 0.0 MB/s | Write 0.07 MB/s | Activity: 0.88%
[96m------------------------------------------------------------[0m
[1m[ NET ][0m Upload: 0.01 MB/s | Download: 0.02 MB/s
[96m------------------------------------------------------------[0m
[1m[ BATTERY ][0m [92m98.19%[0m (Charging/Plugged in)
[1m[96m============================================================[0m
[1m[92mData logged to 2026_logs/2026-09-28.jsonl... (Press Ctrl+C to stop)[0m
[1m[96m============================================================[0m
[1mSYSTEM MONITOR V2[0m | Time: 2026-09-28 14:43:12
[96m------------------------------------------------------------[0m
[1m[ CPU ][0m Used: [92m7.9%[0m | Free: 92.1%
        [93mTop 5 (Logged 10):[0m code (2.96%), code (2.07%)
[96m------------------------------------------------------------[0m
[1m[ RAM ][0m Used: [92m7.11 GB (47.9%)[0m | Available: 7.73 GB | Total: 14.84 GB
[1m[ SWAP ][0m Used: 0.0 GB (0.0%) | Free: 4.0 GB | Total: 4.0 GB
        [93mTop 5 RAM Processes (Logged 10):[0m
          1. chrome (PID 7552) - 764.46 MB (5.03%)
          2. chrome (PID 6787) - 546.4 MB (3.59%)
          3. code (PID 50476) - 540.41 MB (3.56%)
          4. code (PID 50824) - 481.11 MB (3.17%)
          5. code (PID 51580) - 453.99 MB (2.99%)
[96m------------------------------------------------------------[0m
[1m[ DISK ][0m Used: [92m20.92 GB (2.28%)[0m | Free: 894.91 GB | Total: 915.83 GB
         [93mI/O:[0m Read 0.0 MB/s | Write 1.1 MB/s | Activity: 2.04%
[96m------------------------------------------------------------[0m
[1m[ NET ][0m Upload: 0.0 MB/s | Download: 0.0 MB/s
[96m------------------------------------------------------------[0m
[1m[ BATTERY ][0m [92m98.19%[0m (Charging/Plugged in)
[1m[96m============================================================[0m
[1m[92mData logged to 2026_logs/2026-09-28.jsonl... (Press Ctrl+C to stop)[0m
[1m[96m============================================================[0m
[1mSYSTEM MONITOR V2[0m | Time: 2026-09-28 14:43:17
[96m------------------------------------------------------------[0m
[1m[ CPU ][0m Used: [92m10.0%[0m | Free: 90.0%
        [93mTop 5 (Logged 10):[0m code (4.98%)
[96m------------------------------------------------------------[0m
[1m[ RAM ][0m Used: [92m7.15 GB (48.2%)[0m | Available: 7.69 GB | Total: 14.84 GB
[1m[ SWAP ][0m Used: 0.0 GB (0.0%) | Free: 4.0 GB | Total: 4.0 GB
        [93mTop 5 RAM Processes (Logged 10):[0m
          1. chrome (PID 7552) - 777.29 MB (5.11%)
          2. code (PID 50476) - 575.8 MB (3.79%)
          3. chrome (PID 6787) - 546.61 MB (3.6%)
          4. code (PID 50824) - 475.3 MB (3.13%)
          5. code (PID 51580) - 453.06 MB (2.98%)
[96m------------------------------------------------------------[0m
[1m[ DISK ][0m Used: [92m20.92 GB (2.28%)[0m | Free: 894.91 GB | Total: 915.83 GB
         [93mI/O:[0m Read 0.0 MB/s | Write 0.69 MB/s | Activity: 0.51%
[96m------------------------------------------------------------[0m
[1m[ NET ][0m Upload: 0.01 MB/s | Download: 0.01 MB/s
[96m------------------------------------------------------------[0m
[1m[ BATTERY ][0m [92m98.19%[0m (Charging/Plugged in)
[1m[96m============================================================[0m
[1m[92mData logged to 2026_logs/2026-09-28.jsonl... (Press Ctrl+C to stop)[0m
[1m[96m============================================================[0m
[1mSYSTEM MONITOR V2[0m | Time: 2026-09-28 14:43:22
[96m------------------------------------------------------------[0m
[1m[ CPU ][0m Used: [92m3.7%[0m | Free: 96.3%
[96m------------------------------------------------------------[0m
[1m[ RAM ][0m Used: [92m7.14 GB (48.1%)[0m | Available: 7.7 GB | Total: 14.84 GB
[1m[ SWAP ][0m Used: 0.0 GB (0.0%) | Free: 4.0 GB | Total: 4.0 GB
        [93mTop 5 RAM Processes (Logged 10):[0m
          1. chrome (PID 7552) - 777.29 MB (5.11%)
          2. code (PID 50476) - 567.85 MB (3.74%)
          3. chrome (PID 6787) - 546.61 MB (3.6%)
          4. code (PID 50824) - 475.86 MB (3.13%)
          5. code (PID 51580) - 453.13 MB (2.98%)
[96m------------------------------------------------------------[0m
[1m[ DISK ][0m Used: [92m20.92 GB (2.28%)[0m | Free: 894.91 GB | Total: 915.83 GB
         [93mI/O:[0m Read 0.0 MB/s | Write 0.04 MB/s | Activity: 1.07%
[96m------------------------------------------------------------[0m
[1m[ NET ][0m Upload: 0.0 MB/s | Download: 0.0 MB/s
[96m------------------------------------------------------------[0m
[1m[ BATTERY ][0m [92m98.19%[0m (Charging/Plugged in)
[1m[96m============================================================[0m
[1m[92mData logged to 2026_logs/2026-09-28.jsonl... (Press Ctrl+C to stop)[0m
[1m[96m============================================================[0m
[1mSYSTEM MONITOR V2[0m | Time: 2026-09-28 14:43:27
[96m------------------------------------------------------------[0m
[1m[ CPU ][0m Used: [92m9.9%[0m | Free: 90.1%
        [93mTop 5 (Logged 10):[0m code (4.58%), code (2.88%)
[96m------------------------------------------------------------[0m
[1m[ RAM ][0m Used: [92m7.2 GB (48.5%)[0m | Available: 7.64 GB | Total: 14.84 GB
[1m[ SWAP ][0m Used: 0.0 GB (0.0%) | Free: 4.0 GB | Total: 4.0 GB
        [93mTop 5 RAM Processes (Logged 10):[0m
          1. chrome (PID 7552) - 777.29 MB (5.11%)
          2. code (PID 50476) - 606.76 MB (3.99%)
          3. chrome (PID 6787) - 546.4 MB (3.59%)
          4. code (PID 50824) - 477.98 MB (3.14%)
          5. code (PID 51580) - 458.63 MB (3.02%)
[96m------------------------------------------------------------[0m
[1m[ DISK ][0m Used: [92m20.92 GB (2.28%)[0m | Free: 894.91 GB | Total: 915.83 GB
         [93mI/O:[0m Read 0.0 MB/s | Write 0.11 MB/s | Activity: 1.92%
[96m------------------------------------------------------------[0m
[1m[ NET ][0m Upload: 0.0 MB/s | Download: 0.0 MB/s
[96m------------------------------------------------------------[0m
[1m[ BATTERY ][0m [92m98.19%[0m (Charging/Plugged in)
[1m[96m============================================================[0m
[1m[92mData logged to 2026_logs/2026-09-28.jsonl... (Press Ctrl+C to stop)[0m
[1m[96m============================================================[0m
[1mSYSTEM MONITOR V2[0m | Time: 2026-09-28 14:43:33
[96m------------------------------------------------------------[0m
[1m[ CPU ][0m Used: [92m7.6%[0m | Free: 92.4%
        [93mTop 5 (Logged 10):[0m code (3.55%)
[96m------------------------------------------------------------[0m
[1m[ RAM ][0m Used: [92m7.2 GB (48.5%)[0m | Available: 7.64 GB | Total: 14.84 GB
[1m[ SWAP ][0m Used: 0.0 GB (0.0%) | Free: 4.0 GB | Total: 4.0 GB
        [93mTop 5 RAM Processes (Logged 10):[0m
          1. chrome (PID 7552) - 777.29 MB (5.11%)
          2. code (PID 50476) - 605.95 MB (3.99%)
          3. chrome (PID 6787) - 546.4 MB (3.59%)
          4. code (PID 50824) - 496.21 MB (3.26%)
          5. code (PID 51580) - 458.68 MB (3.02%)
[96m------------------------------------------------------------[0m
[1m[ DISK ][0m Used: [92m20.92 GB (2.28%)[0m | Free: 894.91 GB | Total: 915.83 GB
         [93mI/O:[0m Read 0.0 MB/s | Write 0.1 MB/s | Activity: 0.18%
[96m------------------------------------------------------------[0m
[1m[ NET ][0m Upload: 0.03 MB/s | Download: 0.02 MB/s
[96m------------------------------------------------------------[0m
[1m[ BATTERY ][0m [92m98.19%[0m (Charging/Plugged in)
[1m[96m============================================================[0m
[1m[92mData logged to 2026_logs/2026-09-28.jsonl... (Press Ctrl+C to stop)[0m
[1m[96m============================================================[0m
[1mSYSTEM MONITOR V2[0m | Time: 2026-09-28 14:43:38
[96m------------------------------------------------------------[0m
[1m[ CPU ][0m Used: [92m6.3%[0m | Free: 93.7%
        [93mTop 5 (Logged 10):[0m code (2.35%), code (2.07%)
[96m------------------------------------------------------------[0m
[1m[ RAM ][0m Used: [92m7.23 GB (48.7%)[0m | Available: 7.61 GB | Total: 14.84 GB
[1m[ SWAP ][0m Used: 0.0 GB (0.0%) | Free: 4.0 GB | Total: 4.0 GB
        [93mTop 5 RAM Processes (Logged 10):[0m
          1. chrome (PID 7552) - 777.29 MB (5.11%)
          2. code (PID 50476) - 625.22 MB (4.11%)
          3. chrome (PID 6787) - 546.4 MB (3.59%)
          4. code (PID 50824) - 496.1 MB (3.26%)
          5. code (PID 51580) - 458.73 MB (3.02%)
[96m------------------------------------------------------------[0m
[1m[ DISK ][0m Used: [92m20.92 GB (2.28%)[0m | Free: 894.91 GB | Total: 915.83 GB
         [93mI/O:[0m Read 0.0 MB/s | Write 0.13 MB/s | Activity: 1.66%
[96m------------------------------------------------------------[0m
[1m[ NET ][0m Upload: 0.0 MB/s | Download: 0.0 MB/s
[96m------------------------------------------------------------[0m
[1m[ BATTERY ][0m [92m98.19%[0m (Charging/Plugged in)
[1m[96m============================================================[0m
[1m[92mData logged to 2026_logs/2026-09-28.jsonl... (Press Ctrl+C to stop)[0m
[1m[96m============================================================[0m
[1mSYSTEM MONITOR V2[0m | Time: 2026-09-28 14:43:43
[96m------------------------------------------------------------[0m
[1m[ CPU ][0m Used: [92m6.3%[0m | Free: 93.7%
[96m------------------------------------------------------------[0m
[1m[ RAM ][0m Used: [92m7.35 GB (49.5%)[0m | Available: 7.5 GB | Total: 14.84 GB
[1m[ SWAP ][0m Used: 0.0 GB (0.0%) | Free: 4.0 GB | Total: 4.0 GB
        [93mTop 5 RAM Processes (Logged 10):[0m
          1. chrome (PID 7552) - 777.3 MB (5.11%)
          2. code (PID 50476) - 622.59 MB (4.1%)
          3. chrome (PID 6787) - 546.4 MB (3.59%)
          4. code (PID 50824) - 496.15 MB (3.26%)
          5. code (PID 51580) - 458.77 MB (3.02%)
[96m------------------------------------------------------------[0m
[1m[ DISK ][0m Used: [92m20.92 GB (2.28%)[0m | Free: 894.91 GB | Total: 915.83 GB
         [93mI/O:[0m Read 0.0 MB/s | Write 0.07 MB/s | Activity: 1.08%
[96m------------------------------------------------------------[0m
[1m[ NET ][0m Upload: 0.0 MB/s | Download: 0.0 MB/s
[96m------------------------------------------------------------[0m
[1m[ BATTERY ][0m [92m98.19%[0m (Charging/Plugged in)
[1m[96m============================================================[0m
[1m[92mData logged to 2026_logs/2026-09-28.jsonl... (Press Ctrl+C to stop)[0m
[1m[96m============================================================[0m
[1mSYSTEM MONITOR V2[0m | Time: 2026-09-28 14:43:48
[96m------------------------------------------------------------[0m
[1m[ CPU ][0m Used: [92m5.2%[0m | Free: 94.8%
[96m------------------------------------------------------------[0m
[1m[ RAM ][0m Used: [92m7.14 GB (48.1%)[0m | Available: 7.71 GB | Total: 14.84 GB
[1m[ SWAP ][0m Used: 0.0 GB (0.0%) | Free: 4.0 GB | Total: 4.0 GB
        [93mTop 5 RAM Processes (Logged 10):[0m
          1. chrome (PID 7552) - 771.94 MB (5.08%)
          2. chrome (PID 6787) - 547.59 MB (3.6%)
          3. code (PID 50824) - 496.59 MB (3.27%)
          4. code (PID 51580) - 458.82 MB (3.02%)
          5. code (PID 50476) - 445.8 MB (2.93%)
[96m------------------------------------------------------------[0m
[1m[ DISK ][0m Used: [92m20.92 GB (2.28%)[0m | Free: 894.91 GB | Total: 915.83 GB
         [93mI/O:[0m Read 0.0 MB/s | Write 1.95 MB/s | Activity: 0.47%
[96m------------------------------------------------------------[0m
[1m[ NET ][0m Upload: 0.0 MB/s | Download: 0.0 MB/s
[96m------------------------------------------------------------[0m
[1m[ BATTERY ][0m [92m98.19%[0m (Charging/Plugged in)
[1m[96m============================================================[0m
[1m[92mData logged to 2026_logs/2026-09-28.jsonl... (Press Ctrl+C to stop)[0m
[1m[96m============================================================[0m
[1mSYSTEM MONITOR V2[0m | Time: 2026-09-28 14:43:53
[96m------------------------------------------------------------[0m
[1m[ CPU ][0m Used: [92m6.1%[0m | Free: 93.9%
        [93mTop 5 (Logged 10):[0m gnome-text-editor (5.11%)
[96m------------------------------------------------------------[0m
[1m[ RAM ][0m Used: [92m7.13 GB (48.1%)[0m | Available: 7.71 GB | Total: 14.84 GB
[1m[ SWAP ][0m Used: 0.0 GB (0.0%) | Free: 4.0 GB | Total: 4.0 GB
        [93mTop 5 RAM Processes (Logged 10):[0m
          1. chrome (PID 7552) - 771.94 MB (5.08%)
          2. chrome (PID 6787) - 546.64 MB (3.6%)
          3. code (PID 50824) - 497.2 MB (3.27%)
          4. code (PID 51580) - 458.87 MB (3.02%)
          5. code (PID 50476) - 447.95 MB (2.95%)
[96m------------------------------------------------------------[0m
[1m[ DISK ][0m Used: [92m20.92 GB (2.28%)[0m | Free: 894.91 GB | Total: 915.83 GB
         [93mI/O:[0m Read 0.0 MB/s | Write 0.03 MB/s | Activity: 0.98%
[96m------------------------------------------------------------[0m
[1m[ NET ][0m Upload: 0.02 MB/s | Download: 0.0 MB/s
[96m------------------------------------------------------------[0m
[1m[ BATTERY ][0m [92m98.19%[0m (Charging/Plugged in)
[1m[96m============================================================[0m
[1m[92mData logged to 2026_logs/2026-09-28.jsonl... (Press Ctrl+C to stop)[0m
[1m[96m============================================================[0m
[1mSYSTEM MONITOR V2[0m | Time: 2026-09-28 14:43:58
[96m------------------------------------------------------------[0m
[1m[ CPU ][0m Used: [92m4.7%[0m | Free: 95.3%
        [93mTop 5 (Logged 10):[0m gnome-text-editor (3.11%)
[96m------------------------------------------------------------[0m
[1m[ RAM ][0m Used: [92m7.12 GB (48.0%)[0m | Available: 7.72 GB | Total: 14.84 GB
[1m[ SWAP ][0m Used: 0.0 GB (0.0%) | Free: 4.0 GB | Total: 4.0 GB
        [93mTop 5 RAM Processes (Logged 10):[0m
          1. chrome (PID 7552) - 770.51 MB (5.07%)
          2. chrome (PID 6787) - 546.43 MB (3.6%)
          3. code (PID 50824) - 497.79 MB (3.28%)
          4. code (PID 51580) - 458.92 MB (3.02%)
          5. code (PID 50476) - 450.04 MB (2.96%)
[96m------------------------------------------------------------[0m
[1m[ DISK ][0m Used: [92m20.92 GB (2.28%)[0m | Free: 894.91 GB | Total: 915.83 GB
         [93mI/O:[0m Read 0.0 MB/s | Write 0.02 MB/s | Activity: 0.9%
[96m------------------------------------------------------------[0m
[1m[ NET ][0m Upload: 0.0 MB/s | Download: 0.0 MB/s
[96m------------------------------------------------------------[0m
[1m[ BATTERY ][0m [92m98.19%[0m (Charging/Plugged in)
[1m[96m============================================================[0m
[1m[92mData logged to 2026_logs/2026-09-28.jsonl... (Press Ctrl+C to stop)[0m
[1m[96m============================================================[0m
[1mSYSTEM MONITOR V2[0m | Time: 2026-09-28 14:44:03
[96m------------------------------------------------------------[0m
[1m[ CPU ][0m Used: [92m2.9%[0m | Free: 97.1%
[96m------------------------------------------------------------[0m
[1m[ RAM ][0m Used: [92m7.29 GB (49.1%)[0m | Available: 7.56 GB | Total: 14.84 GB
[1m[ SWAP ][0m Used: 0.0 GB (0.0%) | Free: 4.0 GB | Total: 4.0 GB
        [93mTop 5 RAM Processes (Logged 10):[0m
          1. chrome (PID 7552) - 767.41 MB (5.05%)
          2. chrome (PID 6787) - 550.3 MB (3.62%)
          3. code (PID 50824) - 498.39 MB (3.28%)
          4. code (PID 51580) - 459.0 MB (3.02%)
          5. code (PID 50476) - 445.4 MB (2.93%)
[96m------------------------------------------------------------[0m
[1m[ DISK ][0m Used: [92m20.92 GB (2.28%)[0m | Free: 894.91 GB | Total: 915.83 GB
         [93mI/O:[0m Read 0.0 MB/s | Write 0.03 MB/s | Activity: 0.92%
[96m------------------------------------------------------------[0m
[1m[ NET ][0m Upload: 0.0 MB/s | Download: 0.0 MB/s
[96m------------------------------------------------------------[0m
[1m[ BATTERY ][0m [92m98.19%[0m (Charging/Plugged in)
[1m[96m============================================================[0m
[1m[92mData logged to 2026_logs/2026-09-28.jsonl... (Press Ctrl+C to stop)[0m
[1m[96m============================================================[0m
[1mSYSTEM MONITOR V2[0m | Time: 2026-09-28 14:44:08
[96m------------------------------------------------------------[0m
[1m[ CPU ][0m Used: [92m7.5%[0m | Free: 92.5%
        [93mTop 5 (Logged 10):[0m gnome-text-editor (3.12%), chrome (2.75%)
[96m------------------------------------------------------------[0m
[1m[ RAM ][0m Used: [92m7.35 GB (49.5%)[0m | Available: 7.49 GB | Total: 14.84 GB
[1m[ SWAP ][0m Used: 0.0 GB (0.0%) | Free: 4.0 GB | Total: 4.0 GB
        [93mTop 5 RAM Processes (Logged 10):[0m
          1. chrome (PID 7552) - 767.41 MB (5.05%)
          2. chrome (PID 6787) - 547.37 MB (3.6%)
          3. code (PID 50824) - 499.01 MB (3.28%)
          4. code (PID 51580) - 458.98 MB (3.02%)
          5. code (PID 50476) - 446.8 MB (2.94%)
[96m------------------------------------------------------------[0m
[1m[ DISK ][0m Used: [92m20.92 GB (2.28%)[0m | Free: 894.91 GB | Total: 915.83 GB
         [93mI/O:[0m Read 0.0 MB/s | Write 0.06 MB/s | Activity: 0.2%
[96m------------------------------------------------------------[0m
[1m[ NET ][0m Upload: 0.0 MB/s | Download: 0.0 MB/s
[96m------------------------------------------------------------[0m
[1m[ BATTERY ][0m [92m98.19%[0m (Charging/Plugged in)
[1m[96m============================================================[0m
[1m[92mData logged to 2026_logs/2026-09-28.jsonl... (Press Ctrl+C to stop)[0m
[1m[96m============================================================[0m
[1mSYSTEM MONITOR V2[0m | Time: 2026-09-28 14:44:13
[96m------------------------------------------------------------[0m
[1m[ CPU ][0m Used: [92m1.7%[0m | Free: 98.3%
[96m------------------------------------------------------------[0m
[1m[ RAM ][0m Used: [92m7.29 GB (49.1%)[0m | Available: 7.55 GB | Total: 14.84 GB
[1m[ SWAP ][0m Used: 0.0 GB (0.0%) | Free: 4.0 GB | Total: 4.0 GB
        [93mTop 5 RAM Processes (Logged 10):[0m
          1. chrome (PID 7552) - 767.41 MB (5.05%)
          2. chrome (PID 6787) - 546.61 MB (3.6%)
          3. code (PID 50824) - 499.62 MB (3.29%)
          4. code (PID 51580) - 458.98 MB (3.02%)
          5. code (PID 50476) - 449.0 MB (2.95%)
[96m------------------------------------------------------------[0m
[1m[ DISK ][0m Used: [92m20.92 GB (2.28%)[0m | Free: 894.91 GB | Total: 915.83 GB
         [93mI/O:[0m Read 0.0 MB/s | Write 1.22 MB/s | Activity: 1.1%
[96m------------------------------------------------------------[0m
[1m[ NET ][0m Upload: 0.0 MB/s | Download: 0.0 MB/s
[96m------------------------------------------------------------[0m
[1m[ BATTERY ][0m [92m98.19%[0m (Charging/Plugged in)
[1m[96m============================================================[0m
[1m[92mData logged to 2026_logs/2026-09-28.jsonl... (Press Ctrl+C to stop)[0m
[1m[96m============================================================[0m
[1mSYSTEM MONITOR V2[0m | Time: 2026-09-28 14:44:18
[96m------------------------------------------------------------[0m
[1m[ CPU ][0m Used: [92m4.6%[0m | Free: 95.4%
        [93mTop 5 (Logged 10):[0m chrome (2.12%)
[96m------------------------------------------------------------[0m
[1m[ RAM ][0m Used: [92m7.3 GB (49.2%)[0m | Available: 7.54 GB | Total: 14.84 GB
[1m[ SWAP ][0m Used: 0.0 GB (0.0%) | Free: 4.0 GB | Total: 4.0 GB
        [93mTop 5 RAM Processes (Logged 10):[0m
          1. chrome (PID 7552) - 762.0 MB (5.01%)
          2. chrome (PID 6787) - 547.1 MB (3.6%)
          3. code (PID 50824) - 500.23 MB (3.29%)
          4. code (PID 51580) - 458.98 MB (3.02%)
          5. code (PID 50476) - 451.25 MB (2.97%)
[96m------------------------------------------------------------[0m
[1m[ DISK ][0m Used: [92m20.92 GB (2.28%)[0m | Free: 894.91 GB | Total: 915.83 GB
         [93mI/O:[0m Read 0.0 MB/s | Write 1.01 MB/s | Activity: 0.22%
[96m------------------------------------------------------------[0m
[1m[ NET ][0m Upload: 0.01 MB/s | Download: 0.0 MB/s
[96m------------------------------------------------------------[0m
[1m[ BATTERY ][0m [92m98.19%[0m (Charging/Plugged in)
[1m[96m============================================================[0m
[1m[92mData logged to 2026_logs/2026-09-28.jsonl... (Press Ctrl+C to stop)[0m
[1m[96m============================================================[0m
[1mSYSTEM MONITOR V2[0m | Time: 2026-09-28 14:44:23
[96m------------------------------------------------------------[0m
[1m[ CPU ][0m Used: [92m1.8%[0m | Free: 98.2%
[96m------------------------------------------------------------[0m
[1m[ RAM ][0m Used: [92m7.29 GB (49.1%)[0m | Available: 7.55 GB | Total: 14.84 GB
[1m[ SWAP ][0m Used: 0.0 GB (0.0%) | Free: 4.0 GB | Total: 4.0 GB
        [93mTop 5 RAM Processes (Logged 10):[0m
          1. chrome (PID 7552) - 762.01 MB (5.01%)
          2. chrome (PID 6787) - 547.03 MB (3.6%)
          3. code (PID 50824) - 500.84 MB (3.3%)
          4. code (PID 51580) - 458.98 MB (3.02%)
          5. code (PID 50476) - 454.69 MB (2.99%)
[96m------------------------------------------------------------[0m
[1m[ DISK ][0m Used: [92m20.92 GB (2.28%)[0m | Free: 894.91 GB | Total: 915.83 GB
         [93mI/O:[0m Read 0.0 MB/s | Write 0.01 MB/s | Activity: 1.02%
[96m------------------------------------------------------------[0m
[1m[ NET ][0m Upload: 0.01 MB/s | Download: 0.0 MB/s
[96m------------------------------------------------------------[0m
[1m[ BATTERY ][0m [92m98.19%[0m (Charging/Plugged in)
[1m[96m============================================================[0m
[1m[92mData logged to 2026_logs/2026-09-28.jsonl... (Press Ctrl+C to stop)[0m
[1m[96m============================================================[0m
[1mSYSTEM MONITOR V2[0m | Time: 2026-09-28 14:44:29
[96m------------------------------------------------------------[0m
[1m[ CPU ][0m Used: [92m6.7%[0m | Free: 93.3%
[96m------------------------------------------------------------[0m
[1m[ RAM ][0m Used: [92m7.23 GB (48.7%)[0m | Available: 7.61 GB | Total: 14.84 GB
[1m[ SWAP ][0m Used: 0.0 GB (0.0%) | Free: 4.0 GB | Total: 4.0 GB
        [93mTop 5 RAM Processes (Logged 10):[0m
          1. chrome (PID 7552) - 762.01 MB (5.01%)
          2. chrome (PID 6787) - 546.68 MB (3.6%)
          3. code (PID 50824) - 501.92 MB (3.3%)
          4. code (PID 50476) - 469.11 MB (3.09%)
          5. code (PID 51580) - 458.98 MB (3.02%)
[96m------------------------------------------------------------[0m
[1m[ DISK ][0m Used: [92m20.92 GB (2.28%)[0m | Free: 894.91 GB | Total: 915.83 GB
         [93mI/O:[0m Read 0.0 MB/s | Write 0.06 MB/s | Activity: 1.04%
[96m------------------------------------------------------------[0m
[1m[ NET ][0m Upload: 0.0 MB/s | Download: 0.0 MB/s
[96m------------------------------------------------------------[0m
[1m[ BATTERY ][0m [92m98.19%[0m (Charging/Plugged in)
[1m[96m============================================================[0m
[1m[92mData logged to 2026_logs/2026-09-28.jsonl... (Press Ctrl+C to stop)[0m
[1m[96m============================================================[0m
[1mSYSTEM MONITOR V2[0m | Time: 2026-09-28 14:44:34
[96m------------------------------------------------------------[0m
[1m[ CPU ][0m Used: [92m7.8%[0m | Free: 92.2%
[96m------------------------------------------------------------[0m
[1m[ RAM ][0m Used: [92m6.35 GB (42.8%)[0m | Available: 8.5 GB | Total: 14.84 GB
[1m[ SWAP ][0m Used: 0.0 GB (0.0%) | Free: 4.0 GB | Total: 4.0 GB
        [93mTop 5 RAM Processes (Logged 10):[0m
          1. chrome (PID 7552) - 762.01 MB (5.01%)
          2. chrome (PID 6787) - 546.75 MB (3.6%)
          3. code (PID 50824) - 497.81 MB (3.28%)
          4. gnome-shell (PID 4411) - 441.74 MB (2.91%)
          5. chrome (PID 43899) - 373.76 MB (2.46%)
[96m------------------------------------------------------------[0m
[1m[ DISK ][0m Used: [92m20.92 GB (2.28%)[0m | Free: 894.91 GB | Total: 915.83 GB
         [93mI/O:[0m Read 0.0 MB/s | Write 0.2 MB/s | Activity: 1.04%
[96m------------------------------------------------------------[0m
[1m[ NET ][0m Upload: 0.01 MB/s | Download: 0.0 MB/s
[96m------------------------------------------------------------[0m
[1m[ BATTERY ][0m [92m98.19%[0m (Charging/Plugged in)
[1m[96m============================================================[0m
[1m[92mData logged to 2026_logs/2026-09-28.jsonl... (Press Ctrl+C to stop)[0m
[1m[96m============================================================[0m
[1mSYSTEM MONITOR V2[0m | Time: 2026-09-28 14:44:39
[96m------------------------------------------------------------[0m
[1m[ CPU ][0m Used: [92m3.8%[0m | Free: 96.2%
[96m------------------------------------------------------------[0m
[1m[ RAM ][0m Used: [92m5.65 GB (38.0%)[0m | Available: 9.2 GB | Total: 14.84 GB
[1m[ SWAP ][0m Used: 0.0 GB (0.0%) | Free: 4.0 GB | Total: 4.0 GB
        [93mTop 5 RAM Processes (Logged 10):[0m
          1. chrome (PID 7552) - 762.01 MB (5.01%)
          2. chrome (PID 6787) - 546.68 MB (3.6%)
          3. gnome-shell (PID 4411) - 441.31 MB (2.9%)
          4. chrome (PID 43899) - 373.76 MB (2.46%)
          5. chrome (PID 7286) - 364.71 MB (2.4%)
[96m------------------------------------------------------------[0m
[1m[ DISK ][0m Used: [92m20.92 GB (2.28%)[0m | Free: 894.91 GB | Total: 915.83 GB
         [93mI/O:[0m Read 0.05 MB/s | Write 2.33 MB/s | Activity: 0.33%
[96m------------------------------------------------------------[0m
[1m[ NET ][0m Upload: 0.0 MB/s | Download: 0.0 MB/s
[96m------------------------------------------------------------[0m
[1m[ BATTERY ][0m [92m98.19%[0m (Charging/Plugged in)
[1m[96m============================================================[0m
[1m[92mData logged to 2026_logs/2026-09-28.jsonl... (Press Ctrl+C to stop)[0m
[1m[96m============================================================[0m
[1mSYSTEM MONITOR V2[0m | Time: 2026-09-28 14:44:44
[96m------------------------------------------------------------[0m
[1m[ CPU ][0m Used: [92m18.0%[0m | Free: 82.0%
[96m------------------------------------------------------------[0m
[1m[ RAM ][0m Used: [92m6.59 GB (44.4%)[0m | Available: 8.25 GB | Total: 14.84 GB
[1m[ SWAP ][0m Used: 0.0 GB (0.0%) | Free: 4.0 GB | Total: 4.0 GB
        [93mTop 5 RAM Processes (Logged 10):[0m
          1. chrome (PID 7552) - 762.02 MB (5.01%)
          2. chrome (PID 6787) - 546.68 MB (3.6%)
          3. code (PID 74844) - 442.86 MB (2.91%)
          4. gnome-shell (PID 4411) - 441.59 MB (2.91%)
          5. chrome (PID 43899) - 373.76 MB (2.46%)
[96m------------------------------------------------------------[0m
[1m[ DISK ][0m Used: [92m20.92 GB (2.28%)[0m | Free: 894.91 GB | Total: 915.83 GB
         [93mI/O:[0m Read 0.01 MB/s | Write 0.65 MB/s | Activity: 1.94%
[96m------------------------------------------------------------[0m
[1m[ NET ][0m Upload: 0.0 MB/s | Download: 0.02 MB/s
[96m------------------------------------------------------------[0m
[1m[ BATTERY ][0m [92m98.19%[0m (Charging/Plugged in)
[1m[96m============================================================[0m
[1m[92mData logged to 2026_logs/2026-09-28.jsonl... (Press Ctrl+C to stop)[0m
[1m[96m============================================================[0m
[1mSYSTEM MONITOR V2[0m | Time: 2026-09-28 14:44:49
[96m------------------------------------------------------------[0m
[1m[ CPU ][0m Used: [92m18.1%[0m | Free: 81.9%
        [93mTop 5 (Logged 10):[0m code (4.75%), code (4.1%), code (3.32%)
[96m------------------------------------------------------------[0m
[1m[ RAM ][0m Used: [92m6.88 GB (46.4%)[0m | Available: 7.96 GB | Total: 14.84 GB
[1m[ SWAP ][0m Used: 0.0 GB (0.0%) | Free: 4.0 GB | Total: 4.0 GB
        [93mTop 5 RAM Processes (Logged 10):[0m
          1. chrome (PID 7552) - 762.02 MB (5.01%)
          2. code (PID 74844) - 567.88 MB (3.74%)
          3. chrome (PID 6787) - 546.83 MB (3.6%)
          4. gnome-shell (PID 4411) - 441.29 MB (2.9%)
          5. code (PID 74980) - 377.13 MB (2.48%)
[96m------------------------------------------------------------[0m
[1m[ DISK ][0m Used: [92m20.92 GB (2.28%)[0m | Free: 894.91 GB | Total: 915.83 GB
         [93mI/O:[0m Read 0.0 MB/s | Write 1.63 MB/s | Activity: 1.56%
[96m------------------------------------------------------------[0m
[1m[ NET ][0m Upload: 1.31 MB/s | Download: 0.18 MB/s
[96m------------------------------------------------------------[0m
[1m[ BATTERY ][0m [92m98.19%[0m (Charging/Plugged in)
[1m[96m============================================================[0m
[1m[92mData logged to 2026_logs/2026-09-28.jsonl... (Press Ctrl+C to stop)[0m
[1m[96m============================================================[0m
[1mSYSTEM MONITOR V2[0m | Time: 2026-09-28 14:44:54
[96m------------------------------------------------------------[0m
[1m[ CPU ][0m Used: [92m4.5%[0m | Free: 95.5%
[96m------------------------------------------------------------[0m
[1m[ RAM ][0m Used: [92m6.83 GB (46.0%)[0m | Available: 8.02 GB | Total: 14.84 GB
[1m[ SWAP ][0m Used: 0.0 GB (0.0%) | Free: 4.0 GB | Total: 4.0 GB
        [93mTop 5 RAM Processes (Logged 10):[0m
          1. chrome (PID 7552) - 762.02 MB (5.01%)
          2. code (PID 74844) - 581.13 MB (3.82%)
          3. chrome (PID 6787) - 546.83 MB (3.6%)
          4. gnome-shell (PID 4411) - 441.29 MB (2.9%)
          5. code (PID 74980) - 379.0 MB (2.49%)
[96m------------------------------------------------------------[0m
[1m[ DISK ][0m Used: [92m20.92 GB (2.28%)[0m | Free: 894.91 GB | Total: 915.83 GB
         [93mI/O:[0m Read 0.0 MB/s | Write 0.03 MB/s | Activity: 0.92%
[96m------------------------------------------------------------[0m
[1m[ NET ][0m Upload: 0.22 MB/s | Download: 0.01 MB/s
[96m------------------------------------------------------------[0m
[1m[ BATTERY ][0m [92m98.19%[0m (Charging/Plugged in)
[1m[96m============================================================[0m
[1m[92mData logged to 2026_logs/2026-09-28.jsonl... (Press Ctrl+C to stop)[0m
[1m[96m============================================================[0m
[1mSYSTEM MONITOR V2[0m | Time: 2026-09-28 14:44:59
[96m------------------------------------------------------------[0m
[1m[ CPU ][0m Used: [92m5.3%[0m | Free: 94.7%
[96m------------------------------------------------------------[0m
[1m[ RAM ][0m Used: [92m6.67 GB (44.9%)[0m | Available: 8.18 GB | Total: 14.84 GB
[1m[ SWAP ][0m Used: 0.0 GB (0.0%) | Free: 4.0 GB | Total: 4.0 GB
        [93mTop 5 RAM Processes (Logged 10):[0m
          1. chrome (PID 7552) - 762.02 MB (5.01%)
          2. chrome (PID 6787) - 546.83 MB (3.6%)
          3. code (PID 74844) - 459.64 MB (3.02%)
          4. gnome-shell (PID 4411) - 441.29 MB (2.9%)
          5. code (PID 74980) - 379.18 MB (2.49%)
[96m------------------------------------------------------------[0m
[1m[ DISK ][0m Used: [92m20.92 GB (2.28%)[0m | Free: 894.91 GB | Total: 915.83 GB
         [93mI/O:[0m Read 0.0 MB/s | Write 0.08 MB/s | Activity: 0.86%
[96m------------------------------------------------------------[0m
[1m[ NET ][0m Upload: 0.0 MB/s | Download: 0.01 MB/s
[96m------------------------------------------------------------[0m
[1m[ BATTERY ][0m [92m98.19%[0m (Charging/Plugged in)
[1m[96m============================================================[0m
[1m[92mData logged to 2026_logs/2026-09-28.jsonl... (Press Ctrl+C to stop)[0m
[1m[96m============================================================[0m
[1mSYSTEM MONITOR V2[0m | Time: 2026-09-28 14:45:04
[96m------------------------------------------------------------[0m
[1m[ CPU ][0m Used: [92m1.3%[0m | Free: 98.7%
[96m------------------------------------------------------------[0m
[1m[ RAM ][0m Used: [92m6.61 GB (44.5%)[0m | Available: 8.23 GB | Total: 14.84 GB
[1m[ SWAP ][0m Used: 0.0 GB (0.0%) | Free: 4.0 GB | Total: 4.0 GB
        [93mTop 5 RAM Processes (Logged 10):[0m
          1. chrome (PID 7552) - 762.03 MB (5.01%)
          2. chrome (PID 6787) - 547.33 MB (3.6%)
          3. gnome-shell (PID 4411) - 441.28 MB (2.9%)
          4. code (PID 74844) - 433.39 MB (2.85%)
          5. chrome (PID 43899) - 370.63 MB (2.44%)
[96m------------------------------------------------------------[0m
[1m[ DISK ][0m Used: [92m20.92 GB (2.28%)[0m | Free: 894.91 GB | Total: 915.83 GB
         [93mI/O:[0m Read 0.0 MB/s | Write 0.02 MB/s | Activity: 0.94%
[96m------------------------------------------------------------[0m
[1m[ NET ][0m Upload: 0.01 MB/s | Download: 0.0 MB/s
[96m------------------------------------------------------------[0m
[1m[ BATTERY ][0m [92m98.19%[0m (Charging/Plugged in)
[1m[96m============================================================[0m
[1m[92mData logged to 2026_logs/2026-09-28.jsonl... (Press Ctrl+C to stop)[0m
[1m[96m============================================================[0m
[1mSYSTEM MONITOR V2[0m | Time: 2026-09-28 14:45:09
[96m------------------------------------------------------------[0m
[1m[ CPU ][0m Used: [92m1.5%[0m | Free: 98.5%
[96m------------------------------------------------------------[0m
[1m[ RAM ][0m Used: [92m6.59 GB (44.4%)[0m | Available: 8.26 GB | Total: 14.84 GB
[1m[ SWAP ][0m Used: 0.0 GB (0.0%) | Free: 4.0 GB | Total: 4.0 GB
        [93mTop 5 RAM Processes (Logged 10):[0m
          1. chrome (PID 7552) - 762.03 MB (5.01%)
          2. chrome (PID 6787) - 546.61 MB (3.6%)
          3. gnome-shell (PID 4411) - 441.15 MB (2.9%)
          4. code (PID 74844) - 436.66 MB (2.87%)
          5. chrome (PID 43899) - 370.63 MB (2.44%)
[96m------------------------------------------------------------[0m
[1m[ DISK ][0m Used: [92m20.92 GB (2.28%)[0m | Free: 894.91 GB | Total: 915.83 GB
         [93mI/O:[0m Read 0.0 MB/s | Write 0.02 MB/s | Activity: 0.92%
[96m------------------------------------------------------------[0m
[1m[ NET ][0m Upload: 0.0 MB/s | Download: 0.0 MB/s
[96m------------------------------------------------------------[0m
[1m[ BATTERY ][0m [92m98.19%[0m (Charging/Plugged in)
[1m[96m============================================================[0m
[1m[92mData logged to 2026_logs/2026-09-28.jsonl... (Press Ctrl+C to stop)[0m
[1m[96m============================================================[0m
[1mSYSTEM MONITOR V2[0m | Time: 2026-09-28 14:45:14
[96m------------------------------------------------------------[0m
[1m[ CPU ][0m Used: [92m5.7%[0m | Free: 94.3%
[96m------------------------------------------------------------[0m
[1m[ RAM ][0m Used: [92m6.25 GB (42.1%)[0m | Available: 8.59 GB | Total: 14.84 GB
[1m[ SWAP ][0m Used: 0.0 GB (0.0%) | Free: 4.0 GB | Total: 4.0 GB
        [93mTop 5 RAM Processes (Logged 10):[0m
          1. chrome (PID 7552) - 762.03 MB (5.01%)
          2. chrome (PID 6787) - 546.61 MB (3.6%)
          3. gnome-shell (PID 4411) - 441.3 MB (2.9%)
          4. chrome (PID 43899) - 370.63 MB (2.44%)
          5. chrome (PID 7286) - 353.39 MB (2.33%)
[96m------------------------------------------------------------[0m
[1m[ DISK ][0m Used: [92m20.92 GB (2.28%)[0m | Free: 894.91 GB | Total: 915.83 GB
         [93mI/O:[0m Read 0.0 MB/s | Write 0.15 MB/s | Activity: 0.33%
[96m------------------------------------------------------------[0m
[1m[ NET ][0m Upload: 0.0 MB/s | Download: 0.0 MB/s
[96m------------------------------------------------------------[0m
[1m[ BATTERY ][0m [92m98.19%[0m (Charging/Plugged in)
[1m[96m============================================================[0m
[1m[92mData logged to 2026_logs/2026-09-28.jsonl... (Press Ctrl+C to stop)[0m
[1m[96m============================================================[0m
[1mSYSTEM MONITOR V2[0m | Time: 2026-09-28 14:45:20
[96m------------------------------------------------------------[0m
[1m[ CPU ][0m Used: [92m3.8%[0m | Free: 96.2%
[96m------------------------------------------------------------[0m
[1m[ RAM ][0m Used: [92m6.13 GB (41.3%)[0m | Available: 8.71 GB | Total: 14.84 GB
[1m[ SWAP ][0m Used: 0.0 GB (0.0%) | Free: 4.0 GB | Total: 4.0 GB
        [93mTop 5 RAM Processes (Logged 10):[0m[H[2J[3J[H[2J[3J[H[2J[3J[H[2J[3J[H[2J[3J[H[2J[3J[H[2J[3J[H[2J[3J[H[2J[3J[H[2J[3J[H[2J[3J[H[2J[3J[H[2J[3J[H[2J[3J[H[2J[3J[H[2J[3J[H[2J[3J[H[2J[3J[H[2J[3J[H[2J[3J[H[2J[3J[H[2J[3J[H[2J[3J[H[2J[3J[H[2J[3J[H[2J[3J[H[2J[3J[H[2J[3J[H[2J[3J[H[2J[3J[H[2J[3J[H[2J[3J[H[2J[3J[H[2J[3J[H[2J[3J[H[2J[3J[H[2J[3J[H[2J[3J[H[2J[3J[H[2J[3J[H[2J[3J[H[2J[3J[H[2J[3J[H[2J[3J[H[2J[3J[H[2J[3J[H[2J[3J[H[2J[3J[H[2J[3J[H[2J[3J[H[2J[3J[H[2J[3J[H[2J[3J[H[2J[3J[H[2J[3J[H[2J[3J[H[2J[3J[H[2J[3J[H[2J[3J[H[2J[3J[H[2J[3J[H[2J[3J[H[2J[3J[H[2J[3J[H[2J[3J[H[2J[3J[H[2J[3J[H[2J[3J[H[2J[3J[H[2J[3J[H[2J[3J[H[2J[3J[H[2J[3J[H[2J[3J[H[2J[3J[H[2J[3J[H[2J[3J[H[2J[3J[H[2J[3J[H[2J[3J[H[2J[3J[H[2J[3J[H[2J[3J[H[2J[3J[H[2J[3Jccc[H[2J[3J
          1. chrome (PID 7552) - 767.23 MB (5.05%)
          2. chrome (PID 6787) - 546.73 MB (3.6%)
          3. gnome-shell (PID 4411) - 441.31 MB (2.9%)
          4. chrome (PID 43899) - 378.75 MB (2.49%)
          5. chrome (PID 7286) - 353.44 MB (2.33%)
[96m------------------------------------------------------------[0m
[1m[ DISK ][0m Used: [92m20.92 GB (2.28%)[0m | Free: 894.91 GB | Total: 915.83 GB
         [93mI/O:[0m Read 0.0 MB/s | Write 0.66 MB/s | Activity: 1.25%
[96m------------------------------------------------------------[0m
[1m[ NET ][0m Upload: 0.0 MB/s | Download: 0.0 MB/s
[96m------------------------------------------------------------[0m
[1m[ BATTERY ][0m [92m98.19%[0m (Charging/Plugged in)
[1m[96m============================================================[0m
[1m[92mData logged to 2026_logs/2026-09-28.jsonl... (Press Ctrl+C to stop)[0m
[1m[96m============================================================[0m
[1mSYSTEM MONITOR V2[0m | Time: 2026-09-28 14:45:25
[96m------------------------------------------------------------[0m
[1m[ CPU ][0m Used: [92m29.1%[0m | Free: 70.9%
        [93mTop 5 (Logged 10):[0m code (13.66%), code (2.41%), code (2.13%)
[96m------------------------------------------------------------[0m
[1m[ RAM ][0m Used: [92m7.17 GB (48.3%)[0m | Available: 7.68 GB | Total: 14.84 GB
[1m[ SWAP ][0m Used: 0.0 GB (0.0%) | Free: 4.0 GB | Total: 4.0 GB
        [93mTop 5 RAM Processes (Logged 10):[0m
          1. chrome (PID 7552) - 767.32 MB (5.05%)
          2. code (PID 74844) - 650.23 MB (4.28%)
          3. chrome (PID 6787) - 546.65 MB (3.6%)
          4. gnome-shell (PID 4411) - 441.31 MB (2.9%)
          5. code (PID 75339) - 390.55 MB (2.57%)
[96m------------------------------------------------------------[0m
[1m[ DISK ][0m Used: [92m20.92 GB (2.28%)[0m | Free: 894.91 GB | Total: 915.83 GB
         [93mI/O:[0m Read 0.21 MB/s | Write 2.08 MB/s | Activity: 1.87%
[96m------------------------------------------------------------[0m
[1m[ NET ][0m Upload: 1.43 MB/s | Download: 0.1 MB/s
[96m------------------------------------------------------------[0m
[1m[ BATTERY ][0m [92m98.19%[0m (Charging/Plugged in)
[1m[96m============================================================[0m
[1m[92mData logged to 2026_logs/2026-09-28.jsonl... (Press Ctrl+C to stop)[0m
[1m[96m============================================================[0m
[1mSYSTEM MONITOR V2[0m | Time: 2026-09-28 14:45:30
[96m------------------------------------------------------------[0m
[1m[ CPU ][0m Used: [92m3.7%[0m | Free: 96.3%
[96m------------------------------------------------------------[0m
[1m[ RAM ][0m Used: [92m7.1 GB (47.9%)[0m | Available: 7.74 GB | Total: 14.84 GB
[1m[ SWAP ][0m Used: 0.0 GB (0.0%) | Free: 4.0 GB | Total: 4.0 GB
        [93mTop 5 RAM Processes (Logged 10):[0m
          1. chrome (PID 7552) - 767.32 MB (5.05%)
          2. code (PID 74844) - 659.51 MB (4.34%)
          3. chrome (PID 6787) - 546.65 MB (3.6%)
          4. gnome-shell (PID 4411) - 441.29 MB (2.9%)
          5. code (PID 75339) - 392.5 MB (2.58%)
[96m------------------------------------------------------------[0m
[1m[ DISK ][0m Used: [92m20.92 GB (2.28%)[0m | Free: 894.91 GB | Total: 915.83 GB
         [93mI/O:[0m Read 0.0 MB/s | Write 0.02 MB/s | Activity: 0.92%
[96m------------------------------------------------------------[0m
[1m[ NET ][0m Upload: 0.38 MB/s | Download: 0.03 MB/s
[96m------------------------------------------------------------[0m
[1m[ BATTERY ][0m [92m98.19%[0m (Charging/Plugged in)
[1m[96m============================================================[0m
[1m[92mData logged to 2026_logs/2026-09-28.jsonl... (Press Ctrl+C to stop)[0m
[1m[96m============================================================[0m
[1mSYSTEM MONITOR V2[0m | Time: 2026-09-28 14:45:35
[96m------------------------------------------------------------[0m
[1m[ CPU ][0m Used: [92m9.8%[0m | Free: 90.2%
[96m------------------------------------------------------------[0m
[1m[ RAM ][0m Used: [92m5.87 GB (39.5%)[0m | Available: 8.97 GB | Total: 14.84 GB
[1m[ SWAP ][0m Used: 0.0 GB (0.0%) | Free: 4.0 GB | Total: 4.0 GB
        [93mTop 5 RAM Processes (Logged 10):[0m
          1. chrome (PID 7552) - 767.32 MB (5.05%)
          2. chrome (PID 6787) - 546.72 MB (3.6%)
          3. gnome-shell (PID 4411) - 441.73 MB (2.91%)
          4. chrome (PID 43899) - 379.0 MB (2.49%)
          5. chrome (PID 7286) - 353.44 MB (2.33%)
[96m------------------------------------------------------------[0m
[1m[ DISK ][0m Used: [92m20.92 GB (2.28%)[0m | Free: 894.91 GB | Total: 915.83 GB
         [93mI/O:[0m Read 0.0 MB/s | Write 0.44 MB/s | Activity: 0.31%
[96m------------------------------------------------------------[0m
[1m[ NET ][0m Upload: 0.0 MB/s | Download: 0.0 MB/s
[96m------------------------------------------------------------[0m
[1m[ BATTERY ][0m [92m98.19%[0m (Charging/Plugged in)
[1m[96m============================================================[0m
[1m[92mData logged to 2026_logs/2026-09-28.jsonl... (Press Ctrl+C to stop)[0m
[1m[96m============================================================[0m
[1mSYSTEM MONITOR V2[0m | Time: 2026-09-28 14:45:40
[96m------------------------------------------------------------[0m
[1m[ CPU ][0m Used: [92m4.9%[0m | Free: 95.1%
        [93mTop 5 (Logged 10):[0m gnome-text-editor (4.4%)
[96m------------------------------------------------------------[0m
[1m[ RAM ][0m Used: [92m5.79 GB (39.0%)[0m | Available: 9.06 GB | Total: 14.84 GB
[1m[ SWAP ][0m Used: 0.0 GB (0.0%) | Free: 4.0 GB | Total: 4.0 GB
        [93mTop 5 RAM Processes (Logged 10):[0m
          1. chrome (PID 7552) - 767.32 MB (5.05%)
          2. chrome (PID 6787) - 546.65 MB (3.6%)
          3. gnome-shell (PID 4411) - 441.73 MB (2.91%)
          4. chrome (PID 43899) - 379.0 MB (2.49%)
          5. chrome (PID 7286) - 353.44 MB (2.33%)
[96m------------------------------------------------------------[0m
[1m[ DISK ][0m Used: [92m20.92 GB (2.28%)[0m | Free: 894.91 GB | Total: 915.83 GB
         [93mI/O:[0m Read 0.0 MB/s | Write 0.06 MB/s | Activity: 1.93%
[96m------------------------------------------------------------[0m
[1m[ NET ][0m Upload: 0.0 MB/s | Download: 0.0 MB/s
[96m------------------------------------------------------------[0m
[1m[ BATTERY ][0m [92m98.19%[0m (Charging/Plugged in)
[1m[96m============================================================[0m
[1m[92mData logged to 2026_logs/2026-09-28.jsonl... (Press Ctrl+C to stop)[0m
[1m[96m============================================================[0m
[1mSYSTEM MONITOR V2[0m | Time: 2026-09-28 14:45:45
[96m------------------------------------------------------------[0m
[1m[ CPU ][0m Used: [92m4.8%[0m | Free: 95.2%
        [93mTop 5 (Logged 10):[0m gnome-text-editor (2.89%)
[96m------------------------------------------------------------[0m
[1m[ RAM ][0m Used: [92m5.83 GB (39.3%)[0m | Available: 9.01 GB | Total: 14.84 GB
[1m[ SWAP ][0m Used: 0.0 GB (0.0%) | Free: 4.0 GB | Total: 4.0 GB
        [93mTop 5 RAM Processes (Logged 10):[0m
          1. chrome (PID 7552) - 767.32 MB (5.05%)
          2. chrome (PID 6787) - 547.73 MB (3.6%)
          3. gnome-shell (PID 4411) - 441.56 MB (2.91%)
          4. chrome (PID 43899) - 379.0 MB (2.49%)
          5. chrome (PID 7286) - 353.45 MB (2.33%)
[96m------------------------------------------------------------[0m
[1m[ DISK ][0m Used: [92m20.92 GB (2.28%)[0m | Free: 894.91 GB | Total: 915.83 GB
         [93mI/O:[0m Read 0.0 MB/s | Write 0.0 MB/s | Activity: 0.0%
[96m------------------------------------------------------------[0m
[1m[ NET ][0m Upload: 0.0 MB/s | Download: 0.0 MB/s
[96m------------------------------------------------------------[0m
[1m[ BATTERY ][0m [92m98.19%[0m (Charging/Plugged in)
[1m[96m============================================================[0m
[1m[92mData logged to 2026_logs/2026-09-28.jsonl... (Press Ctrl+C to stop)[0m
[1m[96m============================================================[0m
[1mSYSTEM MONITOR V2[0m | Time: 2026-09-28 14:45:50
[96m------------------------------------------------------------[0m
[1m[ CPU ][0m Used: [92m1.5%[0m | Free: 98.5%
[96m------------------------------------------------------------[0m
[1m[ RAM ][0m Used: [92m5.82 GB (39.2%)[0m | Available: 9.03 GB | Total: 14.84 GB
[1m[ SWAP ][0m Used: 0.0 GB (0.0%) | Free: 4.0 GB | Total: 4.0 GB
        [93mTop 5 RAM Processes (Logged 10):[0m
          1. chrome (PID 7552) - 765.53 MB (5.04%)
          2. chrome (PID 6787) - 547.49 MB (3.6%)
          3. gnome-shell (PID 4411) - 441.56 MB (2.91%)
          4. chrome (PID 43899) - 370.16 MB (2.44%)
          5. chrome (PID 7286) - 353.45 MB (2.33%)
[96m------------------------------------------------------------[0m
[1m[ DISK ][0m Used: [92m20.92 GB (2.28%)[0m | Free: 894.91 GB | Total: 915.83 GB
         [93mI/O:[0m Read 0.0 MB/s | Write 0.67 MB/s | Activity: 1.08%
[96m------------------------------------------------------------[0m
[1m[ NET ][0m Upload: 0.0 MB/s | Download: 0.0 MB/s
[96m------------------------------------------------------------[0m
[1m[ BATTERY ][0m [92m98.19%[0m (Charging/Plugged in)
[1m[96m============================================================[0m
[1m[92mData logged to 2026_logs/2026-09-28.jsonl... (Press Ctrl+C to stop)[0m
[1m[96m============================================================[0m
[1mSYSTEM MONITOR V2[0m | Time: 2026-09-28 14:45:55
[96m------------------------------------------------------------[0m
[1m[ CPU ][0m Used: [92m3.6%[0m | Free: 96.4%
[96m------------------------------------------------------------[0m
[1m[ RAM ][0m Used: [92m5.79 GB (39.0%)[0m | Available: 9.05 GB | Total: 14.84 GB
[1m[ SWAP ][0m Used: 0.0 GB (0.0%) | Free: 4.0 GB | Total: 4.0 GB
        [93mTop 5 RAM Processes (Logged 10):[0m
          1. chrome (PID 7552) - 764.1 MB (5.03%)
          2. chrome (PID 6787) - 547.52 MB (3.6%)
          3. gnome-shell (PID 4411) - 441.89 MB (2.91%)
          4. chrome (PID 43899) - 368.73 MB (2.43%)
          5. chrome (PID 7286) - 353.45 MB (2.33%)
[96m------------------------------------------------------------[0m
[1m[ DISK ][0m Used: [92m20.92 GB (2.28%)[0m | Free: 894.91 GB | Total: 915.83 GB
         [93mI/O:[0m Read 0.0 MB/s | Write 0.25 MB/s | Activity: 1.12%
[96m------------------------------------------------------------[0m
[1m[ NET ][0m Upload: 0.0 MB/s | Download: 0.0 MB/s
[96m------------------------------------------------------------[0m
[1m[ BATTERY ][0m [92m98.19%[0m (Charging/Plugged in)
[1m[96m============================================================[0m
[1m[92mData logged to 2026_logs/2026-09-28.jsonl... (Press Ctrl+C to stop)[0m
[1m[96m============================================================[0m
[1mSYSTEM MONITOR V2[0m | Time: 2026-09-28 14:46:00
[96m------------------------------------------------------------[0m
[1m[ CPU ][0m Used: [92m7.3%[0m | Free: 92.7%
        [93mTop 5 (Logged 10):[0m gnome-text-editor (6.05%)
[96m------------------------------------------------------------[0m
[1m[ RAM ][0m Used: [92m5.83 GB (39.2%)[0m | Available: 9.02 GB | Total: 14.84 GB
[1m[ SWAP ][0m Used: 0.0 GB (0.0%) | Free: 4.0 GB | Total: 4.0 GB
        [93mTop 5 RAM Processes (Logged 10):[0m
          1. chrome (PID 7552) - 764.1 MB (5.03%)
          2. chrome (PID 6787) - 547.39 MB (3.6%)
          3. gnome-shell (PID 4411) - 441.89 MB (2.91%)
          4. chrome (PID 43899) - 368.73 MB (2.43%)
          5. chrome (PID 7286) - 353.45 MB (2.33%)
[96m------------------------------------------------------------[0m
[1m[ DISK ][0m Used: [92m20.92 GB (2.28%)[0m | Free: 894.91 GB | Total: 915.83 GB
         [93mI/O:[0m Read 0.0 MB/s | Write 1.26 MB/s | Activity: 0.96%
[96m------------------------------------------------------------[0m
[1m[ NET ][0m Upload: 0.0 MB/s | Download: 0.0 MB/s
[96m------------------------------------------------------------[0m
[1m[ BATTERY ][0m [92m98.19%[0m (Charging/Plugged in)
[1m[96m============================================================[0m
[1m[92mData logged to 2026_logs/2026-09-28.jsonl... (Press Ctrl+C to stop)[0m
[1m[96m============================================================[0m
[1mSYSTEM MONITOR V2[0m | Time: 2026-09-28 14:46:05
[96m------------------------------------------------------------[0m
[1m[ CPU ][0m Used: [92m6.8%[0m | Free: 93.2%
[96m------------------------------------------------------------[0m
[1m[ RAM ][0m Used: [92m5.77 GB (38.8%)[0m | Available: 9.08 GB | Total: 14.84 GB
[1m[ SWAP ][0m Used: 0.0 GB (0.0%) | Free: 4.0 GB | Total: 4.0 GB
        [93mTop 5 RAM Processes (Logged 10):[0m
          1. chrome (PID 7552) - 764.1 MB (5.03%)
          2. chrome (PID 6787) - 547.78 MB (3.6%)
          3. gnome-shell (PID 4411) - 441.93 MB (2.91%)
          4. chrome (PID 43899) - 367.31 MB (2.42%)
          5. chrome (PID 7286) - 353.45 MB (2.33%)
[96m------------------------------------------------------------[0m
[1m[ DISK ][0m Used: [92m20.92 GB (2.28%)[0m | Free: 894.91 GB | Total: 915.83 GB
         [93mI/O:[0m Read 0.0 MB/s | Write 1.82 MB/s | Activity: 2.55%
[96m------------------------------------------------------------[0m
[1m[ NET ][0m Upload: 0.01 MB/s | Download: 0.04 MB/s
[96m------------------------------------------------------------[0m
[1m[ BATTERY ][0m [92m98.19%[0m (Charging/Plugged in)
[1m[96m============================================================[0m
[1m[92mData logged to 2026_logs/2026-09-28.jsonl... (Press Ctrl+C to stop)[0m
[1m[96m============================================================[0m
[1mSYSTEM MONITOR V2[0m | Time: 2026-09-28 14:46:11
[96m------------------------------------------------------------[0m
[1m[ CPU ][0m Used: [92m4.9%[0m | Free: 95.1%
        [93mTop 5 (Logged 10):[0m gnome-text-editor (3.89%)
[96m------------------------------------------------------------[0m
[1m[ RAM ][0m Used: [92m5.76 GB (38.8%)[0m | Available: 9.08 GB | Total: 14.84 GB
[1m[ SWAP ][0m Used: 0.0 GB (0.0%) | Free: 4.0 GB | Total: 4.0 GB
        [93mTop 5 RAM Processes (Logged 10):[0m
          1. chrome (PID 7552) - 764.1 MB (5.03%)
          2. chrome (PID 6787) - 547.76 MB (3.6%)
          3. gnome-shell (PID 4411) - 441.96 MB (2.91%)
          4. chrome (PID 43899) - 367.31 MB (2.42%)
          5. chrome (PID 7286) - 353.45 MB (2.33%)
[96m------------------------------------------------------------[0m
[1m[ DISK ][0m Used: [92m20.92 GB (2.28%)[0m | Free: 894.91 GB | Total: 915.83 GB
         [93mI/O:[0m Read 0.0 MB/s | Write 0.17 MB/s | Activity: 1.02%
[96m------------------------------------------------------------[0m
[1m[ NET ][0m Upload: 0.0 MB/s | Download: 0.0 MB/s
[96m------------------------------------------------------------[0m
[1m[ BATTERY ][0m [92m98.19%[0m (Charging/Plugged in)
[1m[96m============================================================[0m
[1m[92mData logged to 2026_logs/2026-09-28.jsonl... (Press Ctrl+C to stop)[0m
[1m[96m============================================================[0m
[1mSYSTEM MONITOR V2[0m | Time: 2026-09-28 14:46:16
[96m------------------------------------------------------------[0m
[1m[ CPU ][0m Used: [92m6.1%[0m | Free: 93.9%
[96m------------------------------------------------------------[0m
[1m[ RAM ][0m Used: [92m5.76 GB (38.8%)[0m | Available: 9.08 GB | Total: 14.84 GB
[1m[ SWAP ][0m Used: 0.0 GB (0.0%) | Free: 4.0 GB | Total: 4.0 GB
        [93mTop 5 RAM Processes (Logged 10):[0m
          1. chrome (PID 7552) - 784.11 MB (5.16%)
          2. chrome (PID 6787) - 552.48 MB (3.63%)
          3. gnome-shell (PID 4411) - 441.84 MB (2.91%)
          4. chrome (PID 43899) - 373.84 MB (2.46%)
          5. chrome (PID 7286) - 363.54 MB (2.39%)
[96m------------------------------------------------------------[0m
[1m[ DISK ][0m Used: [92m20.92 GB (2.28%)[0m | Free: 894.91 GB | Total: 915.83 GB
         [93mI/O:[0m Read 0.0 MB/s | Write 0.09 MB/s | Activity: 1.19%
[96m------------------------------------------------------------[0m
[1m[ NET ][0m Upload: 0.0 MB/s | Download: 0.0 MB/s
[96m------------------------------------------------------------[0m
[1m[ BATTERY ][0m [92m98.19%[0m (Charging/Plugged in)
[1m[96m============================================================[0m
[1m[92mData logged to 2026_logs/2026-09-28.jsonl... (Press Ctrl+C to stop)[0m
[1m[96m============================================================[0m
[1mSYSTEM MONITOR V2[0m | Time: 2026-09-28 14:46:21
[96m------------------------------------------------------------[0m
[1m[ CPU ][0m Used: [92m8.0%[0m | Free: 92.0%
        [93mTop 5 (Logged 10):[0m chrome (6.74%)
[96m------------------------------------------------------------[0m
[1m[ RAM ][0m Used: [92m5.84 GB (39.3%)[0m | Available: 9.0 GB | Total: 14.84 GB
[1m[ SWAP ][0m Used: 0.0 GB (0.0%) | Free: 4.0 GB | Total: 4.0 GB
        [93mTop 5 RAM Processes (Logged 10):[0m
          1. chrome (PID 7552) - 876.09 MB (5.76%)
          2. chrome (PID 6787) - 547.86 MB (3.6%)
          3. gnome-shell (PID 4411) - 441.86 MB (2.91%)
          4. chrome (PID 43899) - 373.84 MB (2.46%)
          5. chrome (PID 7286) - 363.54 MB (2.39%)
[96m------------------------------------------------------------[0m
[1m[ DISK ][0m Used: [92m20.92 GB (2.28%)[0m | Free: 894.91 GB | Total: 915.83 GB
         [93mI/O:[0m Read 0.0 MB/s | Write 0.42 MB/s | Activity: 1.0%
[96m------------------------------------------------------------[0m
[1m[ NET ][0m Upload: 0.0 MB/s | Download: 0.0 MB/s
[96m------------------------------------------------------------[0m
[1m[ BATTERY ][0m [92m98.19%[0m (Charging/Plugged in)
[1m[96m============================================================[0m
[1m[92mData logged to 2026_logs/2026-09-28.jsonl... (Press Ctrl+C to stop)[0m
[1m[96m============================================================[0m
[1mSYSTEM MONITOR V2[0m | Time: 2026-09-28 14:46:26
[96m------------------------------------------------------------[0m
[1m[ CPU ][0m Used: [92m2.8%[0m | Free: 97.2%
[96m------------------------------------------------------------[0m
[1m[ RAM ][0m Used: [92m5.84 GB (39.3%)[0m | Available: 9.0 GB | Total: 14.84 GB
[1m[ SWAP ][0m Used: 0.0 GB (0.0%) | Free: 4.0 GB | Total: 4.0 GB
        [93mTop 5 RAM Processes (Logged 10):[0m
          1. chrome (PID 7552) - 879.79 MB (5.79%)
          2. chrome (PID 6787) - 547.97 MB (3.61%)
          3. gnome-shell (PID 4411) - 441.73 MB (2.91%)
          4. chrome (PID 43899) - 373.84 MB (2.46%)
          5. chrome (PID 7286) - 363.6 MB (2.39%)
[96m------------------------------------------------------------[0m
[1m[ DISK ][0m Used: [92m20.92 GB (2.28%)[0m | Free: 894.91 GB | Total: 915.83 GB
         [93mI/O:[0m Read 0.0 MB/s | Write 0.23 MB/s | Activity: 1.02%
[96m------------------------------------------------------------[0m
[1m[ NET ][0m Upload: 0.0 MB/s | Download: 0.0 MB/s
[96m------------------------------------------------------------[0m
[1m[ BATTERY ][0m [92m98.19%[0m (Charging/Plugged in)
[1m[96m============================================================[0m
[1m[92mData logged to 2026_logs/2026-09-28.jsonl... (Press Ctrl+C to stop)[0m
[1m[96m============================================================[0m
[1mSYSTEM MONITOR V2[0m | Time: 2026-09-28 14:46:31
[96m------------------------------------------------------------[0m
[1m[ CPU ][0m Used: [92m2.4%[0m | Free: 97.6%
[96m------------------------------------------------------------[0m
[1m[ RAM ][0m Used: [92m5.84 GB (39.3%)[0m | Available: 9.01 GB | Total: 14.84 GB
[1m[ SWAP ][0m Used: 0.0 GB (0.0%) | Free: 4.0 GB | Total: 4.0 GB
        [93mTop 5 RAM Processes (Logged 10):[0m
          1. chrome (PID 7552) - 881.3 MB (5.8%)
          2. chrome (PID 6787) - 548.2 MB (3.61%)
          3. gnome-shell (PID 4411) - 441.7 MB (2.91%)
          4. chrome (PID 43899) - 373.88 MB (2.46%)
          5. chrome (PID 7286) - 363.62 MB (2.39%)
[96m------------------------------------------------------------[0m
[1m[ DISK ][0m Used: [92m20.92 GB (2.28%)[0m | Free: 894.91 GB | Total: 915.83 GB
         [93mI/O:[0m Read 0.0 MB/s | Write 0.91 MB/s | Activity: 1.02%
[96m------------------------------------------------------------[0m
[1m[ NET ][0m Upload: 0.0 MB/s | Download: 0.0 MB/s
[96m------------------------------------------------------------[0m
[1m[ BATTERY ][0m [92m98.19%[0m (Charging/Plugged in)
[1m[96m============================================================[0m
[1m[92mData logged to 2026_logs/2026-09-28.jsonl... (Press Ctrl+C to stop)[0m
[1m[96m============================================================[0m
[1mSYSTEM MONITOR V2[0m | Time: 2026-09-28 14:46:36
[96m------------------------------------------------------------[0m
[1m[ CPU ][0m Used: [92m20.6%[0m | Free: 79.4%
[96m------------------------------------------------------------[0m
[1m[ RAM ][0m Used: [92m7.02 GB (47.3%)[0m | Available: 7.82 GB | Total: 14.84 GB
[1m[ SWAP ][0m Used: 0.0 GB (0.0%) | Free: 4.0 GB | Total: 4.0 GB
        [93mTop 5 RAM Processes (Logged 10):[0m
          1. chrome (PID 7552) - 883.55 MB (5.81%)
          2. chrome (PID 6787) - 547.65 MB (3.6%)
          3. code (PID 76013) - 488.37 MB (3.21%)
          4. gnome-shell (PID 4411) - 441.58 MB (2.91%)
          5. chrome (PID 43899) - 373.91 MB (2.46%)
[96m------------------------------------------------------------[0m
[1m[ DISK ][0m Used: [92m20.92 GB (2.28%)[0m | Free: 894.91 GB | Total: 915.83 GB
         [93mI/O:[0m Read 0.01 MB/s | Write 0.46 MB/s | Activity: 1.94%
[96m------------------------------------------------------------[0m
[1m[ NET ][0m Upload: 0.0 MB/s | Download: 0.02 MB/s
[96m------------------------------------------------------------[0m
[1m[ BATTERY ][0m [92m98.19%[0m (Charging/Plugged in)
[1m[96m============================================================[0m
[1m[92mData logged to 2026_logs/2026-09-28.jsonl... (Press Ctrl+C to stop)[0m
[1m[96m============================================================[0m
[1mSYSTEM MONITOR V2[0m | Time: 2026-09-28 14:46:41
[96m------------------------------------------------------------[0m
[1m[ CPU ][0m Used: [92m17.8%[0m | Free: 82.2%
        [93mTop 5 (Logged 10):[0m code (6.83%), code (2.43%), code (2.32%)
[96m------------------------------------------------------------[0m
[1m[ RAM ][0m Used: [92m7.27 GB (49.0%)[0m | Available: 7.57 GB | Total: 14.84 GB
[1m[ SWAP ][0m Used: 0.0 GB (0.0%) | Free: 4.0 GB | Total: 4.0 GB
        [93mTop 5 RAM Processes (Logged 10):[0m
          1. chrome (PID 7552) - 893.38 MB (5.88%)
          2. code (PID 76013) - 599.57 MB (3.94%)
          3. chrome (PID 6787) - 547.87 MB (3.6%)
          4. gnome-shell (PID 4411) - 441.33 MB (2.9%)
          5. chrome (PID 43899) - 373.91 MB (2.46%)
[96m------------------------------------------------------------[0m
[1m[ DISK ][0m Used: [92m20.92 GB (2.28%)[0m | Free: 894.91 GB | Total: 915.83 GB
         [93mI/O:[0m Read 0.0 MB/s | Write 0.31 MB/s | Activity: 1.51%
[96m------------------------------------------------------------[0m
[1m[ NET ][0m Upload: 0.38 MB/s | Download: 0.04 MB/s
[96m------------------------------------------------------------[0m
[1m[ BATTERY ][0m [92m98.19%[0m (Charging/Plugged in)
[1m[96m============================================================[0m
[1m[92mData logged to 2026_logs/2026-09-28.jsonl... (Press Ctrl+C to stop)[0m
[1m[96m============================================================[0m
[1mSYSTEM MONITOR V2[0m | Time: 2026-09-28 14:46:46
[96m------------------------------------------------------------[0m
[1m[ CPU ][0m Used: [92m9.2%[0m | Free: 90.8%
        [93mTop 5 (Logged 10):[0m chrome (5.39%)
[96m------------------------------------------------------------[0m
[1m[ RAM ][0m Used: [92m7.16 GB (48.2%)[0m | Available: 7.69 GB | Total: 14.84 GB
[1m[ SWAP ][0m Used: 0.0 GB (0.0%) | Free: 4.0 GB | Total: 4.0 GB
        [93mTop 5 RAM Processes (Logged 10):[0m
          1. chrome (PID 7552) - 925.46 MB (6.09%)
          2. code (PID 76013) - 598.86 MB (3.94%)
          3. chrome (PID 6787) - 547.19 MB (3.6%)
          4. gnome-shell (PID 4411) - 441.45 MB (2.9%)
          5. chrome (PID 43899) - 369.26 MB (2.43%)
[96m------------------------------------------------------------[0m
[1m[ DISK ][0m Used: [92m20.92 GB (2.28%)[0m | Free: 894.91 GB | Total: 915.83 GB
         [93mI/O:[0m Read 0.02 MB/s | Write 0.19 MB/s | Activity: 1.33%
[96m------------------------------------------------------------[0m
[1m[ NET ][0m Upload: 0.65 MB/s | Download: 0.03 MB/s
[96m------------------------------------------------------------[0m
[1m[ BATTERY ][0m [92m98.19%[0m (Charging/Plugged in)
[1m[96m============================================================[0m
[1m[92mData logged to 2026_logs/2026-09-28.jsonl... (Press Ctrl+C to stop)[0m
[1m[96m============================================================[0m
[1mSYSTEM MONITOR V2[0m | Time: 2026-09-28 14:46:51
[96m------------------------------------------------------------[0m
[1m[ CPU ][0m Used: [92m8.9%[0m | Free: 91.1%
        [93mTop 5 (Logged 10):[0m chrome (2.84%)
[96m------------------------------------------------------------[0m
[1m[ RAM ][0m Used: [92m7.02 GB (47.3%)[0m | Available: 7.82 GB | Total: 14.84 GB
[1m[ SWAP ][0m Used: 0.0 GB (0.0%) | Free: 4.0 GB | Total: 4.0 GB
        [93mTop 5 RAM Processes (Logged 10):[0m
          1. chrome (PID 7552) - 923.62 MB (6.08%)
          2. code (PID 76013) - 557.64 MB (3.67%)
          3. chrome (PID 6787) - 546.79 MB (3.6%)
          4. gnome-shell (PID 4411) - 441.3 MB (2.9%)
          5. code (PID 76195) - 382.08 MB (2.51%)
[96m------------------------------------------------------------[0m
[1m[ DISK ][0m Used: [92m20.92 GB (2.28%)[0m | Free: 894.91 GB | Total: 915.83 GB
         [93mI/O:[0m Read 0.0 MB/s | Write 0.89 MB/s | Activity: 0.69%
[96m------------------------------------------------------------[0m
[1m[ NET ][0m Upload: 0.71 MB/s | Download: 0.13 MB/s
[96m------------------------------------------------------------[0m
[1m[ BATTERY ][0m [92m98.19%[0m (Charging/Plugged in)
[1m[96m============================================================[0m
[1m[92mData logged to 2026_logs/2026-09-28.jsonl... (Press Ctrl+C to stop)[0m
[1m[96m============================================================[0m
[1mSYSTEM MONITOR V2[0m | Time: 2026-09-28 14:46:56
[96m------------------------------------------------------------[0m
[1m[ CPU ][0m Used: [92m5.0%[0m | Free: 95.0%
        [93mTop 5 (Logged 10):[0m chrome (3.37%)
[96m------------------------------------------------------------[0m
[1m[ RAM ][0m Used: [92m7.0 GB (47.2%)[0m | Available: 7.84 GB | Total: 14.84 GB
[1m[ SWAP ][0m Used: 0.0 GB (0.0%) | Free: 4.0 GB | Total: 4.0 GB
        [93mTop 5 RAM Processes (Logged 10):[0m
          1. chrome (PID 7552) - 927.58 MB (6.1%)
          2. code (PID 76013) - 559.63 MB (3.68%)
          3. chrome (PID 6787) - 546.85 MB (3.6%)
          4. gnome-shell (PID 4411) - 441.34 MB (2.9%)
          5. code (PID 76195) - 382.92 MB (2.52%)
[96m------------------------------------------------------------[0m
[1m[ DISK ][0m Used: [92m20.92 GB (2.28%)[0m | Free: 894.91 GB | Total: 915.83 GB
         [93mI/O:[0m Read 0.0 MB/s | Write 0.14 MB/s | Activity: 0.96%
[96m------------------------------------------------------------[0m
[1m[ NET ][0m Upload: 0.0 MB/s | Download: 0.0 MB/s
[96m------------------------------------------------------------[0m
[1m[ BATTERY ][0m [92m98.19%[0m (Charging/Plugged in)
[1m[96m============================================================[0m
[1m[92mData logged to 2026_logs/2026-09-28.jsonl... (Press Ctrl+C to stop)[0m
[1m[96m============================================================[0m
[1mSYSTEM MONITOR V2[0m | Time: 2026-09-28 14:47:02
[96m------------------------------------------------------------[0m
[1m[ CPU ][0m Used: [92m4.9%[0m | Free: 95.1%
        [93mTop 5 (Logged 10):[0m chrome (3.02%)
[96m------------------------------------------------------------[0m
[1m[ RAM ][0m Used: [92m6.9 GB (46.5%)[0m | Available: 7.94 GB | Total: 14.84 GB
[1m[ SWAP ][0m Used: 0.0 GB (0.0%) | Free: 4.0 GB | Total: 4.0 GB
        [93mTop 5 RAM Processes (Logged 10):[0m
          1. chrome (PID 7552) - 936.91 MB (6.16%)
          2. chrome (PID 6787) - 546.78 MB (3.6%)
          3. code (PID 76013) - 509.07 MB (3.35%)
          4. gnome-shell (PID 4411) - 441.34 MB (2.9%)
          5. code (PID 76195) - 383.64 MB (2.52%)
[96m------------------------------------------------------------[0m
[1m[ DISK ][0m Used: [92m20.92 GB (2.28%)[0m | Free: 894.91 GB | Total: 915.83 GB
         [93mI/O:[0m Read 0.0 MB/s | Write 0.01 MB/s | Activity: 0.98%
[96m------------------------------------------------------------[0m
[1m[ NET ][0m Upload: 0.0 MB/s | Download: 0.0 MB/s
[96m------------------------------------------------------------[0m
[1m[ BATTERY ][0m [92m98.19%[0m (Charging/Plugged in)
[1m[96m============================================================[0m
[1m[92mData logged to 2026_logs/2026-09-28.jsonl... (Press Ctrl+C to stop)[0m
[1m[96m============================================================[0m
[1mSYSTEM MONITOR V2[0m | Time: 2026-09-28 14:47:07
[96m------------------------------------------------------------[0m
[1m[ CPU ][0m Used: [92m9.4%[0m | Free: 90.6%
        [93mTop 5 (Logged 10):[0m chrome (2.68%)
[96m------------------------------------------------------------[0m
[1m[ RAM ][0m Used: [92m6.66 GB (44.9%)[0m | Available: 8.18 GB | Total: 14.84 GB
[1m[ SWAP ][0m Used: 0.0 GB (0.0%) | Free: 4.0 GB | Total: 4.0 GB
        [93mTop 5 RAM Processes (Logged 10):[0m
          1. chrome (PID 7552) - 946.47 MB (6.23%)
          2. chrome (PID 6787) - 549.77 MB (3.62%)
          3. gnome-shell (PID 4411) - 441.39 MB (2.9%)
          4. chrome (PID 43899) - 371.3 MB (2.44%)
          5. code (PID 76013) - 367.32 MB (2.42%)
[96m------------------------------------------------------------[0m
[1m[ DISK ][0m Used: [92m20.92 GB (2.28%)[0m | Free: 894.91 GB | Total: 915.83 GB
         [93mI/O:[0m Read 0.0 MB/s | Write 1.18 MB/s | Activity: 1.22%
[96m------------------------------------------------------------[0m
[1m[ NET ][0m Upload: 0.01 MB/s | Download: 0.01 MB/s
[96m------------------------------------------------------------[0m
[1m[ BATTERY ][0m [92m98.19%[0m (Charging/Plugged in)
[1m[96m============================================================[0m
[1m[92mData logged to 2026_logs/2026-09-28.jsonl... (Press Ctrl+C to stop)[0m
[1m[96m============================================================[0m
[1mSYSTEM MONITOR V2[0m | Time: 2026-09-28 14:47:12
[96m------------------------------------------------------------[0m
[1m[ CPU ][0m Used: [92m6.3%[0m | Free: 93.7%
        [93mTop 5 (Logged 10):[0m code (2.68%)
[96m------------------------------------------------------------[0m
[1m[ RAM ][0m Used: [92m6.7 GB (45.1%)[0m | Available: 8.14 GB | Total: 14.84 GB
[1m[ SWAP ][0m Used: 0.0 GB (0.0%) | Free: 4.0 GB | Total: 4.0 GB
        [93mTop 5 RAM Processes (Logged 10):[0m
          1. chrome (PID 7552) - 945.16 MB (6.22%)
          2. chrome (PID 6787) - 547.64 MB (3.6%)
          3. gnome-shell (PID 4411) - 441.48 MB (2.9%)
          4. code (PID 76013) - 397.9 MB (2.62%)
          5. chrome (PID 43899) - 371.3 MB (2.44%)
[96m------------------------------------------------------------[0m
[1m[ DISK ][0m Used: [92m20.92 GB (2.28%)[0m | Free: 894.91 GB | Total: 915.83 GB
         [93mI/O:[0m Read 0.0 MB/s | Write 0.05 MB/s | Activity: 0.23%
[96m------------------------------------------------------------[0m
[1m[ NET ][0m Upload: 0.0 MB/s | Download: 0.0 MB/s
[96m------------------------------------------------------------[0m
[1m[ BATTERY ][0m [92m98.19%[0m (Charging/Plugged in)
[1m[96m============================================================[0m
[1m[92mData logged to 2026_logs/2026-09-28.jsonl... (Press Ctrl+C to stop)[0m
[1m[96m============================================================[0m
[1mSYSTEM MONITOR V2[0m | Time: 2026-09-28 14:47:17
[96m------------------------------------------------------------[0m
[1m[ CPU ][0m Used: [92m7.0%[0m | Free: 93.0%
        [93mTop 5 (Logged 10):[0m code (2.71%)
[96m------------------------------------------------------------[0m
[1m[ RAM ][0m Used: [92m6.75 GB (45.5%)[0m | Available: 8.09 GB | Total: 14.84 GB
[1m[ SWAP ][0m Used: 0.0 GB (0.0%) | Free: 4.0 GB | Total: 4.0 GB
        [93mTop 5 RAM Processes (Logged 10):[0m
          1. chrome (PID 7552) - 949.46 MB (6.25%)
          2. chrome (PID 6787) - 547.02 MB (3.6%)
          3. code (PID 76013) - 444.26 MB (2.92%)
          4. gnome-shell (PID 4411) - 441.31 MB (2.9%)
          5. chrome (PID 43899) - 375.34 MB (2.47%)
[96m------------------------------------------------------------[0m
[1m[ DISK ][0m Used: [92m20.92 GB (2.28%)[0m | Free: 894.91 GB | Total: 915.83 GB
         [93mI/O:[0m Read 0.0 MB/s | Write 0.12 MB/s | Activity: 1.04%
[96m------------------------------------------------------------[0m
[1m[ NET ][0m Upload: 0.0 MB/s | Download: 0.0 MB/s
[96m------------------------------------------------------------[0m
[1m[ BATTERY ][0m [92m98.19%[0m (Charging/Plugged in)
[1m[96m============================================================[0m
[1m[92mData logged to 2026_logs/2026-09-28.jsonl... (Press Ctrl+C to stop)[0m
[1m[96m============================================================[0m
[1mSYSTEM MONITOR V2[0m | Time: 2026-09-28 14:47:22
[96m------------------------------------------------------------[0m
[1m[ CPU ][0m Used: [92m6.2%[0m | Free: 93.8%
        [93mTop 5 (Logged 10):[0m code (2.63%)
[96m------------------------------------------------------------[0m
[1m[ RAM ][0m Used: [92m6.83 GB (46.0%)[0m | Available: 8.02 GB | Total: 14.84 GB
[1m[ SWAP ][0m Used: 0.0 GB (0.0%) | Free: 4.0 GB | Total: 4.0 GB
        [93mTop 5 RAM Processes (Logged 10):[0m
          1. chrome (PID 7552) - 949.44 MB (6.25%)
          2. chrome (PID 6787) - 547.66 MB (3.6%)
          3. code (PID 76013) - 503.69 MB (3.31%)
          4. gnome-shell (PID 4411) - 441.36 MB (2.9%)
          5. chrome (PID 43899) - 375.34 MB (2.47%)
[96m------------------------------------------------------------[0m
[1m[ DISK ][0m Used: [92m20.92 GB (2.28%)[0m | Free: 894.91 GB | Total: 915.83 GB
         [93mI/O:[0m Read 0.0 MB/s | Write 0.46 MB/s | Activity: 1.04%
[96m------------------------------------------------------------[0m
[1m[ NET ][0m Upload: 0.0 MB/s | Download: 0.01 MB/s
[96m------------------------------------------------------------[0m
[1m[ BATTERY ][0m [92m98.19%[0m (Charging/Plugged in)
[1m[96m============================================================[0m
[1m[92mData logged to 2026_logs/2026-09-28.jsonl... (Press Ctrl+C to stop)[0m
[1m[96m============================================================[0m
[1mSYSTEM MONITOR V2[0m | Time: 2026-09-28 14:47:27
[96m------------------------------------------------------------[0m
[1m[ CPU ][0m Used: [92m6.6%[0m | Free: 93.4%
        [93mTop 5 (Logged 10):[0m code (3.23%)
[96m------------------------------------------------------------[0m
[1m[ RAM ][0m Used: [92m6.83 GB (46.0%)[0m | Available: 8.01 GB | Total: 14.84 GB
[1m[ SWAP ][0m Used: 0.0 GB (0.0%) | Free: 4.0 GB | Total: 4.0 GB
        [93mTop 5 RAM Processes (Logged 10):[0m
          1. chrome (PID 7552) - 937.17 MB (6.17%)
          2. chrome (PID 6787) - 547.14 MB (3.6%)
          3. code (PID 76013) - 523.69 MB (3.45%)
          4. gnome-shell (PID 4411) - 441.36 MB (2.9%)
          5. chrome (PID 43899) - 373.97 MB (2.46%)
[96m------------------------------------------------------------[0m
[1m[ DISK ][0m Used: [92m20.92 GB (2.28%)[0m | Free: 894.91 GB | Total: 915.83 GB
         [93mI/O:[0m Read 0.0 MB/s | Write 0.06 MB/s | Activity: 1.53%
[96m------------------------------------------------------------[0m
[1m[ NET ][0m Upload: 0.0 MB/s | Download: 0.0 MB/s
[96m------------------------------------------------------------[0m
[1m[ BATTERY ][0m [92m98.19%[0m (Charging/Plugged in)
[1m[96m============================================================[0m
[1m[92mData logged to 2026_logs/2026-09-28.jsonl... (Press Ctrl+C to stop)[0m
[1m[96m============================================================[0m
[1mSYSTEM MONITOR V2[0m | Time: 2026-09-28 14:47:32
[96m------------------------------------------------------------[0m
[1m[ CPU ][0m Used: [92m3.9%[0m | Free: 96.1%
[96m------------------------------------------------------------[0m
[1m[ RAM ][0m Used: [92m6.83 GB (46.0%)[0m | Available: 8.01 GB | Total: 14.84 GB
[1m[ SWAP ][0m Used: 0.0 GB (0.0%) | Free: 4.0 GB | Total: 4.0 GB
        [93mTop 5 RAM Processes (Logged 10):[0m
          1. chrome (PID 7552) - 937.17 MB (6.17%)
          2. chrome (PID 6787) - 547.46 MB (3.6%)
          3. code (PID 76013) - 529.38 MB (3.48%)
          4. gnome-shell (PID 4411) - 441.3 MB (2.9%)
          5. chrome (PID 43899) - 373.97 MB (2.46%)
[96m------------------------------------------------------------[0m
[1m[ DISK ][0m Used: [92m20.92 GB (2.28%)[0m | Free: 894.91 GB | Total: 915.83 GB
         [93mI/O:[0m Read 0.0 MB/s | Write 0.12 MB/s | Activity: 0.92%
[96m------------------------------------------------------------[0m
[1m[ NET ][0m Upload: 0.0 MB/s | Download: 0.0 MB/s
[96m------------------------------------------------------------[0m
[1m[ BATTERY ][0m [92m98.19%[0m (Charging/Plugged in)
[1m[96m============================================================[0m
[1m[92mData logged to 2026_logs/2026-09-28.jsonl... (Press Ctrl+C to stop)[0m
[1m[96m============================================================[0m
[1mSYSTEM MONITOR V2[0m | Time: 2026-09-28 14:47:37
[96m------------------------------------------------------------[0m
[1m[ CPU ][0m Used: [92m2.3%[0m | Free: 97.7%
[96m------------------------------------------------------------[0m
[1m[ RAM ][0m Used: [92m6.77 GB (45.6%)[0m | Available: 8.08 GB | Total: 14.84 GB
[1m[ SWAP ][0m Used: 0.0 GB (0.0%) | Free: 4.0 GB | Total: 4.0 GB
        [93mTop 5 RAM Processes (Logged 10):[0m
          1. chrome (PID 7552) - 940.07 MB (6.18%)
          2. chrome (PID 6787) - 546.67 MB (3.6%)
          3. code (PID 76013) - 507.7 MB (3.34%)
          4. gnome-shell (PID 4411) - 441.3 MB (2.9%)
          5. chrome (PID 43899) - 373.97 MB (2.46%)
[96m------------------------------------------------------------[0m
[1m[ DISK ][0m Used: [92m20.92 GB (2.28%)[0m | Free: 894.91 GB | Total: 915.83 GB
         [93mI/O:[0m Read 0.0 MB/s | Write 0.04 MB/s | Activity: 1.02%
[96m------------------------------------------------------------[0m
[1m[ NET ][0m Upload: 0.0 MB/s | Download: 0.0 MB/s
[96m------------------------------------------------------------[0m
[1m[ BATTERY ][0m [92m98.19%[0m (Charging/Plugged in)
[1m[96m============================================================[0m
[1m[92mData logged to 2026_logs/2026-09-28.jsonl... (Press Ctrl+C to stop)[0m
[1m[96m============================================================[0m
[1mSYSTEM MONITOR V2[0m | Time: 2026-09-28 14:47:42
[96m------------------------------------------------------------[0m
[1m[ CPU ][0m Used: [92m2.1%[0m | Free: 97.9%
[96m------------------------------------------------------------[0m
[1m[ RAM ][0m Used: [92m6.64 GB (44.7%)[0m | Available: 8.21 GB | Total: 14.84 GB
[1m[ SWAP ][0m Used: 0.0 GB (0.0%) | Free: 4.0 GB | Total: 4.0 GB
        [93mTop 5 RAM Processes (Logged 10):[0m
          1. chrome (PID 7552) - 940.07 MB (6.18%)
          2. chrome (PID 6787) - 546.67 MB (3.6%)
          3. gnome-shell (PID 4411) - 441.3 MB (2.9%)
          4. chrome (PID 43899) - 373.97 MB (2.46%)
          5. code (PID 76013) - 362.46 MB (2.38%)
[96m------------------------------------------------------------[0m
[1m[ DISK ][0m Used: [92m20.92 GB (2.28%)[0m | Free: 894.91 GB | Total: 915.83 GB
         [93mI/O:[0m Read 0.0 MB/s | Write 1.1 MB/s | Activity: 0.98%
[96m------------------------------------------------------------[0m
[1m[ NET ][0m Upload: 0.0 MB/s | Download: 0.0 MB/s
[96m------------------------------------------------------------[0m
[1m[ BATTERY ][0m [92m98.19%[0m (Charging/Plugged in)
[1m[96m============================================================[0m
[1m[92mData logged to 2026_logs/2026-09-28.jsonl... (Press Ctrl+C to stop)[0m
[1m[96m============================================================[0m
[1mSYSTEM MONITOR V2[0m | Time: 2026-09-28 14:47:48
[96m------------------------------------------------------------[0m
[1m[ CPU ][0m Used: [92m1.6%[0m | Free: 98.4%
[96m------------------------------------------------------------[0m
[1m[ RAM ][0m Used: [92m6.61 GB (44.6%)[0m | Available: 8.23 GB | Total: 14.84 GB
[1m[ SWAP ][0m Used: 0.0 GB (0.0%) | Free: 4.0 GB | Total: 4.0 GB
        [93mTop 5 RAM Processes (Logged 10):[0m
          1. chrome (PID 7552) - 933.72 MB (6.14%)
          2. chrome (PID 6787) - 547.05 MB (3.6%)
          3. gnome-shell (PID 4411) - 441.3 MB (2.9%)
          4. chrome (PID 43899) - 369.49 MB (2.43%)
          5. code (PID 76013) - 362.96 MB (2.39%)
[96m------------------------------------------------------------[0m
[1m[ DISK ][0m Used: [92m20.92 GB (2.28%)[0m | Free: 894.91 GB | Total: 915.83 GB
         [93mI/O:[0m Read 0.0 MB/s | Write 0.02 MB/s | Activity: 0.86%
[96m------------------------------------------------------------[0m
[1m[ NET ][0m Upload: 0.0 MB/s | Download: 0.0 MB/s
[96m------------------------------------------------------------[0m
[1m[ BATTERY ][0m [92m98.19%[0m (Charging/Plugged in)
[1m[96m============================================================[0m
[1m[92mData logged to 2026_logs/2026-09-28.jsonl... (Press Ctrl+C to stop)[0m
[1m[96m============================================================[0m
[1mSYSTEM MONITOR V2[0m | Time: 2026-09-28 14:47:53
[96m------------------------------------------------------------[0m
[1m[ CPU ][0m Used: [92m1.6%[0m | Free: 98.4%
[96m------------------------------------------------------------[0m
[1m[ RAM ][0m Used: [92m6.61 GB (44.5%)[0m | Available: 8.23 GB | Total: 14.84 GB
[1m[ SWAP ][0m Used: 0.0 GB (0.0%) | Free: 4.0 GB | Total: 4.0 GB
        [93mTop 5 RAM Processes (Logged 10):[0m
          1. chrome (PID 7552) - 933.72 MB (6.14%)
          2. chrome (PID 6787) - 546.48 MB (3.6%)
          3. gnome-shell (PID 4411) - 441.3 MB (2.9%)
          4. chrome (PID 43899) - 369.49 MB (2.43%)
          5. code (PID 76013) - 368.61 MB (2.43%)
[96m------------------------------------------------------------[0m
[1m[ DISK ][0m Used: [92m20.92 GB (2.28%)[0m | Free: 894.91 GB | Total: 915.83 GB
         [93mI/O:[0m Read 0.0 MB/s | Write 0.51 MB/s | Activity: 1.12%
[96m------------------------------------------------------------[0m
[1m[ NET ][0m Upload: 0.0 MB/s | Download: 0.0 MB/s
[96m------------------------------------------------------------[0m
[1m[ BATTERY ][0m [92m98.19%[0m (Charging/Plugged in)
[1m[96m============================================================[0m
[1m[92mData logged to 2026_logs/2026-09-28.jsonl... (Press Ctrl+C to stop)[0m
[1m[96m============================================================[0m
[1mSYSTEM MONITOR V2[0m | Time: 2026-09-28 14:47:58
[96m------------------------------------------------------------[0m
[1m[ CPU ][0m Used: [92m1.4%[0m | Free: 98.6%
[96m------------------------------------------------------------[0m
[1m[ RAM ][0m Used: [92m6.61 GB (44.5%)[0m | Available: 8.23 GB | Total: 14.84 GB
[1m[ SWAP ][0m Used: 0.0 GB (0.0%) | Free: 4.0 GB | Total: 4.0 GB
        [93mTop 5 RAM Processes (Logged 10):[0m
          1. chrome (PID 7552) - 929.24 MB (6.11%)
          2. chrome (PID 6787) - 546.93 MB (3.6%)
          3. gnome-shell (PID 4411) - 441.3 MB (2.9%)
          4. code (PID 76013) - 373.53 MB (2.46%)
          5. chrome (PID 43899) - 368.05 MB (2.42%)
[96m------------------------------------------------------------[0m
[1m[ DISK ][0m Used: [92m20.92 GB (2.28%)[0m | Free: 894.91 GB | Total: 915.83 GB
         [93mI/O:[0m Read 0.0 MB/s | Write 0.04 MB/s | Activity: 0.9%
[96m------------------------------------------------------------[0m
[1m[ NET ][0m Upload: 0.0 MB/s | Download: 0.0 MB/s
[96m------------------------------------------------------------[0m
[1m[ BATTERY ][0m [92m98.19%[0m (Charging/Plugged in)
[1m[96m============================================================[0m
[1m[92mData logged to 2026_logs/2026-09-28.jsonl... (Press Ctrl+C to stop)[0m
[1m[96m============================================================[0m
[1mSYSTEM MONITOR V2[0m | Time: 2026-09-28 14:48:03
[96m------------------------------------------------------------[0m
[1m[ CPU ][0m Used: [92m1.8%[0m | Free: 98.2%
[96m------------------------------------------------------------[0m
[1m[ RAM ][0m Used: [92m6.6 GB (44.4%)[0m | Available: 8.25 GB | Total: 14.84 GB
[1m[ SWAP ][0m Used: 0.0 GB (0.0%) | Free: 4.0 GB | Total: 4.0 GB
        [93mTop 5 RAM Processes (Logged 10):[0m
          1. chrome (PID 7552) - 927.25 MB (6.1%)
          2. chrome (PID 6787) - 546.71 MB (3.6%)
          3. gnome-shell (PID 4411) - 441.35 MB (2.9%)
          4. chrome (PID 43899) - 368.05 MB (2.42%)
          5. code (PID 76013) - 363.6 MB (2.39%)
[96m------------------------------------------------------------[0m
[1m[ DISK ][0m Used: [92m20.92 GB (2.28%)[0m | Free: 894.91 GB | Total: 915.83 GB
         [93mI/O:[0m Read 0.0 MB/s | Write 0.04 MB/s | Activity: 0.86%
[96m------------------------------------------------------------[0m
[1m[ NET ][0m Upload: 0.0 MB/s | Download: 0.0 MB/s
[96m------------------------------------------------------------[0m
[1m[ BATTERY ][0m [92m98.19%[0m (Charging/Plugged in)
[1m[96m============================================================[0m
[1m[92mData logged to 2026_logs/2026-09-28.jsonl... (Press Ctrl+C to stop)[0m
[1m[96m============================================================[0m
[1mSYSTEM MONITOR V2[0m | Time: 2026-09-28 14:48:08
[96m------------------------------------------------------------[0m
[1m[ CPU ][0m Used: [92m1.4%[0m | Free: 98.6%
[96m------------------------------------------------------------[0m
[1m[ RAM ][0m Used: [92m6.6 GB (44.5%)[0m | Available: 8.24 GB | Total: 14.84 GB
[1m[ SWAP ][0m Used: 0.0 GB (0.0%) | Free: 4.0 GB | Total: 4.0 GB
        [93mTop 5 RAM Processes (Logged 10):[0m
          1. chrome (PID 7552) - 927.26 MB (6.1%)
          2. chrome (PID 6787) - 546.64 MB (3.6%)
          3. gnome-shell (PID 4411) - 441.36 MB (2.9%)
          4. chrome (PID 43899) - 368.05 MB (2.42%)
          5. code (PID 76013) - 366.64 MB (2.41%)
[96m------------------------------------------------------------[0m
[1m[ DISK ][0m Used: [92m20.92 GB (2.28%)[0m | Free: 894.91 GB | Total: 915.83 GB
         [93mI/O:[0m Read 0.0 MB/s | Write 0.0 MB/s | Activity: 0.0%
[96m------------------------------------------------------------[0m
[1m[ NET ][0m Upload: 0.0 MB/s | Download: 0.0 MB/s
[96m------------------------------------------------------------[0m
[1m[ BATTERY ][0m [92m98.19%[0m (Charging/Plugged in)
[1m[96m============================================================[0m
[1m[92mData logged to 2026_logs/2026-09-28.jsonl... (Press Ctrl+C to stop)[0m
[1m[96m============================================================[0m
[1mSYSTEM MONITOR V2[0m | Time: 2026-09-28 14:48:13
[96m------------------------------------------------------------[0m
[1m[ CPU ][0m Used: [92m1.3%[0m | Free: 98.7%
[96m------------------------------------------------------------[0m
[1m[ RAM ][0m Used: [92m6.6 GB (44.4%)[0m | Available: 8.25 GB | Total: 14.84 GB
[1m[ SWAP ][0m Used: 0.0 GB (0.0%) | Free: 4.0 GB | Total: 4.0 GB
        [93mTop 5 RAM Processes (Logged 10):[0m
          1. chrome (PID 7552) - 927.26 MB (6.1%)
          2. chrome (PID 6787) - 546.59 MB (3.6%)
          3. gnome-shell (PID 4411) - 441.29 MB (2.9%)
          4. code (PID 76013) - 370.12 MB (2.44%)
          5. chrome (PID 43899) - 368.05 MB (2.42%)
[96m------------------------------------------------------------[0m
[1m[ DISK ][0m Used: [92m20.92 GB (2.28%)[0m | Free: 894.91 GB | Total: 915.83 GB
         [93mI/O:[0m Read 0.0 MB/s | Write 1.05 MB/s | Activity: 1.76%
[96m------------------------------------------------------------[0m
[1m[ NET ][0m Upload: 0.0 MB/s | Download: 0.0 MB/s
[96m------------------------------------------------------------[0m
[1m[ BATTERY ][0m [92m98.19%[0m (Charging/Plugged in)
[1m[96m============================================================[0m
[1m[92mData logged to 2026_logs/2026-09-28.jsonl... (Press Ctrl+C to stop)[0m
[1m[96m============================================================[0m
[1mSYSTEM MONITOR V2[0m | Time: 2026-09-28 14:48:18
[96m------------------------------------------------------------[0m
[1m[ CPU ][0m Used: [92m2.5%[0m | Free: 97.5%
[96m------------------------------------------------------------[0m
[1m[ RAM ][0m Used: [92m6.62 GB (44.6%)[0m | Available: 8.22 GB | Total: 14.84 GB
[1m[ SWAP ][0m Used: 0.0 GB (0.0%) | Free: 4.0 GB | Total: 4.0 GB
        [93mTop 5 RAM Processes (Logged 10):[0m
          1. chrome (PID 7552) - 926.27 MB (6.09%)
          2. chrome (PID 6787) - 546.7 MB (3.6%)
          3. gnome-shell (PID 4411) - 441.34 MB (2.9%)
          4. chrome (PID 43899) - 378.89 MB (2.49%)
          5. chrome (PID 7286) - 368.53 MB (2.42%)
[96m------------------------------------------------------------[0m
[1m[ DISK ][0m Used: [92m20.92 GB (2.28%)[0m | Free: 894.91 GB | Total: 915.83 GB
         [93mI/O:[0m Read 0.0 MB/s | Write 0.04 MB/s | Activity: 1.73%
[96m------------------------------------------------------------[0m
[1m[ NET ][0m Upload: 0.01 MB/s | Download: 0.02 MB/s
[96m------------------------------------------------------------[0m
[1m[ BATTERY ][0m [92m98.19%[0m (Charging/Plugged in)
[1m[96m============================================================[0m
[1m[92mData logged to 2026_logs/2026-09-28.jsonl... (Press Ctrl+C to stop)[0m
[1m[96m============================================================[0m
[1mSYSTEM MONITOR V2[0m | Time: 2026-09-28 14:48:23
[96m------------------------------------------------------------[0m
[1m[ CPU ][0m Used: [92m4.5%[0m | Free: 95.5%
[96m------------------------------------------------------------[0m
[1m[ RAM ][0m Used: [92m6.64 GB (44.8%)[0m | Available: 8.2 GB | Total: 14.84 GB
[1m[ SWAP ][0m Used: 0.0 GB (0.0%) | Free: 4.0 GB | Total: 4.0 GB
        [93mTop 5 RAM Processes (Logged 10):[0m
          1. chrome (PID 7552) - 926.27 MB (6.09%)
          2. chrome (PID 6787) - 546.58 MB (3.6%)
          3. gnome-shell (PID 4411) - 441.34 MB (2.9%)
          4. chrome (PID 43899) - 378.88 MB (2.49%)
          5. code (PID 76013) - 373.57 MB (2.46%)
[96m------------------------------------------------------------[0m
[1m[ DISK ][0m Used: [92m20.92 GB (2.28%)[0m | Free: 894.91 GB | Total: 915.83 GB
         [93mI/O:[0m Read 0.0 MB/s | Write 0.39 MB/s | Activity: 0.28%
[96m------------------------------------------------------------[0m
[1m[ NET ][0m Upload: 0.0 MB/s | Download: 0.0 MB/s
[96m------------------------------------------------------------[0m
[1m[ BATTERY ][0m [92m98.19%[0m (Charging/Plugged in)
[1m[96m============================================================[0m
[1m[92mData logged to 2026_logs/2026-09-28.jsonl... (Press Ctrl+C to stop)[0m
[1m[96m============================================================[0m
[1mSYSTEM MONITOR V2[0m | Time: 2026-09-28 14:48:28
[96m------------------------------------------------------------[0m
[1m[ CPU ][0m Used: [92m1.7%[0m | Free: 98.3%
[96m------------------------------------------------------------[0m
[1m[ RAM ][0m Used: [92m6.63 GB (44.6%)[0m | Available: 8.22 GB | Total: 14.84 GB
[1m[ SWAP ][0m Used: 0.0 GB (0.0%) | Free: 4.0 GB | Total: 4.0 GB
        [93mTop 5 RAM Processes (Logged 10):[0m
          1. chrome (PID 7552) - 926.27 MB (6.09%)
          2. chrome (PID 6787) - 546.55 MB (3.6%)
          3. gnome-shell (PID 4411) - 441.27 MB (2.9%)
          4. code (PID 76013) - 379.7 MB (2.5%)
          5. chrome (PID 43899) - 378.88 MB (2.49%)
[96m------------------------------------------------------------[0m
[1m[ DISK ][0m Used: [92m20.92 GB (2.28%)[0m | Free: 894.91 GB | Total: 915.83 GB
         [93mI/O:[0m Read 0.0 MB/s | Write 0.02 MB/s | Activity: 0.86%
[96m------------------------------------------------------------[0m
[1m[ NET ][0m Upload: 0.0 MB/s | Download: 0.0 MB/s
[96m------------------------------------------------------------[0m
[1m[ BATTERY ][0m [92m98.19%[0m (Charging/Plugged in)
[1m[96m============================================================[0m
[1m[92mData logged to 2026_logs/2026-09-28.jsonl... (Press Ctrl+C to stop)[0m
[1m[96m============================================================[0m
[1mSYSTEM MONITOR V2[0m | Time: 2026-09-28 14:48:33
[96m------------------------------------------------------------[0m
[1m[ CPU ][0m Used: [92m2.2%[0m | Free: 97.8%
[96m------------------------------------------------------------[0m
[1m[ RAM ][0m Used: [92m6.62 GB (44.6%)[0m | Available: 8.22 GB | Total: 14.84 GB
[1m[ SWAP ][0m Used: 0.0 GB (0.0%) | Free: 4.0 GB | Total: 4.0 GB
        [93mTop 5 RAM Processes (Logged 10):[0m
          1. chrome (PID 7552) - 931.55 MB (6.13%)
          2. chrome (PID 6787) - 546.72 MB (3.6%)
          3. gnome-shell (PID 4411) - 441.3 MB (2.9%)
          4. chrome (PID 43899) - 378.95 MB (2.49%)
          5. code (PID 76013) - 376.39 MB (2.48%)
[96m------------------------------------------------------------[0m
[1m[ DISK ][0m Used: [92m20.92 GB (2.28%)[0m | Free: 894.91 GB | Total: 915.83 GB
         [93mI/O:[0m Read 0.0 MB/s | Write 0.05 MB/s | Activity: 0.86%
[96m------------------------------------------------------------[0m
[1m[ NET ][0m Upload: 0.0 MB/s | Download: 0.0 MB/s
[96m------------------------------------------------------------[0m
[1m[ BATTERY ][0m [92m98.19%[0m (Charging/Plugged in)
[1m[96m============================================================[0m
[1m[92mData logged to 2026_logs/2026-09-28.jsonl... (Press Ctrl+C to stop)[0m
[1m[96m============================================================[0m
[1mSYSTEM MONITOR V2[0m | Time: 2026-09-28 14:48:38
[96m------------------------------------------------------------[0m
[1m[ CPU ][0m Used: [92m1.8%[0m | Free: 98.2%
[96m------------------------------------------------------------[0m
[1m[ RAM ][0m Used: [92m6.62 GB (44.6%)[0m | Available: 8.22 GB | Total: 14.84 GB
[1m[ SWAP ][0m Used: 0.0 GB (0.0%) | Free: 4.0 GB | Total: 4.0 GB
        [93mTop 5 RAM Processes (Logged 10):[0m
          1. chrome (PID 7552) - 931.56 MB (6.13%)
          2. chrome (PID 6787) - 546.63 MB (3.6%)
          3. gnome-shell (PID 4411) - 441.2 MB (2.9%)
          4. chrome (PID 43899) - 380.42 MB (2.5%)
          5. code (PID 76013) - 379.37 MB (2.5%)
[96m------------------------------------------------------------[0m
[1m[ DISK ][0m Used: [92m20.92 GB (2.28%)[0m | Free: 894.91 GB | Total: 915.83 GB
         [93mI/O:[0m Read 0.0 MB/s | Write 0.01 MB/s | Activity: 0.06%
[96m------------------------------------------------------------[0m
[1m[ NET ][0m Upload: 0.0 MB/s | Download: 0.0 MB/s
[96m------------------------------------------------------------[0m
[1m[ BATTERY ][0m [92m98.19%[0m (Charging/Plugged in)
[1m[96m============================================================[0m
[1m[92mData logged to 2026_logs/2026-09-28.jsonl... (Press Ctrl+C to stop)[0m
[1m[96m============================================================[0m
[1mSYSTEM MONITOR V2[0m | Time: 2026-09-28 14:48:44
[96m------------------------------------------------------------[0m
[1m[ CPU ][0m Used: [92m1.9%[0m | Free: 98.1%
[96m------------------------------------------------------------[0m
[1m[ RAM ][0m Used: [92m6.63 GB (44.7%)[0m | Available: 8.21 GB | Total: 14.84 GB
[1m[ SWAP ][0m Used: 0.0 GB (0.0%) | Free: 4.0 GB | Total: 4.0 GB
        [93mTop 5 RAM Processes (Logged 10):[0m
          1. chrome (PID 7552) - 931.56 MB (6.13%)
          2. chrome (PID 6787) - 546.62 MB (3.6%)
          3. gnome-shell (PID 4411) - 441.25 MB (2.9%)
          4. code (PID 76013) - 388.07 MB (2.55%)
          5. chrome (PID 43899) - 380.42 MB (2.5%)
[96m------------------------------------------------------------[0m
[1m[ DISK ][0m Used: [92m20.92 GB (2.28%)[0m | Free: 894.91 GB | Total: 915.83 GB
         [93mI/O:[0m Read 0.0 MB/s | Write 0.02 MB/s | Activity: 1.76%
[96m------------------------------------------------------------[0m
[1m[ NET ][0m Upload: 0.0 MB/s | Download: 0.0 MB/s
[96m------------------------------------------------------------[0m
[1m[ BATTERY ][0m [92m98.19%[0m (Charging/Plugged in)
[1m[96m============================================================[0m
[1m[92mData logged to 2026_logs/2026-09-28.jsonl... (Press Ctrl+C to stop)[0m
[1m[96m============================================================[0m
[1mSYSTEM MONITOR V2[0m | Time: 2026-09-28 14:48:49
[96m------------------------------------------------------------[0m
[1m[ CPU ][0m Used: [92m5.5%[0m | Free: 94.5%
        [93mTop 5 (Logged 10):[0m code (2.3%)
[96m------------------------------------------------------------[0m
[1m[ RAM ][0m Used: [92m6.64 GB (44.7%)[0m | Available: 8.2 GB | Total: 14.84 GB
[1m[ SWAP ][0m Used: 0.0 GB (0.0%) | Free: 4.0 GB | Total: 4.0 GB
        [93mTop 5 RAM Processes (Logged 10):[0m
          1. chrome (PID 7552) - 928.71 MB (6.11%)
          2. chrome (PID 6787) - 546.69 MB (3.6%)
          3. gnome-shell (PID 4411) - 441.25 MB (2.9%)
          4. code (PID 76013) - 395.83 MB (2.6%)
          5. chrome (PID 43899) - 373.16 MB (2.46%)
[96m------------------------------------------------------------[0m
[1m[ DISK ][0m Used: [92m20.92 GB (2.28%)[0m | Free: 894.91 GB | Total: 915.83 GB
         [93mI/O:[0m Read 0.0 MB/s | Write 0.96 MB/s | Activity: 0.96%
[96m------------------------------------------------------------[0m
[1m[ NET ][0m Upload: 0.0 MB/s | Download: 0.0 MB/s
[96m------------------------------------------------------------[0m
[1m[ BATTERY ][0m [92m98.19%[0m (Charging/Plugged in)
[1m[96m============================================================[0m
[1m[92mData logged to 2026_logs/2026-09-28.jsonl... (Press Ctrl+C to stop)[0m
[1m[96m============================================================[0m
[1mSYSTEM MONITOR V2[0m | Time: 2026-09-28 14:48:54
[96m------------------------------------------------------------[0m
[1m[ CPU ][0m Used: [92m2.2%[0m | Free: 97.8%
[96m------------------------------------------------------------[0m
[1m[ RAM ][0m Used: [92m6.61 GB (44.6%)[0m | Available: 8.23 GB | Total: 14.84 GB
[1m[ SWAP ][0m Used: 0.0 GB (0.0%) | Free: 4.0 GB | Total: 4.0 GB
        [93mTop 5 RAM Processes (Logged 10):[0m
          1. chrome (PID 7552) - 928.71 MB (6.11%)
          2. chrome (PID 6787) - 546.48 MB (3.6%)
          3. gnome-shell (PID 4411) - 441.25 MB (2.9%)
          4. code (PID 76013) - 389.05 MB (2.56%)
          5. chrome (PID 43899) - 371.73 MB (2.45%)
[96m------------------------------------------------------------[0m
[1m[ DISK ][0m Used: [92m20.92 GB (2.28%)[0m | Free: 894.91 GB | Total: 915.83 GB
         [93mI/O:[0m Read 0.0 MB/s | Write 0.39 MB/s | Activity: 1.03%
[96m------------------------------------------------------------[0m
[1m[ NET ][0m Upload: 0.0 MB/s | Download: 0.0 MB/s
[96m------------------------------------------------------------[0m
[1m[ BATTERY ][0m [92m98.19%[0m (Charging/Plugged in)
[1m[96m============================================================[0m
[1m[92mData logged to 2026_logs/2026-09-28.jsonl... (Press Ctrl+C to stop)[0m
[1m[96m============================================================[0m
[1mSYSTEM MONITOR V2[0m | Time: 2026-09-28 14:48:59
[96m------------------------------------------------------------[0m
[1m[ CPU ][0m Used: [92m1.9%[0m | Free: 98.1%
[96m------------------------------------------------------------[0m
[1m[ RAM ][0m Used: [92m6.61 GB (44.5%)[0m | Available: 8.24 GB | Total: 14.84 GB
[1m[ SWAP ][0m Used: 0.0 GB (0.0%) | Free: 4.0 GB | Total: 4.0 GB
        [93mTop 5 RAM Processes (Logged 10):[0m
          1. chrome (PID 7552) - 928.71 MB (6.11%)
          2. chrome (PID 6787) - 546.48 MB (3.6%)
          3. gnome-shell (PID 4411) - 441.3 MB (2.9%)
          4. code (PID 76013) - 386.54 MB (2.54%)
          5. chrome (PID 43899) - 370.36 MB (2.44%)
[96m------------------------------------------------------------[0m
[1m[ DISK ][0m Used: [92m20.92 GB (2.28%)[0m | Free: 894.91 GB | Total: 915.83 GB
         [93mI/O:[0m Read 0.0 MB/s | Write 0.07 MB/s | Activity: 0.14%
[96m------------------------------------------------------------[0m
[1m[ NET ][0m Upload: 0.0 MB/s | Download: 0.0 MB/s
[96m------------------------------------------------------------[0m
[1m[ BATTERY ][0m [92m98.19%[0m (Charging/Plugged in)
[1m[96m============================================================[0m
[1m[92mData logged to 2026_logs/2026-09-28.jsonl... (Press Ctrl+C to stop)[0m
[1m[96m============================================================[0m
[1mSYSTEM MONITOR V2[0m | Time: 2026-09-28 14:49:04
[96m------------------------------------------------------------[0m
[1m[ CPU ][0m Used: [92m1.3%[0m | Free: 98.7%
[96m------------------------------------------------------------[0m
[1m[ RAM ][0m Used: [92m6.6 GB (44.5%)[0m | Available: 8.24 GB | Total: 14.84 GB
[1m[ SWAP ][0m Used: 0.0 GB (0.0%) | Free: 4.0 GB | Total: 4.0 GB
        [93mTop 5 RAM Processes (Logged 10):[0m
          1. chrome (PID 7552) - 928.71 MB (6.11%)
          2. chrome (PID 6787) - 546.56 MB (3.6%)
          3. gnome-shell (PID 4411) - 441.3 MB (2.9%)
          4. code (PID 76013) - 389.88 MB (2.57%)
          5. chrome (PID 43899) - 368.68 MB (2.43%)
[96m------------------------------------------------------------[0m
[1m[ DISK ][0m Used: [92m20.92 GB (2.28%)[0m | Free: 894.91 GB | Total: 915.83 GB
         [93mI/O:[0m Read 0.0 MB/s | Write 0.0 MB/s | Activity: 0.0%
[96m------------------------------------------------------------[0m
[1m[ NET ][0m Upload: 0.0 MB/s | Download: 0.0 MB/s
[96m------------------------------------------------------------[0m
[1m[ BATTERY ][0m [92m98.19%[0m (Charging/Plugged in)
[1m[96m============================================================[0m
[1m[92mData logged to 2026_logs/2026-09-28.jsonl... (Press Ctrl+C to stop)[0m
[1m[96m============================================================[0m
[1mSYSTEM MONITOR V2[0m | Time: 2026-09-28 14:49:09
[96m------------------------------------------------------------[0m
[1m[ CPU ][0m Used: [92m1.6%[0m | Free: 98.4%
[96m------------------------------------------------------------[0m
[1m[ RAM ][0m Used: [92m6.49 GB (43.7%)[0m | Available: 8.35 GB | Total: 14.84 GB
[1m[ SWAP ][0m Used: 0.0 GB (0.0%) | Free: 4.0 GB | Total: 4.0 GB
        [93mTop 5 RAM Processes (Logged 10):[0m
          1. chrome (PID 7552) - 926.71 MB (6.1%)
          2. chrome (PID 6787) - 546.29 MB (3.59%)
          3. gnome-shell (PID 4411) - 441.22 MB (2.9%)
          4. code (PID 76013) - 395.16 MB (2.6%)
          5. chrome (PID 43899) - 368.68 MB (2.43%)
[96m------------------------------------------------------------[0m
[1m[ DISK ][0m Used: [92m20.92 GB (2.28%)[0m | Free: 894.91 GB | Total: 915.83 GB
         [93mI/O:[0m Read 0.0 MB/s | Write 0.04 MB/s | Activity: 0.65%
[96m------------------------------------------------------------[0m
[1m[ NET ][0m Upload: 0.0 MB/s | Download: 0.0 MB/s
[96m------------------------------------------------------------[0m
[1m[ BATTERY ][0m [92m98.19%[0m (Charging/Plugged in)
[1m[96m============================================================[0m
[1m[92mData logged to 2026_logs/2026-09-28.jsonl... (Press Ctrl+C to stop)[0m
[1m[96m============================================================[0m
[1mSYSTEM MONITOR V2[0m | Time: 2026-09-28 14:49:14
[96m------------------------------------------------------------[0m
[1m[ CPU ][0m Used: [92m1.8%[0m | Free: 98.2%
[96m------------------------------------------------------------[0m
[1m[ RAM ][0m Used: [92m6.5 GB (43.8%)[0m | Available: 8.35 GB | Total: 14.84 GB
[1m[ SWAP ][0m Used: 0.0 GB (0.0%) | Free: 4.0 GB | Total: 4.0 GB
        [93mTop 5 RAM Processes (Logged 10):[0m
          1. chrome (PID 7552) - 926.71 MB (6.1%)
          2. chrome (PID 6787) - 546.29 MB (3.59%)
          3. gnome-shell (PID 4411) - 441.27 MB (2.9%)
          4. code (PID 76013) - 392.01 MB (2.58%)
          5. chrome (PID 43899) - 368.68 MB (2.43%)
[96m------------------------------------------------------------[0m
[1m[ DISK ][0m Used: [92m20.92 GB (2.28%)[0m | Free: 894.91 GB | Total: 915.83 GB
         [93mI/O:[0m Read 0.0 MB/s | Write 0.88 MB/s | Activity: 1.88%
[96m------------------------------------------------------------[0m
[1m[ NET ][0m Upload: 0.0 MB/s | Download: 0.0 MB/s
[96m------------------------------------------------------------[0m
[1m[ BATTERY ][0m [92m98.19%[0m (Charging/Plugged in)
[1m[96m============================================================[0m
[1m[92mData logged to 2026_logs/2026-09-28.jsonl... (Press Ctrl+C to stop)[0m
[1m[96m============================================================[0m
[1mSYSTEM MONITOR V2[0m | Time: 2026-09-28 14:49:19
[96m------------------------------------------------------------[0m
[1m[ CPU ][0m Used: [92m7.9%[0m | Free: 92.1%
[96m------------------------------------------------------------[0m
[1m[ RAM ][0m Used: [92m6.98 GB (47.1%)[0m | Available: 7.86 GB | Total: 14.84 GB
[1m[ SWAP ][0m Used: 0.0 GB (0.0%) | Free: 4.0 GB | Total: 4.0 GB
        [93mTop 5 RAM Processes (Logged 10):[0m
          1. chrome (PID 7552) - 937.62 MB (6.17%)
          2. chrome (PID 6787) - 549.37 MB (3.61%)
          3. gnome-shell (PID 4411) - 441.28 MB (2.9%)
          4. code (PID 76013) - 388.38 MB (2.56%)
          5. chrome (PID 43899) - 380.68 MB (2.5%)
[96m------------------------------------------------------------[0m
[1m[ DISK ][0m Used: [92m20.92 GB (2.28%)[0m | Free: 894.91 GB | Total: 915.83 GB
         [93mI/O:[0m Read 0.37 MB/s | Write 0.07 MB/s | Activity: 1.0%
[96m------------------------------------------------------------[0m
[1m[ NET ][0m Upload: 0.01 MB/s | Download: 0.03 MB/s
[96m------------------------------------------------------------[0m
[1m[ BATTERY ][0m [92m98.19%[0m (Charging/Plugged in)
[1m[96m============================================================[0m
[1m[92mData logged to 2026_logs/2026-09-28.jsonl... (Press Ctrl+C to stop)[0m
[1m[96m============================================================[0m
[1mSYSTEM MONITOR V2[0m | Time: 2026-09-28 14:49:24
[96m------------------------------------------------------------[0m
[1m[ CPU ][0m Used: [92m1.3%[0m | Free: 98.7%
[96m------------------------------------------------------------[0m
[1m[ RAM ][0m Used: [92m6.87 GB (46.3%)[0m | Available: 7.97 GB | Total: 14.84 GB
[1m[ SWAP ][0m Used: 0.0 GB (0.0%) | Free: 4.0 GB | Total: 4.0 GB
        [93mTop 5 RAM Processes (Logged 10):[0m
          1. chrome (PID 7552) - 937.62 MB (6.17%)
          2. chrome (PID 6787) - 547.21 MB (3.6%)
          3. gnome-shell (PID 4411) - 441.33 MB (2.9%)
          4. code (PID 76013) - 390.23 MB (2.57%)
          5. chrome (PID 43899) - 380.68 MB (2.5%)
[96m------------------------------------------------------------[0m
[1m[ DISK ][0m Used: [92m20.92 GB (2.28%)[0m | Free: 894.91 GB | Total: 915.83 GB
         [93mI/O:[0m Read 0.0 MB/s | Write 1.0 MB/s | Activity: 1.06%
[96m------------------------------------------------------------[0m
[1m[ NET ][0m Upload: 0.0 MB/s | Download: 0.0 MB/s
[96m------------------------------------------------------------[0m
[1m[ BATTERY ][0m [92m98.19%[0m (Charging/Plugged in)
[1m[96m============================================================[0m
[1m[92mData logged to 2026_logs/2026-09-28.jsonl... (Press Ctrl+C to stop)[0m
[1m[96m============================================================[0m
[1mSYSTEM MONITOR V2[0m | Time: 2026-09-28 14:49:29
[96m------------------------------------------------------------[0m
[1m[ CPU ][0m Used: [92m1.6%[0m | Free: 98.4%
[96m------------------------------------------------------------[0m
[1m[ RAM ][0m Used: [92m6.79 GB (45.7%)[0m | Available: 8.06 GB | Total: 14.84 GB
[1m[ SWAP ][0m Used: 0.0 GB (0.0%) | Free: 4.0 GB | Total: 4.0 GB
        [93mTop 5 RAM Processes (Logged 10):[0m
          1. chrome (PID 7552) - 937.62 MB (6.17%)
          2. chrome (PID 6787) - 546.79 MB (3.6%)
          3. gnome-shell (PID 4411) - 441.2 MB (2.9%)
          4. code (PID 76013) - 393.7 MB (2.59%)
          5. chrome (PID 43899) - 381.07 MB (2.51%)
[96m------------------------------------------------------------[0m
[1m[ DISK ][0m Used: [92m20.92 GB (2.28%)[0m | Free: 894.91 GB | Total: 915.83 GB
         [93mI/O:[0m Read 0.0 MB/s | Write 0.01 MB/s | Activity: 0.76%
[96m------------------------------------------------------------[0m
[1m[ NET ][0m Upload: 0.0 MB/s | Download: 0.0 MB/s
[96m------------------------------------------------------------[0m
[1m[ BATTERY ][0m [92m98.19%[0m (Charging/Plugged in)
[1m[96m============================================================[0m
[1m[92mData logged to 2026_logs/2026-09-28.jsonl... (Press Ctrl+C to stop)[0m
[1m[96m============================================================[0m
[1mSYSTEM MONITOR V2[0m | Time: 2026-09-28 14:49:34
[96m------------------------------------------------------------[0m
[1m[ CPU ][0m Used: [92m2.5%[0m | Free: 97.5%
[96m------------------------------------------------------------[0m
[1m[ RAM ][0m Used: [92m6.74 GB (45.4%)[0m | Available: 8.11 GB | Total: 14.84 GB
[1m[ SWAP ][0m Used: 0.0 GB (0.0%) | Free: 4.0 GB | Total: 4.0 GB
        [93mTop 5 RAM Processes (Logged 10):[0m
          1. chrome (PID 7552) - 937.62 MB (6.17%)
          2. chrome (PID 6787) - 546.65 MB (3.6%)
          3. gnome-shell (PID 4411) - 441.26 MB (2.9%)
          4. code (PID 76013) - 393.94 MB (2.59%)
          5. chrome (PID 43899) - 381.11 MB (2.51%)
[96m------------------------------------------------------------[0m
[1m[ DISK ][0m Used: [92m20.92 GB (2.28%)[0m | Free: 894.91 GB | Total: 915.83 GB
         [93mI/O:[0m Read 0.0 MB/s | Write 0.06 MB/s | Activity: 1.9%
[96m------------------------------------------------------------[0m
[1m[ NET ][0m Upload: 0.0 MB/s | Download: 0.0 MB/s
[96m------------------------------------------------------------[0m
[1m[ BATTERY ][0m [92m98.19%[0m (Charging/Plugged in)
[1m[96m============================================================[0m
[1m[92mData logged to 2026_logs/2026-09-28.jsonl... (Press Ctrl+C to stop)[0m
[1m[96m============================================================[0m
[1mSYSTEM MONITOR V2[0m | Time: 2026-09-28 14:49:40
[96m------------------------------------------------------------[0m
[1m[ CPU ][0m Used: [92m1.4%[0m | Free: 98.6%
[96m------------------------------------------------------------[0m
[1m[ RAM ][0m Used: [92m6.71 GB (45.2%)[0m | Available: 8.13 GB | Total: 14.84 GB
[1m[ SWAP ][0m Used: 0.0 GB (0.0%) | Free: 4.0 GB | Total: 4.0 GB
        [93mTop 5 RAM Processes (Logged 10):[0m
          1. chrome (PID 7552) - 937.62 MB (6.17%)
          2. chrome (PID 6787) - 546.57 MB (3.6%)
          3. gnome-shell (PID 4411) - 441.26 MB (2.9%)
          4. code (PID 76013) - 395.7 MB (2.6%)
          5. chrome (PID 43899) - 376.34 MB (2.48%)
[96m------------------------------------------------------------[0m
[1m[ DISK ][0m Used: [92m20.92 GB (2.28%)[0m | Free: 894.91 GB | Total: 915.83 GB
         [93mI/O:[0m Read 0.0 MB/s | Write 0.0 MB/s | Activity: 0.0%
[96m------------------------------------------------------------[0m
[1m[ NET ][0m Upload: 0.0 MB/s | Download: 0.0 MB/s
[96m------------------------------------------------------------[0m
[1m[ BATTERY ][0m [92m98.19%[0m (Charging/Plugged in)
[1m[96m============================================================[0m
[1m[92mData logged to 2026_logs/2026-09-28.jsonl... (Press Ctrl+C to stop)[0m
[1m[96m============================================================[0m
[1mSYSTEM MONITOR V2[0m | Time: 2026-09-28 14:49:45
[96m------------------------------------------------------------[0m
[1m[ CPU ][0m Used: [92m1.3%[0m | Free: 98.7%
[96m------------------------------------------------------------[0m
[1m[ RAM ][0m Used: [92m6.69 GB (45.1%)[0m | Available: 8.15 GB | Total: 14.84 GB
[1m[ SWAP ][0m Used: 0.0 GB (0.0%) | Free: 4.0 GB | Total: 4.0 GB
        [93mTop 5 RAM Processes (Logged 10):[0m
          1. chrome (PID 7552) - 937.62 MB (6.17%)
          2. chrome (PID 6787) - 546.57 MB (3.6%)
          3. gnome-shell (PID 4411) - 441.24 MB (2.9%)
          4. code (PID 76013) - 391.84 MB (2.58%)
          5. chrome (PID 43899) - 376.34 MB (2.48%)
[96m------------------------------------------------------------[0m
[1m[ DISK ][0m Used: [92m20.92 GB (2.28%)[0m | Free: 894.91 GB | Total: 915.83 GB
         [93mI/O:[0m Read 0.0 MB/s | Write 0.04 MB/s | Activity: 0.84%
[96m------------------------------------------------------------[0m
[1m[ NET ][0m Upload: 0.0 MB/s | Download: 0.0 MB/s
[96m------------------------------------------------------------[0m
[1m[ BATTERY ][0m [92m98.19%[0m (Charging/Plugged in)
[1m[96m============================================================[0m
[1m[92mData logged to 2026_logs/2026-09-28.jsonl... (Press Ctrl+C to stop)[0m
[1m[96m============================================================[0m
[1mSYSTEM MONITOR V2[0m | Time: 2026-09-28 14:49:50
[96m------------------------------------------------------------[0m
[1m[ CPU ][0m Used: [92m2.5%[0m | Free: 97.5%
[96m------------------------------------------------------------[0m
[1m[ RAM ][0m Used: [92m6.61 GB (44.5%)[0m | Available: 8.23 GB | Total: 14.84 GB
[1m[ SWAP ][0m Used: 0.0 GB (0.0%) | Free: 4.0 GB | Total: 4.0 GB
        [93mTop 5 RAM Processes (Logged 10):[0m
          1. chrome (PID 7552) - 931.47 MB (6.13%)
          2. chrome (PID 6787) - 548.19 MB (3.61%)
          3. gnome-shell (PID 4411) - 441.24 MB (2.9%)
          4. code (PID 76013) - 386.81 MB (2.54%)
          5. chrome (PID 43899) - 371.13 MB (2.44%)
[96m------------------------------------------------------------[0m
[1m[ DISK ][0m Used: [92m20.92 GB (2.28%)[0m | Free: 894.91 GB | Total: 915.83 GB
         [93mI/O:[0m Read 0.0 MB/s | Write 2.38 MB/s | Activity: 1.8%
[96m------------------------------------------------------------[0m
[1m[ NET ][0m Upload: 0.0 MB/s | Download: 0.0 MB/s
[96m------------------------------------------------------------[0m
[1m[ BATTERY ][0m [92m98.19%[0m (Charging/Plugged in)
[1m[96m============================================================[0m
[1m[92mData logged to 2026_logs/2026-09-28.jsonl... (Press Ctrl+C to stop)[0m
[1m[96m============================================================[0m
[1mSYSTEM MONITOR V2[0m | Time: 2026-09-28 14:49:55
[96m------------------------------------------------------------[0m
[1m[ CPU ][0m Used: [92m1.9%[0m | Free: 98.1%
[96m------------------------------------------------------------[0m
[1m[ RAM ][0m Used: [92m6.63 GB (44.7%)[0m | Available: 8.21 GB | Total: 14.84 GB
[1m[ SWAP ][0m Used: 0.0 GB (0.0%) | Free: 4.0 GB | Total: 4.0 GB
        [93mTop 5 RAM Processes (Logged 10):[0m
          1. chrome (PID 7552) - 930.24 MB (6.12%)
          2. chrome (PID 6787) - 547.02 MB (3.6%)
          3. gnome-shell (PID 4411) - 441.24 MB (2.9%)
          4. code (PID 76013) - 391.0 MB (2.57%)
          5. chrome (PID 43899) - 369.7 MB (2.43%)
[96m------------------------------------------------------------[0m
[1m[ DISK ][0m Used: [92m20.92 GB (2.28%)[0m | Free: 894.91 GB | Total: 915.83 GB
         [93mI/O:[0m Read 0.0 MB/s | Write 1.07 MB/s | Activity: 0.96%
[96m------------------------------------------------------------[0m
[1m[ NET ][0m Upload: 0.0 MB/s | Download: 0.0 MB/s
[96m------------------------------------------------------------[0m
[1m[ BATTERY ][0m [92m98.19%[0m (Charging/Plugged in)
[1m[96m============================================================[0m
[1m[92mData logged to 2026_logs/2026-09-28.jsonl... (Press Ctrl+C to stop)[0m
[1m[96m============================================================[0m
[1mSYSTEM MONITOR V2[0m | Time: 2026-09-28 14:50:00
[96m------------------------------------------------------------[0m
[1m[ CPU ][0m Used: [92m1.5%[0m | Free: 98.5%
[96m------------------------------------------------------------[0m
[1m[ RAM ][0m Used: [92m6.62 GB (44.6%)[0m | Available: 8.22 GB | Total: 14.84 GB
[1m[ SWAP ][0m Used: 0.0 GB (0.0%) | Free: 4.0 GB | Total: 4.0 GB
        [93mTop 5 RAM Processes (Logged 10):[0m
          1. chrome (PID 7552) - 930.24 MB (6.12%)
          2. chrome (PID 6787) - 547.04 MB (3.6%)
          3. gnome-shell (PID 4411) - 441.29 MB (2.9%)
          4. code (PID 76013) - 392.1 MB (2.58%)
          5. chrome (PID 43899) - 369.3 MB (2.43%)
[96m------------------------------------------------------------[0m
[1m[ DISK ][0m Used: [92m20.92 GB (2.28%)[0m | Free: 894.91 GB | Total: 915.83 GB
         [93mI/O:[0m Read 0.0 MB/s | Write 0.03 MB/s | Activity: 0.08%
[96m------------------------------------------------------------[0m
[1m[ NET ][0m Upload: 0.0 MB/s | Download: 0.0 MB/s
[96m------------------------------------------------------------[0m
[1m[ BATTERY ][0m [92m98.19%[0m (Charging/Plugged in)
[1m[96m============================================================[0m
[1m[92mData logged to 2026_logs/2026-09-28.jsonl... (Press Ctrl+C to stop)[0m
[1m[96m============================================================[0m
[1mSYSTEM MONITOR V2[0m | Time: 2026-09-28 14:50:05
[96m------------------------------------------------------------[0m
[1m[ CPU ][0m Used: [92m2.0%[0m | Free: 98.0%
[96m------------------------------------------------------------[0m
[1m[ RAM ][0m Used: [92m6.6 GB (44.5%)[0m | Available: 8.24 GB | Total: 14.84 GB
[1m[ SWAP ][0m Used: 0.0 GB (0.0%) | Free: 4.0 GB | Total: 4.0 GB
        [93mTop 5 RAM Processes (Logged 10):[0m
          1. chrome (PID 7552) - 927.14 MB (6.1%)
          2. chrome (PID 6787) - 546.74 MB (3.6%)
          3. gnome-shell (PID 4411) - 441.29 MB (2.9%)
          4. code (PID 76013) - 389.13 MB (2.56%)
          5. chrome (PID 43899) - 369.3 MB (2.43%)
[96m------------------------------------------------------------[0m
[1m[ DISK ][0m Used: [92m20.92 GB (2.28%)[0m | Free: 894.91 GB | Total: 915.83 GB
         [93mI/O:[0m Read 0.0 MB/s | Write 0.02 MB/s | Activity: 0.88%
[96m------------------------------------------------------------[0m
[1m[ NET ][0m Upload: 0.0 MB/s | Download: 0.0 MB/s
[96m------------------------------------------------------------[0m
[1m[ BATTERY ][0m [92m98.19%[0m (Charging/Plugged in)
[1m[96m============================================================[0m
[1m[92mData logged to 2026_logs/2026-09-28.jsonl... (Press Ctrl+C to stop)[0m
[1m[96m============================================================[0m
[1mSYSTEM MONITOR V2[0m | Time: 2026-09-28 14:50:10
[96m------------------------------------------------------------[0m
[1m[ CPU ][0m Used: [92m1.7%[0m | Free: 98.3%
[96m------------------------------------------------------------[0m
[1m[ RAM ][0m Used: [92m6.61 GB (44.5%)[0m | Available: 8.24 GB | Total: 14.84 GB
[1m[ SWAP ][0m Used: 0.0 GB (0.0%) | Free: 4.0 GB | Total: 4.0 GB
        [93mTop 5 RAM Processes (Logged 10):[0m
          1. chrome (PID 7552) - 927.14 MB (6.1%)
          2. chrome (PID 6787) - 546.82 MB (3.6%)
          3. gnome-shell (PID 4411) - 441.28 MB (2.9%)
          4. code (PID 76013) - 390.32 MB (2.57%)
          5. chrome (PID 43899) - 369.24 MB (2.43%)
[96m------------------------------------------------------------[0m
[1m[ DISK ][0m Used: [92m20.92 GB (2.28%)[0m | Free: 894.91 GB | Total: 915.83 GB
         [93mI/O:[0m Read 0.0 MB/s | Write 0.02 MB/s | Activity: 1.57%
[96m------------------------------------------------------------[0m
[1m[ NET ][0m Upload: 0.0 MB/s | Download: 0.0 MB/s
[96m------------------------------------------------------------[0m
[1m[ BATTERY ][0m [92m98.19%[0m (Charging/Plugged in)
[1m[96m============================================================[0m
[1m[92mData logged to 2026_logs/2026-09-28.jsonl... (Press Ctrl+C to stop)[0m
[1m[96m============================================================[0m
[1mSYSTEM MONITOR V2[0m | Time: 2026-09-28 14:50:15
[96m------------------------------------------------------------[0m
[1m[ CPU ][0m Used: [92m1.8%[0m | Free: 98.2%
[96m------------------------------------------------------------[0m
[1m[ RAM ][0m Used: [92m6.64 GB (44.7%)[0m | Available: 8.21 GB | Total: 14.84 GB
[1m[ SWAP ][0m Used: 0.0 GB (0.0%) | Free: 4.0 GB | Total: 4.0 GB
        [93mTop 5 RAM Processes (Logged 10):[0m
          1. chrome (PID 7552) - 927.14 MB (6.1%)
          2. chrome (PID 6787) - 550.56 MB (3.62%)
          3. gnome-shell (PID 4411) - 441.28 MB (2.9%)
          4. code (PID 76013) - 394.77 MB (2.6%)
          5. chrome (PID 43899) - 370.41 MB (2.44%)
[96m------------------------------------------------------------[0m
[1m[ DISK ][0m Used: [92m20.92 GB (2.28%)[0m | Free: 894.91 GB | Total: 915.83 GB
         [93mI/O:[0m Read 0.0 MB/s | Write 0.02 MB/s | Activity: 1.0%
[96m------------------------------------------------------------[0m
[1m[ NET ][0m Upload: 0.0 MB/s | Download: 0.0 MB/s
[96m------------------------------------------------------------[0m
[1m[ BATTERY ][0m [92m98.19%[0m (Charging/Plugged in)
[1m[96m============================================================[0m
[1m[92mData logged to 2026_logs/2026-09-28.jsonl... (Press Ctrl+C to stop)[0m
[1m[96m============================================================[0m
[1mSYSTEM MONITOR V2[0m | Time: 2026-09-28 14:50:20
[96m------------------------------------------------------------[0m
[1m[ CPU ][0m Used: [92m2.4%[0m | Free: 97.6%
[96m------------------------------------------------------------[0m
[1m[ RAM ][0m Used: [92m6.62 GB (44.6%)[0m | Available: 8.23 GB | Total: 14.84 GB
[1m[ SWAP ][0m Used: 0.0 GB (0.0%) | Free: 4.0 GB | Total: 4.0 GB
        [93mTop 5 RAM Processes (Logged 10):[0m
          1. chrome (PID 7552) - 927.14 MB (6.1%)
          2. chrome (PID 6787) - 547.39 MB (3.6%)
          3. gnome-shell (PID 4411) - 441.26 MB (2.9%)
          4. code (PID 76013) - 392.02 MB (2.58%)
          5. chrome (PID 43899) - 372.88 MB (2.45%)
[96m------------------------------------------------------------[0m
[1m[ DISK ][0m Used: [92m20.92 GB (2.28%)[0m | Free: 894.91 GB | Total: 915.83 GB
         [93mI/O:[0m Read 0.0 MB/s | Write 0.14 MB/s | Activity: 0.37%
[96m------------------------------------------------------------[0m
[1m[ NET ][0m Upload: 0.0 MB/s | Download: 0.0 MB/s
[96m------------------------------------------------------------[0m
[1m[ BATTERY ][0m [92m98.19%[0m (Charging/Plugged in)
[1m[96m============================================================[0m
[1m[92mData logged to 2026_logs/2026-09-28.jsonl... (Press Ctrl+C to stop)[0m
[1m[96m============================================================[0m
[1mSYSTEM MONITOR V2[0m | Time: 2026-09-28 14:50:26
[96m------------------------------------------------------------[0m
[1m[ CPU ][0m Used: [92m1.5%[0m | Free: 98.5%
[96m------------------------------------------------------------[0m
[1m[ RAM ][0m Used: [92m6.62 GB (44.6%)[0m | Available: 8.22 GB | Total: 14.84 GB
[1m[ SWAP ][0m Used: 0.0 GB (0.0%) | Free: 4.0 GB | Total: 4.0 GB
        [93mTop 5 RAM Processes (Logged 10):[0m
          1. chrome (PID 7552) - 927.14 MB (6.1%)
          2. chrome (PID 6787) - 546.58 MB (3.6%)
          3. gnome-shell (PID 4411) - 441.26 MB (2.9%)
          4. code (PID 76013) - 395.57 MB (2.6%)
          5. chrome (PID 43899) - 377.49 MB (2.48%)
[96m------------------------------------------------------------[0m
[1m[ DISK ][0m Used: [92m20.92 GB (2.28%)[0m | Free: 894.91 GB | Total: 915.83 GB
         [93mI/O:[0m Read 0.0 MB/s | Write 1.41 MB/s | Activity: 1.86%
[96m------------------------------------------------------------[0m
[1m[ NET ][0m Upload: 0.0 MB/s | Download: 0.0 MB/s
[96m------------------------------------------------------------[0m
[1m[ BATTERY ][0m [92m98.19%[0m (Charging/Plugged in)
[1m[96m============================================================[0m
[1m[92mData logged to 2026_logs/2026-09-28.jsonl... (Press Ctrl+C to stop)[0m
[1m[96m============================================================[0m
[1mSYSTEM MONITOR V2[0m | Time: 2026-09-28 14:50:31
[96m------------------------------------------------------------[0m
[1m[ CPU ][0m Used: [92m1.5%[0m | Free: 98.5%
[96m------------------------------------------------------------[0m
[1m[ RAM ][0m Used: [92m6.64 GB (44.7%)[0m | Available: 8.21 GB | Total: 14.84 GB
[1m[ SWAP ][0m Used: 0.0 GB (0.0%) | Free: 4.0 GB | Total: 4.0 GB
        [93mTop 5 RAM Processes (Logged 10):[0m
          1. chrome (PID 7552) - 927.14 MB (6.1%)
          2. chrome (PID 6787) - 546.58 MB (3.6%)
          3. gnome-shell (PID 4411) - 441.2 MB (2.9%)
          4. code (PID 76013) - 398.44 MB (2.62%)
          5. chrome (PID 43899) - 377.5 MB (2.48%)
[96m------------------------------------------------------------[0m
[1m[ DISK ][0m Used: [92m20.92 GB (2.28%)[0m | Free: 894.91 GB | Total: 915.83 GB
         [93mI/O:[0m Read 0.0 MB/s | Write 0.04 MB/s | Activity: 0.12%
[96m------------------------------------------------------------[0m
[1m[ NET ][0m Upload: 0.0 MB/s | Download: 0.0 MB/s
[96m------------------------------------------------------------[0m
[1m[ BATTERY ][0m [92m98.19%[0m (Charging/Plugged in)
[1m[96m============================================================[0m
[1m[92mData logged to 2026_logs/2026-09-28.jsonl... (Press Ctrl+C to stop)[0m
[1m[96m============================================================[0m
[1mSYSTEM MONITOR V2[0m | Time: 2026-09-28 14:50:36
[96m------------------------------------------------------------[0m
[1m[ CPU ][0m Used: [92m2.0%[0m | Free: 98.0%
[96m------------------------------------------------------------[0m
[1m[ RAM ][0m Used: [92m6.62 GB (44.6%)[0m | Available: 8.22 GB | Total: 14.84 GB
[1m[ SWAP ][0m Used: 0.0 GB (0.0%) | Free: 4.0 GB | Total: 4.0 GB
        [93mTop 5 RAM Processes (Logged 10):[0m
          1. chrome (PID 7552) - 927.14 MB (6.1%)
          2. chrome (PID 6787) - 546.57 MB (3.6%)
          3. gnome-shell (PID 4411) - 441.25 MB (2.9%)
          4. code (PID 76013) - 383.85 MB (2.53%)
          5. chrome (PID 43899) - 377.59 MB (2.48%)
[96m------------------------------------------------------------[0m
[1m[ DISK ][0m Used: [92m20.92 GB (2.28%)[0m | Free: 894.91 GB | Total: 915.83 GB
         [93mI/O:[0m Read 0.0 MB/s | Write 0.02 MB/s | Activity: 0.92%
[96m------------------------------------------------------------[0m
[1m[ NET ][0m Upload: 0.0 MB/s | Download: 0.0 MB/s
[96m------------------------------------------------------------[0m
[1m[ BATTERY ][0m [92m98.19%[0m (Charging/Plugged in)
[1m[96m============================================================[0m
[1m[92mData logged to 2026_logs/2026-09-28.jsonl... (Press Ctrl+C to stop)[0m
[1m[96m============================================================[0m
[1mSYSTEM MONITOR V2[0m | Time: 2026-09-28 14:50:41
[96m------------------------------------------------------------[0m
[1m[ CPU ][0m Used: [92m1.7%[0m | Free: 98.3%
[96m------------------------------------------------------------[0m
[1m[ RAM ][0m Used: [92m6.64 GB (44.7%)[0m | Available: 8.2 GB | Total: 14.84 GB
[1m[ SWAP ][0m Used: 0.0 GB (0.0%) | Free: 4.0 GB | Total: 4.0 GB
        [93mTop 5 RAM Processes (Logged 10):[0m
          1. chrome (PID 7552) - 927.14 MB (6.1%)
          2. chrome (PID 6787) - 547.03 MB (3.6%)
          3. gnome-shell (PID 4411) - 441.25 MB (2.9%)
          4. code (PID 76013) - 387.57 MB (2.55%)
          5. chrome (PID 43899) - 377.6 MB (2.48%)
[96m------------------------------------------------------------[0m
[1m[ DISK ][0m Used: [92m20.92 GB (2.28%)[0m | Free: 894.91 GB | Total: 915.83 GB
         [93mI/O:[0m Read 0.0 MB/s | Write 0.01 MB/s | Activity: 0.82%
[96m------------------------------------------------------------[0m
[1m[ NET ][0m Upload: 0.0 MB/s | Download: 0.0 MB/s
[96m------------------------------------------------------------[0m
[1m[ BATTERY ][0m [92m98.19%[0m (Charging/Plugged in)
[1m[96m============================================================[0m
[1m[92mData logged to 2026_logs/2026-09-28.jsonl... (Press Ctrl+C to stop)[0m
[1m[96m============================================================[0m
[1mSYSTEM MONITOR V2[0m | Time: 2026-09-28 14:50:46
[96m------------------------------------------------------------[0m
[1m[ CPU ][0m Used: [92m2.0%[0m | Free: 98.0%
[96m------------------------------------------------------------[0m
[1m[ RAM ][0m Used: [92m6.66 GB (44.9%)[0m | Available: 8.18 GB | Total: 14.84 GB
[1m[ SWAP ][0m Used: 0.0 GB (0.0%) | Free: 4.0 GB | Total: 4.0 GB
        [93mTop 5 RAM Processes (Logged 10):[0m
          1. chrome (PID 7552) - 927.14 MB (6.1%)
          2. chrome (PID 6787) - 548.0 MB (3.61%)
          3. gnome-shell (PID 4411) - 441.23 MB (2.9%)
          4. code (PID 76013) - 393.19 MB (2.59%)
          5. chrome (PID 43899) - 375.78 MB (2.47%)
[96m------------------------------------------------------------[0m
[1m[ DISK ][0m Used: [92m20.92 GB (2.28%)[0m | Free: 894.91 GB | Total: 915.83 GB
         [93mI/O:[0m Read 0.0 MB/s | Write 0.05 MB/s | Activity: 1.8%
[96m------------------------------------------------------------[0m
[1m[ NET ][0m Upload: 0.0 MB/s | Download: 0.0 MB/s
[96m------------------------------------------------------------[0m
[1m[ BATTERY ][0m [92m98.19%[0m (Charging/Plugged in)
[1m[96m============================================================[0m
[1m[92mData logged to 2026_logs/2026-09-28.jsonl... (Press Ctrl+C to stop)[0m
[1m[96m============================================================[0m
[1mSYSTEM MONITOR V2[0m | Time: 2026-09-28 14:50:51
[96m------------------------------------------------------------[0m
[1m[ CPU ][0m Used: [92m2.4%[0m | Free: 97.6%
[96m------------------------------------------------------------[0m
[1m[ RAM ][0m Used: [92m6.65 GB (44.8%)[0m | Available: 8.2 GB | Total: 14.84 GB
[1m[ SWAP ][0m Used: 0.0 GB (0.0%) | Free: 4.0 GB | Total: 4.0 GB
        [93mTop 5 RAM Processes (Logged 10):[0m
          1. chrome (PID 7552) - 927.14 MB (6.1%)
          2. chrome (PID 6787) - 547.77 MB (3.6%)
          3. gnome-shell (PID 4411) - 441.24 MB (2.9%)
          4. code (PID 76013) - 387.88 MB (2.55%)
          5. chrome (PID 43899) - 375.78 MB (2.47%)
[96m------------------------------------------------------------[0m
[1m[ DISK ][0m Used: [92m20.92 GB (2.28%)[0m | Free: 894.91 GB | Total: 915.83 GB
         [93mI/O:[0m Read 0.0 MB/s | Write 0.06 MB/s | Activity: 1.77%
[96m------------------------------------------------------------[0m
[1m[ NET ][0m Upload: 0.0 MB/s | Download: 0.0 MB/s
[96m------------------------------------------------------------[0m
[1m[ BATTERY ][0m [92m98.19%[0m (Charging/Plugged in)
[1m[96m============================================================[0m
[1m[92mData logged to 2026_logs/2026-09-28.jsonl... (Press Ctrl+C to stop)[0m
[1m[96m============================================================[0m
[1mSYSTEM MONITOR V2[0m | Time: 2026-09-28 14:50:56
[96m------------------------------------------------------------[0m
[1m[ CPU ][0m Used: [92m1.3%[0m | Free: 98.7%
[96m------------------------------------------------------------[0m
[1m[ RAM ][0m Used: [92m6.64 GB (44.7%)[0m | Available: 8.2 GB | Total: 14.84 GB
[1m[ SWAP ][0m Used: 0.0 GB (0.0%) | Free: 4.0 GB | Total: 4.0 GB
        [93mTop 5 RAM Processes (Logged 10):[0m
          1. chrome (PID 7552) - 927.14 MB (6.1%)
          2. chrome (PID 6787) - 547.64 MB (3.6%)
          3. gnome-shell (PID 4411) - 441.29 MB (2.9%)
          4. code (PID 76013) - 390.93 MB (2.57%)
          5. chrome (PID 43899) - 375.78 MB (2.47%)
[96m------------------------------------------------------------[0m
[1m[ DISK ][0m Used: [92m20.92 GB (2.28%)[0m | Free: 894.91 GB | Total: 915.83 GB
         [93mI/O:[0m Read 0.0 MB/s | Write 0.48 MB/s | Activity: 0.98%
[96m------------------------------------------------------------[0m
[1m[ NET ][0m Upload: 0.0 MB/s | Download: 0.0 MB/s
[96m------------------------------------------------------------[0m
[1m[ BATTERY ][0m [92m98.19%[0m (Charging/Plugged in)
[1m[96m============================================================[0m
[1m[92mData logged to 2026_logs/2026-09-28.jsonl... (Press Ctrl+C to stop)[0m
[1m[96m============================================================[0m
[1mSYSTEM MONITOR V2[0m | Time: 2026-09-28 14:51:01
[96m------------------------------------------------------------[0m
[1m[ CPU ][0m Used: [92m3.8%[0m | Free: 96.2%
        [93mTop 5 (Logged 10):[0m chrome (2.43%)
[96m------------------------------------------------------------[0m
[1m[ RAM ][0m Used: [92m6.51 GB (43.9%)[0m | Available: 8.33 GB | Total: 14.84 GB
[1m[ SWAP ][0m Used: 0.0 GB (0.0%) | Free: 4.0 GB | Total: 4.0 GB
        [93mTop 5 RAM Processes (Logged 10):[0m
          1. chrome (PID 7552) - 762.06 MB (5.01%)
          2. chrome (PID 6787) - 547.34 MB (3.6%)
          3. gnome-shell (PID 4411) - 441.29 MB (2.9%)
          4. code (PID 76013) - 393.77 MB (2.59%)
          5. chrome (PID 43899) - 375.78 MB (2.47%)
[96m------------------------------------------------------------[0m
[1m[ DISK ][0m Used: [92m20.92 GB (2.28%)[0m | Free: 894.91 GB | Total: 915.83 GB
         [93mI/O:[0m Read 0.0 MB/s | Write 1.03 MB/s | Activity: 1.02%
[96m------------------------------------------------------------[0m
[1m[ NET ][0m Upload: 0.0 MB/s | Download: 0.0 MB/s
[96m------------------------------------------------------------[0m
[1m[ BATTERY ][0m [92m98.19%[0m (Charging/Plugged in)
[1m[96m============================================================[0m
[1m[92mData logged to 2026_logs/2026-09-28.jsonl... (Press Ctrl+C to stop)[0m
[1m[96m============================================================[0m
[1mSYSTEM MONITOR V2[0m | Time: 2026-09-28 14:51:06
[96m------------------------------------------------------------[0m
[1m[ CPU ][0m Used: [92m1.9%[0m | Free: 98.1%
[96m------------------------------------------------------------[0m
[1m[ RAM ][0m Used: [92m6.49 GB (43.8%)[0m | Available: 8.35 GB | Total: 14.84 GB
[1m[ SWAP ][0m Used: 0.0 GB (0.0%) | Free: 4.0 GB | Total: 4.0 GB
        [93mTop 5 RAM Processes (Logged 10):[0m
          1. chrome (PID 7552) - 762.06 MB (5.01%)
          2. chrome (PID 6787) - 547.34 MB (3.6%)
          3. gnome-shell (PID 4411) - 441.22 MB (2.9%)
          4. code (PID 76013) - 391.12 MB (2.57%)
          5. chrome (PID 43899) - 375.78 MB (2.47%)
[96m------------------------------------------------------------[0m
[1m[ DISK ][0m Used: [92m20.92 GB (2.28%)[0m | Free: 894.91 GB | Total: 915.83 GB
         [93mI/O:[0m Read 0.0 MB/s | Write 0.07 MB/s | Activity: 0.94%
[96m------------------------------------------------------------[0m
[1m[ NET ][0m Upload: 0.0 MB/s | Download: 0.0 MB/s
[96m------------------------------------------------------------[0m
[1m[ BATTERY ][0m [92m98.19%[0m (Charging/Plugged in)
[1m[96m============================================================[0m
[1m[92mData logged to 2026_logs/2026-09-28.jsonl... (Press Ctrl+C to stop)[0m
[1m[96m============================================================[0m
[1mSYSTEM MONITOR V2[0m | Time: 2026-09-28 14:51:11
[96m------------------------------------------------------------[0m
[1m[ CPU ][0m Used: [92m1.6%[0m | Free: 98.4%
[96m------------------------------------------------------------[0m
[1m[ RAM ][0m Used: [92m6.47 GB (43.6%)[0m | Available: 8.37 GB | Total: 14.84 GB
[1m[ SWAP ][0m Used: 0.0 GB (0.0%) | Free: 4.0 GB | Total: 4.0 GB
        [93mTop 5 RAM Processes (Logged 10):[0m
          1. chrome (PID 7552) - 762.11 MB (5.01%)
          2. chrome (PID 6787) - 547.34 MB (3.6%)
          3. gnome-shell (PID 4411) - 441.27 MB (2.9%)
          4. code (PID 76013) - 392.79 MB (2.58%)
          5. chrome (PID 43899) - 369.72 MB (2.43%)
[96m------------------------------------------------------------[0m
[1m[ DISK ][0m Used: [92m20.92 GB (2.28%)[0m | Free: 894.91 GB | Total: 915.83 GB
         [93mI/O:[0m Read 0.0 MB/s | Write 0.02 MB/s | Activity: 0.84%
[96m------------------------------------------------------------[0m
[1m[ NET ][0m Upload: 0.0 MB/s | Download: 0.0 MB/s
[96m------------------------------------------------------------[0m
[1m[ BATTERY ][0m [92m98.19%[0m (Charging/Plugged in)
[1m[96m============================================================[0m
[1m[92mData logged to 2026_logs/2026-09-28.jsonl... (Press Ctrl+C to stop)[0m
[1m[96m============================================================[0m
[1mSYSTEM MONITOR V2[0m | Time: 2026-09-28 14:51:17
[96m------------------------------------------------------------[0m
[1m[ CPU ][0m Used: [92m2.1%[0m | Free: 97.9%
[96m------------------------------------------------------------[0m
[1m[ RAM ][0m Used: [92m6.5 GB (43.8%)[0m | Available: 8.35 GB | Total: 14.84 GB
[1m[ SWAP ][0m Used: 0.0 GB (0.0%) | Free: 4.0 GB | Total: 4.0 GB
        [93mTop 5 RAM Processes (Logged 10):[0m
          1. chrome (PID 7552) - 765.5 MB (5.04%)
          2. chrome (PID 6787) - 552.58 MB (3.64%)
          3. gnome-shell (PID 4411) - 441.27 MB (2.9%)
          4. code (PID 76013) - 396.2 MB (2.61%)
          5. chrome (PID 43899) - 381.23 MB (2.51%)
[96m------------------------------------------------------------[0m
[1m[ DISK ][0m Used: [92m20.92 GB (2.28%)[0m | Free: 894.91 GB | Total: 915.83 GB
         [93mI/O:[0m Read 0.0 MB/s | Write 0.03 MB/s | Activity: 0.98%
[96m------------------------------------------------------------[0m
[1m[ NET ][0m Upload: 0.01 MB/s | Download: 0.0 MB/s
[96m------------------------------------------------------------[0m
[1m[ BATTERY ][0m [92m98.19%[0m (Charging/Plugged in)
[1m[96m============================================================[0m
[1m[92mData logged to 2026_logs/2026-09-28.jsonl... (Press Ctrl+C to stop)[0m
[1m[96m============================================================[0m
[1mSYSTEM MONITOR V2[0m | Time: 2026-09-28 14:51:22
[96m------------------------------------------------------------[0m
[1m[ CPU ][0m Used: [92m1.9%[0m | Free: 98.1%
[96m------------------------------------------------------------[0m
[1m[ RAM ][0m Used: [92m6.5 GB (43.8%)[0m | Available: 8.34 GB | Total: 14.84 GB
[1m[ SWAP ][0m Used: 0.0 GB (0.0%) | Free: 4.0 GB | Total: 4.0 GB
        [93mTop 5 RAM Processes (Logged 10):[0m
          1. chrome (PID 7552) - 765.5 MB (5.04%)
          2. chrome (PID 6787) - 547.32 MB (3.6%)
          3. gnome-shell (PID 4411) - 441.29 MB (2.9%)
          4. code (PID 76013) - 393.17 MB (2.59%)
          5. chrome (PID 43899) - 381.23 MB (2.51%)
[96m------------------------------------------------------------[0m
[1m[ DISK ][0m Used: [92m20.92 GB (2.28%)[0m | Free: 894.91 GB | Total: 915.83 GB
         [93mI/O:[0m Read 0.0 MB/s | Write 0.04 MB/s | Activity: 1.63%
[96m------------------------------------------------------------[0m
[1m[ NET ][0m Upload: 0.0 MB/s | Download: 0.0 MB/s
[96m------------------------------------------------------------[0m
[1m[ BATTERY ][0m [92m98.19%[0m (Charging/Plugged in)
[1m[96m============================================================[0m
[1m[92mData logged to 2026_logs/2026-09-28.jsonl... (Press Ctrl+C to stop)[0m
[1m[96m============================================================[0m
[1mSYSTEM MONITOR V2[0m | Time: 2026-09-28 14:51:27
[96m------------------------------------------------------------[0m
[1m[ CPU ][0m Used: [92m1.4%[0m | Free: 98.6%
[96m------------------------------------------------------------[0m
[1m[ RAM ][0m Used: [92m6.49 GB (43.7%)[0m | Available: 8.35 GB | Total: 14.84 GB
[1m[ SWAP ][0m Used: 0.0 GB (0.0%) | Free: 4.0 GB | Total: 4.0 GB
        [93mTop 5 RAM Processes (Logged 10):[0m
          1. chrome (PID 7552) - 765.51 MB (5.04%)
          2. chrome (PID 6787) - 547.52 MB (3.6%)
          3. gnome-shell (PID 4411) - 441.29 MB (2.9%)
          4. code (PID 76013) - 389.62 MB (2.56%)
          5. chrome (PID 43899) - 380.47 MB (2.5%)
[96m------------------------------------------------------------[0m
[1m[ DISK ][0m Used: [92m20.92 GB (2.28%)[0m | Free: 894.91 GB | Total: 915.83 GB
         [93mI/O:[0m Read 0.0 MB/s | Write 0.31 MB/s | Activity: 1.0%
[96m------------------------------------------------------------[0m
[1m[ NET ][0m Upload: 0.0 MB/s | Download: 0.0 MB/s
[96m------------------------------------------------------------[0m
[1m[ BATTERY ][0m [92m98.19%[0m (Charging/Plugged in)
[1m[96m============================================================[0m
[1m[92mData logged to 2026_logs/2026-09-28.jsonl... (Press Ctrl+C to stop)[0m
[1m[96m============================================================[0m
[1mSYSTEM MONITOR V2[0m | Time: 2026-09-28 14:51:32
[96m------------------------------------------------------------[0m
[1m[ CPU ][0m Used: [92m1.4%[0m | Free: 98.6%
[96m------------------------------------------------------------[0m
[1m[ RAM ][0m Used: [92m6.48 GB (43.7%)[0m | Available: 8.36 GB | Total: 14.84 GB
[1m[ SWAP ][0m Used: 0.0 GB (0.0%) | Free: 4.0 GB | Total: 4.0 GB
        [93mTop 5 RAM Processes (Logged 10):[0m
          1. chrome (PID 7552) - 765.51 MB (5.04%)
          2. chrome (PID 6787) - 547.39 MB (3.6%)
          3. gnome-shell (PID 4411) - 441.21 MB (2.9%)
          4. code (PID 76013) - 392.89 MB (2.58%)
          5. chrome (PID 43899) - 380.47 MB (2.5%)
[96m------------------------------------------------------------[0m
[1m[ DISK ][0m Used: [92m20.92 GB (2.28%)[0m | Free: 894.91 GB | Total: 915.83 GB
         [93mI/O:[0m Read 0.0 MB/s | Write 0.1 MB/s | Activity: 0.98%
[96m------------------------------------------------------------[0m
[1m[ NET ][0m Upload: 0.0 MB/s | Download: 0.0 MB/s
[96m------------------------------------------------------------[0m
[1m[ BATTERY ][0m [92m98.19%[0m (Charging/Plugged in)
[1m[96m============================================================[0m
[1m[92mData logged to 2026_logs/2026-09-28.jsonl... (Press Ctrl+C to stop)[0m
[1m[96m============================================================[0m
[1mSYSTEM MONITOR V2[0m | Time: 2026-09-28 14:51:37
[96m------------------------------------------------------------[0m
[1m[ CPU ][0m Used: [92m2.1%[0m | Free: 97.9%
[96m------------------------------------------------------------[0m
[1m[ RAM ][0m Used: [92m6.48 GB (43.6%)[0m | Available: 8.36 GB | Total: 14.84 GB
[1m[ SWAP ][0m Used: 0.0 GB (0.0%) | Free: 4.0 GB | Total: 4.0 GB
        [93mTop 5 RAM Processes (Logged 10):[0m
          1. chrome (PID 7552) - 765.51 MB (5.04%)
          2. chrome (PID 6787) - 547.33 MB (3.6%)
          3. gnome-shell (PID 4411) - 441.21 MB (2.9%)
          4. code (PID 76013) - 391.2 MB (2.57%)
          5. chrome (PID 43899) - 380.47 MB (2.5%)
[96m------------------------------------------------------------[0m
[1m[ DISK ][0m Used: [92m20.92 GB (2.28%)[0m | Free: 894.91 GB | Total: 915.83 GB
         [93mI/O:[0m Read 0.0 MB/s | Write 1.02 MB/s | Activity: 0.2%
[96m------------------------------------------------------------[0m
[1m[ NET ][0m Upload: 0.0 MB/s | Download: 0.02 MB/s
[96m------------------------------------------------------------[0m
[1m[ BATTERY ][0m [92m98.19%[0m (Charging/Plugged in)
[1m[96m============================================================[0m
[1m[92mData logged to 2026_logs/2026-09-28.jsonl... (Press Ctrl+C to stop)[0m
[1m[96m============================================================[0m
[1mSYSTEM MONITOR V2[0m | Time: 2026-09-28 14:51:42
[96m------------------------------------------------------------[0m
[1m[ CPU ][0m Used: [92m1.6%[0m | Free: 98.4%
[96m------------------------------------------------------------[0m
[1m[ RAM ][0m Used: [92m6.49 GB (43.7%)[0m | Available: 8.36 GB | Total: 14.84 GB
[1m[ SWAP ][0m Used: 0.0 GB (0.0%) | Free: 4.0 GB | Total: 4.0 GB
        [93mTop 5 RAM Processes (Logged 10):[0m
          1. chrome (PID 7552) - 765.51 MB (5.04%)
          2. chrome (PID 6787) - 547.36 MB (3.6%)
          3. gnome-shell (PID 4411) - 441.21 MB (2.9%)
          4. code (PID 76013) - 392.98 MB (2.59%)
          5. chrome (PID 43899) - 380.47 MB (2.5%)
[96m------------------------------------------------------------[0m
[1m[ DISK ][0m Used: [92m20.92 GB (2.28%)[0m | Free: 894.91 GB | Total: 915.83 GB
         [93mI/O:[0m Read 0.0 MB/s | Write 0.03 MB/s | Activity: 0.88%
[96m------------------------------------------------------------[0m
[1m[ NET ][0m Upload: 0.0 MB/s | Download: 0.0 MB/s
[96m------------------------------------------------------------[0m
[1m[ BATTERY ][0m [92m98.19%[0m (Charging/Plugged in)
[1m[96m============================================================[0m
[1m[92mData logged to 2026_logs/2026-09-28.jsonl... (Press Ctrl+C to stop)[0m
[1m[96m============================================================[0m
[1mSYSTEM MONITOR V2[0m | Time: 2026-09-28 14:51:47
[96m------------------------------------------------------------[0m
[1m[ CPU ][0m Used: [92m1.6%[0m | Free: 98.4%
[96m------------------------------------------------------------[0m
[1m[ RAM ][0m Used: [92m6.45 GB (43.5%)[0m | Available: 8.39 GB | Total: 14.84 GB
[1m[ SWAP ][0m Used: 0.0 GB (0.0%) | Free: 4.0 GB | Total: 4.0 GB
        [93mTop 5 RAM Processes (Logged 10):[0m
          1. chrome (PID 7552) - 765.51 MB (5.04%)
          2. chrome (PID 6787) - 547.13 MB (3.6%)
          3. gnome-shell (PID 4411) - 441.21 MB (2.9%)
          4. code (PID 76013) - 395.2 MB (2.6%)
          5. chrome (PID 43899) - 374.65 MB (2.46%)
[96m------------------------------------------------------------[0m
[1m[ DISK ][0m Used: [92m20.92 GB (2.28%)[0m | Free: 894.91 GB | Total: 915.83 GB
         [93mI/O:[0m Read 0.0 MB/s | Write 0.01 MB/s | Activity: 0.8%
[96m------------------------------------------------------------[0m
[1m[ NET ][0m Upload: 0.0 MB/s | Download: 0.0 MB/s
[96m------------------------------------------------------------[0m
[1m[ BATTERY ][0m [92m98.19%[0m (Charging/Plugged in)
[1m[96m============================================================[0m
[1m[92mData logged to 2026_logs/2026-09-28.jsonl... (Press Ctrl+C to stop)[0m
[1m[96m============================================================[0m
[1mSYSTEM MONITOR V2[0m | Time: 2026-09-28 14:51:52
[96m------------------------------------------------------------[0m
[1m[ CPU ][0m Used: [92m2.1%[0m | Free: 97.9%
[96m------------------------------------------------------------[0m
[1m[ RAM ][0m Used: [92m6.45 GB (43.5%)[0m | Available: 8.39 GB | Total: 14.84 GB
[1m[ SWAP ][0m Used: 0.0 GB (0.0%) | Free: 4.0 GB | Total: 4.0 GB
        [93mTop 5 RAM Processes (Logged 10):[0m
          1. chrome (PID 7552) - 770.98 MB (5.07%)
          2. chrome (PID 6787) - 546.73 MB (3.6%)
          3. gnome-shell (PID 4411) - 441.21 MB (2.9%)
          4. code (PID 76013) - 392.38 MB (2.58%)
          5. chrome (PID 43899) - 374.65 MB (2.46%)
[96m------------------------------------------------------------[0m
[1m[ DISK ][0m Used: [92m20.92 GB (2.28%)[0m | Free: 894.91 GB | Total: 915.83 GB
         [93mI/O:[0m Read 0.0 MB/s | Write 0.04 MB/s | Activity: 1.71%
[96m------------------------------------------------------------[0m
[1m[ NET ][0m Upload: 0.0 MB/s | Download: 0.01 MB/s
[96m------------------------------------------------------------[0m
[1m[ BATTERY ][0m [92m98.19%[0m (Charging/Plugged in)
[1m[96m============================================================[0m
[1m[92mData logged to 2026_logs/2026-09-28.jsonl... (Press Ctrl+C to stop)[0m
[1m[96m============================================================[0m
[1mSYSTEM MONITOR V2[0m | Time: 2026-09-28 14:51:57
[96m------------------------------------------------------------[0m
[1m[ CPU ][0m Used: [92m1.5%[0m | Free: 98.5%
[96m------------------------------------------------------------[0m
[1m[ RAM ][0m Used: [92m6.44 GB (43.4%)[0m | Available: 8.4 GB | Total: 14.84 GB
[1m[ SWAP ][0m Used: 0.0 GB (0.0%) | Free: 4.0 GB | Total: 4.0 GB
        [93mTop 5 RAM Processes (Logged 10):[0m
          1. chrome (PID 7552) - 769.72 MB (5.06%)
          2. chrome (PID 6787) - 547.55 MB (3.6%)
          3. gnome-shell (PID 4411) - 441.27 MB (2.9%)
          4. code (PID 76013) - 395.45 MB (2.6%)
          5. chrome (PID 43899) - 371.79 MB (2.45%)
[96m------------------------------------------------------------[0m
[1m[ DISK ][0m Used: [92m20.92 GB (2.28%)[0m | Free: 894.91 GB | Total: 915.83 GB
         [93mI/O:[0m Read 0.0 MB/s | Write 0.57 MB/s | Activity: 0.23%
[96m------------------------------------------------------------[0m
[1m[ NET ][0m Upload: 0.0 MB/s | Download: 0.0 MB/s
[96m------------------------------------------------------------[0m
[1m[ BATTERY ][0m [92m98.19%[0m (Charging/Plugged in)
[1m[96m============================================================[0m
[1m[92mData logged to 2026_logs/2026-09-28.jsonl... (Press Ctrl+C to stop)[0m
[1m[96m============================================================[0m
[1mSYSTEM MONITOR V2[0m | Time: 2026-09-28 14:52:02
[96m------------------------------------------------------------[0m
[1m[ CPU ][0m Used: [92m1.4%[0m | Free: 98.6%
[96m------------------------------------------------------------[0m
[1m[ RAM ][0m Used: [92m6.45 GB (43.5%)[0m | Available: 8.39 GB | Total: 14.84 GB
[1m[ SWAP ][0m Used: 0.0 GB (0.0%) | Free: 4.0 GB | Total: 4.0 GB
        [93mTop 5 RAM Processes (Logged 10):[0m
          1. chrome (PID 7552) - 769.72 MB (5.06%)
          2. chrome (PID 6787) - 546.79 MB (3.6%)
          3. gnome-shell (PID 4411) - 441.27 MB (2.9%)
          4. code (PID 76013) - 397.32 MB (2.61%)
          5. chrome (PID 43899) - 371.79 MB (2.45%)
[96m------------------------------------------------------------[0m
[1m[ DISK ][0m Used: [92m20.92 GB (2.28%)[0m | Free: 894.91 GB | Total: 915.83 GB
         [93mI/O:[0m Read 0.0 MB/s | Write 0.02 MB/s | Activity: 0.08%
[96m------------------------------------------------------------[0m
[1m[ NET ][0m Upload: 0.0 MB/s | Download: 0.0 MB/s
[96m------------------------------------------------------------[0m
[1m[ BATTERY ][0m [92m98.19%[0m (Charging/Plugged in)
[1m[96m============================================================[0m
[1m[92mData logged to 2026_logs/2026-09-28.jsonl... (Press Ctrl+C to stop)[0m
[1m[96m============================================================[0m
[1mSYSTEM MONITOR V2[0m | Time: 2026-09-28 14:52:08
[96m------------------------------------------------------------[0m
[1m[ CPU ][0m Used: [92m2.1%[0m | Free: 97.9%
[96m------------------------------------------------------------[0m
[1m[ RAM ][0m Used: [92m6.44 GB (43.4%)[0m | Available: 8.4 GB | Total: 14.84 GB
[1m[ SWAP ][0m Used: 0.0 GB (0.0%) | Free: 4.0 GB | Total: 4.0 GB
        [93mTop 5 RAM Processes (Logged 10):[0m
          1. chrome (PID 7552) - 766.31 MB (5.04%)
          2. chrome (PID 6787) - 546.73 MB (3.6%)
          3. gnome-shell (PID 4411) - 441.32 MB (2.9%)
          4. code (PID 76013) - 394.55 MB (2.6%)
          5. chrome (PID 43899) - 368.77 MB (2.43%)
[96m------------------------------------------------------------[0m
[1m[ DISK ][0m Used: [92m20.92 GB (2.28%)[0m | Free: 894.91 GB | Total: 915.83 GB
         [93mI/O:[0m Read 0.0 MB/s | Write 0.99 MB/s | Activity: 1.98%
[96m------------------------------------------------------------[0m
[1m[ NET ][0m Upload: 0.0 MB/s | Download: 0.0 MB/s
[96m------------------------------------------------------------[0m
[1m[ BATTERY ][0m [92m98.19%[0m (Charging/Plugged in)
[1m[96m============================================================[0m
[1m[92mData logged to 2026_logs/2026-09-28.jsonl... (Press Ctrl+C to stop)[0m
[1m[96m============================================================[0m
[1mSYSTEM MONITOR V2[0m | Time: 2026-09-28 14:52:13
[96m------------------------------------------------------------[0m
[1m[ CPU ][0m Used: [92m1.3%[0m | Free: 98.7%
[96m------------------------------------------------------------[0m
[1m[ RAM ][0m Used: [92m6.44 GB (43.4%)[0m | Available: 8.4 GB | Total: 14.84 GB
[1m[ SWAP ][0m Used: 0.0 GB (0.0%) | Free: 4.0 GB | Total: 4.0 GB
        [93mTop 5 RAM Processes (Logged 10):[0m
          1. chrome (PID 7552) - 766.32 MB (5.04%)
          2. chrome (PID 6787) - 546.68 MB (3.6%)
          3. gnome-shell (PID 4411) - 441.32 MB (2.9%)
          4. code (PID 76013) - 397.96 MB (2.62%)
          5. chrome (PID 43899) - 368.77 MB (2.43%)
[96m------------------------------------------------------------[0m
[1m[ DISK ][0m Used: [92m20.92 GB (2.28%)[0m | Free: 894.91 GB | Total: 915.83 GB
         [93mI/O:[0m Read 0.0 MB/s | Write 0.05 MB/s | Activity: 0.96%
[96m------------------------------------------------------------[0m
[1m[ NET ][0m Upload: 0.0 MB/s | Download: 0.0 MB/s
[96m------------------------------------------------------------[0m
[1m[ BATTERY ][0m [92m98.19%[0m (Charging/Plugged in)
[1m[96m============================================================[0m
[1m[92mData logged to 2026_logs/2026-09-28.jsonl... (Press Ctrl+C to stop)[0m
[1m[96m============================================================[0m
[1mSYSTEM MONITOR V2[0m | Time: 2026-09-28 14:52:18
[96m------------------------------------------------------------[0m
[1m[ CPU ][0m Used: [92m3.3%[0m | Free: 96.7%
[96m------------------------------------------------------------[0m
[1m[ RAM ][0m Used: [92m6.46 GB (43.5%)[0m | Available: 8.38 GB | Total: 14.84 GB
[1m[ SWAP ][0m Used: 0.0 GB (0.0%) | Free: 4.0 GB | Total: 4.0 GB
        [93mTop 5 RAM Processes (Logged 10):[0m
          1. chrome (PID 7552) - 776.18 MB (5.11%)
          2. chrome (PID 6787) - 546.91 MB (3.6%)
          3. gnome-shell (PID 4411) - 441.19 MB (2.9%)
          4. code (PID 76013) - 393.71 MB (2.59%)
          5. chrome (PID 43899) - 370.69 MB (2.44%)
[96m------------------------------------------------------------[0m
[1m[ DISK ][0m Used: [92m20.92 GB (2.28%)[0m | Free: 894.91 GB | Total: 915.83 GB
         [93mI/O:[0m Read 0.0 MB/s | Write 0.02 MB/s | Activity: 0.08%
[96m------------------------------------------------------------[0m
[1m[ NET ][0m Upload: 0.01 MB/s | Download: 0.0 MB/s
[96m------------------------------------------------------------[0m
[1m[ BATTERY ][0m [92m98.19%[0m (Charging/Plugged in)
[1m[96m============================================================[0m
[1m[92mData logged to 2026_logs/2026-09-28.jsonl... (Press Ctrl+C to stop)[0m
[1m[96m============================================================[0m
[1mSYSTEM MONITOR V2[0m | Time: 2026-09-28 14:52:23
[96m------------------------------------------------------------[0m
[1m[ CPU ][0m Used: [92m1.9%[0m | Free: 98.1%
[96m------------------------------------------------------------[0m
[1m[ RAM ][0m Used: [92m6.47 GB (43.6%)[0m | Available: 8.37 GB | Total: 14.84 GB
[1m[ SWAP ][0m Used: 0.0 GB (0.0%) | Free: 4.0 GB | Total: 4.0 GB
        [93mTop 5 RAM Processes (Logged 10):[0m
          1. chrome (PID 7552) - 776.18 MB (5.11%)
          2. chrome (PID 6787) - 546.84 MB (3.6%)
          3. gnome-shell (PID 4411) - 441.19 MB (2.9%)
          4. code (PID 76013) - 390.21 MB (2.57%)
          5. chrome (PID 43899) - 370.69 MB (2.44%)
[96m------------------------------------------------------------[0m
[1m[ DISK ][0m Used: [92m20.92 GB (2.28%)[0m | Free: 894.91 GB | Total: 915.83 GB
         [93mI/O:[0m Read 0.0 MB/s | Write 0.01 MB/s | Activity: 0.8%
[96m------------------------------------------------------------[0m
[1m[ NET ][0m Upload: 0.0 MB/s | Download: 0.0 MB/s
[96m------------------------------------------------------------[0m
[1m[ BATTERY ][0m [92m98.19%[0m (Charging/Plugged in)
[1m[96m============================================================[0m
[1m[92mData logged to 2026_logs/2026-09-28.jsonl... (Press Ctrl+C to stop)[0m
[1m[96m============================================================[0m
[1mSYSTEM MONITOR V2[0m | Time: 2026-09-28 14:52:28
[96m------------------------------------------------------------[0m
[1m[ CPU ][0m Used: [92m1.8%[0m | Free: 98.2%
[96m------------------------------------------------------------[0m
[1m[ RAM ][0m Used: [92m6.46 GB (43.6%)[0m | Available: 8.38 GB | Total: 14.84 GB
[1m[ SWAP ][0m Used: 0.0 GB (0.0%) | Free: 4.0 GB | Total: 4.0 GB
        [93mTop 5 RAM Processes (Logged 10):[0m
          1. chrome (PID 7552) - 775.2 MB (5.1%)
          2. chrome (PID 6787) - 546.8 MB (3.6%)
          3. gnome-shell (PID 4411) - 441.24 MB (2.9%)
          4. code (PID 76013) - 393.91 MB (2.59%)
          5. chrome (PID 43899) - 370.69 MB (2.44%)
[96m------------------------------------------------------------[0m
[1m[ DISK ][0m Used: [92m20.92 GB (2.28%)[0m | Free: 894.91 GB | Total: 915.83 GB
         [93mI/O:[0m Read 0.0 MB/s | Write 0.38 MB/s | Activity: 1.78%
[96m------------------------------------------------------------[0m
[1m[ NET ][0m Upload: 0.01 MB/s | Download: 0.0 MB/s
[96m------------------------------------------------------------[0m
[1m[ BATTERY ][0m [92m98.19%[0m (Charging/Plugged in)
[1m[96m============================================================[0m
[1m[92mData logged to 2026_logs/2026-09-28.jsonl... (Press Ctrl+C to stop)[0m
[1m[96m============================================================[0m
[1mSYSTEM MONITOR V2[0m | Time: 2026-09-28 14:52:33
[96m------------------------------------------------------------[0m
[1m[ CPU ][0m Used: [92m1.4%[0m | Free: 98.6%
[96m------------------------------------------------------------[0m
[1m[ RAM ][0m Used: [92m6.48 GB (43.6%)[0m | Available: 8.37 GB | Total: 14.84 GB
[1m[ SWAP ][0m Used: 0.0 GB (0.0%) | Free: 4.0 GB | Total: 4.0 GB
        [93mTop 5 RAM Processes (Logged 10):[0m
          1. chrome (PID 7552) - 775.2 MB (5.1%)
          2. chrome (PID 6787) - 546.59 MB (3.6%)
          3. gnome-shell (PID 4411) - 441.24 MB (2.9%)
          4. code (PID 76013) - 395.87 MB (2.6%)
          5. chrome (PID 43899) - 370.69 MB (2.44%)
[96m------------------------------------------------------------[0m
[1m[ DISK ][0m Used: [92m20.92 GB (2.28%)[0m | Free: 894.91 GB | Total: 915.83 GB
         [93mI/O:[0m Read 0.0 MB/s | Write 0.0 MB/s | Activity: 0.02%
[96m------------------------------------------------------------[0m
[1m[ NET ][0m Upload: 0.0 MB/s | Download: 0.0 MB/s
[96m------------------------------------------------------------[0m
[1m[ BATTERY ][0m [92m98.19%[0m (Charging/Plugged in)
[1m[96m============================================================[0m
[1m[92mData logged to 2026_logs/2026-09-28.jsonl... (Press Ctrl+C to stop)[0m
[1m[96m============================================================[0m
[1mSYSTEM MONITOR V2[0m | Time: 2026-09-28 14:52:38
[96m------------------------------------------------------------[0m
[1m[ CPU ][0m Used: [92m1.9%[0m | Free: 98.1%
[96m------------------------------------------------------------[0m
[1m[ RAM ][0m Used: [92m6.47 GB (43.6%)[0m | Available: 8.38 GB | Total: 14.84 GB
[1m[ SWAP ][0m Used: 0.0 GB (0.0%) | Free: 4.0 GB | Total: 4.0 GB
        [93mTop 5 RAM Processes (Logged 10):[0m
          1. chrome (PID 7552) - 779.1 MB (5.13%)
          2. chrome (PID 6787) - 546.54 MB (3.6%)
          3. gnome-shell (PID 4411) - 441.23 MB (2.9%)
          4. code (PID 76013) - 392.63 MB (2.58%)
          5. chrome (PID 43899) - 370.69 MB (2.44%)
[96m------------------------------------------------------------[0m
[1m[ DISK ][0m Used: [92m20.92 GB (2.28%)[0m | Free: 894.91 GB | Total: 915.83 GB
         [93mI/O:[0m Read 0.0 MB/s | Write 0.09 MB/s | Activity: 1.88%
[96m------------------------------------------------------------[0m
[1m[ NET ][0m Upload: 0.0 MB/s | Download: 0.0 MB/s[H[2J[3J[H[2J[3J[H[2J[3J[H[2J[3J[H[2J[3J[H[2J[3J[H[2J[3J[H[2J[3J[H[2J[3J[H[2J[3J[H[2J[3J[H[2J[3J[H[2J[3J[H[2J[3J[H[2J[3J[H[2J[3J[H[2J[3J[H[2J[3J[H[2J[3J[H[2J[3J[H[2J[3J[H[2J[3J[H[2J[3J[H[2J[3J[H[2J[3J[H[2J[3J[H[2J[3J