Initializing System Monitor V2...
[1m[96m============================================================[0m
[1mSYSTEM MONITOR V2[0m | Time: 2026-10-01 12:28:06
[96m------------------------------------------------------------[0m
[1m[ CPU ][0m Used: [92m14.2%[0m | Free: 85.8%
        [93mTop 5 (Logged 10):[0m code (8.4%), code (2.41%)
[96m------------------------------------------------------------[0m
[1m[ RAM ][0m Used: [92m7.77 GB (52.4%)[0m | Available: 7.07 GB | Total: 14.84 GB
[1m[ SWAP ][0m Used: 0.0 GB (0.0%) | Free: 4.0 GB | Total: 4.0 GB
        [93mTop 5 RAM Processes (Logged 10):[0m
          1. code (PID 8252) - 696.43 MB (4.58%)
          2. chrome (PID 7112) - 672.93 MB (4.43%)
          3. code (PID 11526) - 668.32 MB (4.4%)
          4. code (PID 8588) - 628.86 MB (4.14%)
          5. chrome (PID 6354) - 533.26 MB (3.51%)
[96m------------------------------------------------------------[0m
[1m[ DISK ][0m Used: [92m24.06 GB (2.63%)[0m | Free: 891.77 GB | Total: 915.83 GB
         [93mI/O:[0m Read 0.0 MB/s | Write 0.56 MB/s | Activity: 1.78%
[96m------------------------------------------------------------[0m
[1m[ NET ][0m Upload: 0.01 MB/s | Download: 0.0 MB/s
[96m------------------------------------------------------------[0m
[1m[ BATTERY ][0m [92m99.3%[0m (Charging/Plugged in)
[1m[96m============================================================[0m
[1m[92mData logged to 2026_logs/2026-10-01.jsonl... (Press Ctrl+C to stop)[0m
[1m[96m============================================================[0m
[1mSYSTEM MONITOR V2[0m | Time: 2026-10-01 12:28:11
[96m------------------------------------------------------------[0m
[1m[ CPU ][0m Used: [92m9.1%[0m | Free: 90.9%
        [93mTop 5 (Logged 10):[0m code (3.98%)
[96m------------------------------------------------------------[0m
[1m[ RAM ][0m Used: [92m7.76 GB (52.3%)[0m | Available: 7.08 GB | Total: 14.84 GB
[1m[ SWAP ][0m Used: 0.0 GB (0.0%) | Free: 4.0 GB | Total: 4.0 GB
        [93mTop 5 RAM Processes (Logged 10):[0m
          1. code (PID 8252) - 713.75 MB (4.7%)
          2. code (PID 11526) - 668.45 MB (4.4%)
          3. chrome (PID 7112) - 665.5 MB (4.38%)
          4. code (PID 8588) - 592.72 MB (3.9%)
          5. chrome (PID 6354) - 533.05 MB (3.51%)
[96m------------------------------------------------------------[0m
[1m[ DISK ][0m Used: [92m24.06 GB (2.63%)[0m | Free: 891.77 GB | Total: 915.83 GB
         [93mI/O:[0m Read 0.0 MB/s | Write 0.02 MB/s | Activity: 0.84%
[96m------------------------------------------------------------[0m
[1m[ NET ][0m Upload: 0.0 MB/s | Download: 0.0 MB/s
[96m------------------------------------------------------------[0m
[1m[ BATTERY ][0m [92m99.3%[0m (Charging/Plugged in)
[1m[96m============================================================[0m
[1m[92mData logged to 2026_logs/2026-10-01.jsonl... (Press Ctrl+C to stop)[0m
[1m[96m============================================================[0m
[1mSYSTEM MONITOR V2[0m | Time: 2026-10-01 12:28:16
[96m------------------------------------------------------------[0m
[1m[ CPU ][0m Used: [92m12.0%[0m | Free: 88.0%
        [93mTop 5 (Logged 10):[0m code (5.96%), code (2.74%)
[96m------------------------------------------------------------[0m
[1m[ RAM ][0m Used: [92m7.97 GB (53.7%)[0m | Available: 6.87 GB | Total: 14.84 GB
[1m[ SWAP ][0m Used: 0.0 GB (0.0%) | Free: 4.0 GB | Total: 4.0 GB
        [93mTop 5 RAM Processes (Logged 10):[0m
          1. code (PID 8252) - 886.82 MB (5.83%)
          2. code (PID 11526) - 668.57 MB (4.4%)
          3. chrome (PID 7112) - 665.5 MB (4.38%)
          4. code (PID 8588) - 611.52 MB (4.02%)
          5. chrome (PID 6354) - 533.05 MB (3.51%)
[96m------------------------------------------------------------[0m
[1m[ DISK ][0m Used: [92m24.06 GB (2.63%)[0m | Free: 891.77 GB | Total: 915.83 GB
         [93mI/O:[0m Read 0.0 MB/s | Write 0.01 MB/s | Activity: 0.82%
[96m------------------------------------------------------------[0m
[1m[ NET ][0m Upload: 0.0 MB/s | Download: 0.0 MB/s
[96m------------------------------------------------------------[0m
[1m[ BATTERY ][0m [92m99.3%[0m (Charging/Plugged in)
[1m[96m============================================================[0m
[1m[92mData logged to 2026_logs/2026-10-01.jsonl... (Press Ctrl+C to stop)[0m
[1m[96m============================================================[0m
[1mSYSTEM MONITOR V2[0m | Time: 2026-10-01 12:28:21
[96m------------------------------------------------------------[0m
[1m[ CPU ][0m Used: [92m7.8%[0m | Free: 92.2%
        [93mTop 5 (Logged 10):[0m code (4.32%)
[96m------------------------------------------------------------[0m
[1m[ RAM ][0m Used: [92m8.06 GB (54.3%)[0m | Available: 6.78 GB | Total: 14.84 GB
[1m[ SWAP ][0m Used: 0.0 GB (0.0%) | Free: 4.0 GB | Total: 4.0 GB
        [93mTop 5 RAM Processes (Logged 10):[0m
          1. code (PID 8252) - 960.79 MB (6.32%)
          2. code (PID 11526) - 668.72 MB (4.4%)
          3. chrome (PID 7112) - 665.51 MB (4.38%)
          4. code (PID 8588) - 613.05 MB (4.03%)
          5. chrome (PID 6354) - 533.05 MB (3.51%)
[96m------------------------------------------------------------[0m
[1m[ DISK ][0m Used: [92m24.06 GB (2.63%)[0m | Free: 891.77 GB | Total: 915.83 GB
         [93mI/O:[0m Read 0.0 MB/s | Write 0.03 MB/s | Activity: 0.96%
[96m------------------------------------------------------------[0m
[1m[ NET ][0m Upload: 0.01 MB/s | Download: 0.0 MB/s
[96m------------------------------------------------------------[0m
[1m[ BATTERY ][0m [92m99.3%[0m (Charging/Plugged in)
[1m[96m============================================================[0m
[1m[92mData logged to 2026_logs/2026-10-01.jsonl... (Press Ctrl+C to stop)[0m
[1m[96m============================================================[0m
[1mSYSTEM MONITOR V2[0m | Time: 2026-10-01 12:28:26
[96m------------------------------------------------------------[0m
[1m[ CPU ][0m Used: [92m8.1%[0m | Free: 91.9%
        [93mTop 5 (Logged 10):[0m code (2.91%)
[96m------------------------------------------------------------[0m
[1m[ RAM ][0m Used: [92m7.97 GB (53.7%)[0m | Available: 6.87 GB | Total: 14.84 GB
[1m[ SWAP ][0m Used: 0.0 GB (0.0%) | Free: 4.0 GB | Total: 4.0 GB
        [93mTop 5 RAM Processes (Logged 10):[0m
          1. code (PID 8252) - 864.44 MB (5.69%)
          2. chrome (PID 7112) - 689.5 MB (4.54%)
          3. code (PID 11526) - 668.05 MB (4.4%)
          4. code (PID 8588) - 617.58 MB (4.06%)
          5. chrome (PID 6354) - 533.4 MB (3.51%)
[96m------------------------------------------------------------[0m
[1m[ DISK ][0m Used: [92m24.06 GB (2.63%)[0m | Free: 891.77 GB | Total: 915.83 GB
         [93mI/O:[0m Read 0.0 MB/s | Write 0.08 MB/s | Activity: 1.07%
[96m------------------------------------------------------------[0m
[1m[ NET ][0m Upload: 0.01 MB/s | Download: 0.01 MB/s
[96m------------------------------------------------------------[0m
[1m[ BATTERY ][0m [92m99.3%[0m (Charging/Plugged in)
[1m[96m============================================================[0m
[1m[92mData logged to 2026_logs/2026-10-01.jsonl... (Press Ctrl+C to stop)[0m
[1m[96m============================================================[0m
[1mSYSTEM MONITOR V2[0m | Time: 2026-10-01 12:28:31
[96m------------------------------------------------------------[0m
[1m[ CPU ][0m Used: [92m3.1%[0m | Free: 96.9%
[96m------------------------------------------------------------[0m
[1m[ RAM ][0m Used: [92m7.88 GB (53.1%)[0m | Available: 6.96 GB | Total: 14.84 GB
[1m[ SWAP ][0m Used: 0.0 GB (0.0%) | Free: 4.0 GB | Total: 4.0 GB
        [93mTop 5 RAM Processes (Logged 10):[0m
          1. code (PID 8252) - 802.85 MB (5.28%)
          2. chrome (PID 7112) - 689.51 MB (4.54%)
          3. code (PID 11526) - 668.17 MB (4.4%)
          4. code (PID 8588) - 619.28 MB (4.07%)
          5. chrome (PID 6354) - 537.75 MB (3.54%)
[96m------------------------------------------------------------[0m
[1m[ DISK ][0m Used: [92m24.06 GB (2.63%)[0m | Free: 891.77 GB | Total: 915.83 GB
         [93mI/O:[0m Read 0.0 MB/s | Write 0.39 MB/s | Activity: 1.73%
[96m------------------------------------------------------------[0m
[1m[ NET ][0m Upload: 0.0 MB/s | Download: 0.01 MB/s
[96m------------------------------------------------------------[0m
[1m[ BATTERY ][0m [92m99.3%[0m (Charging/Plugged in)
[1m[96m============================================================[0m
[1m[92mData logged to 2026_logs/2026-10-01.jsonl... (Press Ctrl+C to stop)[0m
[1m[96m============================================================[0m
[1mSYSTEM MONITOR V2[0m | Time: 2026-10-01 12:28:36
[96m------------------------------------------------------------[0m
[1m[ CPU ][0m Used: [92m3.5%[0m | Free: 96.5%
[96m------------------------------------------------------------[0m
[1m[ RAM ][0m Used: [92m7.55 GB (50.9%)[0m | Available: 7.29 GB | Total: 14.84 GB
[1m[ SWAP ][0m Used: 0.0 GB (0.0%) | Free: 4.0 GB | Total: 4.0 GB
        [93mTop 5 RAM Processes (Logged 10):[0m
          1. chrome (PID 7112) - 689.87 MB (4.54%)
          2. code (PID 11526) - 668.3 MB (4.4%)
          3. code (PID 8588) - 621.07 MB (4.09%)
          4. chrome (PID 6354) - 534.5 MB (3.52%)
          5. code (PID 8252) - 451.24 MB (2.97%)
[96m------------------------------------------------------------[0m
[1m[ DISK ][0m Used: [92m24.06 GB (2.63%)[0m | Free: 891.77 GB | Total: 915.83 GB
         [93mI/O:[0m Read 0.0 MB/s | Write 0.57 MB/s | Activity: 0.4%
[96m------------------------------------------------------------[0m
[1m[ NET ][0m Upload: 0.01 MB/s | Download: 0.0 MB/s
[96m------------------------------------------------------------[0m
[1m[ BATTERY ][0m [92m99.3%[0m (Charging/Plugged in)
[1m[96m============================================================[0m
[1m[92mData logged to 2026_logs/2026-10-01.jsonl... (Press Ctrl+C to stop)[0m
[1m[96m============================================================[0m
[1mSYSTEM MONITOR V2[0m | Time: 2026-10-01 12:28:41
[96m------------------------------------------------------------[0m
[1m[ CPU ][0m Used: [92m4.6%[0m | Free: 95.4%
[96m------------------------------------------------------------[0m
[1m[ RAM ][0m Used: [92m7.53 GB (50.8%)[0m | Available: 7.31 GB | Total: 14.84 GB
[1m[ SWAP ][0m Used: 0.0 GB (0.0%) | Free: 4.0 GB | Total: 4.0 GB
        [93mTop 5 RAM Processes (Logged 10):[0m
          1. chrome (PID 7112) - 694.63 MB (4.57%)
          2. code (PID 11526) - 668.43 MB (4.4%)
          3. code (PID 8588) - 627.97 MB (4.13%)
          4. chrome (PID 6354) - 534.98 MB (3.52%)
          5. code (PID 8252) - 467.5 MB (3.08%)
[96m------------------------------------------------------------[0m
[1m[ DISK ][0m Used: [92m24.06 GB (2.63%)[0m | Free: 891.77 GB | Total: 915.83 GB
         [93mI/O:[0m Read 0.0 MB/s | Write 0.08 MB/s | Activity: 1.08%
[96m------------------------------------------------------------[0m
[1m[ NET ][0m Upload: 0.01 MB/s | Download: 0.02 MB/s
[96m------------------------------------------------------------[0m
[1m[ BATTERY ][0m [92m99.3%[0m (Charging/Plugged in)
[1m[96m============================================================[0m
[1m[92mData logged to 2026_logs/2026-10-01.jsonl... (Press Ctrl+C to stop)[0m
[1m[96m============================================================[0m
[1mSYSTEM MONITOR V2[0m | Time: 2026-10-01 12:28:46
[96m------------------------------------------------------------[0m
[1m[ CPU ][0m Used: [92m3.4%[0m | Free: 96.6%
[96m------------------------------------------------------------[0m
[1m[ RAM ][0m Used: [92m7.53 GB (50.7%)[0m | Available: 7.31 GB | Total: 14.84 GB
[1m[ SWAP ][0m Used: 0.0 GB (0.0%) | Free: 4.0 GB | Total: 4.0 GB
        [93mTop 5 RAM Processes (Logged 10):[0m
          1. chrome (PID 7112) - 693.77 MB (4.56%)
          2. code (PID 11526) - 668.56 MB (4.4%)
          3. code (PID 8588) - 628.51 MB (4.14%)
          4. chrome (PID 6354) - 533.21 MB (3.51%)
          5. code (PID 8252) - 456.92 MB (3.01%)
[96m------------------------------------------------------------[0m
[1m[ DISK ][0m Used: [92m24.06 GB (2.63%)[0m | Free: 891.77 GB | Total: 915.83 GB
         [93mI/O:[0m Read 0.0 MB/s | Write 0.03 MB/s | Activity: 0.08%
[96m------------------------------------------------------------[0m
[1m[ NET ][0m Upload: 0.0 MB/s | Download: 0.0 MB/s
[96m------------------------------------------------------------[0m
[1m[ BATTERY ][0m [92m99.3%[0m (Charging/Plugged in)
[1m[96m============================================================[0m
[1m[92mData logged to 2026_logs/2026-10-01.jsonl... (Press Ctrl+C to stop)[0m
[1m[96m============================================================[0m
[1mSYSTEM MONITOR V2[0m | Time: 2026-10-01 12:28:51
[96m------------------------------------------------------------[0m
[1m[ CPU ][0m Used: [92m3.3%[0m | Free: 96.7%
[96m------------------------------------------------------------[0m
[1m[ RAM ][0m Used: [92m7.54 GB (50.8%)[0m | Available: 7.3 GB | Total: 14.84 GB
[1m[ SWAP ][0m Used: 0.0 GB (0.0%) | Free: 4.0 GB | Total: 4.0 GB
        [93mTop 5 RAM Processes (Logged 10):[0m
          1. chrome (PID 7112) - 693.77 MB (4.56%)
          2. code (PID 11526) - 668.69 MB (4.4%)
          3. code (PID 8588) - 629.2 MB (4.14%)
          4. chrome (PID 6354) - 533.41 MB (3.51%)
          5. code (PID 8252) - 457.43 MB (3.01%)
[96m------------------------------------------------------------[0m
[1m[ DISK ][0m Used: [92m24.06 GB (2.63%)[0m | Free: 891.77 GB | Total: 915.83 GB
         [93mI/O:[0m Read 0.0 MB/s | Write 0.02 MB/s | Activity: 0.79%
[96m------------------------------------------------------------[0m
[1m[ NET ][0m Upload: 0.0 MB/s | Download: 0.0 MB/s
[96m------------------------------------------------------------[0m
[1m[ BATTERY ][0m [92m99.3%[0m (Charging/Plugged in)
[1m[96m============================================================[0m
[1m[92mData logged to 2026_logs/2026-10-01.jsonl... (Press Ctrl+C to stop)[0m
[1m[96m============================================================[0m
[1mSYSTEM MONITOR V2[0m | Time: 2026-10-01 12:28:56
[96m------------------------------------------------------------[0m
[1m[ CPU ][0m Used: [92m3.2%[0m | Free: 96.8%
[96m------------------------------------------------------------[0m
[1m[ RAM ][0m Used: [92m7.48 GB (50.4%)[0m | Available: 7.36 GB | Total: 14.84 GB
[1m[ SWAP ][0m Used: 0.0 GB (0.0%) | Free: 4.0 GB | Total: 4.0 GB
        [93mTop 5 RAM Processes (Logged 10):[0m
          1. chrome (PID 7112) - 679.6 MB (4.47%)
          2. code (PID 11526) - 668.88 MB (4.4%)
          3. code (PID 8588) - 631.06 MB (4.15%)
          4. chrome (PID 6354) - 533.52 MB (3.51%)
          5. code (PID 8252) - 458.37 MB (3.02%)
[96m------------------------------------------------------------[0m
[1m[ DISK ][0m Used: [92m24.06 GB (2.63%)[0m | Free: 891.77 GB | Total: 915.83 GB
         [93mI/O:[0m Read 0.0 MB/s | Write 0.06 MB/s | Activity: 2.4%
[96m------------------------------------------------------------[0m
[1m[ NET ][0m Upload: 0.0 MB/s | Download: 0.01 MB/s
[96m------------------------------------------------------------[0m
[1m[ BATTERY ][0m [92m99.3%[0m (Charging/Plugged in)
[1m[96m============================================================[0m
[1m[92mData logged to 2026_logs/2026-10-01.jsonl... (Press Ctrl+C to stop)[0m
[1m[96m============================================================[0m
[1mSYSTEM MONITOR V2[0m | Time: 2026-10-01 12:29:01
[96m------------------------------------------------------------[0m
[1m[ CPU ][0m Used: [92m2.5%[0m | Free: 97.5%
[96m------------------------------------------------------------[0m
[1m[ RAM ][0m Used: [92m7.47 GB (50.3%)[0m | Available: 7.37 GB | Total: 14.84 GB
[1m[ SWAP ][0m Used: 0.0 GB (0.0%) | Free: 4.0 GB | Total: 4.0 GB
        [93mTop 5 RAM Processes (Logged 10):[0m
          1. chrome (PID 7112) - 677.18 MB (4.46%)
          2. code (PID 11526) - 668.12 MB (4.4%)
          3. code (PID 8588) - 622.18 MB (4.09%)
          4. chrome (PID 6354) - 533.15 MB (3.51%)
          5. code (PID 8252) - 458.96 MB (3.02%)
[96m------------------------------------------------------------[0m
[1m[ DISK ][0m Used: [92m24.06 GB (2.63%)[0m | Free: 891.77 GB | Total: 915.83 GB
         [93mI/O:[0m Read 0.0 MB/s | Write 0.39 MB/s | Activity: 0.16%
[96m------------------------------------------------------------[0m
[1m[ NET ][0m Upload: 0.0 MB/s | Download: 0.0 MB/s
[96m------------------------------------------------------------[0m
[1m[ BATTERY ][0m [92m99.3%[0m (Charging/Plugged in)
[1m[96m============================================================[0m
[1m[92mData logged to 2026_logs/2026-10-01.jsonl... (Press Ctrl+C to stop)[0m
[1m[96m============================================================[0m
[1mSYSTEM MONITOR V2[0m | Time: 2026-10-01 12:29:06
[96m------------------------------------------------------------[0m
[1m[ CPU ][0m Used: [92m3.0%[0m | Free: 97.0%
[96m------------------------------------------------------------[0m
[1m[ RAM ][0m Used: [92m7.49 GB (50.5%)[0m | Available: 7.35 GB | Total: 14.84 GB
[1m[ SWAP ][0m Used: 0.0 GB (0.0%) | Free: 4.0 GB | Total: 4.0 GB
        [93mTop 5 RAM Processes (Logged 10):[0m
          1. chrome (PID 7112) - 677.18 MB (4.46%)
          2. code (PID 11526) - 668.25 MB (4.4%)
          3. code (PID 8588) - 622.27 MB (4.09%)
          4. chrome (PID 6354) - 533.28 MB (3.51%)
          5. code (PID 8252) - 460.79 MB (3.03%)
[96m------------------------------------------------------------[0m
[1m[ DISK ][0m Used: [92m24.06 GB (2.63%)[0m | Free: 891.77 GB | Total: 915.83 GB
         [93mI/O:[0m Read 0.0 MB/s | Write 0.1 MB/s | Activity: 1.06%
[96m------------------------------------------------------------[0m
[1m[ NET ][0m Upload: 0.0 MB/s | Download: 0.0 MB/s
[96m------------------------------------------------------------[0m
[1m[ BATTERY ][0m [92m99.3%[0m (Charging/Plugged in)
[1m[96m============================================================[0m
[1m[92mData logged to 2026_logs/2026-10-01.jsonl... (Press Ctrl+C to stop)[0m
[1m[96m============================================================[0m
[1mSYSTEM MONITOR V2[0m | Time: 2026-10-01 12:29:12
[96m------------------------------------------------------------[0m
[1m[ CPU ][0m Used: [92m3.1%[0m | Free: 96.9%
[96m------------------------------------------------------------[0m
[1m[ RAM ][0m Used: [92m7.47 GB (50.3%)[0m | Available: 7.38 GB | Total: 14.84 GB
[1m[ SWAP ][0m Used: 0.0 GB (0.0%) | Free: 4.0 GB | Total: 4.0 GB
        [93mTop 5 RAM Processes (Logged 10):[0m
          1. chrome (PID 7112) - 670.72 MB (4.41%)
          2. code (PID 11526) - 668.37 MB (4.4%)
          3. code (PID 8588) - 609.79 MB (4.01%)
          4. chrome (PID 6354) - 533.3 MB (3.51%)
          5. code (PID 8252) - 462.87 MB (3.05%)
[96m------------------------------------------------------------[0m
[1m[ DISK ][0m Used: [92m24.06 GB (2.63%)[0m | Free: 891.77 GB | Total: 915.83 GB
         [93mI/O:[0m Read 0.0 MB/s | Write 0.07 MB/s | Activity: 1.87%
[96m------------------------------------------------------------[0m
[1m[ NET ][0m Upload: 0.01 MB/s | Download: 0.0 MB/s
[96m------------------------------------------------------------[0m
[1m[ BATTERY ][0m [92m99.3%[0m (Charging/Plugged in)
[1m[96m============================================================[0m
[1m[92mData logged to 2026_logs/2026-10-01.jsonl... (Press Ctrl+C to stop)[0m
[1m[96m============================================================[0m
[1mSYSTEM MONITOR V2[0m | Time: 2026-10-01 12:29:17
[96m------------------------------------------------------------[0m
[1m[ CPU ][0m Used: [92m2.5%[0m | Free: 97.5%
[96m------------------------------------------------------------[0m
[1m[ RAM ][0m Used: [92m7.46 GB (50.3%)[0m | Available: 7.38 GB | Total: 14.84 GB
[1m[ SWAP ][0m Used: 0.0 GB (0.0%) | Free: 4.0 GB | Total: 4.0 GB
        [93mTop 5 RAM Processes (Logged 10):[0m
          1. chrome (PID 7112) - 670.72 MB (4.41%)
          2. code (PID 11526) - 668.5 MB (4.4%)
          3. code (PID 8588) - 607.34 MB (4.0%)
          4. chrome (PID 6354) - 533.33 MB (3.51%)
          5. code (PID 8252) - 463.4 MB (3.05%)
[96m------------------------------------------------------------[0m
[1m[ DISK ][0m Used: [92m24.06 GB (2.63%)[0m | Free: 891.77 GB | Total: 915.83 GB
         [93mI/O:[0m Read 0.0 MB/s | Write 0.02 MB/s | Activity: 0.1%
[96m------------------------------------------------------------[0m
[1m[ NET ][0m Upload: 0.0 MB/s | Download: 0.0 MB/s
[96m------------------------------------------------------------[0m
[1m[ BATTERY ][0m [92m99.3%[0m (Charging/Plugged in)
[1m[96m============================================================[0m
[1m[92mData logged to 2026_logs/2026-10-01.jsonl... (Press Ctrl+C to stop)[0m
[1m[96m============================================================[0m
[1mSYSTEM MONITOR V2[0m | Time: 2026-10-01 12:29:22
[96m------------------------------------------------------------[0m
[1m[ CPU ][0m Used: [92m4.4%[0m | Free: 95.6%
[96m------------------------------------------------------------[0m
[1m[ RAM ][0m Used: [92m7.51 GB (50.6%)[0m | Available: 7.34 GB | Total: 14.84 GB
[1m[ SWAP ][0m Used: 0.0 GB (0.0%) | Free: 4.0 GB | Total: 4.0 GB
        [93mTop 5 RAM Processes (Logged 10):[0m
          1. chrome (PID 7112) - 694.21 MB (4.57%)
          2. code (PID 11526) - 668.62 MB (4.4%)
          3. code (PID 8588) - 607.3 MB (4.0%)
          4. chrome (PID 6354) - 536.34 MB (3.53%)
          5. code (PID 8252) - 465.72 MB (3.06%)
[96m------------------------------------------------------------[0m
[1m[ DISK ][0m Used: [92m24.06 GB (2.63%)[0m | Free: 891.77 GB | Total: 915.83 GB
         [93mI/O:[0m Read 0.0 MB/s | Write 0.46 MB/s | Activity: 1.89%
[96m------------------------------------------------------------[0m
[1m[ NET ][0m Upload: 0.01 MB/s | Download: 0.01 MB/s
[96m------------------------------------------------------------[0m
[1m[ BATTERY ][0m [92m99.3%[0m (Charging/Plugged in)
[1m[96m============================================================[0m
[1m[92mData logged to 2026_logs/2026-10-01.jsonl... (Press Ctrl+C to stop)[0m
[1m[96m============================================================[0m
[1mSYSTEM MONITOR V2[0m | Time: 2026-10-01 12:29:27
[96m------------------------------------------------------------[0m
[1m[ CPU ][0m Used: [92m2.7%[0m | Free: 97.3%
[96m------------------------------------------------------------[0m
[1m[ RAM ][0m Used: [92m7.51 GB (50.6%)[0m | Available: 7.33 GB | Total: 14.84 GB
[1m[ SWAP ][0m Used: 0.0 GB (0.0%) | Free: 4.0 GB | Total: 4.0 GB
        [93mTop 5 RAM Processes (Logged 10):[0m
          1. chrome (PID 7112) - 694.19 MB (4.57%)
          2. code (PID 11526) - 668.76 MB (4.4%)
          3. code (PID 8588) - 607.32 MB (4.0%)
          4. chrome (PID 6354) - 535.07 MB (3.52%)
          5. code (PID 8252) - 467.04 MB (3.07%)
[96m------------------------------------------------------------[0m
[1m[ DISK ][0m Used: [92m24.06 GB (2.63%)[0m | Free: 891.77 GB | Total: 915.83 GB
         [93mI/O:[0m Read 0.0 MB/s | Write 0.02 MB/s | Activity: 0.9%
[96m------------------------------------------------------------[0m
[1m[ NET ][0m Upload: 0.0 MB/s | Download: 0.01 MB/s
[96m------------------------------------------------------------[0m
[1m[ BATTERY ][0m [92m99.3%[0m (Charging/Plugged in)
[1m[96m============================================================[0m
[1m[92mData logged to 2026_logs/2026-10-01.jsonl... (Press Ctrl+C to stop)[0m
[1m[96m============================================================[0m
[1mSYSTEM MONITOR V2[0m | Time: 2026-10-01 12:29:32
[96m------------------------------------------------------------[0m
[1m[ CPU ][0m Used: [92m2.2%[0m | Free: 97.8%
[96m------------------------------------------------------------[0m
[1m[ RAM ][0m Used: [92m7.51 GB (50.6%)[0m | Available: 7.34 GB | Total: 14.84 GB
[1m[ SWAP ][0m Used: 0.0 GB (0.0%) | Free: 4.0 GB | Total: 4.0 GB
        [93mTop 5 RAM Processes (Logged 10):[0m
          1. chrome (PID 7112) - 694.2 MB (4.57%)
          2. code (PID 11526) - 668.89 MB (4.4%)
          3. code (PID 8588) - 607.33 MB (4.0%)
          4. chrome (PID 6354) - 534.23 MB (3.51%)
          5. code (PID 8252) - 468.44 MB (3.08%)
[96m------------------------------------------------------------[0m
[1m[ DISK ][0m Used: [92m24.06 GB (2.63%)[0m | Free: 891.77 GB | Total: 915.83 GB
         [93mI/O:[0m Read 0.0 MB/s | Write 0.57 MB/s | Activity: 0.92%
[96m------------------------------------------------------------[0m
[1m[ NET ][0m Upload: 0.02 MB/s | Download: 0.0 MB/s
[96m------------------------------------------------------------[0m
[1m[ BATTERY ][0m [92m99.3%[0m (Charging/Plugged in)
[1m[96m============================================================[0m
[1m[92mData logged to 2026_logs/2026-10-01.jsonl... (Press Ctrl+C to stop)[0m
[1m[96m============================================================[0m
[1mSYSTEM MONITOR V2[0m | Time: 2026-10-01 12:29:37
[96m------------------------------------------------------------[0m
[1m[ CPU ][0m Used: [92m3.2%[0m | Free: 96.8%
[96m------------------------------------------------------------[0m
[1m[ RAM ][0m Used: [92m7.54 GB (50.8%)[0m | Available: 7.31 GB | Total: 14.84 GB
[1m[ SWAP ][0m Used: 0.0 GB (0.0%) | Free: 4.0 GB | Total: 4.0 GB
        [93mTop 5 RAM Processes (Logged 10):[0m
          1. chrome (PID 7112) - 694.64 MB (4.57%)
          2. code (PID 11526) - 668.18 MB (4.4%)
          3. code (PID 8588) - 607.34 MB (4.0%)
          4. chrome (PID 6354) - 534.44 MB (3.52%)
          5. code (PID 8252) - 470.68 MB (3.1%)
[96m------------------------------------------------------------[0m
[1m[ DISK ][0m Used: [92m24.06 GB (2.63%)[0m | Free: 891.77 GB | Total: 915.83 GB
         [93mI/O:[0m Read 0.0 MB/s | Write 0.08 MB/s | Activity: 1.84%
[96m------------------------------------------------------------[0m
[1m[ NET ][0m Upload: 0.0 MB/s | Download: 0.0 MB/s
[96m------------------------------------------------------------[0m
[1m[ BATTERY ][0m [92m99.3%[0m (Charging/Plugged in)
[1m[96m============================================================[0m
[1m[92mData logged to 2026_logs/2026-10-01.jsonl... (Press Ctrl+C to stop)[0m
[1m[96m============================================================[0m
[1mSYSTEM MONITOR V2[0m | Time: 2026-10-01 12:29:42
[96m------------------------------------------------------------[0m
[1m[ CPU ][0m Used: [92m2.6%[0m | Free: 97.4%
[96m------------------------------------------------------------[0m
[1m[ RAM ][0m Used: [92m7.49 GB (50.5%)[0m | Available: 7.35 GB | Total: 14.84 GB
[1m[ SWAP ][0m Used: 0.0 GB (0.0%) | Free: 4.0 GB | Total: 4.0 GB
        [93mTop 5 RAM Processes (Logged 10):[0m
          1. chrome (PID 7112) - 693.42 MB (4.56%)
          2. code (PID 11526) - 668.32 MB (4.4%)
          3. code (PID 8588) - 607.3 MB (4.0%)
          4. chrome (PID 6354) - 534.42 MB (3.52%)
          5. code (PID 8252) - 471.91 MB (3.1%)
[96m------------------------------------------------------------[0m
[1m[ DISK ][0m Used: [92m24.06 GB (2.63%)[0m | Free: 891.77 GB | Total: 915.83 GB
         [93mI/O:[0m Read 0.0 MB/s | Write 0.1 MB/s | Activity: 1.17%
[96m------------------------------------------------------------[0m
[1m[ NET ][0m Upload: 0.0 MB/s | Download: 0.0 MB/s
[96m------------------------------------------------------------[0m
[1m[ BATTERY ][0m [92m99.3%[0m (Charging/Plugged in)
[1m[96m============================================================[0m
[1m[92mData logged to 2026_logs/2026-10-01.jsonl... (Press Ctrl+C to stop)[0m
[1m[96m============================================================[0m
[1mSYSTEM MONITOR V2[0m | Time: 2026-10-01 12:29:47
[96m------------------------------------------------------------[0m
[1m[ CPU ][0m Used: [92m2.7%[0m | Free: 97.3%
[96m------------------------------------------------------------[0m
[1m[ RAM ][0m Used: [92m7.5 GB (50.5%)[0m | Available: 7.34 GB | Total: 14.84 GB
[1m[ SWAP ][0m Used: 0.0 GB (0.0%) | Free: 4.0 GB | Total: 4.0 GB
        [93mTop 5 RAM Processes (Logged 10):[0m
          1. chrome (PID 7112) - 693.42 MB (4.56%)
          2. code (PID 11526) - 668.36 MB (4.4%)
          3. code (PID 8588) - 607.34 MB (4.0%)
          4. chrome (PID 6354) - 533.82 MB (3.51%)
          5. code (PID 8252) - 464.57 MB (3.06%)
[96m------------------------------------------------------------[0m
[1m[ DISK ][0m Used: [92m24.06 GB (2.63%)[0m | Free: 891.77 GB | Total: 915.83 GB
         [93mI/O:[0m Read 0.0 MB/s | Write 0.06 MB/s | Activity: 0.9%
[96m------------------------------------------------------------[0m
[1m[ NET ][0m Upload: 0.0 MB/s | Download: 0.0 MB/s
[96m------------------------------------------------------------[0m
[1m[ BATTERY ][0m [92m99.3%[0m (Charging/Plugged in)
[1m[96m============================================================[0m
[1m[92mData logged to 2026_logs/2026-10-01.jsonl... (Press Ctrl+C to stop)[0m
[1m[96m============================================================[0m
[1mSYSTEM MONITOR V2[0m | Time: 2026-10-01 12:29:52
[96m------------------------------------------------------------[0m
[1m[ CPU ][0m Used: [92m2.9%[0m | Free: 97.1%
[96m------------------------------------------------------------[0m
[1m[ RAM ][0m Used: [92m7.5 GB (50.5%)[0m | Available: 7.35 GB | Total: 14.84 GB
[1m[ SWAP ][0m Used: 0.0 GB (0.0%) | Free: 4.0 GB | Total: 4.0 GB
        [93mTop 5 RAM Processes (Logged 10):[0m
          1. chrome (PID 7112) - 678.62 MB (4.46%)
          2. code (PID 11526) - 668.09 MB (4.4%)
          3. code (PID 8588) - 608.03 MB (4.0%)
          4. chrome (PID 6354) - 533.86 MB (3.51%)
          5. code (PID 8252) - 462.72 MB (3.04%)
[96m------------------------------------------------------------[0m
[1m[ DISK ][0m Used: [92m24.06 GB (2.63%)[0m | Free: 891.77 GB | Total: 915.83 GB
         [93mI/O:[0m Read 0.0 MB/s | Write 0.35 MB/s | Activity: 0.12%
[96m------------------------------------------------------------[0m
[1m[ NET ][0m Upload: 0.0 MB/s | Download: 0.0 MB/s
[96m------------------------------------------------------------[0m
[1m[ BATTERY ][0m [92m99.3%[0m (Charging/Plugged in)
[1m[96m============================================================[0m
[1m[92mData logged to 2026_logs/2026-10-01.jsonl... (Press Ctrl+C to stop)[0m
[1m[96m============================================================[0m
[1mSYSTEM MONITOR V2[0m | Time: 2026-10-01 12:29:57
[96m------------------------------------------------------------[0m
[1m[ CPU ][0m Used: [92m2.2%[0m | Free: 97.8%
[96m------------------------------------------------------------[0m
[1m[ RAM ][0m Used: [92m7.47 GB (50.3%)[0m | Available: 7.37 GB | Total: 14.84 GB
[1m[ SWAP ][0m Used: 0.0 GB (0.0%) | Free: 4.0 GB | Total: 4.0 GB
        [93mTop 5 RAM Processes (Logged 10):[0m
          1. chrome (PID 7112) - 678.62 MB (4.46%)
          2. code (PID 11526) - 667.5 MB (4.39%)
          3. code (PID 8588) - 607.55 MB (4.0%)
          4. chrome (PID 6354) - 533.93 MB (3.51%)
          5. code (PID 8252) - 462.85 MB (3.05%)
[96m------------------------------------------------------------[0m
[1m[ DISK ][0m Used: [92m24.06 GB (2.63%)[0m | Free: 891.77 GB | Total: 915.83 GB
         [93mI/O:[0m Read 0.0 MB/s | Write 0.02 MB/s | Activity: 0.88%
[96m------------------------------------------------------------[0m
[1m[ NET ][0m Upload: 0.0 MB/s | Download: 0.0 MB/s
[96m------------------------------------------------------------[0m
[1m[ BATTERY ][0m [92m99.3%[0m (Charging/Plugged in)
[1m[96m============================================================[0m
[1m[92mData logged to 2026_logs/2026-10-01.jsonl... (Press Ctrl+C to stop)[0m
[1m[96m============================================================[0m
[1mSYSTEM MONITOR V2[0m | Time: 2026-10-01 12:30:02
[96m------------------------------------------------------------[0m
[1m[ CPU ][0m Used: [92m2.5%[0m | Free: 97.5%
[96m------------------------------------------------------------[0m
[1m[ RAM ][0m Used: [92m7.47 GB (50.4%)[0m | Available: 7.37 GB | Total: 14.84 GB
[1m[ SWAP ][0m Used: 0.0 GB (0.0%) | Free: 4.0 GB | Total: 4.0 GB
        [93mTop 5 RAM Processes (Logged 10):[0m
          1. chrome (PID 7112) - 672.34 MB (4.42%)
          2. code (PID 11526) - 667.57 MB (4.39%)
          3. code (PID 8588) - 607.55 MB (4.0%)
          4. chrome (PID 6354) - 533.76 MB (3.51%)
          5. code (PID 8252) - 463.41 MB (3.05%)
[96m------------------------------------------------------------[0m
[1m[ DISK ][0m Used: [92m24.06 GB (2.63%)[0m | Free: 891.77 GB | Total: 915.83 GB
         [93mI/O:[0m Read 0.0 MB/s | Write 0.43 MB/s | Activity: 0.9%
[96m------------------------------------------------------------[0m
[1m[ NET ][0m Upload: 0.0 MB/s | Download: 0.0 MB/s
[96m------------------------------------------------------------[0m
[1m[ BATTERY ][0m [92m99.3%[0m (Charging/Plugged in)
[1m[96m============================================================[0m
[1m[92mData logged to 2026_logs/2026-10-01.jsonl... (Press Ctrl+C to stop)[0m
[1m[96m============================================================[0m
[1mSYSTEM MONITOR V2[0m | Time: 2026-10-01 12:30:07
[96m------------------------------------------------------------[0m
[1m[ CPU ][0m Used: [92m2.6%[0m | Free: 97.4%
[96m------------------------------------------------------------[0m
[1m[ RAM ][0m Used: [92m7.47 GB (50.3%)[0m | Available: 7.37 GB | Total: 14.84 GB
[1m[ SWAP ][0m Used: 0.0 GB (0.0%) | Free: 4.0 GB | Total: 4.0 GB
        [93mTop 5 RAM Processes (Logged 10):[0m
          1. chrome (PID 7112) - 672.34 MB (4.42%)
          2. code (PID 11526) - 667.0 MB (4.39%)
          3. code (PID 8588) - 607.56 MB (4.0%)
          4. chrome (PID 6354) - 533.76 MB (3.51%)
          5. code (PID 8252) - 464.43 MB (3.06%)
[96m------------------------------------------------------------[0m
[1m[ DISK ][0m Used: [92m24.06 GB (2.63%)[0m | Free: 891.77 GB | Total: 915.83 GB
         [93mI/O:[0m Read 0.0 MB/s | Write 0.01 MB/s | Activity: 0.79%
[96m------------------------------------------------------------[0m
[1m[ NET ][0m Upload: 0.0 MB/s | Download: 0.0 MB/s
[96m------------------------------------------------------------[0m
[1m[ BATTERY ][0m [92m99.3%[0m (Charging/Plugged in)
[1m[96m============================================================[0m
[1m[92mData logged to 2026_logs/2026-10-01.jsonl... (Press Ctrl+C to stop)[0m
[1m[96m============================================================[0m
[1mSYSTEM MONITOR V2[0m | Time: 2026-10-01 12:30:13
[96m------------------------------------------------------------[0m
[1m[ CPU ][0m Used: [92m2.2%[0m | Free: 97.8%
[96m------------------------------------------------------------[0m
[1m[ RAM ][0m Used: [92m7.47 GB (50.3%)[0m | Available: 7.38 GB | Total: 14.84 GB
[1m[ SWAP ][0m Used: 0.0 GB (0.0%) | Free: 4.0 GB | Total: 4.0 GB
        [93mTop 5 RAM Processes (Logged 10):[0m
          1. code (PID 11526) - 666.07 MB (4.38%)
          2. chrome (PID 7112) - 662.6 MB (4.36%)
          3. code (PID 8588) - 607.56 MB (4.0%)
          4. chrome (PID 6354) - 533.83 MB (3.51%)
          5. code (PID 8252) - 465.58 MB (3.06%)
[96m------------------------------------------------------------[0m
[1m[ DISK ][0m Used: [92m24.06 GB (2.63%)[0m | Free: 891.77 GB | Total: 915.83 GB
         [93mI/O:[0m Read 0.0 MB/s | Write 0.03 MB/s | Activity: 0.88%
[96m------------------------------------------------------------[0m
[1m[ NET ][0m Upload: 0.0 MB/s | Download: 0.0 MB/s
[96m------------------------------------------------------------[0m
[1m[ BATTERY ][0m [92m99.3%[0m (Charging/Plugged in)
[1m[96m============================================================[0m
[1m[92mData logged to 2026_logs/2026-10-01.jsonl... (Press Ctrl+C to stop)[0m
[1m[96m============================================================[0m
[1mSYSTEM MONITOR V2[0m | Time: 2026-10-01 12:30:18
[96m------------------------------------------------------------[0m
[1m[ CPU ][0m Used: [92m2.1%[0m | Free: 97.9%
[96m------------------------------------------------------------[0m
[1m[ RAM ][0m Used: [92m7.46 GB (50.3%)[0m | Available: 7.38 GB | Total: 14.84 GB
[1m[ SWAP ][0m Used: 0.0 GB (0.0%) | Free: 4.0 GB | Total: 4.0 GB
        [93mTop 5 RAM Processes (Logged 10):[0m
          1. code (PID 11526) - 666.2 MB (4.38%)
          2. chrome (PID 7112) - 662.6 MB (4.36%)
          3. code (PID 8588) - 607.67 MB (4.0%)
          4. chrome (PID 6354) - 533.76 MB (3.51%)
          5. code (PID 8252) - 466.02 MB (3.07%)
[96m------------------------------------------------------------[0m
[1m[ DISK ][0m Used: [92m24.06 GB (2.63%)[0m | Free: 891.77 GB | Total: 915.83 GB
         [93mI/O:[0m Read 0.0 MB/s | Write 0.5 MB/s | Activity: 1.17%
[96m------------------------------------------------------------[0m
[1m[ NET ][0m Upload: 0.0 MB/s | Download: 0.0 MB/s
[96m------------------------------------------------------------[0m
[1m[ BATTERY ][0m [92m99.3%[0m (Charging/Plugged in)
[1m[96m============================================================[0m
[1m[92mData logged to 2026_logs/2026-10-01.jsonl... (Press Ctrl+C to stop)[0m
[1m[96m============================================================[0m
[1mSYSTEM MONITOR V2[0m | Time: 2026-10-01 12:30:23
[96m------------------------------------------------------------[0m
[1m[ CPU ][0m Used: [92m3.5%[0m | Free: 96.5%
[96m------------------------------------------------------------[0m
[1m[ RAM ][0m Used: [92m7.53 GB (50.7%)[0m | Available: 7.32 GB | Total: 14.84 GB
[1m[ SWAP ][0m Used: 0.0 GB (0.0%) | Free: 4.0 GB | Total: 4.0 GB
        [93mTop 5 RAM Processes (Logged 10):[0m
          1. chrome (PID 7112) - 690.63 MB (4.54%)
          2. code (PID 11526) - 666.31 MB (4.38%)
          3. code (PID 8588) - 608.36 MB (4.0%)
          4. chrome (PID 6354) - 536.83 MB (3.53%)
          5. code (PID 8252) - 467.12 MB (3.07%)
[96m------------------------------------------------------------[0m
[1m[ DISK ][0m Used: [92m24.06 GB (2.63%)[0m | Free: 891.77 GB | Total: 915.83 GB
         [93mI/O:[0m Read 0.0 MB/s | Write 0.09 MB/s | Activity: 0.25%
[96m------------------------------------------------------------[0m
[1m[ NET ][0m Upload: 0.01 MB/s | Download: 0.01 MB/s
[96m------------------------------------------------------------[0m
[1m[ BATTERY ][0m [92m99.3%[0m (Charging/Plugged in)
[1m[96m============================================================[0m
[1m[92mData logged to 2026_logs/2026-10-01.jsonl... (Press Ctrl+C to stop)[0m
[1m[96m============================================================[0m
[1mSYSTEM MONITOR V2[0m | Time: 2026-10-01 12:30:28
[96m------------------------------------------------------------[0m
[1m[ CPU ][0m Used: [92m3.2%[0m | Free: 96.8%
[96m------------------------------------------------------------[0m
[1m[ RAM ][0m Used: [92m7.53 GB (50.7%)[0m | Available: 7.31 GB | Total: 14.84 GB
[1m[ SWAP ][0m Used: 0.0 GB (0.0%) | Free: 4.0 GB | Total: 4.0 GB
        [93mTop 5 RAM Processes (Logged 10):[0m
          1. chrome (PID 7112) - 691.71 MB (4.55%)
          2. code (PID 11526) - 666.42 MB (4.38%)
          3. code (PID 8588) - 619.42 MB (4.08%)
          4. chrome (PID 6354) - 534.8 MB (3.52%)
          5. code (PID 8252) - 468.14 MB (3.08%)
[96m------------------------------------------------------------[0m
[1m[ DISK ][0m Used: [92m24.06 GB (2.63%)[0m | Free: 891.77 GB | Total: 915.83 GB
         [93mI/O:[0m Read 0.0 MB/s | Write 0.04 MB/s | Activity: 0.18%
[96m------------------------------------------------------------[0m
[1m[ NET ][0m Upload: 0.01 MB/s | Download: 0.02 MB/s
[96m------------------------------------------------------------[0m
[1m[ BATTERY ][0m [92m99.3%[0m (Charging/Plugged in)
[1m[96m============================================================[0m
[1m[92mData logged to 2026_logs/2026-10-01.jsonl... (Press Ctrl+C to stop)[0m
[1m[96m============================================================[0m
[1mSYSTEM MONITOR V2[0m | Time: 2026-10-01 12:30:33
[96m------------------------------------------------------------[0m
[1m[ CPU ][0m Used: [92m3.8%[0m | Free: 96.2%
[96m------------------------------------------------------------[0m
[1m[ RAM ][0m Used: [92m7.52 GB (50.7%)[0m | Available: 7.32 GB | Total: 14.84 GB
[1m[ SWAP ][0m Used: 0.0 GB (0.0%) | Free: 4.0 GB | Total: 4.0 GB
        [93mTop 5 RAM Processes (Logged 10):[0m
          1. chrome (PID 7112) - 690.76 MB (4.54%)
          2. code (PID 11526) - 666.54 MB (4.39%)
          3. code (PID 8588) - 618.84 MB (4.07%)
          4. chrome (PID 6354) - 534.2 MB (3.51%)
          5. code (PID 8252) - 468.8 MB (3.08%)
[96m------------------------------------------------------------[0m
[1m[ DISK ][0m Used: [92m24.06 GB (2.63%)[0m | Free: 891.77 GB | Total: 915.83 GB
         [93mI/O:[0m Read 0.0 MB/s | Write 0.75 MB/s | Activity: 1.04%
[96m------------------------------------------------------------[0m
[1m[ NET ][0m Upload: 0.0 MB/s | Download: 0.0 MB/s
[96m------------------------------------------------------------[0m
[1m[ BATTERY ][0m [92m99.3%[0m (Charging/Plugged in)
[1m[96m============================================================[0m
[1m[92mData logged to 2026_logs/2026-10-01.jsonl... (Press Ctrl+C to stop)[0m
[1m[96m============================================================[0m
[1mSYSTEM MONITOR V2[0m | Time: 2026-10-01 12:30:38
[96m------------------------------------------------------------[0m
[1m[ CPU ][0m Used: [92m3.2%[0m | Free: 96.8%
[96m------------------------------------------------------------[0m
[1m[ RAM ][0m Used: [92m7.54 GB (50.8%)[0m | Available: 7.3 GB | Total: 14.84 GB
[1m[ SWAP ][0m Used: 0.0 GB (0.0%) | Free: 4.0 GB | Total: 4.0 GB
        [93mTop 5 RAM Processes (Logged 10):[0m
          1. chrome (PID 7112) - 690.76 MB (4.54%)
          2. code (PID 11526) - 666.68 MB (4.39%)
          3. code (PID 8588) - 618.82 MB (4.07%)
          4. chrome (PID 6354) - 533.77 MB (3.51%)
          5. code (PID 8252) - 470.01 MB (3.09%)
[96m------------------------------------------------------------[0m
[1m[ DISK ][0m Used: [92m24.06 GB (2.63%)[0m | Free: 891.77 GB | Total: 915.83 GB
         [93mI/O:[0m Read 0.0 MB/s | Write 0.01 MB/s | Activity: 0.87%
[96m------------------------------------------------------------[0m
[1m[ NET ][0m Upload: 0.0 MB/s | Download: 0.02 MB/s
[96m------------------------------------------------------------[0m
[1m[ BATTERY ][0m [92m99.3%[0m (Charging/Plugged in)
[1m[96m============================================================[0m
[1m[92mData logged to 2026_logs/2026-10-01.jsonl... (Press Ctrl+C to stop)[0m
[1m[96m============================================================[0m
[1mSYSTEM MONITOR V2[0m | Time: 2026-10-01 12:30:43
[96m------------------------------------------------------------[0m
[1m[ CPU ][0m Used: [92m3.6%[0m | Free: 96.4%
[96m------------------------------------------------------------[0m
[1m[ RAM ][0m Used: [92m7.54 GB (50.8%)[0m | Available: 7.3 GB | Total: 14.84 GB
[1m[ SWAP ][0m Used: 0.0 GB (0.0%) | Free: 4.0 GB | Total: 4.0 GB
        [93mTop 5 RAM Processes (Logged 10):[0m
          1. chrome (PID 7112) - 695.8 MB (4.58%)
          2. code (PID 11526) - 666.79 MB (4.39%)
          3. code (PID 8588) - 619.14 MB (4.07%)
          4. chrome (PID 6354) - 538.18 MB (3.54%)
          5. code (PID 8252) - 471.1 MB (3.1%)
[96m------------------------------------------------------------[0m
[1m[ DISK ][0m Used: [92m24.06 GB (2.63%)[0m | Free: 891.77 GB | Total: 915.83 GB
         [93mI/O:[0m Read 0.0 MB/s | Write 0.04 MB/s | Activity: 0.98%
[96m------------------------------------------------------------[0m
[1m[ NET ][0m Upload: 0.0 MB/s | Download: 0.01 MB/s
[96m------------------------------------------------------------[0m
[1m[ BATTERY ][0m [92m99.3%[0m (Charging/Plugged in)
[1m[96m============================================================[0m
[1m[92mData logged to 2026_logs/2026-10-01.jsonl... (Press Ctrl+C to stop)[0m
[1m[96m============================================================[0m
[1mSYSTEM MONITOR V2[0m | Time: 2026-10-01 12:30:48
[96m------------------------------------------------------------[0m
[1m[ CPU ][0m Used: [92m5.3%[0m | Free: 94.7%
[96m------------------------------------------------------------[0m
[1m[ RAM ][0m Used: [92m7.67 GB (51.7%)[0m | Available: 7.17 GB | Total: 14.84 GB
[1m[ SWAP ][0m Used: 0.0 GB (0.0%) | Free: 4.0 GB | Total: 4.0 GB
        [93mTop 5 RAM Processes (Logged 10):[0m
          1. chrome (PID 7112) - 754.01 MB (4.96%)
          2. code (PID 11526) - 666.0 MB (4.38%)
          3. code (PID 8588) - 620.64 MB (4.08%)
          4. chrome (PID 6354) - 536.26 MB (3.53%)
          5. code (PID 8252) - 471.61 MB (3.1%)
[96m------------------------------------------------------------[0m
[1m[ DISK ][0m Used: [92m24.06 GB (2.63%)[0m | Free: 891.77 GB | Total: 915.83 GB
         [93mI/O:[0m Read 0.0 MB/s | Write 0.12 MB/s | Activity: 1.01%
[96m------------------------------------------------------------[0m
[1m[ NET ][0m Upload: 0.0 MB/s | Download: 0.03 MB/s
[96m------------------------------------------------------------[0m
[1m[ BATTERY ][0m [92m99.3%[0m (Charging/Plugged in)
[1m[96m============================================================[0m
[1m[92mData logged to 2026_logs/2026-10-01.jsonl... (Press Ctrl+C to stop)[0m
[1m[96m============================================================[0m
[1mSYSTEM MONITOR V2[0m | Time: 2026-10-01 12:30:53
[96m------------------------------------------------------------[0m
[1m[ CPU ][0m Used: [92m3.4%[0m | Free: 96.6%
[96m------------------------------------------------------------[0m
[1m[ RAM ][0m Used: [92m7.63 GB (51.4%)[0m | Available: 7.21 GB | Total: 14.84 GB
[1m[ SWAP ][0m Used: 0.0 GB (0.0%) | Free: 4.0 GB | Total: 4.0 GB
        [93mTop 5 RAM Processes (Logged 10):[0m
          1. chrome (PID 7112) - 740.11 MB (4.87%)
          2. code (PID 11526) - 666.12 MB (4.38%)
          3. code (PID 8588) - 620.29 MB (4.08%)
          4. chrome (PID 6354) - 536.22 MB (3.53%)
          5. code (PID 8252) - 474.11 MB (3.12%)
[96m------------------------------------------------------------[0m
[1m[ DISK ][0m Used: [92m24.06 GB (2.63%)[0m | Free: 891.77 GB | Total: 915.83 GB
         [93mI/O:[0m Read 0.0 MB/s | Write 3.34 MB/s | Activity: 1.29%
[96m------------------------------------------------------------[0m
[1m[ NET ][0m Upload: 0.0 MB/s | Download: 0.01 MB/s
[96m------------------------------------------------------------[0m
[1m[ BATTERY ][0m [92m99.3%[0m (Charging/Plugged in)
[1m[96m============================================================[0m
[1m[92mData logged to 2026_logs/2026-10-01.jsonl... (Press Ctrl+C to stop)[0m
[1m[96m============================================================[0m
[1mSYSTEM MONITOR V2[0m | Time: 2026-10-01 12:30:58
[96m------------------------------------------------------------[0m
[1m[ CPU ][0m Used: [92m3.5%[0m | Free: 96.5%
[96m------------------------------------------------------------[0m
[1m[ RAM ][0m Used: [92m7.59 GB (51.1%)[0m | Available: 7.25 GB | Total: 14.84 GB
[1m[ SWAP ][0m Used: 0.0 GB (0.0%) | Free: 4.0 GB | Total: 4.0 GB
        [93mTop 5 RAM Processes (Logged 10):[0m
          1. chrome (PID 7112) - 740.11 MB (4.87%)
          2. code (PID 11526) - 666.24 MB (4.38%)
          3. code (PID 8588) - 620.29 MB (4.08%)
          4. chrome (PID 6354) - 535.47 MB (3.52%)
          5. code (PID 8252) - 474.23 MB (3.12%)
[96m------------------------------------------------------------[0m
[1m[ DISK ][0m Used: [92m24.06 GB (2.63%)[0m | Free: 891.77 GB | Total: 915.83 GB
         [93mI/O:[0m Read 0.0 MB/s | Write 0.12 MB/s | Activity: 1.79%
[96m------------------------------------------------------------[0m
[1m[ NET ][0m Upload: 0.0 MB/s | Download: 0.0 MB/s
[96m------------------------------------------------------------[0m
[1m[ BATTERY ][0m [92m99.3%[0m (Charging/Plugged in)
[1m[96m============================================================[0m
[1m[92mData logged to 2026_logs/2026-10-01.jsonl... (Press Ctrl+C to stop)[0m
[1m[96m============================================================[0m
[1mSYSTEM MONITOR V2[0m | Time: 2026-10-01 12:31:03
[96m------------------------------------------------------------[0m
[1m[ CPU ][0m Used: [92m4.4%[0m | Free: 95.6%
[96m------------------------------------------------------------[0m
[1m[ RAM ][0m Used: [92m7.57 GB (51.0%)[0m | Available: 7.27 GB | Total: 14.84 GB
[1m[ SWAP ][0m Used: 0.0 GB (0.0%) | Free: 4.0 GB | Total: 4.0 GB
        [93mTop 5 RAM Processes (Logged 10):[0m
          1. chrome (PID 7112) - 724.86 MB (4.77%)
          2. code (PID 11526) - 666.36 MB (4.38%)
          3. code (PID 8588) - 620.3 MB (4.08%)
          4. chrome (PID 6354) - 535.56 MB (3.52%)
          5. code (PID 8252) - 473.81 MB (3.12%)
[96m------------------------------------------------------------[0m
[1m[ DISK ][0m Used: [92m24.06 GB (2.63%)[0m | Free: 891.77 GB | Total: 915.83 GB
         [93mI/O:[0m Read 0.0 MB/s | Write 0.45 MB/s | Activity: 0.18%
[96m------------------------------------------------------------[0m
[1m[ NET ][0m Upload: 0.0 MB/s | Download: 0.0 MB/s
[96m------------------------------------------------------------[0m
[1m[ BATTERY ][0m [92m99.3%[0m (Charging/Plugged in)
[1m[96m============================================================[0m
[1m[92mData logged to 2026_logs/2026-10-01.jsonl... (Press Ctrl+C to stop)[0m
[1m[96m============================================================[0m
[1mSYSTEM MONITOR V2[0m | Time: 2026-10-01 12:31:08
[96m------------------------------------------------------------[0m
[1m[ CPU ][0m Used: [92m4.3%[0m | Free: 95.7%
[96m------------------------------------------------------------[0m
[1m[ RAM ][0m Used: [92m7.58 GB (51.1%)[0m | Available: 7.26 GB | Total: 14.84 GB
[1m[ SWAP ][0m Used: 0.0 GB (0.0%) | Free: 4.0 GB | Total: 4.0 GB
        [93mTop 5 RAM Processes (Logged 10):[0m
          1. chrome (PID 7112) - 724.98 MB (4.77%)
          2. code (PID 11526) - 666.48 MB (4.38%)
          3. code (PID 8588) - 618.48 MB (4.07%)
          4. chrome (PID 6354) - 535.88 MB (3.53%)
          5. code (PID 8252) - 474.86 MB (3.12%)
[96m------------------------------------------------------------[0m
[1m[ DISK ][0m Used: [92m24.06 GB (2.63%)[0m | Free: 891.77 GB | Total: 915.83 GB
         [93mI/O:[0m Read 0.0 MB/s | Write 0.44 MB/s | Activity: 0.97%
[96m------------------------------------------------------------[0m
[1m[ NET ][0m Upload: 0.0 MB/s | Download: 0.0 MB/s
[96m------------------------------------------------------------[0m
[1m[ BATTERY ][0m [92m99.3%[0m (Charging/Plugged in)
[1m[96m============================================================[0m
[1m[92mData logged to 2026_logs/2026-10-01.jsonl... (Press Ctrl+C to stop)[0m
[1m[96m============================================================[0m
[1mSYSTEM MONITOR V2[0m | Time: 2026-10-01 12:31:13
[96m------------------------------------------------------------[0m
[1m[ CPU ][0m Used: [92m4.3%[0m | Free: 95.7%
[96m------------------------------------------------------------[0m
[1m[ RAM ][0m Used: [92m7.57 GB (51.0%)[0m | Available: 7.27 GB | Total: 14.84 GB
[1m[ SWAP ][0m Used: 0.0 GB (0.0%) | Free: 4.0 GB | Total: 4.0 GB
        [93mTop 5 RAM Processes (Logged 10):[0m
          1. chrome (PID 7112) - 726.25 MB (4.78%)
          2. code (PID 11526) - 666.61 MB (4.39%)
          3. code (PID 8588) - 615.65 MB (4.05%)
          4. chrome (PID 6354) - 535.97 MB (3.53%)
          5. code (PID 8252) - 475.86 MB (3.13%)
[96m------------------------------------------------------------[0m
[1m[ DISK ][0m Used: [92m24.06 GB (2.63%)[0m | Free: 891.77 GB | Total: 915.83 GB
         [93mI/O:[0m Read 0.0 MB/s | Write 0.03 MB/s | Activity: 0.92%
[96m------------------------------------------------------------[0m
[1m[ NET ][0m Upload: 0.0 MB/s | Download: 0.0 MB/s
[96m------------------------------------------------------------[0m
[1m[ BATTERY ][0m [92m99.3%[0m (Charging/Plugged in)
[1m[96m============================================================[0m
[1m[92mData logged to 2026_logs/2026-10-01.jsonl... (Press Ctrl+C to stop)[0m
[1m[96m============================================================[0m
[1mSYSTEM MONITOR V2[0m | Time: 2026-10-01 12:31:18
[96m------------------------------------------------------------[0m
[1m[ CPU ][0m Used: [92m5.1%[0m | Free: 94.9%
[96m------------------------------------------------------------[0m
[1m[ RAM ][0m Used: [92m7.52 GB (50.6%)[0m | Available: 7.33 GB | Total: 14.84 GB
[1m[ SWAP ][0m Used: 0.0 GB (0.0%) | Free: 4.0 GB | Total: 4.0 GB
        [93mTop 5 RAM Processes (Logged 10):[0m
          1. chrome (PID 7112) - 692.27 MB (4.55%)
          2. code (PID 11526) - 666.75 MB (4.39%)
          3. code (PID 8588) - 616.17 MB (4.05%)
          4. chrome (PID 6354) - 535.38 MB (3.52%)
          5. code (PID 8252) - 467.18 MB (3.07%)
[96m------------------------------------------------------------[0m
[1m[ DISK ][0m Used: [92m24.06 GB (2.63%)[0m | Free: 891.77 GB | Total: 915.83 GB
         [93mI/O:[0m Read 0.0 MB/s | Write 5.15 MB/s | Activity: 1.13%
[96m------------------------------------------------------------[0m
[1m[ NET ][0m Upload: 0.0 MB/s | Download: 0.0 MB/s
[96m------------------------------------------------------------[0m
[1m[ BATTERY ][0m [92m99.3%[0m (Charging/Plugged in)
[1m[96m============================================================[0m
[1m[92mData logged to 2026_logs/2026-10-01.jsonl... (Press Ctrl+C to stop)[0m
[1m[96m============================================================[0m
[1mSYSTEM MONITOR V2[0m | Time: 2026-10-01 12:31:23
[96m------------------------------------------------------------[0m
[1m[ CPU ][0m Used: [92m4.8%[0m | Free: 95.2%
[96m------------------------------------------------------------[0m
[1m[ RAM ][0m Used: [92m7.55 GB (50.9%)[0m | Available: 7.29 GB | Total: 14.84 GB
[1m[ SWAP ][0m Used: 0.0 GB (0.0%) | Free: 4.0 GB | Total: 4.0 GB
        [93mTop 5 RAM Processes (Logged 10):[0m
          1. chrome (PID 7112) - 714.44 MB (4.7%)
          2. code (PID 11526) - 666.04 MB (4.38%)
          3. code (PID 8588) - 614.36 MB (4.04%)
          4. chrome (PID 6354) - 535.65 MB (3.52%)
          5. code (PID 8252) - 468.73 MB (3.08%)
[96m------------------------------------------------------------[0m
[1m[ DISK ][0m Used: [92m24.06 GB (2.63%)[0m | Free: 891.77 GB | Total: 915.83 GB
         [93mI/O:[0m Read 0.0 MB/s | Write 0.06 MB/s | Activity: 0.99%
[96m------------------------------------------------------------[0m
[1m[ NET ][0m Upload: 0.0 MB/s | Download: 0.0 MB/s
[96m------------------------------------------------------------[0m
[1m[ BATTERY ][0m [92m99.3%[0m (Charging/Plugged in)
[1m[96m============================================================[0m
[1m[92mData logged to 2026_logs/2026-10-01.jsonl... (Press Ctrl+C to stop)[0m
[1m[96m============================================================[0m
[1mSYSTEM MONITOR V2[0m | Time: 2026-10-01 12:31:29
[96m------------------------------------------------------------[0m
[1m[ CPU ][0m Used: [92m3.2%[0m | Free: 96.8%
[96m------------------------------------------------------------[0m
[1m[ RAM ][0m Used: [92m7.57 GB (51.0%)[0m | Available: 7.27 GB | Total: 14.84 GB
[1m[ SWAP ][0m Used: 0.0 GB (0.0%) | Free: 4.0 GB | Total: 4.0 GB
        [93mTop 5 RAM Processes (Logged 10):[0m
          1. chrome (PID 7112) - 714.45 MB (4.7%)
          2. code (PID 11526) - 666.16 MB (4.38%)
          3. code (PID 8588) - 614.62 MB (4.04%)
          4. chrome (PID 6354) - 536.14 MB (3.53%)
          5. code (PID 8252) - 469.09 MB (3.09%)
[96m------------------------------------------------------------[0m
[1m[ DISK ][0m Used: [92m24.06 GB (2.63%)[0m | Free: 891.77 GB | Total: 915.83 GB
         [93mI/O:[0m Read 0.0 MB/s | Write 0.02 MB/s | Activity: 1.57%
[96m------------------------------------------------------------[0m
[1m[ NET ][0m Upload: 0.0 MB/s | Download: 0.0 MB/s
[96m------------------------------------------------------------[0m
[1m[ BATTERY ][0m [92m99.3%[0m (Charging/Plugged in)
[1m[96m============================================================[0m
[1m[92mData logged to 2026_logs/2026-10-01.jsonl... (Press Ctrl+C to stop)[0m
[1m[96m============================================================[0m
[1mSYSTEM MONITOR V2[0m | Time: 2026-10-01 12:31:34
[96m------------------------------------------------------------[0m
[1m[ CPU ][0m Used: [92m3.1%[0m | Free: 96.9%
[96m------------------------------------------------------------[0m
[1m[ RAM ][0m Used: [92m7.57 GB (51.0%)[0m | Available: 7.28 GB | Total: 14.84 GB
[1m[ SWAP ][0m Used: 0.0 GB (0.0%) | Free: 4.0 GB | Total: 4.0 GB
        [93mTop 5 RAM Processes (Logged 10):[0m
          1. chrome (PID 7112) - 713.41 MB (4.69%)
          2. code (PID 11526) - 666.29 MB (4.38%)
          3. code (PID 8588) - 615.36 MB (4.05%)
          4. chrome (PID 6354) - 535.71 MB (3.52%)
          5. code (PID 8252) - 469.71 MB (3.09%)
[96m------------------------------------------------------------[0m
[1m[ DISK ][0m Used: [92m24.06 GB (2.63%)[0m | Free: 891.77 GB | Total: 915.83 GB
         [93mI/O:[0m Read 0.0 MB/s | Write 0.12 MB/s | Activity: 1.03%
[96m------------------------------------------------------------[0m
[1m[ NET ][0m Upload: 0.0 MB/s | Download: 0.0 MB/s
[96m------------------------------------------------------------[0m
[1m[ BATTERY ][0m [92m99.3%[0m (Charging/Plugged in)
[1m[96m============================================================[0m
[1m[92mData logged to 2026_logs/2026-10-01.jsonl... (Press Ctrl+C to stop)[0m
[1m[96m============================================================[0m
[1mSYSTEM MONITOR V2[0m | Time: 2026-10-01 12:31:39
[96m------------------------------------------------------------[0m
[1m[ CPU ][0m Used: [92m3.5%[0m | Free: 96.5%
[96m------------------------------------------------------------[0m
[1m[ RAM ][0m Used: [92m7.58 GB (51.1%)[0m | Available: 7.26 GB | Total: 14.84 GB
[1m[ SWAP ][0m Used: 0.0 GB (0.0%) | Free: 4.0 GB | Total: 4.0 GB
        [93mTop 5 RAM Processes (Logged 10):[0m
          1. chrome (PID 7112) - 714.45 MB (4.7%)
          2. code (PID 11526) - 666.41 MB (4.38%)
          3. code (PID 8588) - 616.13 MB (4.05%)
          4. chrome (PID 6354) - 535.64 MB (3.52%)
          5. code (PID 8252) - 470.49 MB (3.1%)
[96m------------------------------------------------------------[0m
[1m[ DISK ][0m Used: [92m24.06 GB (2.63%)[0m | Free: 891.77 GB | Total: 915.83 GB
         [93mI/O:[0m Read 0.0 MB/s | Write 0.4 MB/s | Activity: 0.94%
[96m------------------------------------------------------------[0m
[1m[ NET ][0m Upload: 0.0 MB/s | Download: 0.0 MB/s
[96m------------------------------------------------------------[0m
[1m[ BATTERY ][0m [92m99.3%[0m (Charging/Plugged in)
[1m[96m============================================================[0m
[1m[92mData logged to 2026_logs/2026-10-01.jsonl... (Press Ctrl+C to stop)[0m
[1m[96m============================================================[0m
[1mSYSTEM MONITOR V2[0m | Time: 2026-10-01 12:31:44
[96m------------------------------------------------------------[0m
[1m[ CPU ][0m Used: [92m2.9%[0m | Free: 97.1%
[96m------------------------------------------------------------[0m
[1m[ RAM ][0m Used: [92m7.54 GB (50.8%)[0m | Available: 7.3 GB | Total: 14.84 GB
[1m[ SWAP ][0m Used: 0.0 GB (0.0%) | Free: 4.0 GB | Total: 4.0 GB
        [93mTop 5 RAM Processes (Logged 10):[0m
          1. chrome (PID 7112) - 699.71 MB (4.6%)
          2. code (PID 11526) - 666.53 MB (4.39%)
          3. code (PID 8588) - 615.16 MB (4.05%)
          4. chrome (PID 6354) - 535.27 MB (3.52%)
          5. code (PID 8252) - 471.66 MB (3.1%)
[96m------------------------------------------------------------[0m
[1m[ DISK ][0m Used: [92m24.06 GB (2.63%)[0m | Free: 891.77 GB | Total: 915.83 GB
         [93mI/O:[0m Read 0.0 MB/s | Write 0.04 MB/s | Activity: 1.03%
[96m------------------------------------------------------------[0m
[1m[ NET ][0m Upload: 0.0 MB/s | Download: 0.0 MB/s
[96m------------------------------------------------------------[0m
[1m[ BATTERY ][0m [92m99.3%[0m (Charging/Plugged in)
[1m[96m============================================================[0m
[1m[92mData logged to 2026_logs/2026-10-01.jsonl... (Press Ctrl+C to stop)[0m
[1m[96m============================================================[0m
[1mSYSTEM MONITOR V2[0m | Time: 2026-10-01 12:31:49
[96m------------------------------------------------------------[0m
[1m[ CPU ][0m Used: [92m4.3%[0m | Free: 95.7%
[96m------------------------------------------------------------[0m
[1m[ RAM ][0m Used: [92m7.53 GB (50.7%)[0m | Available: 7.32 GB | Total: 14.84 GB
[1m[ SWAP ][0m Used: 0.0 GB (0.0%) | Free: 4.0 GB | Total: 4.0 GB
        [93mTop 5 RAM Processes (Logged 10):[0m
          1. chrome (PID 7112) - 699.71 MB (4.6%)
          2. code (PID 11526) - 666.65 MB (4.39%)
          3. code (PID 8588) - 615.53 MB (4.05%)
          4. chrome (PID 6354) - 535.25 MB (3.52%)
          5. code (PID 8252) - 471.48 MB (3.1%)
[96m------------------------------------------------------------[0m
[1m[ DISK ][0m Used: [92m24.06 GB (2.63%)[0m | Free: 891.77 GB | Total: 915.83 GB
         [93mI/O:[0m Read 0.0 MB/s | Write 0.02 MB/s | Activity: 0.84%
[96m------------------------------------------------------------[0m
[1m[ NET ][0m Upload: 0.0 MB/s | Download: 0.0 MB/s
[96m------------------------------------------------------------[0m
[1m[ BATTERY ][0m [92m99.3%[0m (Charging/Plugged in)
[1m[96m============================================================[0m
[1m[92mData logged to 2026_logs/2026-10-01.jsonl... (Press Ctrl+C to stop)[0m
[1m[96m============================================================[0m
[1mSYSTEM MONITOR V2[0m | Time: 2026-10-01 12:31:54
[96m------------------------------------------------------------[0m
[1m[ CPU ][0m Used: [92m3.2%[0m | Free: 96.8%
[96m------------------------------------------------------------[0m
[1m[ RAM ][0m Used: [92m7.53 GB (50.7%)[0m | Available: 7.31 GB | Total: 14.84 GB
[1m[ SWAP ][0m Used: 0.0 GB (0.0%) | Free: 4.0 GB | Total: 4.0 GB
        [93mTop 5 RAM Processes (Logged 10):[0m
          1. chrome (PID 7112) - 675.57 MB (4.44%)
          2. code (PID 11526) - 666.78 MB (4.39%)
          3. code (PID 8588) - 615.61 MB (4.05%)
          4. chrome (PID 6354) - 535.25 MB (3.52%)
          5. code (PID 8252) - 471.66 MB (3.1%)
[96m------------------------------------------------------------[0m
[1m[ DISK ][0m Used: [92m24.06 GB (2.63%)[0m | Free: 891.77 GB | Total: 915.83 GB
         [93mI/O:[0m Read 0.0 MB/s | Write 0.4 MB/s | Activity: 0.85%
[96m------------------------------------------------------------[0m
[1m[ NET ][0m Upload: 0.0 MB/s | Download: 0.0 MB/s
[96m------------------------------------------------------------[0m
[1m[ BATTERY ][0m [92m99.3%[0m (Charging/Plugged in)
[1m[96m============================================================[0m
[1m[92mData logged to 2026_logs/2026-10-01.jsonl... (Press Ctrl+C to stop)[0m
[1m[96m============================================================[0m
[1mSYSTEM MONITOR V2[0m | Time: 2026-10-01 12:31:59
[96m------------------------------------------------------------[0m
[1m[ CPU ][0m Used: [92m2.6%[0m | Free: 97.4%
[96m------------------------------------------------------------[0m
[1m[ RAM ][0m Used: [92m7.51 GB (50.6%)[0m | Available: 7.34 GB | Total: 14.84 GB
[1m[ SWAP ][0m Used: 0.0 GB (0.0%) | Free: 4.0 GB | Total: 4.0 GB
        [93mTop 5 RAM Processes (Logged 10):[0m
          1. chrome (PID 7112) - 674.97 MB (4.44%)
          2. code (PID 11526) - 666.08 MB (4.38%)
          3. code (PID 8588) - 615.57 MB (4.05%)
          4. chrome (PID 6354) - 535.22 MB (3.52%)
          5. code (PID 8252) - 473.22 MB (3.11%)
[96m------------------------------------------------------------[0m
[1m[ DISK ][0m Used: [92m24.06 GB (2.63%)[0m | Free: 891.77 GB | Total: 915.83 GB
         [93mI/O:[0m Read 0.0 MB/s | Write 0.04 MB/s | Activity: 0.96%
[96m------------------------------------------------------------[0m
[1m[ NET ][0m Upload: 0.0 MB/s | Download: 0.0 MB/s
[96m------------------------------------------------------------[0m
[1m[ BATTERY ][0m [92m99.3%[0m (Charging/Plugged in)
[1m[96m============================================================[0m
[1m[92mData logged to 2026_logs/2026-10-01.jsonl... (Press Ctrl+C to stop)[0m
[1m[96m============================================================[0m
[1mSYSTEM MONITOR V2[0m | Time: 2026-10-01 12:32:04
[96m------------------------------------------------------------[0m
[1m[ CPU ][0m Used: [92m3.3%[0m | Free: 96.7%
[96m------------------------------------------------------------[0m
[1m[ RAM ][0m Used: [92m7.49 GB (50.4%)[0m | Available: 7.35 GB | Total: 14.84 GB
[1m[ SWAP ][0m Used: 0.0 GB (0.0%) | Free: 4.0 GB | Total: 4.0 GB
        [93mTop 5 RAM Processes (Logged 10):[0m
          1. chrome (PID 7112) - 666.65 MB (4.39%)
          2. code (PID 11526) - 666.2 MB (4.38%)
          3. code (PID 8588) - 616.19 MB (4.05%)
          4. chrome (PID 6354) - 535.29 MB (3.52%)
          5. code (PID 8252) - 474.23 MB (3.12%)
[96m------------------------------------------------------------[0m
[1m[ DISK ][0m Used: [92m24.06 GB (2.63%)[0m | Free: 891.77 GB | Total: 915.83 GB
         [93mI/O:[0m Read 0.0 MB/s | Write 0.13 MB/s | Activity: 0.89%
[96m------------------------------------------------------------[0m
[1m[ NET ][0m Upload: 0.0 MB/s | Download: 0.0 MB/s
[96m------------------------------------------------------------[0m
[1m[ BATTERY ][0m [92m99.3%[0m (Charging/Plugged in)
[1m[96m============================================================[0m
[1m[92mData logged to 2026_logs/2026-10-01.jsonl... (Press Ctrl+C to stop)[0m
[1m[96m============================================================[0m
[1mSYSTEM MONITOR V2[0m | Time: 2026-10-01 12:32:09
[96m------------------------------------------------------------[0m
[1m[ CPU ][0m Used: [92m4.1%[0m | Free: 95.9%
[96m------------------------------------------------------------[0m
[1m[ RAM ][0m Used: [92m7.46 GB (50.3%)[0m | Available: 7.38 GB | Total: 14.84 GB
[1m[ SWAP ][0m Used: 0.0 GB (0.0%) | Free: 4.0 GB | Total: 4.0 GB
        [93mTop 5 RAM Processes (Logged 10):[0m
          1. code (PID 11526) - 666.32 MB (4.38%)
          2. chrome (PID 7112) - 661.45 MB (4.35%)
          3. code (PID 8588) - 616.32 MB (4.05%)
          4. chrome (PID 6354) - 534.61 MB (3.52%)
          5. code (PID 8252) - 473.71 MB (3.12%)
[96m------------------------------------------------------------[0m
[1m[ DISK ][0m Used: [92m24.06 GB (2.63%)[0m | Free: 891.77 GB | Total: 915.83 GB
         [93mI/O:[0m Read 0.0 MB/s | Write 0.61 MB/s | Activity: 1.08%
[96m------------------------------------------------------------[0m
[1m[ NET ][0m Upload: 0.0 MB/s | Download: 0.0 MB/s
[96m------------------------------------------------------------[0m
[1m[ BATTERY ][0m [92m99.3%[0m (Charging/Plugged in)
[1m[96m============================================================[0m
[1m[92mData logged to 2026_logs/2026-10-01.jsonl... (Press Ctrl+C to stop)[0m
[1m[96m============================================================[0m
[1mSYSTEM MONITOR V2[0m | Time: 2026-10-01 12:32:14
[96m------------------------------------------------------------[0m
[1m[ CPU ][0m Used: [92m3.1%[0m | Free: 96.9%
[96m------------------------------------------------------------[0m
[1m[ RAM ][0m Used: [92m7.46 GB (50.3%)[0m | Available: 7.38 GB | Total: 14.84 GB
[1m[ SWAP ][0m Used: 0.0 GB (0.0%) | Free: 4.0 GB | Total: 4.0 GB
        [93mTop 5 RAM Processes (Logged 10):[0m
          1. code (PID 11526) - 666.44 MB (4.38%)
          2. chrome (PID 7112) - 661.39 MB (4.35%)
          3. code (PID 8588) - 616.41 MB (4.06%)
          4. chrome (PID 6354) - 534.61 MB (3.52%)
          5. code (PID 8252) - 476.39 MB (3.13%)
[96m------------------------------------------------------------[0m
[1m[ DISK ][0m Used: [92m24.06 GB (2.63%)[0m | Free: 891.77 GB | Total: 915.83 GB
         [93mI/O:[0m Read 0.0 MB/s | Write 0.03 MB/s | Activity: 0.16%
[96m------------------------------------------------------------[0m
[1m[ NET ][0m Upload: 0.0 MB/s | Download: 0.0 MB/s
[96m------------------------------------------------------------[0m
[1m[ BATTERY ][0m [92m99.3%[0m (Charging/Plugged in)
[1m[96m============================================================[0m
[1m[92mData logged to 2026_logs/2026-10-01.jsonl... (Press Ctrl+C to stop)[0m
[1m[96m============================================================[0m
[1mSYSTEM MONITOR V2[0m | Time: 2026-10-01 12:32:19
[96m------------------------------------------------------------[0m
[1m[ CPU ][0m Used: [92m3.5%[0m | Free: 96.5%
[96m------------------------------------------------------------[0m
[1m[ RAM ][0m Used: [92m7.45 GB (50.2%)[0m | Available: 7.39 GB | Total: 14.84 GB
[1m[ SWAP ][0m Used: 0.0 GB (0.0%) | Free: 4.0 GB | Total: 4.0 GB
        [93mTop 5 RAM Processes (Logged 10):[0m
          1. code (PID 11526) - 666.56 MB (4.39%)
          2. chrome (PID 7112) - 659.87 MB (4.34%)
          3. code (PID 8588) - 616.52 MB (4.06%)
          4. chrome (PID 6354) - 534.34 MB (3.52%)
          5. code (PID 8252) - 477.35 MB (3.14%)
[96m------------------------------------------------------------[0m
[1m[ DISK ][0m Used: [92m24.06 GB (2.63%)[0m | Free: 891.77 GB | Total: 915.83 GB
         [93mI/O:[0m Read 0.0 MB/s | Write 0.01 MB/s | Activity: 0.82%
[96m------------------------------------------------------------[0m
[1m[ NET ][0m Upload: 0.0 MB/s | Download: 0.0 MB/s
[96m------------------------------------------------------------[0m
[1m[ BATTERY ][0m [92m99.3%[0m (Charging/Plugged in)
[1m[96m============================================================[0m
[1m[92mData logged to 2026_logs/2026-10-01.jsonl... (Press Ctrl+C to stop)[0m
[1m[96m============================================================[0m
[1mSYSTEM MONITOR V2[0m | Time: 2026-10-01 12:32:24
[96m------------------------------------------------------------[0m
[1m[ CPU ][0m Used: [92m4.7%[0m | Free: 95.3%
[96m------------------------------------------------------------[0m
[1m[ RAM ][0m Used: [92m7.52 GB (50.7%)[0m | Available: 7.32 GB | Total: 14.84 GB
[1m[ SWAP ][0m Used: 0.0 GB (0.0%) | Free: 4.0 GB | Total: 4.0 GB
        [93mTop 5 RAM Processes (Logged 10):[0m
          1. chrome (PID 7112) - 687.41 MB (4.52%)
          2. code (PID 11526) - 666.68 MB (4.39%)
          3. code (PID 8588) - 616.88 MB (4.06%)
          4. chrome (PID 6354) - 534.78 MB (3.52%)
          5. code (PID 8252) - 478.22 MB (3.15%)
[96m------------------------------------------------------------[0m
[1m[ DISK ][0m Used: [92m24.06 GB (2.63%)[0m | Free: 891.77 GB | Total: 915.83 GB
         [93mI/O:[0m Read 0.0 MB/s | Write 0.12 MB/s | Activity: 1.71%
[96m------------------------------------------------------------[0m
[1m[ NET ][0m Upload: 0.01 MB/s | Download: 0.01 MB/s
[96m------------------------------------------------------------[0m
[1m[ BATTERY ][0m [92m99.3%[0m (Charging/Plugged in)
[1m[96m============================================================[0m
[1m[92mData logged to 2026_logs/2026-10-01.jsonl... (Press Ctrl+C to stop)[0m
[1m[96m============================================================[0m
[1mSYSTEM MONITOR V2[0m | Time: 2026-10-01 12:32:29
[96m------------------------------------------------------------[0m
[1m[ CPU ][0m Used: [92m3.0%[0m | Free: 97.0%
[96m------------------------------------------------------------[0m
[1m[ RAM ][0m Used: [92m7.5 GB (50.6%)[0m | Available: 7.34 GB | Total: 14.84 GB
[1m[ SWAP ][0m Used: 0.0 GB (0.0%) | Free: 4.0 GB | Total: 4.0 GB
        [93mTop 5 RAM Processes (Logged 10):[0m
          1. chrome (PID 7112) - 687.41 MB (4.52%)
          2. code (PID 11526) - 666.81 MB (4.39%)
          3. code (PID 8588) - 616.93 MB (4.06%)
          4. chrome (PID 6354) - 535.43 MB (3.52%)
          5. code (PID 8252) - 478.79 MB (3.15%)
[96m------------------------------------------------------------[0m
[1m[ DISK ][0m Used: [92m24.06 GB (2.63%)[0m | Free: 891.77 GB | Total: 915.83 GB
         [93mI/O:[0m Read 0.0 MB/s | Write 0.0 MB/s | Activity: 0.0%
[96m------------------------------------------------------------[0m
[1m[ NET ][0m Upload: 0.0 MB/s | Download: 0.0 MB/s
[96m------------------------------------------------------------[0m
[1m[ BATTERY ][0m [92m99.3%[0m (Charging/Plugged in)
[1m[96m============================================================[0m
[1m[92mData logged to 2026_logs/2026-10-01.jsonl... (Press Ctrl+C to stop)[0m
[1m[96m============================================================[0m
[1mSYSTEM MONITOR V2[0m | Time: 2026-10-01 12:32:34
[96m------------------------------------------------------------[0m
[1m[ CPU ][0m Used: [92m2.1%[0m | Free: 97.9%
[96m------------------------------------------------------------[0m
[1m[ RAM ][0m Used: [92m7.5 GB (50.5%)[0m | Available: 7.35 GB | Total: 14.84 GB
[1m[ SWAP ][0m Used: 0.0 GB (0.0%) | Free: 4.0 GB | Total: 4.0 GB
        [93mTop 5 RAM Processes (Logged 10):[0m
          1. chrome (PID 7112) - 687.43 MB (4.52%)
          2. code (PID 11526) - 666.13 MB (4.38%)
          3. code (PID 8588) - 617.35 MB (4.06%)
          4. chrome (PID 6354) - 534.86 MB (3.52%)
          5. code (PID 8252) - 480.12 MB (3.16%)
[96m------------------------------------------------------------[0m
[1m[ DISK ][0m Used: [92m24.06 GB (2.63%)[0m | Free: 891.77 GB | Total: 915.83 GB
         [93mI/O:[0m Read 0.0 MB/s | Write 0.01 MB/s | Activity: 0.84%
[96m------------------------------------------------------------[0m
[1m[ NET ][0m Upload: 0.0 MB/s | Download: 0.0 MB/s
[96m------------------------------------------------------------[0m
[1m[ BATTERY ][0m [92m99.3%[0m (Charging/Plugged in)
[1m[96m============================================================[0m
[1m[92mData logged to 2026_logs/2026-10-01.jsonl... (Press Ctrl+C to stop)[0m
[1m[96m============================================================[0m
[1mSYSTEM MONITOR V2[0m | Time: 2026-10-01 12:32:39
[96m------------------------------------------------------------[0m
[1m[ CPU ][0m Used: [92m2.9%[0m | Free: 97.1%
[96m------------------------------------------------------------[0m
[1m[ RAM ][0m Used: [92m7.5 GB (50.5%)[0m | Available: 7.35 GB | Total: 14.84 GB
[1m[ SWAP ][0m Used: 0.0 GB (0.0%) | Free: 4.0 GB | Total: 4.0 GB
        [93mTop 5 RAM Processes (Logged 10):[0m
          1. chrome (PID 7112) - 687.43 MB (4.52%)
          2. code (PID 11526) - 666.31 MB (4.38%)
          3. code (PID 8588) - 617.54 MB (4.06%)
          4. chrome (PID 6354) - 534.86 MB (3.52%)
          5. code (PID 8252) - 473.24 MB (3.11%)
[96m------------------------------------------------------------[0m
[1m[ DISK ][0m Used: [92m24.06 GB (2.63%)[0m | Free: 891.77 GB | Total: 915.83 GB
         [93mI/O:[0m Read 0.0 MB/s | Write 0.78 MB/s | Activity: 1.83%
[96m------------------------------------------------------------[0m
[1m[ NET ][0m Upload: 0.0 MB/s | Download: 0.0 MB/s
[96m------------------------------------------------------------[0m
[1m[ BATTERY ][0m [92m99.3%[0m (Charging/Plugged in)
[1m[96m============================================================[0m
[1m[92mData logged to 2026_logs/2026-10-01.jsonl... (Press Ctrl+C to stop)[0m
[1m[96m============================================================[0m
[1mSYSTEM MONITOR V2[0m | Time: 2026-10-01 12:32:44
[96m------------------------------------------------------------[0m
[1m[ CPU ][0m Used: [92m10.2%[0m | Free: 89.8%
        [93mTop 5 (Logged 10):[0m chrome (3.93%)
[96m------------------------------------------------------------[0m
[1m[ RAM ][0m Used: [92m7.56 GB (51.0%)[0m | Available: 7.28 GB | Total: 14.84 GB
[1m[ SWAP ][0m Used: 0.0 GB (0.0%) | Free: 4.0 GB | Total: 4.0 GB
        [93mTop 5 RAM Processes (Logged 10):[0m
          1. code (PID 11526) - 666.43 MB (4.38%)
          2. code (PID 8588) - 617.85 MB (4.06%)
          3. chrome (PID 7112) - 594.6 MB (3.91%)
          4. chrome (PID 6354) - 537.02 MB (3.53%)
          5. code (PID 8252) - 472.66 MB (3.11%)
[96m------------------------------------------------------------[0m
[1m[ DISK ][0m Used: [92m24.06 GB (2.63%)[0m | Free: 891.77 GB | Total: 915.83 GB
         [93mI/O:[0m Read 0.0 MB/s | Write 0.16 MB/s | Activity: 0.34%
[96m------------------------------------------------------------[0m
[1m[ NET ][0m Upload: 0.01 MB/s | Download: 0.01 MB/s
[96m------------------------------------------------------------[0m
[1m[ BATTERY ][0m [92m99.3%[0m (Charging/Plugged in)
[1m[96m============================================================[0m
[1m[92mData logged to 2026_logs/2026-10-01.jsonl... (Press Ctrl+C to stop)[0m
[1m[96m============================================================[0m
[1mSYSTEM MONITOR V2[0m | Time: 2026-10-01 12:32:49
[96m------------------------------------------------------------[0m
[1m[ CPU ][0m Used: [92m21.1%[0m | Free: 78.9%
        [93mTop 5 (Logged 10):[0m chrome (4.29%), chrome (3.94%), chrome (2.9%)
[96m------------------------------------------------------------[0m
[1m[ RAM ][0m Used: [92m7.38 GB (49.7%)[0m | Available: 7.46 GB | Total: 14.84 GB
[1m[ SWAP ][0m Used: 0.0 GB (0.0%) | Free: 4.0 GB | Total: 4.0 GB
        [93mTop 5 RAM Processes (Logged 10):[0m
          1. code (PID 11526) - 666.55 MB (4.39%)
          2. code (PID 8588) - 617.88 MB (4.07%)
          3. chrome (PID 7112) - 594.05 MB (3.91%)
          4. chrome (PID 6354) - 537.98 MB (3.54%)
          5. code (PID 8252) - 473.24 MB (3.11%)
[96m------------------------------------------------------------[0m
[1m[ DISK ][0m Used: [92m24.06 GB (2.63%)[0m | Free: 891.77 GB | Total: 915.83 GB
         [93mI/O:[0m Read 0.16 MB/s | Write 0.71 MB/s | Activity: 1.47%
[96m------------------------------------------------------------[0m
[1m[ NET ][0m Upload: 0.05 MB/s | Download: 0.54 MB/s
[96m------------------------------------------------------------[0m
[1m[ BATTERY ][0m [92m99.3%[0m (Charging/Plugged in)
[1m[96m============================================================[0m
[1m[92mData logged to 2026_logs/2026-10-01.jsonl... (Press Ctrl+C to stop)[0m
[1m[96m============================================================[0m
[1mSYSTEM MONITOR V2[0m | Time: 2026-10-01 12:32:55
[96m------------------------------------------------------------[0m
[1m[ CPU ][0m Used: [92m33.3%[0m | Free: 66.7%
        [93mTop 5 (Logged 10):[0m chrome (6.88%), chrome (6.42%), chrome (3.41%), chrome (2.8%), chrome (2.8%)
[96m------------------------------------------------------------[0m
[1m[ RAM ][0m Used: [92m8.15 GB (54.9%)[0m | Available: 6.69 GB | Total: 14.84 GB
[1m[ SWAP ][0m Used: 0.0 GB (0.0%) | Free: 4.0 GB | Total: 4.0 GB
        [93mTop 5 RAM Processes (Logged 10):[0m
          1. code (PID 11526) - 666.68 MB (4.39%)
          2. code (PID 8588) - 617.92 MB (4.07%)
          3. chrome (PID 7112) - 573.79 MB (3.78%)
          4. chrome (PID 6354) - 542.75 MB (3.57%)
          5. code (PID 8252) - 474.37 MB (3.12%)
[96m------------------------------------------------------------[0m
[1m[ DISK ][0m Used: [92m24.07 GB (2.63%)[0m | Free: 891.76 GB | Total: 915.83 GB
         [93mI/O:[0m Read 0.01 MB/s | Write 1.27 MB/s | Activity: 1.45%
[96m------------------------------------------------------------[0m
[1m[ NET ][0m Upload: 0.05 MB/s | Download: 0.19 MB/s
[96m------------------------------------------------------------[0m
[1m[ BATTERY ][0m [92m99.28%[0m (Charging/Plugged in)
[1m[96m============================================================[0m
[1m[92mData logged to 2026_logs/2026-10-01.jsonl... (Press Ctrl+C to stop)[0m
[1m[96m============================================================[0m
[1mSYSTEM MONITOR V2[0m | Time: 2026-10-01 12:33:00
[96m------------------------------------------------------------[0m
[1m[ CPU ][0m Used: [92m4.1%[0m | Free: 95.9%
[96m------------------------------------------------------------[0m
[1m[ RAM ][0m Used: [92m8.17 GB (55.0%)[0m | Available: 6.67 GB | Total: 14.84 GB
[1m[ SWAP ][0m Used: 0.0 GB (0.0%) | Free: 4.0 GB | Total: 4.0 GB
        [93mTop 5 RAM Processes (Logged 10):[0m
          1. code (PID 11526) - 666.8 MB (4.39%)
          2. code (PID 8588) - 618.99 MB (4.07%)
          3. chrome (PID 7112) - 573.8 MB (3.78%)
          4. chrome (PID 6354) - 538.14 MB (3.54%)
          5. code (PID 8252) - 474.85 MB (3.12%)
[96m------------------------------------------------------------[0m
[1m[ DISK ][0m Used: [92m24.07 GB (2.63%)[0m | Free: 891.76 GB | Total: 915.83 GB
         [93mI/O:[0m Read 0.0 MB/s | Write 0.18 MB/s | Activity: 2.05%
[96m------------------------------------------------------------[0m
[1m[ NET ][0m Upload: 0.0 MB/s | Download: 0.0 MB/s
[96m------------------------------------------------------------[0m
[1m[ BATTERY ][0m [92m99.28%[0m (Charging/Plugged in)
[1m[96m============================================================[0m
[1m[92mData logged to 2026_logs/2026-10-01.jsonl... (Press Ctrl+C to stop)[0m
[1m[96m============================================================[0m
[1mSYSTEM MONITOR V2[0m | Time: 2026-10-01 12:33:05
[96m------------------------------------------------------------[0m
[1m[ CPU ][0m Used: [92m3.4%[0m | Free: 96.6%
[96m------------------------------------------------------------[0m
[1m[ RAM ][0m Used: [92m8.12 GB (54.7%)[0m | Available: 6.73 GB | Total: 14.84 GB
[1m[ SWAP ][0m Used: 0.0 GB (0.0%) | Free: 4.0 GB | Total: 4.0 GB
        [93mTop 5 RAM Processes (Logged 10):[0m
          1. code (PID 11526) - 666.93 MB (4.39%)
          2. code (PID 8588) - 619.64 MB (4.08%)
          3. chrome (PID 7112) - 548.5 MB (3.61%)
          4. chrome (PID 6354) - 537.35 MB (3.54%)
          5. code (PID 8252) - 475.52 MB (3.13%)
[96m------------------------------------------------------------[0m
[1m[ DISK ][0m Used: [92m24.07 GB (2.63%)[0m | Free: 891.76 GB | Total: 915.83 GB
         [93mI/O:[0m Read 0.0 MB/s | Write 0.21 MB/s | Activity: 1.14%
[96m------------------------------------------------------------[0m
[1m[ NET ][0m Upload: 0.0 MB/s | Download: 0.01 MB/s
[96m------------------------------------------------------------[0m
[1m[ BATTERY ][0m [92m99.28%[0m (Charging/Plugged in)
[1m[96m============================================================[0m
[1m[92mData logged to 2026_logs/2026-10-01.jsonl... (Press Ctrl+C to stop)[0m
[1m[96m============================================================[0m
[1mSYSTEM MONITOR V2[0m | Time: 2026-10-01 12:33:10
[96m------------------------------------------------------------[0m
[1m[ CPU ][0m Used: [92m2.3%[0m | Free: 97.7%
[96m------------------------------------------------------------[0m
[1m[ RAM ][0m Used: [92m8.06 GB (54.3%)[0m | Available: 6.78 GB | Total: 14.84 GB
[1m[ SWAP ][0m Used: 0.0 GB (0.0%) | Free: 4.0 GB | Total: 4.0 GB
        [93mTop 5 RAM Processes (Logged 10):[0m
          1. code (PID 11526) - 666.18 MB (4.38%)
          2. code (PID 8588) - 618.79 MB (4.07%)
          3. chrome (PID 7112) - 548.5 MB (3.61%)
          4. chrome (PID 6354) - 537.32 MB (3.54%)
          5. code (PID 8252) - 476.67 MB (3.14%)
[96m------------------------------------------------------------[0m
[1m[ DISK ][0m Used: [92m24.07 GB (2.63%)[0m | Free: 891.76 GB | Total: 915.83 GB
         [93mI/O:[0m Read 0.0 MB/s | Write 1.01 MB/s | Activity: 1.25%
[96m------------------------------------------------------------[0m
[1m[ NET ][0m Upload: 0.0 MB/s | Download: 0.0 MB/s
[96m------------------------------------------------------------[0m
[1m[ BATTERY ][0m [92m99.28%[0m (Charging/Plugged in)
[1m[96m============================================================[0m
[1m[92mData logged to 2026_logs/2026-10-01.jsonl... (Press Ctrl+C to stop)[0m
[1m[96m============================================================[0m
[1mSYSTEM MONITOR V2[0m | Time: 2026-10-01 12:33:15
[96m------------------------------------------------------------[0m
[1m[ CPU ][0m Used: [92m2.2%[0m | Free: 97.8%
[96m------------------------------------------------------------[0m
[1m[ RAM ][0m Used: [92m8.03 GB (54.1%)[0m | Available: 6.81 GB | Total: 14.84 GB
[1m[ SWAP ][0m Used: 0.0 GB (0.0%) | Free: 4.0 GB | Total: 4.0 GB
        [93mTop 5 RAM Processes (Logged 10):[0m
          1. code (PID 11526) - 666.3 MB (4.38%)
          2. code (PID 8588) - 619.34 MB (4.07%)
          3. chrome (PID 7112) - 550.91 MB (3.62%)
          4. chrome (PID 6354) - 537.32 MB (3.54%)
          5. code (PID 8252) - 477.27 MB (3.14%)
[96m------------------------------------------------------------[0m
[1m[ DISK ][0m Used: [92m24.07 GB (2.63%)[0m | Free: 891.76 GB | Total: 915.83 GB
         [93mI/O:[0m Read 0.0 MB/s | Write 0.04 MB/s | Activity: 1.1%
[96m------------------------------------------------------------[0m
[1m[ NET ][0m Upload: 0.0 MB/s | Download: 0.0 MB/s
[96m------------------------------------------------------------[0m
[1m[ BATTERY ][0m [92m99.28%[0m (Charging/Plugged in)
[1m[96m============================================================[0m
[1m[92mData logged to 2026_logs/2026-10-01.jsonl... (Press Ctrl+C to stop)[0m
[1m[96m============================================================[0m
[1mSYSTEM MONITOR V2[0m | Time: 2026-10-01 12:33:20
[96m------------------------------------------------------------[0m
[1m[ CPU ][0m Used: [92m6.1%[0m | Free: 93.9%
[96m------------------------------------------------------------[0m
[1m[ RAM ][0m Used: [92m7.87 GB (53.0%)[0m | Available: 6.97 GB | Total: 14.84 GB
[1m[ SWAP ][0m Used: 0.0 GB (0.0%) | Free: 4.0 GB | Total: 4.0 GB
        [93mTop 5 RAM Processes (Logged 10):[0m
          1. code (PID 11526) - 666.43 MB (4.38%)
          2. code (PID 8588) - 620.07 MB (4.08%)
          3. chrome (PID 7112) - 550.91 MB (3.62%)
          4. chrome (PID 6354) - 538.27 MB (3.54%)
          5. code (PID 8252) - 488.75 MB (3.22%)
[96m------------------------------------------------------------[0m
[1m[ DISK ][0m Used: [92m24.07 GB (2.63%)[0m | Free: 891.76 GB | Total: 915.83 GB
         [93mI/O:[0m Read 0.0 MB/s | Write 1.75 MB/s | Activity: 1.07%
[96m------------------------------------------------------------[0m
[1m[ NET ][0m Upload: 0.0 MB/s | Download: 0.0 MB/s
[96m------------------------------------------------------------[0m
[1m[ BATTERY ][0m [92m99.28%[0m (Charging/Plugged in)
[1m[96m============================================================[0m
[1m[92mData logged to 2026_logs/2026-10-01.jsonl... (Press Ctrl+C to stop)[0m
[1m[96m============================================================[0m
[1mSYSTEM MONITOR V2[0m | Time: 2026-10-01 12:33:25
[96m------------------------------------------------------------[0m
[1m[ CPU ][0m Used: [92m9.1%[0m | Free: 90.9%
        [93mTop 5 (Logged 10):[0m code (2.38%)
[96m------------------------------------------------------------[0m
[1m[ RAM ][0m Used: [92m7.73 GB (52.1%)[0m | Available: 7.11 GB | Total: 14.84 GB
[1m[ SWAP ][0m Used: 0.0 GB (0.0%) | Free: 4.0 GB | Total: 4.0 GB
        [93mTop 5 RAM Processes (Logged 10):[0m
          1. code (PID 11526) - 666.55 MB (4.39%)
          2. code (PID 8588) - 620.61 MB (4.08%)
          3. chrome (PID 7112) - 554.3 MB (3.65%)
          4. chrome (PID 6354) - 536.59 MB (3.53%)
          5. code (PID 8252) - 491.89 MB (3.24%)
[96m------------------------------------------------------------[0m
[1m[ DISK ][0m Used: [92m24.07 GB (2.63%)[0m | Free: 891.76 GB | Total: 915.83 GB
         [93mI/O:[0m Read 0.0 MB/s | Write 1.12 MB/s | Activity: 1.02%
[96m------------------------------------------------------------[0m
[1m[ NET ][0m Upload: 0.0 MB/s | Download: 0.0 MB/s
[96m------------------------------------------------------------[0m
[1m[ BATTERY ][0m [92m99.28%[0m (Charging/Plugged in)
[1m[96m============================================================[0m
[1m[92mData logged to 2026_logs/2026-10-01.jsonl... (Press Ctrl+C to stop)[0m
[1m[96m============================================================[0m
[1mSYSTEM MONITOR V2[0m | Time: 2026-10-01 12:33:30
[96m------------------------------------------------------------[0m
[1m[ CPU ][0m Used: [92m6.7%[0m | Free: 93.3%
        [93mTop 5 (Logged 10):[0m code (2.55%)
[96m------------------------------------------------------------[0m
[1m[ RAM ][0m Used: [92m7.72 GB (52.0%)[0m | Available: 7.13 GB | Total: 14.84 GB
[1m[ SWAP ][0m Used: 0.0 GB (0.0%) | Free: 4.0 GB | Total: 4.0 GB
        [93mTop 5 RAM Processes (Logged 10):[0m
          1. code (PID 11526) - 666.68 MB (4.39%)
          2. code (PID 8588) - 621.66 MB (4.09%)
          3. chrome (PID 7112) - 554.3 MB (3.65%)
          4. chrome (PID 6354) - 536.27 MB (3.53%)
          5. code (PID 8252) - 524.5 MB (3.45%)
[96m------------------------------------------------------------[0m
[1m[ DISK ][0m Used: [92m24.07 GB (2.63%)[0m | Free: 891.76 GB | Total: 915.83 GB
         [93mI/O:[0m Read 0.0 MB/s | Write 0.41 MB/s | Activity: 0.91%
[96m------------------------------------------------------------[0m
[1m[ NET ][0m Upload: 0.0 MB/s | Download: 0.0 MB/s
[96m------------------------------------------------------------[0m
[1m[ BATTERY ][0m [92m99.28%[0m (Charging/Plugged in)
[1m[96m============================================================[0m
[1m[92mData logged to 2026_logs/2026-10-01.jsonl... (Press Ctrl+C to stop)[0m
[1m[96m============================================================[0m
[1mSYSTEM MONITOR V2[0m | Time: 2026-10-01 12:33:35
[96m------------------------------------------------------------[0m
[1m[ CPU ][0m Used: [92m2.6%[0m | Free: 97.4%
[96m------------------------------------------------------------[0m
[1m[ RAM ][0m Used: [92m7.68 GB (51.7%)[0m | Available: 7.17 GB | Total: 14.84 GB
[1m[ SWAP ][0m Used: 0.0 GB (0.0%) | Free: 4.0 GB | Total: 4.0 GB
        [93mTop 5 RAM Processes (Logged 10):[0m
          1. code (PID 11526) - 666.81 MB (4.39%)
          2. code (PID 8588) - 622.45 MB (4.1%)
          3. chrome (PID 7112) - 554.32 MB (3.65%)
          4. chrome (PID 6354) - 536.27 MB (3.53%)
          5. code (PID 8252) - 513.64 MB (3.38%)
[96m------------------------------------------------------------[0m
[1m[ DISK ][0m Used: [92m24.07 GB (2.63%)[0m | Free: 891.76 GB | Total: 915.83 GB
         [93mI/O:[0m Read 0.0 MB/s | Write 0.04 MB/s | Activity: 0.98%
[96m------------------------------------------------------------[0m
[1m[ NET ][0m Upload: 0.0 MB/s | Download: 0.0 MB/s
[96m------------------------------------------------------------[0m
[1m[ BATTERY ][0m [92m99.28%[0m (Charging/Plugged in)
[1m[96m============================================================[0m
[1m[92mData logged to 2026_logs/2026-10-01.jsonl... (Press Ctrl+C to stop)[0m
[1m[96m============================================================[0m
[1mSYSTEM MONITOR V2[0m | Time: 2026-10-01 12:33:40
[96m------------------------------------------------------------[0m
[1m[ CPU ][0m Used: [92m1.8%[0m | Free: 98.2%
[96m------------------------------------------------------------[0m
[1m[ RAM ][0m Used: [92m7.66 GB (51.6%)[0m | Available: 7.19 GB | Total: 14.84 GB
[1m[ SWAP ][0m Used: 0.0 GB (0.0%) | Free: 4.0 GB | Total: 4.0 GB
        [93mTop 5 RAM Processes (Logged 10):[0m
          1. code (PID 11526) - 666.95 MB (4.39%)
          2. code (PID 8588) - 622.7 MB (4.1%)
          3. chrome (PID 7112) - 554.33 MB (3.65%)
          4. chrome (PID 6354) - 535.54 MB (3.52%)
          5. code (PID 8252) - 509.01 MB (3.35%)
[96m------------------------------------------------------------[0m
[1m[ DISK ][0m Used: [92m24.07 GB (2.63%)[0m | Free: 891.76 GB | Total: 915.83 GB
         [93mI/O:[0m Read 0.0 MB/s | Write 0.52 MB/s | Activity: 1.01%
[96m------------------------------------------------------------[0m
[1m[ NET ][0m Upload: 0.0 MB/s | Download: 0.0 MB/s
[96m------------------------------------------------------------[0m
[1m[ BATTERY ][0m [92m99.28%[0m (Charging/Plugged in)
[1m[96m============================================================[0m
[1m[92mData logged to 2026_logs/2026-10-01.jsonl... (Press Ctrl+C to stop)[0m
[1m[96m============================================================[0m
[1mSYSTEM MONITOR V2[0m | Time: 2026-10-01 12:33:45
[96m------------------------------------------------------------[0m
[1m[ CPU ][0m Used: [92m5.7%[0m | Free: 94.3%
        [93mTop 5 (Logged 10):[0m code (2.04%)
[96m------------------------------------------------------------[0m
[1m[ RAM ][0m Used: [92m7.68 GB (51.8%)[0m | Available: 7.16 GB | Total: 14.84 GB
[1m[ SWAP ][0m Used: 0.0 GB (0.0%) | Free: 4.0 GB | Total: 4.0 GB
        [93mTop 5 RAM Processes (Logged 10):[0m
          1. code (PID 11526) - 666.25 MB (4.38%)
          2. code (PID 8588) - 622.92 MB (4.1%)
          3. chrome (PID 7112) - 553.31 MB (3.64%)
          4. chrome (PID 6354) - 534.62 MB (3.52%)
          5. code (PID 8252) - 532.02 MB (3.5%)
[96m------------------------------------------------------------[0m
[1m[ DISK ][0m Used: [92m24.07 GB (2.63%)[0m | Free: 891.76 GB | Total: 915.83 GB
         [93mI/O:[0m Read 0.0 MB/s | Write 0.08 MB/s | Activity: 0.24%
[96m------------------------------------------------------------[0m
[1m[ NET ][0m Upload: 0.0 MB/s | Download: 0.0 MB/s
[96m------------------------------------------------------------[0m
[1m[ BATTERY ][0m [92m99.28%[0m (Charging/Plugged in)
[1m[96m============================================================[0m
[1m[92mData logged to 2026_logs/2026-10-01.jsonl... (Press Ctrl+C to stop)[0m
[1m[96m============================================================[0m
[1mSYSTEM MONITOR V2[0m | Time: 2026-10-01 12:33:50
[96m------------------------------------------------------------[0m
[1m[ CPU ][0m Used: [92m9.5%[0m | Free: 90.5%
        [93mTop 5 (Logged 10):[0m code (3.94%), code (2.95%)
[96m------------------------------------------------------------[0m
[1m[ RAM ][0m Used: [92m7.69 GB (51.8%)[0m | Available: 7.15 GB | Total: 14.84 GB
[1m[ SWAP ][0m Used: 0.0 GB (0.0%) | Free: 4.0 GB | Total: 4.0 GB
        [93mTop 5 RAM Processes (Logged 10):[0m
          1. code (PID 11526) - 666.37 MB (4.38%)
          2. code (PID 8588) - 624.33 MB (4.11%)
          3. chrome (PID 7112) - 553.31 MB (3.64%)
          4. code (PID 8252) - 545.63 MB (3.59%)
          5. chrome (PID 6354) - 534.72 MB (3.52%)
[96m------------------------------------------------------------[0m
[1m[ DISK ][0m Used: [92m24.07 GB (2.63%)[0m | Free: 891.76 GB | Total: 915.83 GB
         [93mI/O:[0m Read 0.0 MB/s | Write 0.01 MB/s | Activity: 0.87%
[96m------------------------------------------------------------[0m
[1m[ NET ][0m Upload: 0.0 MB/s | Download: 0.0 MB/s
[96m------------------------------------------------------------[0m
[1m[ BATTERY ][0m [92m99.28%[0m (Charging/Plugged in)
[1m[96m============================================================[0m
[1m[92mData logged to 2026_logs/2026-10-01.jsonl... (Press Ctrl+C to stop)[0m
[1m[96m============================================================[0m
[1mSYSTEM MONITOR V2[0m | Time: 2026-10-01 12:33:55
[96m------------------------------------------------------------[0m
[1m[ CPU ][0m Used: [92m9.0%[0m | Free: 91.0%
        [93mTop 5 (Logged 10):[0m code (3.68%), code (2.86%)
[96m------------------------------------------------------------[0m
[1m[ RAM ][0m Used: [92m7.66 GB (51.6%)[0m | Available: 7.18 GB | Total: 14.84 GB
[1m[ SWAP ][0m Used: 0.0 GB (0.0%) | Free: 4.0 GB | Total: 4.0 GB
        [93mTop 5 RAM Processes (Logged 10):[0m
          1. code (PID 11526) - 666.49 MB (4.39%)
          2. code (PID 8588) - 625.5 MB (4.12%)
          3. code (PID 8252) - 552.44 MB (3.63%)
          4. chrome (PID 7112) - 546.11 MB (3.59%)
          5. chrome (PID 6354) - 534.76 MB (3.52%)
[96m------------------------------------------------------------[0m
[1m[ DISK ][0m Used: [92m24.07 GB (2.63%)[0m | Free: 891.76 GB | Total: 915.83 GB
         [93mI/O:[0m Read 0.0 MB/s | Write 0.51 MB/s | Activity: 1.78%
[96m------------------------------------------------------------[0m
[1m[ NET ][0m Upload: 0.0 MB/s | Download: 0.0 MB/s
[96m------------------------------------------------------------[0m
[1m[ BATTERY ][0m [92m99.28%[0m (Charging/Plugged in)
[1m[96m============================================================[0m
[1m[92mData logged to 2026_logs/2026-10-01.jsonl... (Press Ctrl+C to stop)[0m
[1m[96m============================================================[0m
[1mSYSTEM MONITOR V2[0m | Time: 2026-10-01 12:34:00
[96m------------------------------------------------------------[0m
[1m[ CPU ][0m Used: [92m9.8%[0m | Free: 90.2%
        [93mTop 5 (Logged 10):[0m code (3.99%), code (2.7%)
[96m------------------------------------------------------------[0m
[1m[ RAM ][0m Used: [92m7.71 GB (52.0%)[0m | Available: 7.13 GB | Total: 14.84 GB
[1m[ SWAP ][0m Used: 0.0 GB (0.0%) | Free: 4.0 GB | Total: 4.0 GB
        [93mTop 5 RAM Processes (Logged 10):[0m
          1. code (PID 11526) - 666.62 MB (4.39%)
          2. code (PID 8588) - 625.57 MB (4.12%)
          3. code (PID 8252) - 573.32 MB (3.77%)
          4. chrome (PID 7112) - 544.68 MB (3.58%)
          5. chrome (PID 6354) - 534.76 MB (3.52%)
[96m------------------------------------------------------------[0m
[1m[ DISK ][0m Used: [92m24.07 GB (2.63%)[0m | Free: 891.76 GB | Total: 915.83 GB
         [93mI/O:[0m Read 0.02 MB/s | Write 0.02 MB/s | Activity: 0.92%
[96m------------------------------------------------------------[0m
[1m[ NET ][0m Upload: 0.01 MB/s | Download: 0.0 MB/s
[96m------------------------------------------------------------[0m
[1m[ BATTERY ][0m [92m99.28%[0m (Charging/Plugged in)
[1m[96m============================================================[0m
[1m[92mData logged to 2026_logs/2026-10-01.jsonl... (Press Ctrl+C to stop)[0m
[1m[96m============================================================[0m
[1mSYSTEM MONITOR V2[0m | Time: 2026-10-01 12:34:06
[96m------------------------------------------------------------[0m
[1m[ CPU ][0m Used: [92m9.5%[0m | Free: 90.5%
        [93mTop 5 (Logged 10):[0m code (3.38%), code (2.5%)
[96m------------------------------------------------------------[0m
[1m[ RAM ][0m Used: [92m7.8 GB (52.6%)[0m | Available: 7.04 GB | Total: 14.84 GB
[1m[ SWAP ][0m Used: 0.0 GB (0.0%) | Free: 4.0 GB | Total: 4.0 GB
        [93mTop 5 RAM Processes (Logged 10):[0m
          1. code (PID 8588) - 774.24 MB (5.09%)
          2. code (PID 11526) - 666.74 MB (4.39%)
          3. code (PID 8252) - 563.1 MB (3.7%)
          4. chrome (PID 7112) - 540.58 MB (3.56%)
          5. chrome (PID 6354) - 534.42 MB (3.52%)
[96m------------------------------------------------------------[0m
[1m[ DISK ][0m Used: [92m24.07 GB (2.63%)[0m | Free: 891.76 GB | Total: 915.83 GB
         [93mI/O:[0m Read 0.0 MB/s | Write 0.01 MB/s | Activity: 1.59%
[96m------------------------------------------------------------[0m
[1m[ NET ][0m Upload: 0.02 MB/s | Download: 0.01 MB/s
[96m------------------------------------------------------------[0m
[1m[ BATTERY ][0m [92m99.28%[0m (Charging/Plugged in)
[1m[96m============================================================[0m
[1m[92mData logged to 2026_logs/2026-10-01.jsonl... (Press Ctrl+C to stop)[0m
[1m[96m============================================================[0m
[1mSYSTEM MONITOR V2[0m | Time: 2026-10-01 12:34:11
[96m------------------------------------------------------------[0m
[1m[ CPU ][0m Used: [92m10.5%[0m | Free: 89.5%
        [93mTop 5 (Logged 10):[0m code (4.29%), code (3.0%)
[96m------------------------------------------------------------[0m
[1m[ RAM ][0m Used: [92m7.94 GB (53.5%)[0m | Available: 6.91 GB | Total: 14.84 GB
[1m[ SWAP ][0m Used: 0.0 GB (0.0%) | Free: 4.0 GB | Total: 4.0 GB
        [93mTop 5 RAM Processes (Logged 10):[0m
          1. code (PID 8588) - 804.27 MB (5.29%)
          2. code (PID 11526) - 666.87 MB (4.39%)
          3. code (PID 8252) - 619.07 MB (4.07%)
          4. chrome (PID 7112) - 539.16 MB (3.55%)
          5. chrome (PID 6354) - 534.41 MB (3.52%)
[96m------------------------------------------------------------[0m
[1m[ DISK ][0m Used: [92m24.07 GB (2.63%)[0m | Free: 891.76 GB | Total: 915.83 GB
         [93mI/O:[0m Read 0.0 MB/s | Write 0.07 MB/s | Activity: 1.75%
[96m------------------------------------------------------------[0m
[1m[ NET ][0m Upload: 0.02 MB/s | Download: 0.0 MB/s
[96m------------------------------------------------------------[0m
[1m[ BATTERY ][0m [92m99.28%[0m (Charging/Plugged in)
[1m[96m============================================================[0m
[1m[92mData logged to 2026_logs/2026-10-01.jsonl... (Press Ctrl+C to stop)[0m
[1m[96m============================================================[0m
[1mSYSTEM MONITOR V2[0m | Time: 2026-10-01 12:34:16
[96m------------------------------------------------------------[0m
[1m[ CPU ][0m Used: [92m8.0%[0m | Free: 92.0%
        [93mTop 5 (Logged 10):[0m code (2.75%)
[96m------------------------------------------------------------[0m
[1m[ RAM ][0m Used: [92m7.94 GB (53.5%)[0m | Available: 6.9 GB | Total: 14.84 GB
[1m[ SWAP ][0m Used: 0.0 GB (0.0%) | Free: 4.0 GB | Total: 4.0 GB
        [93mTop 5 RAM Processes (Logged 10):[0m
          1. code (PID 8588) - 813.94 MB (5.36%)
          2. code (PID 11526) - 667.01 MB (4.39%)
          3. code (PID 8252) - 615.32 MB (4.05%)
          4. chrome (PID 7112) - 537.62 MB (3.54%)
          5. chrome (PID 6354) - 534.41 MB (3.52%)
[96m------------------------------------------------------------[0m
[1m[ DISK ][0m Used: [92m24.07 GB (2.63%)[0m | Free: 891.76 GB | Total: 915.83 GB
         [93mI/O:[0m Read 0.0 MB/s | Write 0.39 MB/s | Activity: 0.95%
[96m------------------------------------------------------------[0m
[1m[ NET ][0m Upload: 0.02 MB/s | Download: 0.0 MB/s
[96m------------------------------------------------------------[0m
[1m[ BATTERY ][0m [92m99.28%[0m (Charging/Plugged in)
[1m[96m============================================================[0m
[1m[92mData logged to 2026_logs/2026-10-01.jsonl... (Press Ctrl+C to stop)[0m
[1m[96m============================================================[0m
[1mSYSTEM MONITOR V2[0m | Time: 2026-10-01 12:34:21
[96m------------------------------------------------------------[0m
[1m[ CPU ][0m Used: [92m5.4%[0m | Free: 94.6%
[96m------------------------------------------------------------[0m
[1m[ RAM ][0m Used: [92m7.9 GB (53.2%)[0m | Available: 6.95 GB | Total: 14.84 GB
[1m[ SWAP ][0m Used: 0.0 GB (0.0%) | Free: 4.0 GB | Total: 4.0 GB
        [93mTop 5 RAM Processes (Logged 10):[0m
          1. code (PID 8588) - 814.19 MB (5.36%)
          2. code (PID 11526) - 666.31 MB (4.38%)
          3. code (PID 8252) - 611.86 MB (4.03%)
          4. chrome (PID 7112) - 537.62 MB (3.54%)
          5. chrome (PID 6354) - 534.42 MB (3.52%)
[96m------------------------------------------------------------[0m
[1m[ DISK ][0m Used: [92m24.07 GB (2.63%)[0m | Free: 891.76 GB | Total: 915.83 GB
         [93mI/O:[0m Read 0.0 MB/s | Write 0.04 MB/s | Activity: 1.84%
[96m------------------------------------------------------------[0m
[1m[ NET ][0m Upload: 0.04 MB/s | Download: 0.0 MB/s
[96m------------------------------------------------------------[0m
[1m[ BATTERY ][0m [92m99.28%[0m (Charging/Plugged in)
[1m[96m============================================================[0m
[1m[92mData logged to 2026_logs/2026-10-01.jsonl... (Press Ctrl+C to stop)[0m
[1m[96m============================================================[0m
[1mSYSTEM MONITOR V2[0m | Time: 2026-10-01 12:34:26
[96m------------------------------------------------------------[0m
[1m[ CPU ][0m Used: [92m5.8%[0m | Free: 94.2%
[96m------------------------------------------------------------[0m
[1m[ RAM ][0m Used: [92m7.82 GB (52.7%)[0m | Available: 7.02 GB | Total: 14.84 GB
[1m[ SWAP ][0m Used: 0.0 GB (0.0%) | Free: 4.0 GB | Total: 4.0 GB
        [93mTop 5 RAM Processes (Logged 10):[0m
          1. code (PID 8588) - 816.18 MB (5.37%)
          2. code (PID 11526) - 666.43 MB (4.38%)
          3. chrome (PID 7112) - 540.08 MB (3.55%)
          4. chrome (PID 6354) - 534.86 MB (3.52%)
          5. code (PID 8252) - 460.37 MB (3.03%)
[96m------------------------------------------------------------[0m
[1m[ DISK ][0m Used: [92m24.07 GB (2.63%)[0m | Free: 891.76 GB | Total: 915.83 GB
         [93mI/O:[0m Read 0.0 MB/s | Write 0.51 MB/s | Activity: 0.97%
[96m------------------------------------------------------------[0m
[1m[ NET ][0m Upload: 0.03 MB/s | Download: 0.01 MB/s
[96m------------------------------------------------------------[0m
[1m[ BATTERY ][0m [92m99.28%[0m (Charging/Plugged in)
[1m[96m============================================================[0m
[1m[92mData logged to 2026_logs/2026-10-01.jsonl... (Press Ctrl+C to stop)[0m
[1m[96m============================================================[0m
[1mSYSTEM MONITOR V2[0m | Time: 2026-10-01 12:34:31
[96m------------------------------------------------------------[0m
[1m[ CPU ][0m Used: [92m3.8%[0m | Free: 96.2%
[96m------------------------------------------------------------[0m
[1m[ RAM ][0m Used: [92m7.81 GB (52.6%)[0m | Available: 7.03 GB | Total: 14.84 GB
[1m[ SWAP ][0m Used: 0.0 GB (0.0%) | Free: 4.0 GB | Total: 4.0 GB
        [93mTop 5 RAM Processes (Logged 10):[0m
          1. code (PID 8588) - 826.29 MB (5.44%)
          2. code (PID 11526) - 666.55 MB (4.39%)
          3. chrome (PID 7112) - 540.08 MB (3.55%)
          4. chrome (PID 6354) - 534.48 MB (3.52%)
          5. code (PID 8252) - 463.32 MB (3.05%)
[96m------------------------------------------------------------[0m
[1m[ DISK ][0m Used: [92m24.07 GB (2.63%)[0m | Free: 891.76 GB | Total: 915.83 GB
         [93mI/O:[0m Read 0.0 MB/s | Write 0.13 MB/s | Activity: 1.08%
[96m------------------------------------------------------------[0m
[1m[ NET ][0m Upload: 0.02 MB/s | Download: 0.0 MB/s
[96m------------------------------------------------------------[0m
[1m[ BATTERY ][0m [92m99.28%[0m (Charging/Plugged in)
[1m[96m============================================================[0m
[1m[92mData logged to 2026_logs/2026-10-01.jsonl... (Press Ctrl+C to stop)[0m
[1m[96m============================================================[0m
[1mSYSTEM MONITOR V2[0m | Time: 2026-10-01 12:34:36
[96m------------------------------------------------------------[0m
[1m[ CPU ][0m Used: [92m5.0%[0m | Free: 95.0%
[96m------------------------------------------------------------[0m
[1m[ RAM ][0m Used: [92m7.82 GB (52.7%)[0m | Available: 7.02 GB | Total: 14.84 GB
[1m[ SWAP ][0m Used: 0.0 GB (0.0%) | Free: 4.0 GB | Total: 4.0 GB
        [93mTop 5 RAM Processes (Logged 10):[0m
          1. code (PID 8588) - 833.53 MB (5.48%)
          2. code (PID 11526) - 666.68 MB (4.39%)
          3. chrome (PID 7112) - 540.11 MB (3.55%)
          4. chrome (PID 6354) - 534.7 MB (3.52%)
          5. code (PID 8252) - 458.68 MB (3.02%)
[96m------------------------------------------------------------[0m
[1m[ DISK ][0m Used: [92m24.07 GB (2.63%)[0m | Free: 891.76 GB | Total: 915.83 GB
         [93mI/O:[0m Read 0.0 MB/s | Write 0.0 MB/s | Activity: 0.82%
[96m------------------------------------------------------------[0m
[1m[ NET ][0m Upload: 0.04 MB/s | Download: 0.01 MB/s
[96m------------------------------------------------------------[0m
[1m[ BATTERY ][0m [92m99.28%[0m (Charging/Plugged in)
[1m[96m============================================================[0m
[1m[92mData logged to 2026_logs/2026-10-01.jsonl... (Press Ctrl+C to stop)[0m
[1m[96m============================================================[0m
[1mSYSTEM MONITOR V2[0m | Time: 2026-10-01 12:34:41
[96m------------------------------------------------------------[0m
[1m[ CPU ][0m Used: [92m4.0%[0m | Free: 96.0%
[96m------------------------------------------------------------[0m
[1m[ RAM ][0m Used: [92m7.82 GB (52.7%)[0m | Available: 7.03 GB | Total: 14.84 GB
[1m[ SWAP ][0m Used: 0.0 GB (0.0%) | Free: 4.0 GB | Total: 4.0 GB
        [93mTop 5 RAM Processes (Logged 10):[0m
          1. code (PID 8588) - 833.41 MB (5.48%)
          2. code (PID 11526) - 666.81 MB (4.39%)
          3. chrome (PID 7112) - 540.11 MB (3.55%)
          4. chrome (PID 6354) - 534.7 MB (3.52%)
          5. code (PID 8252) - 461.43 MB (3.04%)
[96m------------------------------------------------------------[0m
[1m[ DISK ][0m Used: [92m24.07 GB (2.63%)[0m | Free: 891.76 GB | Total: 915.83 GB
         [93mI/O:[0m Read 0.0 MB/s | Write 0.06 MB/s | Activity: 2.02%
[96m------------------------------------------------------------[0m
[1m[ NET ][0m Upload: 0.02 MB/s | Download: 0.0 MB/s
[96m------------------------------------------------------------[0m
[1m[ BATTERY ][0m [92m99.28%[0m (Charging/Plugged in)
[1m[96m============================================================[0m
[1m[92mData logged to 2026_logs/2026-10-01.jsonl... (Press Ctrl+C to stop)[0m
[1m[96m============================================================[0m
[1mSYSTEM MONITOR V2[0m | Time: 2026-10-01 12:34:46
[96m------------------------------------------------------------[0m
[1m[ CPU ][0m Used: [92m3.8%[0m | Free: 96.2%
[96m------------------------------------------------------------[0m
[1m[ RAM ][0m Used: [92m7.83 GB (52.7%)[0m | Available: 7.02 GB | Total: 14.84 GB
[1m[ SWAP ][0m Used: 0.0 GB (0.0%) | Free: 4.0 GB | Total: 4.0 GB
        [93mTop 5 RAM Processes (Logged 10):[0m
          1. code (PID 8588) - 835.2 MB (5.49%)
          2. code (PID 11526) - 666.93 MB (4.39%)
          3. chrome (PID 7112) - 540.11 MB (3.55%)
          4. chrome (PID 6354) - 534.57 MB (3.52%)
          5. code (PID 8252) - 465.45 MB (3.06%)
[96m------------------------------------------------------------[0m
[1m[ DISK ][0m Used: [92m24.07 GB (2.63%)[0m | Free: 891.76 GB | Total: 915.83 GB
         [93mI/O:[0m Read 0.0 MB/s | Write 0.37 MB/s | Activity: 0.9%
[96m------------------------------------------------------------[0m
[1m[ NET ][0m Upload: 0.02 MB/s | Download: 0.01 MB/s
[96m------------------------------------------------------------[0m
[1m[ BATTERY ][0m [92m99.28%[0m (Charging/Plugged in)
[1m[96m============================================================[0m
[1m[92mData logged to 2026_logs/2026-10-01.jsonl... (Press Ctrl+C to stop)[0m
[1m[96m============================================================[0m
[1mSYSTEM MONITOR V2[0m | Time: 2026-10-01 12:34:51
[96m------------------------------------------------------------[0m
[1m[ CPU ][0m Used: [92m4.8%[0m | Free: 95.2%
[96m------------------------------------------------------------[0m
[1m[ RAM ][0m Used: [92m7.75 GB (52.2%)[0m | Available: 7.09 GB | Total: 14.84 GB
[1m[ SWAP ][0m Used: 0.0 GB (0.0%) | Free: 4.0 GB | Total: 4.0 GB
        [93mTop 5 RAM Processes (Logged 10):[0m
          1. code (PID 8588) - 761.74 MB (5.01%)
          2. code (PID 11526) - 667.07 MB (4.39%)
          3. chrome (PID 7112) - 540.11 MB (3.55%)
          4. chrome (PID 6354) - 534.59 MB (3.52%)
          5. code (PID 8252) - 469.27 MB (3.09%)
[96m------------------------------------------------------------[0m
[1m[ DISK ][0m Used: [92m24.07 GB (2.63%)[0m | Free: 891.76 GB | Total: 915.83 GB
         [93mI/O:[0m Read 0.0 MB/s | Write 0.0 MB/s | Activity: 0.0%
[96m------------------------------------------------------------[0m
[1m[ NET ][0m Upload: 0.04 MB/s | Download: 0.01 MB/s
[96m------------------------------------------------------------[0m
[1m[ BATTERY ][0m [92m99.28%[0m (Charging/Plugged in)
[1m[96m============================================================[0m
[1m[92mData logged to 2026_logs/2026-10-01.jsonl... (Press Ctrl+C to stop)[0m
[1m[96m============================================================[0m
[1mSYSTEM MONITOR V2[0m | Time: 2026-10-01 12:34:56
[96m------------------------------------------------------------[0m
[1m[ CPU ][0m Used: [92m5.8%[0m | Free: 94.2%
[96m------------------------------------------------------------[0m
[1m[ RAM ][0m Used: [92m7.79 GB (52.5%)[0m | Available: 7.05 GB | Total: 14.84 GB
[1m[ SWAP ][0m Used: 0.0 GB (0.0%) | Free: 4.0 GB | Total: 4.0 GB
        [93mTop 5 RAM Processes (Logged 10):[0m
          1. code (PID 8588) - 784.87 MB (5.16%)
          2. code (PID 11526) - 666.37 MB (4.38%)
          3. chrome (PID 7112) - 540.11 MB (3.55%)
          4. chrome (PID 6354) - 534.56 MB (3.52%)
          5. code (PID 8252) - 475.66 MB (3.13%)
[96m------------------------------------------------------------[0m
[1m[ DISK ][0m Used: [92m24.07 GB (2.63%)[0m | Free: 891.76 GB | Total: 915.83 GB
         [93mI/O:[0m Read 0.0 MB/s | Write 0.1 MB/s | Activity: 1.27%
[96m------------------------------------------------------------[0m
[1m[ NET ][0m Upload: 0.02 MB/s | Download: 0.0 MB/s
[96m------------------------------------------------------------[0m
[1m[ BATTERY ][0m [92m99.28%[0m (Charging/Plugged in)
[1m[96m============================================================[0m
[1m[92mData logged to 2026_logs/2026-10-01.jsonl... (Press Ctrl+C to stop)[0m
[1m[96m============================================================[0m
[1mSYSTEM MONITOR V2[0m | Time: 2026-10-01 12:35:01
[96m------------------------------------------------------------[0m
[1m[ CPU ][0m Used: [92m6.8%[0m | Free: 93.2%
        [93mTop 5 (Logged 10):[0m code (2.95%)
[96m------------------------------------------------------------[0m
[1m[ RAM ][0m Used: [92m7.79 GB (52.5%)[0m | Available: 7.05 GB | Total: 14.84 GB
[1m[ SWAP ][0m Used: 0.0 GB (0.0%) | Free: 4.0 GB | Total: 4.0 GB
        [93mTop 5 RAM Processes (Logged 10):[0m
          1. code (PID 8588) - 810.21 MB (5.33%)
          2. code (PID 11526) - 666.5 MB (4.39%)
          3. chrome (PID 7112) - 540.11 MB (3.55%)
          4. chrome (PID 6354) - 534.56 MB (3.52%)
          5. code (PID 8252) - 488.9 MB (3.22%)
[96m------------------------------------------------------------[0m
[1m[ DISK ][0m Used: [92m24.07 GB (2.63%)[0m | Free: 891.76 GB | Total: 915.83 GB
         [93mI/O:[0m Read 0.0 MB/s | Write 0.02 MB/s | Activity: 0.86%
[96m------------------------------------------------------------[0m
[1m[ NET ][0m Upload: 0.02 MB/s | Download: 0.0 MB/s
[96m------------------------------------------------------------[0m
[1m[ BATTERY ][0m [92m99.28%[0m (Charging/Plugged in)
[1m[96m============================================================[0m
[1m[92mData logged to 2026_logs/2026-10-01.jsonl... (Press Ctrl+C to stop)[0m
[1m[96m============================================================[0m
[1mSYSTEM MONITOR V2[0m | Time: 2026-10-01 12:35:06
[96m------------------------------------------------------------[0m
[1m[ CPU ][0m Used: [92m6.1%[0m | Free: 93.9%
[96m------------------------------------------------------------[0m
[1m[ RAM ][0m Used: [92m7.76 GB (52.3%)[0m | Available: 7.08 GB | Total: 14.84 GB
[1m[ SWAP ][0m Used: 0.0 GB (0.0%) | Free: 4.0 GB | Total: 4.0 GB
        [93mTop 5 RAM Processes (Logged 10):[0m
          1. code (PID 8588) - 748.27 MB (4.92%)
          2. code (PID 11526) - 666.62 MB (4.39%)
          3. chrome (PID 7112) - 540.12 MB (3.55%)
          4. chrome (PID 6354) - 534.4 MB (3.52%)
          5. code (PID 8252) - 500.25 MB (3.29%)
[96m------------------------------------------------------------[0m
[1m[ DISK ][0m Used: [92m24.07 GB (2.63%)[0m | Free: 891.76 GB | Total: 915.83 GB
         [93mI/O:[0m Read 0.0 MB/s | Write 0.06 MB/s | Activity: 0.92%
[96m------------------------------------------------------------[0m
[1m[ NET ][0m Upload: 0.04 MB/s | Download: 0.01 MB/s
[96m------------------------------------------------------------[0m
[1m[ BATTERY ][0m [92m99.28%[0m (Charging/Plugged in)
[1m[96m============================================================[0m
[1m[92mData logged to 2026_logs/2026-10-01.jsonl... (Press Ctrl+C to stop)[0m
[1m[96m============================================================[0m
[1mSYSTEM MONITOR V2[0m | Time: 2026-10-01 12:35:11
[96m------------------------------------------------------------[0m
[1m[ CPU ][0m Used: [92m9.0%[0m | Free: 91.0%
        [93mTop 5 (Logged 10):[0m code (3.66%), code (2.24%)
[96m------------------------------------------------------------[0m
[1m[ RAM ][0m Used: [92m7.82 GB (52.7%)[0m | Available: 7.02 GB | Total: 14.84 GB
[1m[ SWAP ][0m Used: 0.0 GB (0.0%) | Free: 4.0 GB | Total: 4.0 GB
        [93mTop 5 RAM Processes (Logged 10):[0m
          1. code (PID 8588) - 769.25 MB (5.06%)
          2. code (PID 11526) - 666.75 MB (4.39%)
          3. code (PID 8252) - 541.27 MB (3.56%)
          4. chrome (PID 7112) - 540.12 MB (3.55%)
          5. chrome (PID 6354) - 534.41 MB (3.52%)
[96m------------------------------------------------------------[0m
[1m[ DISK ][0m Used: [92m24.07 GB (2.63%)[0m | Free: 891.76 GB | Total: 915.83 GB
         [93mI/O:[0m Read 0.0 MB/s | Write 0.48 MB/s | Activity: 1.0%
[96m------------------------------------------------------------[0m
[1m[ NET ][0m Upload: 0.02 MB/s | Download: 0.0 MB/s
[96m------------------------------------------------------------[0m
[1m[ BATTERY ][0m [92m99.28%[0m (Charging/Plugged in)
[1m[96m============================================================[0m
[1m[92mData logged to 2026_logs/2026-10-01.jsonl... (Press Ctrl+C to stop)[0m
[1m[96m============================================================[0m
[1mSYSTEM MONITOR V2[0m | Time: 2026-10-01 12:35:16
[96m------------------------------------------------------------[0m
[1m[ CPU ][0m Used: [92m11.5%[0m | Free: 88.5%
        [93mTop 5 (Logged 10):[0m code (5.71%), code (2.85%)
[96m------------------------------------------------------------[0m
[1m[ RAM ][0m Used: [92m8.06 GB (54.3%)[0m | Available: 6.78 GB | Total: 14.84 GB
[1m[ SWAP ][0m Used: 0.0 GB (0.0%) | Free: 4.0 GB | Total: 4.0 GB
        [93mTop 5 RAM Processes (Logged 10):[0m
          1. code (PID 8588) - 789.16 MB (5.19%)
          2. code (PID 8252) - 677.79 MB (4.46%)
          3. code (PID 11526) - 666.88 MB (4.39%)
          4. chrome (PID 7112) - 538.3 MB (3.54%)
          5. chrome (PID 6354) - 534.5 MB (3.52%)
[96m------------------------------------------------------------[0m
[1m[ DISK ][0m Used: [92m24.07 GB (2.63%)[0m | Free: 891.76 GB | Total: 915.83 GB
         [93mI/O:[0m Read 0.0 MB/s | Write 0.44 MB/s | Activity: 0.3%
[96m------------------------------------------------------------[0m
[1m[ NET ][0m Upload: 0.02 MB/s | Download: 0.01 MB/s
[96m------------------------------------------------------------[0m
[1m[ BATTERY ][0m [92m99.28%[0m (Charging/Plugged in)
[1m[96m============================================================[0m
[1m[92mData logged to 2026_logs/2026-10-01.jsonl... (Press Ctrl+C to stop)[0m
[1m[96m============================================================[0m
[1mSYSTEM MONITOR V2[0m | Time: 2026-10-01 12:35:21
[96m------------------------------------------------------------[0m
[1m[ CPU ][0m Used: [92m11.7%[0m | Free: 88.3%
        [93mTop 5 (Logged 10):[0m code (5.48%), code (2.64%)
[96m------------------------------------------------------------[0m
[1m[ RAM ][0m Used: [92m8.03 GB (54.1%)[0m | Available: 6.81 GB | Total: 14.84 GB
[1m[ SWAP ][0m Used: 0.0 GB (0.0%) | Free: 4.0 GB | Total: 4.0 GB
        [93mTop 5 RAM Processes (Logged 10):[0m
          1. code (PID 8588) - 800.14 MB (5.26%)
          2. code (PID 8252) - 696.47 MB (4.58%)
          3. code (PID 11526) - 667.0 MB (4.39%)
          4. chrome (PID 7112) - 537.75 MB (3.54%)
          5. chrome (PID 6354) - 534.38 MB (3.52%)
[96m------------------------------------------------------------[0m
[1m[ DISK ][0m Used: [92m24.07 GB (2.63%)[0m | Free: 891.76 GB | Total: 915.83 GB
         [93mI/O:[0m Read 0.0 MB/s | Write 0.02 MB/s | Activity: 0.88%
[96m------------------------------------------------------------[0m
[1m[ NET ][0m Upload: 0.03 MB/s | Download: 0.01 MB/s
[96m------------------------------------------------------------[0m
[1m[ BATTERY ][0m [92m99.28%[0m (Charging/Plugged in)
[1m[96m============================================================[0m
[1m[92mData logged to 2026_logs/2026-10-01.jsonl... (Press Ctrl+C to stop)[0m
[1m[96m============================================================[0m
[1mSYSTEM MONITOR V2[0m | Time: 2026-10-01 12:35:26
[96m------------------------------------------------------------[0m
[1m[ CPU ][0m Used: [92m11.3%[0m | Free: 88.7%
        [93mTop 5 (Logged 10):[0m code (4.42%), code (3.28%)
[96m------------------------------------------------------------[0m
[1m[ RAM ][0m Used: [92m8.1 GB (54.6%)[0m | Available: 6.74 GB | Total: 14.84 GB
[1m[ SWAP ][0m Used: 0.0 GB (0.0%) | Free: 4.0 GB | Total: 4.0 GB
        [93mTop 5 RAM Processes (Logged 10):[0m
          1. code (PID 8588) - 825.45 MB (5.43%)
          2. code (PID 8252) - 708.31 MB (4.66%)
          3. code (PID 11526) - 667.14 MB (4.39%)
          4. chrome (PID 7112) - 542.59 MB (3.57%)
          5. chrome (PID 6354) - 534.92 MB (3.52%)
[96m------------------------------------------------------------[0m
[1m[ DISK ][0m Used: [92m24.07 GB (2.63%)[0m | Free: 891.76 GB | Total: 915.83 GB
         [93mI/O:[0m Read 0.0 MB/s | Write 0.07 MB/s | Activity: 0.2%
[96m------------------------------------------------------------[0m
[1m[ NET ][0m Upload: 0.03 MB/s | Download: 0.0 MB/s
[96m------------------------------------------------------------[0m
[1m[ BATTERY ][0m [92m99.28%[0m (Charging/Plugged in)
[1m[96m============================================================[0m
[1m[92mData logged to 2026_logs/2026-10-01.jsonl... (Press Ctrl+C to stop)[0m
[1m[96m============================================================[0m
[1mSYSTEM MONITOR V2[0m | Time: 2026-10-01 12:35:32
[96m------------------------------------------------------------[0m
[1m[ CPU ][0m Used: [92m9.2%[0m | Free: 90.8%
        [93mTop 5 (Logged 10):[0m code (3.87%), code (2.7%)
[96m------------------------------------------------------------[0m
[1m[ RAM ][0m Used: [92m8.12 GB (54.7%)[0m | Available: 6.72 GB | Total: 14.84 GB
[1m[ SWAP ][0m Used: 0.0 GB (0.0%) | Free: 4.0 GB | Total: 4.0 GB
        [93mTop 5 RAM Processes (Logged 10):[0m
          1. code (PID 8588) - 825.79 MB (5.43%)
          2. code (PID 8252) - 698.82 MB (4.6%)
          3. code (PID 11526) - 666.44 MB (4.38%)
          4. chrome (PID 7112) - 542.59 MB (3.57%)
          5. chrome (PID 6354) - 534.55 MB (3.52%)
[96m------------------------------------------------------------[0m
[1m[ DISK ][0m Used: [92m24.07 GB (2.63%)[0m | Free: 891.76 GB | Total: 915.83 GB
         [93mI/O:[0m Read 0.0 MB/s | Write 0.01 MB/s | Activity: 0.81%
[96m------------------------------------------------------------[0m
[1m[ NET ][0m Upload: 0.02 MB/s | Download: 0.0 MB/s
[96m------------------------------------------------------------[0m
[1m[ BATTERY ][0m [92m99.28%[0m (Charging/Plugged in)
[1m[96m============================================================[0m
[1m[92mData logged to 2026_logs/2026-10-01.jsonl... (Press Ctrl+C to stop)[0m
[1m[96m============================================================[0m
[1mSYSTEM MONITOR V2[0m | Time: 2026-10-01 12:35:37
[96m------------------------------------------------------------[0m
[1m[ CPU ][0m Used: [92m5.5%[0m | Free: 94.5%
[96m------------------------------------------------------------[0m
[1m[ RAM ][0m Used: [92m8.07 GB (54.4%)[0m | Available: 6.77 GB | Total: 14.84 GB
[1m[ SWAP ][0m Used: 0.0 GB (0.0%) | Free: 4.0 GB | Total: 4.0 GB
        [93mTop 5 RAM Processes (Logged 10):[0m
          1. code (PID 8588) - 828.47 MB (5.45%)
          2. code (PID 8252) - 704.68 MB (4.64%)
          3. code (PID 11526) - 666.56 MB (4.39%)
          4. chrome (PID 7112) - 542.59 MB (3.57%)
          5. chrome (PID 6354) - 534.45 MB (3.52%)
[96m------------------------------------------------------------[0m
[1m[ DISK ][0m Used: [92m24.07 GB (2.63%)[0m | Free: 891.76 GB | Total: 915.83 GB
         [93mI/O:[0m Read 0.0 MB/s | Write 0.01 MB/s | Activity: 0.8%
[96m------------------------------------------------------------[0m
[1m[ NET ][0m Upload: 0.02 MB/s | Download: 0.0 MB/s
[96m------------------------------------------------------------[0m
[1m[ BATTERY ][0m [92m99.28%[0m (Charging/Plugged in)
[1m[96m============================================================[0m
[1m[92mData logged to 2026_logs/2026-10-01.jsonl... (Press Ctrl+C to stop)[0m
[1m[96m============================================================[0m
[1mSYSTEM MONITOR V2[0m | Time: 2026-10-01 12:35:42
[96m------------------------------------------------------------[0m
[1m[ CPU ][0m Used: [92m12.3%[0m | Free: 87.7%
        [93mTop 5 (Logged 10):[0m code (5.3%), code (2.0%)
[96m------------------------------------------------------------[0m
[1m[ RAM ][0m Used: [92m8.18 GB (55.1%)[0m | Available: 6.66 GB | Total: 14.84 GB
[1m[ SWAP ][0m Used: 0.0 GB (0.0%) | Free: 4.0 GB | Total: 4.0 GB
        [93mTop 5 RAM Processes (Logged 10):[0m
          1. code (PID 8588) - 834.14 MB (5.49%)
          2. code (PID 8252) - 743.17 MB (4.89%)
          3. code (PID 11526) - 666.76 MB (4.39%)
          4. chrome (PID 7112) - 546.65 MB (3.6%)
          5. chrome (PID 6354) - 535.96 MB (3.53%)
[96m------------------------------------------------------------[0m
[1m[ DISK ][0m Used: [92m24.07 GB (2.63%)[0m | Free: 891.76 GB | Total: 915.83 GB
         [93mI/O:[0m Read 0.0 MB/s | Write 0.63 MB/s | Activity: 1.29%
[96m------------------------------------------------------------[0m
[1m[ NET ][0m Upload: 0.01 MB/s | Download: 0.02 MB/s
[96m------------------------------------------------------------[0m
[1m[ BATTERY ][0m [92m99.28%[0m (Charging/Plugged in)
[1m[96m============================================================[0m
[1m[92mData logged to 2026_logs/2026-10-01.jsonl... (Press Ctrl+C to stop)[0m
[1m[96m============================================================[0m
[1mSYSTEM MONITOR V2[0m | Time: 2026-10-01 12:35:47
[96m------------------------------------------------------------[0m
[1m[ CPU ][0m Used: [92m11.9%[0m | Free: 88.1%
        [93mTop 5 (Logged 10):[0m code (7.92%), code (2.09%)
[96m------------------------------------------------------------[0m
[1m[ RAM ][0m Used: [92m8.16 GB (55.0%)[0m | Available: 6.68 GB | Total: 14.84 GB
[1m[ SWAP ][0m Used: 0.0 GB (0.0%) | Free: 4.0 GB | Total: 4.0 GB
        [93mTop 5 RAM Processes (Logged 10):[0m
          1. code (PID 8588) - 810.87 MB (5.33%)
          2. code (PID 8252) - 767.84 MB (5.05%)
          3. code (PID 11526) - 666.88 MB (4.39%)
          4. chrome (PID 7112) - 546.66 MB (3.6%)
          5. chrome (PID 6354) - 535.25 MB (3.52%)
[96m------------------------------------------------------------[0m
[1m[ DISK ][0m Used: [92m24.07 GB (2.63%)[0m | Free: 891.76 GB | Total: 915.83 GB
         [93mI/O:[0m Read 0.0 MB/s | Write 0.48 MB/s | Activity: 0.86%
[96m------------------------------------------------------------[0m
[1m[ NET ][0m Upload: 0.01 MB/s | Download: 0.01 MB/s
[96m------------------------------------------------------------[0m
[1m[ BATTERY ][0m [92m99.28%[0m (Charging/Plugged in)
[1m[96m============================================================[0m
[1m[92mData logged to 2026_logs/2026-10-01.jsonl... (Press Ctrl+C to stop)[0m
[1m[96m============================================================[0m
[1mSYSTEM MONITOR V2[0m | Time: 2026-10-01 12:35:52
[96m------------------------------------------------------------[0m
[1m[ CPU ][0m Used: [92m5.0%[0m | Free: 95.0%
        [93mTop 5 (Logged 10):[0m code (2.13%)
[96m------------------------------------------------------------[0m
[1m[ RAM ][0m Used: [92m7.94 GB (53.5%)[0m | Available: 6.91 GB | Total: 14.84 GB
[1m[ SWAP ][0m Used: 0.0 GB (0.0%) | Free: 4.0 GB | Total: 4.0 GB
        [93mTop 5 RAM Processes (Logged 10):[0m
          1. code (PID 8588) - 811.38 MB (5.34%)
          2. code (PID 11526) - 667.01 MB (4.39%)
          3. chrome (PID 7112) - 540.06 MB (3.55%)
          4. code (PID 8252) - 539.27 MB (3.55%)
          5. chrome (PID 6354) - 535.23 MB (3.52%)
[96m------------------------------------------------------------[0m
[1m[ DISK ][0m Used: [92m24.07 GB (2.63%)[0m | Free: 891.76 GB | Total: 915.83 GB
         [93mI/O:[0m Read 0.0 MB/s | Write 0.02 MB/s | Activity: 0.95%
[96m------------------------------------------------------------[0m
[1m[ NET ][0m Upload: 0.0 MB/s | Download: 0.0 MB/s
[96m------------------------------------------------------------[0m
[1m[ BATTERY ][0m [92m99.28%[0m (Charging/Plugged in)
[1m[96m============================================================[0m
[1m[92mData logged to 2026_logs/2026-10-01.jsonl... (Press Ctrl+C to stop)[0m
[1m[96m============================================================[0m
[1mSYSTEM MONITOR V2[0m | Time: 2026-10-01 12:35:57
[96m------------------------------------------------------------[0m
[1m[ CPU ][0m Used: [92m12.2%[0m | Free: 87.8%
        [93mTop 5 (Logged 10):[0m code (4.69%), code (2.76%)
[96m------------------------------------------------------------[0m
[1m[ RAM ][0m Used: [92m8.01 GB (54.0%)[0m | Available: 6.83 GB | Total: 14.84 GB
[1m[ SWAP ][0m Used: 0.0 GB (0.0%) | Free: 4.0 GB | Total: 4.0 GB
        [93mTop 5 RAM Processes (Logged 10):[0m
          1. code (PID 8588) - 780.52 MB (5.14%)
          2. code (PID 11526) - 667.59 MB (4.39%)
          3. code (PID 8252) - 601.8 MB (3.96%)
          4. chrome (PID 7112) - 540.06 MB (3.55%)
          5. chrome (PID 6354) - 535.41 MB (3.52%)
[96m------------------------------------------------------------[0m
[1m[ DISK ][0m Used: [92m24.07 GB (2.63%)[0m | Free: 891.76 GB | Total: 915.83 GB
         [93mI/O:[0m Read 0.0 MB/s | Write 0.12 MB/s | Activity: 1.18%
[96m------------------------------------------------------------[0m
[1m[ NET ][0m Upload: 0.03 MB/s | Download: 0.02 MB/s
[96m------------------------------------------------------------[0m
[1m[ BATTERY ][0m [92m99.28%[0m (Charging/Plugged in)
[1m[96m============================================================[0m
[1m[92mData logged to 2026_logs/2026-10-01.jsonl... (Press Ctrl+C to stop)[0m
[1m[96m============================================================[0m
[1mSYSTEM MONITOR V2[0m | Time: 2026-10-01 12:36:02
[96m------------------------------------------------------------[0m
[1m[ CPU ][0m Used: [92m5.7%[0m | Free: 94.3%
[96m------------------------------------------------------------[0m
[1m[ RAM ][0m Used: [92m7.88 GB (53.1%)[0m | Available: 6.96 GB | Total: 14.84 GB
[1m[ SWAP ][0m Used: 0.0 GB (0.0%) | Free: 4.0 GB | Total: 4.0 GB
        [93mTop 5 RAM Processes (Logged 10):[0m
          1. code (PID 8588) - 703.06 MB (4.63%)
          2. code (PID 11526) - 667.65 MB (4.39%)
          3. code (PID 8252) - 604.73 MB (3.98%)
          4. chrome (PID 7112) - 538.63 MB (3.54%)
          5. chrome (PID 6354) - 535.18 MB (3.52%)
[96m------------------------------------------------------------[0m
[1m[ DISK ][0m Used: [92m24.07 GB (2.63%)[0m | Free: 891.76 GB | Total: 915.83 GB
         [93mI/O:[0m Read 0.0 MB/s | Write 0.04 MB/s | Activity: 0.95%
[96m------------------------------------------------------------[0m
[1m[ NET ][0m Upload: 0.0 MB/s | Download: 0.0 MB/s
[96m------------------------------------------------------------[0m
[1m[ BATTERY ][0m [92m99.28%[0m (Charging/Plugged in)
[1m[96m============================================================[0m
[1m[92mData logged to 2026_logs/2026-10-01.jsonl... (Press Ctrl+C to stop)[0m
[1m[96m============================================================[0m
[1mSYSTEM MONITOR V2[0m | Time: 2026-10-01 12:36:07
[96m------------------------------------------------------------[0m
[1m[ CPU ][0m Used: [92m7.0%[0m | Free: 93.0%
        [93mTop 5 (Logged 10):[0m code (3.73%)
[96m------------------------------------------------------------[0m
[1m[ RAM ][0m Used: [92m7.89 GB (53.2%)[0m | Available: 6.95 GB | Total: 14.84 GB
[1m[ SWAP ][0m Used: 0.0 GB (0.0%) | Free: 4.0 GB | Total: 4.0 GB
        [93mTop 5 RAM Processes (Logged 10):[0m
          1. code (PID 8588) - 706.74 MB (4.65%)
          2. code (PID 11526) - 667.77 MB (4.39%)
          3. code (PID 8252) - 614.19 MB (4.04%)
          4. chrome (PID 7112) - 538.63 MB (3.54%)
          5. chrome (PID 6354) - 534.97 MB (3.52%)
[96m------------------------------------------------------------[0m
[1m[ DISK ][0m Used: [92m24.07 GB (2.63%)[0m | Free: 891.76 GB | Total: 915.83 GB
         [93mI/O:[0m Read 0.0 MB/s | Write 0.04 MB/s | Activity: 0.86%
[96m------------------------------------------------------------[0m
[1m[ NET ][0m Upload: 0.0 MB/s | Download: 0.0 MB/s
[96m------------------------------------------------------------[0m
[1m[ BATTERY ][0m [92m99.28%[0m (Charging/Plugged in)
[1m[96m============================================================[0m
[1m[92mData logged to 2026_logs/2026-10-01.jsonl... (Press Ctrl+C to stop)[0m
[1m[96m============================================================[0m
[1mSYSTEM MONITOR V2[0m | Time: 2026-10-01 12:36:12
[96m------------------------------------------------------------[0m
[1m[ CPU ][0m Used: [92m7.1%[0m | Free: 92.9%
        [93mTop 5 (Logged 10):[0m code (3.05%)
[96m------------------------------------------------------------[0m
[1m[ RAM ][0m Used: [92m7.93 GB (53.4%)[0m | Available: 6.92 GB | Total: 14.84 GB
[1m[ SWAP ][0m Used: 0.0 GB (0.0%) | Free: 4.0 GB | Total: 4.0 GB
        [93mTop 5 RAM Processes (Logged 10):[0m
          1. code (PID 8588) - 704.84 MB (4.64%)
          2. code (PID 11526) - 667.29 MB (4.39%)
          3. code (PID 8252) - 636.02 MB (4.18%)
          4. chrome (PID 7112) - 537.61 MB (3.54%)
          5. chrome (PID 6354) - 534.53 MB (3.52%)
[96m------------------------------------------------------------[0m
[1m[ DISK ][0m Used: [92m24.07 GB (2.63%)[0m | Free: 891.76 GB | Total: 915.83 GB
         [93mI/O:[0m Read 0.0 MB/s | Write 0.0 MB/s | Activity: 0.02%
[96m------------------------------------------------------------[0m
[1m[ NET ][0m Upload: 0.01 MB/s | Download: 0.0 MB/s
[96m------------------------------------------------------------[0m
[1m[ BATTERY ][0m [92m99.28%[0m (Charging/Plugged in)
[1m[96m============================================================[0m
[1m[92mData logged to 2026_logs/2026-10-01.jsonl... (Press Ctrl+C to stop)[0m
[1m[96m============================================================[0m
[1mSYSTEM MONITOR V2[0m | Time: 2026-10-01 12:36:17
[96m------------------------------------------------------------[0m
[1m[ CPU ][0m Used: [92m6.1%[0m | Free: 93.9%
        [93mTop 5 (Logged 10):[0m code (2.5%)
[96m------------------------------------------------------------[0m
[1m[ RAM ][0m Used: [92m7.99 GB (53.8%)[0m | Available: 6.85 GB | Total: 14.84 GB
[1m[ SWAP ][0m Used: 0.0 GB (0.0%) | Free: 4.0 GB | Total: 4.0 GB
        [93mTop 5 RAM Processes (Logged 10):[0m
          1. code (PID 8588) - 704.29 MB (4.63%)
          2. code (PID 11526) - 666.98 MB (4.39%)
          3. code (PID 8252) - 660.29 MB (4.34%)
          4. chrome (PID 7112) - 537.61 MB (3.54%)
          5. chrome (PID 6354) - 534.46 MB (3.52%)
[96m------------------------------------------------------------[0m
[1m[ DISK ][0m Used: [92m24.07 GB (2.63%)[0m | Free: 891.76 GB | Total: 915.83 GB
         [93mI/O:[0m Read 0.0 MB/s | Write 0.48 MB/s | Activity: 2.0%
[96m------------------------------------------------------------[0m
[1m[ NET ][0m Upload: 0.0 MB/s | Download: 0.0 MB/s
[96m------------------------------------------------------------[0m
[1m[ BATTERY ][0m [92m99.28%[0m (Charging/Plugged in)
[1m[96m============================================================[0m
[1m[92mData logged to 2026_logs/2026-10-01.jsonl... (Press Ctrl+C to stop)[0m
[1m[96m============================================================[0m
[1mSYSTEM MONITOR V2[0m | Time: 2026-10-01 12:36:22
[96m------------------------------------------------------------[0m
[1m[ CPU ][0m Used: [92m7.9%[0m | Free: 92.1%
        [93mTop 5 (Logged 10):[0m code (3.28%)
[96m------------------------------------------------------------[0m
[1m[ RAM ][0m Used: [92m7.94 GB (53.5%)[0m | Available: 6.91 GB | Total: 14.84 GB
[1m[ SWAP ][0m Used: 0.0 GB (0.0%) | Free: 4.0 GB | Total: 4.0 GB
        [93mTop 5 RAM Processes (Logged 10):[0m
          1. code (PID 8588) - 705.87 MB (4.64%)
          2. code (PID 11526) - 668.67 MB (4.4%)
          3. code (PID 8252) - 641.01 MB (4.22%)
          4. chrome (PID 7112) - 541.53 MB (3.56%)
          5. chrome (PID 6354) - 534.46 MB (3.52%)
[96m------------------------------------------------------------[0m
[1m[ DISK ][0m Used: [92m24.07 GB (2.63%)[0m | Free: 891.76 GB | Total: 915.83 GB
         [93mI/O:[0m Read 0.0 MB/s | Write 0.04 MB/s | Activity: 0.1%
[96m------------------------------------------------------------[0m
[1m[ NET ][0m Upload: 0.01 MB/s | Download: 0.0 MB/s
[96m------------------------------------------------------------[0m
[1m[ BATTERY ][0m [92m99.28%[0m (Charging/Plugged in)
[1m[96m============================================================[0m
[1m[92mData logged to 2026_logs/2026-10-01.jsonl... (Press Ctrl+C to stop)[0m
[1m[96m============================================================[0m
[1mSYSTEM MONITOR V2[0m | Time: 2026-10-01 12:36:27
[96m------------------------------------------------------------[0m
[1m[ CPU ][0m Used: [92m2.8%[0m | Free: 97.2%
[96m------------------------------------------------------------[0m
[1m[ RAM ][0m Used: [92m7.92 GB (53.3%)[0m | Available: 6.93 GB | Total: 14.84 GB
[1m[ SWAP ][0m Used: 0.0 GB (0.0%) | Free: 4.0 GB | Total: 4.0 GB
        [93mTop 5 RAM Processes (Logged 10):[0m
          1. code (PID 8588) - 707.48 MB (4.65%)
          2. code (PID 11526) - 668.76 MB (4.4%)
          3. code (PID 8252) - 632.73 MB (4.16%)
          4. chrome (PID 7112) - 541.54 MB (3.56%)
          5. chrome (PID 6354) - 535.06 MB (3.52%)
[96m------------------------------------------------------------[0m
[1m[ DISK ][0m Used: [92m24.07 GB (2.63%)[0m | Free: 891.76 GB | Total: 915.83 GB
         [93mI/O:[0m Read 0.0 MB/s | Write 0.44 MB/s | Activity: 1.0%
[96m------------------------------------------------------------[0m
[1m[ NET ][0m Upload: 0.01 MB/s | Download: 0.0 MB/s
[96m------------------------------------------------------------[0m
[1m[ BATTERY ][0m [92m99.28%[0m (Charging/Plugged in)
[1m[96m============================================================[0m
[1m[92mData logged to 2026_logs/2026-10-01.jsonl... (Press Ctrl+C to stop)[0m
[1m[96m============================================================[0m
[1mSYSTEM MONITOR V2[0m | Time: 2026-10-01 12:36:32
[96m------------------------------------------------------------[0m
[1m[ CPU ][0m Used: [92m2.2%[0m | Free: 97.8%
[96m------------------------------------------------------------[0m
[1m[ RAM ][0m Used: [92m7.78 GB (52.4%)[0m | Available: 7.06 GB | Total: 14.84 GB
[1m[ SWAP ][0m Used: 0.0 GB (0.0%) | Free: 4.0 GB | Total: 4.0 GB
        [93mTop 5 RAM Processes (Logged 10):[0m
          1. code (PID 8588) - 708.94 MB (4.66%)
          2. code (PID 11526) - 668.84 MB (4.4%)
          3. chrome (PID 7112) - 541.54 MB (3.56%)
          4. chrome (PID 6354) - 534.47 MB (3.52%)
          5. code (PID 8252) - 507.04 MB (3.34%)
[96m------------------------------------------------------------[0m
[1m[ DISK ][0m Used: [92m24.07 GB (2.63%)[0m | Free: 891.76 GB | Total: 915.83 GB
         [93mI/O:[0m Read 0.0 MB/s | Write 0.02 MB/s | Activity: 0.82%
[96m------------------------------------------------------------[0m
[1m[ NET ][0m Upload: 0.0 MB/s | Download: 0.0 MB/s
[96m------------------------------------------------------------[0m
[1m[ BATTERY ][0m [92m99.28%[0m (Charging/Plugged in)
[1m[96m============================================================[0m
[1m[92mData logged to 2026_logs/2026-10-01.jsonl... (Press Ctrl+C to stop)[0m
[1m[96m============================================================[0m
[1mSYSTEM MONITOR V2[0m | Time: 2026-10-01 12:36:37
[96m------------------------------------------------------------[0m
[1m[ CPU ][0m Used: [92m3.0%[0m | Free: 97.0%
[96m------------------------------------------------------------[0m
[1m[ RAM ][0m Used: [92m7.77 GB (52.3%)[0m | Available: 7.08 GB | Total: 14.84 GB
[1m[ SWAP ][0m Used: 0.0 GB (0.0%) | Free: 4.0 GB | Total: 4.0 GB
        [93mTop 5 RAM Processes (Logged 10):[0m
          1. code (PID 8588) - 707.97 MB (4.66%)
          2. code (PID 11526) - 669.0 MB (4.4%)
          3. chrome (PID 6354) - 534.46 MB (3.52%)
          4. chrome (PID 7112) - 527.15 MB (3.47%)
          5. code (PID 8252) - 508.11 MB (3.34%)
[96m------------------------------------------------------------[0m
[1m[ DISK ][0m Used: [92m24.07 GB (2.63%)[0m | Free: 891.76 GB | Total: 915.83 GB
         [93mI/O:[0m Read 0.0 MB/s | Write 0.01 MB/s | Activity: 0.81%
[96m------------------------------------------------------------[0m
[1m[ NET ][0m Upload: 0.0 MB/s | Download: 0.01 MB/s
[96m------------------------------------------------------------[0m
[1m[ BATTERY ][0m [92m99.28%[0m (Charging/Plugged in)
[1m[96m============================================================[0m
[1m[92mData logged to 2026_logs/2026-10-01.jsonl... (Press Ctrl+C to stop)[0m
[1m[96m============================================================[0m
[1mSYSTEM MONITOR V2[0m | Time: 2026-10-01 12:36:42
[96m------------------------------------------------------------[0m
[1m[ CPU ][0m Used: [92m1.9%[0m | Free: 98.1%
[96m------------------------------------------------------------[0m
[1m[ RAM ][0m Used: [92m7.75 GB (52.2%)[0m | Available: 7.09 GB | Total: 14.84 GB
[1m[ SWAP ][0m Used: 0.0 GB (0.0%) | Free: 4.0 GB | Total: 4.0 GB
        [93mTop 5 RAM Processes (Logged 10):[0m
          1. code (PID 8588) - 709.55 MB (4.67%)
          2. code (PID 11526) - 668.35 MB (4.4%)
          3. chrome (PID 6354) - 534.46 MB (3.52%)
          4. chrome (PID 7112) - 527.13 MB (3.47%)
          5. code (PID 8252) - 509.88 MB (3.35%)
[96m------------------------------------------------------------[0m
[1m[ DISK ][0m Used: [92m24.07 GB (2.63%)[0m | Free: 891.76 GB | Total: 915.83 GB
         [93mI/O:[0m Read 0.0 MB/s | Write 0.09 MB/s | Activity: 1.21%
[96m------------------------------------------------------------[0m
[1m[ NET ][0m Upload: 0.0 MB/s | Download: 0.0 MB/s
[96m------------------------------------------------------------[0m
[1m[ BATTERY ][0m [92m99.28%[0m (Charging/Plugged in)
[1m[96m============================================================[0m
[1m[92mData logged to 2026_logs/2026-10-01.jsonl... (Press Ctrl+C to stop)[0m
[1m[96m============================================================[0m
[1mSYSTEM MONITOR V2[0m | Time: 2026-10-01 12:36:47
[96m------------------------------------------------------------[0m
[1m[ CPU ][0m Used: [92m1.8%[0m | Free: 98.2%
[96m------------------------------------------------------------[0m
[1m[ RAM ][0m Used: [92m7.75 GB (52.2%)[0m | Available: 7.1 GB | Total: 14.84 GB
[1m[ SWAP ][0m Used: 0.0 GB (0.0%) | Free: 4.0 GB | Total: 4.0 GB
        [93mTop 5 RAM Processes (Logged 10):[0m
          1. code (PID 8588) - 719.36 MB (4.73%)
          2. code (PID 11526) - 668.47 MB (4.4%)
          3. chrome (PID 6354) - 533.74 MB (3.51%)
          4. chrome (PID 7112) - 527.16 MB (3.47%)
          5. code (PID 8252) - 512.53 MB (3.37%)
[96m------------------------------------------------------------[0m
[1m[ DISK ][0m Used: [92m24.07 GB (2.63%)[0m | Free: 891.76 GB | Total: 915.83 GB
         [93mI/O:[0m Read 0.0 MB/s | Write 0.59 MB/s | Activity: 1.08%
[96m------------------------------------------------------------[0m
[1m[ NET ][0m Upload: 0.01 MB/s | Download: 0.01 MB/s
[96m------------------------------------------------------------[0m
[1m[ BATTERY ][0m [92m99.28%[0m (Charging/Plugged in)
[1m[96m============================================================[0m
[1m[92mData logged to 2026_logs/2026-10-01.jsonl... (Press Ctrl+C to stop)[0m
[1m[96m============================================================[0m
[1mSYSTEM MONITOR V2[0m | Time: 2026-10-01 12:36:53
[96m------------------------------------------------------------[0m
[1m[ CPU ][0m Used: [92m1.6%[0m | Free: 98.4%
[96m------------------------------------------------------------[0m
[1m[ RAM ][0m Used: [92m7.75 GB (52.2%)[0m | Available: 7.09 GB | Total: 14.84 GB
[1m[ SWAP ][0m Used: 0.0 GB (0.0%) | Free: 4.0 GB | Total: 4.0 GB
        [93mTop 5 RAM Processes (Logged 10):[0m
          1. code (PID 8588) - 728.95 MB (4.8%)
          2. code (PID 11526) - 668.82 MB (4.4%)
          3. chrome (PID 6354) - 533.73 MB (3.51%)
          4. chrome (PID 7112) - 525.94 MB (3.46%)
          5. code (PID 8252) - 514.98 MB (3.39%)
[96m------------------------------------------------------------[0m
[1m[ DISK ][0m Used: [92m24.07 GB (2.63%)[0m | Free: 891.76 GB | Total: 915.83 GB
         [93mI/O:[0m Read 0.0 MB/s | Write 0.03 MB/s | Activity: 0.12%
[96m------------------------------------------------------------[0m
[1m[ NET ][0m Upload: 0.0 MB/s | Download: 0.0 MB/s
[96m------------------------------------------------------------[0m
[1m[ BATTERY ][0m [92m99.28%[0m (Charging/Plugged in)
[1m[96m============================================================[0m
[1m[92mData logged to 2026_logs/2026-10-01.jsonl... (Press Ctrl+C to stop)[0m
[1m[96m============================================================[0m
[1mSYSTEM MONITOR V2[0m | Time: 2026-10-01 12:36:58
[96m------------------------------------------------------------[0m
[1m[ CPU ][0m Used: [92m4.9%[0m | Free: 95.1%
[96m------------------------------------------------------------[0m
[1m[ RAM ][0m Used: [92m7.76 GB (52.3%)[0m | Available: 7.08 GB | Total: 14.84 GB
[1m[ SWAP ][0m Used: 0.0 GB (0.0%) | Free: 4.0 GB | Total: 4.0 GB
        [93mTop 5 RAM Processes (Logged 10):[0m
          1. code (PID 8588) - 738.66 MB (4.86%)
          2. code (PID 11526) - 668.95 MB (4.4%)
          3. chrome (PID 6354) - 534.89 MB (3.52%)
          4. chrome (PID 7112) - 525.94 MB (3.46%)
          5. code (PID 8252) - 517.38 MB (3.4%)
[96m------------------------------------------------------------[0m
[1m[ DISK ][0m Used: [92m24.07 GB (2.63%)[0m | Free: 891.76 GB | Total: 915.83 GB
         [93mI/O:[0m Read 0.0 MB/s | Write 0.42 MB/s | Activity: 1.86%
[96m------------------------------------------------------------[0m
[1m[ NET ][0m Upload: 0.0 MB/s | Download: 0.0 MB/s
[96m------------------------------------------------------------[0m
[1m[ BATTERY ][0m [92m99.28%[0m (Charging/Plugged in)
[1m[96m============================================================[0m
[1m[92mData logged to 2026_logs/2026-10-01.jsonl... (Press Ctrl+C to stop)[0m
[1m[96m============================================================[0m
[1mSYSTEM MONITOR V2[0m | Time: 2026-10-01 12:37:03
[96m------------------------------------------------------------[0m
[1m[ CPU ][0m Used: [92m14.4%[0m | Free: 85.6%
        [93mTop 5 (Logged 10):[0m chrome (3.3%), chrome (2.88%)
[96m------------------------------------------------------------[0m
[1m[ RAM ][0m Used: [92m7.98 GB (53.8%)[0m | Available: 6.86 GB | Total: 14.84 GB
[1m[ SWAP ][0m Used: 0.0 GB (0.0%) | Free: 4.0 GB | Total: 4.0 GB
        [93mTop 5 RAM Processes (Logged 10):[0m
          1. code (PID 8588) - 719.93 MB (4.74%)
          2. code (PID 11526) - 669.07 MB (4.4%)
          3. chrome (PID 7112) - 561.41 MB (3.69%)
          4. chrome (PID 6354) - 541.36 MB (3.56%)
          5. code (PID 8252) - 498.14 MB (3.28%)
[96m------------------------------------------------------------[0m
[1m[ DISK ][0m Used: [92m24.07 GB (2.63%)[0m | Free: 891.76 GB | Total: 915.83 GB
         [93mI/O:[0m Read 0.05 MB/s | Write 0.22 MB/s | Activity: 1.39%
[96m------------------------------------------------------------[0m
[1m[ NET ][0m Upload: 0.07 MB/s | Download: 0.31 MB/s
[96m------------------------------------------------------------[0m
[1m[ BATTERY ][0m [92m99.28%[0m (Charging/Plugged in)
[1m[96m============================================================[0m
[1m[92mData logged to 2026_logs/2026-10-01.jsonl... (Press Ctrl+C to stop)[0m
[1m[96m============================================================[0m
[1mSYSTEM MONITOR V2[0m | Time: 2026-10-01 12:37:08
[96m------------------------------------------------------------[0m
[1m[ CPU ][0m Used: [92m12.8%[0m | Free: 87.2%
        [93mTop 5 (Logged 10):[0m chrome (3.84%), chrome (2.65%)
[96m------------------------------------------------------------[0m
[1m[ RAM ][0m Used: [92m8.24 GB (55.5%)[0m | Available: 6.6 GB | Total: 14.84 GB
[1m[ SWAP ][0m Used: 0.0 GB (0.0%) | Free: 4.0 GB | Total: 4.0 GB
        [93mTop 5 RAM Processes (Logged 10):[0m
          1. code (PID 8588) - 676.82 MB (4.45%)
          2. code (PID 11526) - 669.2 MB (4.4%)
          3. chrome (PID 7112) - 567.61 MB (3.73%)
          4. chrome (PID 6354) - 538.51 MB (3.54%)
          5. chrome (PID 7130) - 518.26 MB (3.41%)
[96m------------------------------------------------------------[0m
[1m[ DISK ][0m Used: [92m24.07 GB (2.63%)[0m | Free: 891.76 GB | Total: 915.83 GB
         [93mI/O:[0m Read 0.02 MB/s | Write 0.47 MB/s | Activity: 1.26%
[96m------------------------------------------------------------[0m
[1m[ NET ][0m Upload: 0.02 MB/s | Download: 0.04 MB/s
[96m------------------------------------------------------------[0m
[1m[ BATTERY ][0m [92m99.28%[0m (Charging/Plugged in)
[1m[96m============================================================[0m
[1m[92mData logged to 2026_logs/2026-10-01.jsonl... (Press Ctrl+C to stop)[0m
[1m[96m============================================================[0m
[1mSYSTEM MONITOR V2[0m | Time: 2026-10-01 12:37:13
[96m------------------------------------------------------------[0m
[1m[ CPU ][0m Used: [92m8.9%[0m | Free: 91.1%
        [93mTop 5 (Logged 10):[0m chrome (2.83%)
[96m------------------------------------------------------------[0m
[1m[ RAM ][0m Used: [92m8.16 GB (55.0%)[0m | Available: 6.68 GB | Total: 14.84 GB
[1m[ SWAP ][0m Used: 0.0 GB (0.0%) | Free: 4.0 GB | Total: 4.0 GB
        [93mTop 5 RAM Processes (Logged 10):[0m
          1. code (PID 8588) - 685.66 MB (4.51%)
          2. code (PID 11526) - 669.36 MB (4.4%)
          3. chrome (PID 7112) - 567.61 MB (3.73%)
          4. chrome (PID 6354) - 538.8 MB (3.54%)
          5. chrome (PID 7130) - 516.82 MB (3.4%)
[96m------------------------------------------------------------[0m
[1m[ DISK ][0m Used: [92m24.07 GB (2.63%)[0m | Free: 891.76 GB | Total: 915.83 GB
         [93mI/O:[0m Read 0.06 MB/s | Write 0.17 MB/s | Activity: 1.37%
[96m------------------------------------------------------------[0m
[1m[ NET ][0m Upload: 0.0 MB/s | Download: 0.0 MB/s
[96m------------------------------------------------------------[0m
[1m[ BATTERY ][0m [92m99.28%[0m (Charging/Plugged in)
[1m[96m============================================================[0m
[1m[92mData logged to 2026_logs/2026-10-01.jsonl... (Press Ctrl+C to stop)[0m
[1m[96m============================================================[0m
[1mSYSTEM MONITOR V2[0m | Time: 2026-10-01 12:37:18
[96m------------------------------------------------------------[0m
[1m[ CPU ][0m Used: [92m9.5%[0m | Free: 90.5%
        [93mTop 5 (Logged 10):[0m chrome (2.77%)
[96m------------------------------------------------------------[0m
[1m[ RAM ][0m Used: [92m8.06 GB (54.3%)[0m | Available: 6.78 GB | Total: 14.84 GB
[1m[ SWAP ][0m Used: 0.0 GB (0.0%) | Free: 4.0 GB | Total: 4.0 GB
        [93mTop 5 RAM Processes (Logged 10):[0m
          1. code (PID 8588) - 688.22 MB (4.53%)
          2. code (PID 11526) - 668.63 MB (4.4%)
          3. chrome (PID 7112) - 565.25 MB (3.72%)
          4. chrome (PID 6354) - 536.05 MB (3.53%)
          5. code (PID 8252) - 502.43 MB (3.31%)
[96m------------------------------------------------------------[0m
[1m[ DISK ][0m Used: [92m24.07 GB (2.63%)[0m | Free: 891.76 GB | Total: 915.83 GB
         [93mI/O:[0m Read 0.0 MB/s | Write 0.54 MB/s | Activity: 0.97%
[96m------------------------------------------------------------[0m
[1m[ NET ][0m Upload: 0.01 MB/s | Download: 0.01 MB/s
[96m------------------------------------------------------------[0m
[1m[ BATTERY ][0m [92m99.28%[0m (Charging/Plugged in)
[1m[96m============================================================[0m
[1m[92mData logged to 2026_logs/2026-10-01.jsonl... (Press Ctrl+C to stop)[0m
[1m[96m============================================================[0m
[1mSYSTEM MONITOR V2[0m | Time: 2026-10-01 12:37:23
[96m------------------------------------------------------------[0m
[1m[ CPU ][0m Used: [92m11.2%[0m | Free: 88.8%
        [93mTop 5 (Logged 10):[0m chrome (2.56%), chrome (2.23%)
[96m------------------------------------------------------------[0m
[1m[ RAM ][0m Used: [92m8.09 GB (54.5%)[0m | Available: 6.75 GB | Total: 14.84 GB
[1m[ SWAP ][0m Used: 0.0 GB (0.0%) | Free: 4.0 GB | Total: 4.0 GB
        [93mTop 5 RAM Processes (Logged 10):[0m
          1. code (PID 8588) - 699.84 MB (4.6%)
          2. code (PID 11526) - 668.76 MB (4.4%)
          3. chrome (PID 7112) - 565.25 MB (3.72%)
          4. chrome (PID 6354) - 540.12 MB (3.55%)
          5. code (PID 8252) - 503.75 MB (3.31%)
[96m------------------------------------------------------------[0m
[1m[ DISK ][0m Used: [92m24.07 GB (2.63%)[0m | Free: 891.76 GB | Total: 915.83 GB
         [93mI/O:[0m Read 0.01 MB/s | Write 0.03 MB/s | Activity: 1.81%
[96m------------------------------------------------------------[0m
[1m[ NET ][0m Upload: 0.02 MB/s | Download: 0.01 MB/s
[96m------------------------------------------------------------[0m
[1m[ BATTERY ][0m [92m99.28%[0m (Charging/Plugged in)
[1m[96m============================================================[0m
[1m[92mData logged to 2026_logs/2026-10-01.jsonl... (Press Ctrl+C to stop)[0m
[1m[96m============================================================[0m
[1mSYSTEM MONITOR V2[0m | Time: 2026-10-01 12:37:28
[96m------------------------------------------------------------[0m
[1m[ CPU ][0m Used: [92m7.6%[0m | Free: 92.4%
        [93mTop 5 (Logged 10):[0m chrome (2.22%)
[96m------------------------------------------------------------[0m
[1m[ RAM ][0m Used: [92m8.07 GB (54.4%)[0m | Available: 6.77 GB | Total: 14.84 GB
[1m[ SWAP ][0m Used: 0.0 GB (0.0%) | Free: 4.0 GB | Total: 4.0 GB
        [93mTop 5 RAM Processes (Logged 10):[0m
          1. code (PID 11526) - 668.96 MB (4.4%)
          2. code (PID 8588) - 653.39 MB (4.3%)
          3. chrome (PID 7112) - 565.25 MB (3.72%)
          4. chrome (PID 6354) - 538.17 MB (3.54%)
          5. code (PID 8252) - 505.36 MB (3.32%)
[96m------------------------------------------------------------[0m
[1m[ DISK ][0m Used: [92m24.07 GB (2.63%)[0m | Free: 891.76 GB | Total: 915.83 GB
         [93mI/O:[0m Read 0.0 MB/s | Write 0.31 MB/s | Activity: 1.13%
[96m------------------------------------------------------------[0m
[1m[ NET ][0m Upload: 0.0 MB/s | Download: 0.0 MB/s
[96m------------------------------------------------------------[0m
[1m[ BATTERY ][0m [92m99.28%[0m (Charging/Plugged in)
[1m[96m============================================================[0m
[1m[92mData logged to 2026_logs/2026-10-01.jsonl... (Press Ctrl+C to stop)[0m
[1m[96m============================================================[0m
[1mSYSTEM MONITOR V2[0m | Time: 2026-10-01 12:37:33
[96m------------------------------------------------------------[0m
[1m[ CPU ][0m Used: [92m9.2%[0m | Free: 90.8%
        [93mTop 5 (Logged 10):[0m chrome (2.96%)
[96m------------------------------------------------------------[0m
[1m[ RAM ][0m Used: [92m8.16 GB (55.0%)[0m | Available: 6.69 GB | Total: 14.84 GB
[1m[ SWAP ][0m Used: 0.0 GB (0.0%) | Free: 4.0 GB | Total: 4.0 GB
        [93mTop 5 RAM Processes (Logged 10):[0m
          1. code (PID 11526) - 668.75 MB (4.4%)
          2. code (PID 8588) - 654.83 MB (4.31%)
          3. chrome (PID 7112) - 565.26 MB (3.72%)
          4. chrome (PID 6354) - 538.9 MB (3.55%)
          5. code (PID 8252) - 506.98 MB (3.34%)
[96m------------------------------------------------------------[0m
[1m[ DISK ][0m Used: [92m24.07 GB (2.63%)[0m | Free: 891.76 GB | Total: 915.83 GB
         [93mI/O:[0m Read 0.06 MB/s | Write 0.06 MB/s | Activity: 1.24%
[96m------------------------------------------------------------[0m
[1m[ NET ][0m Upload: 0.01 MB/s | Download: 0.01 MB/s
[96m------------------------------------------------------------[0m
[1m[ BATTERY ][0m [92m99.28%[0m (Charging/Plugged in)
[1m[96m============================================================[0m
[1m[92mData logged to 2026_logs/2026-10-01.jsonl... (Press Ctrl+C to stop)[0m
[1m[96m============================================================[0m
[1mSYSTEM MONITOR V2[0m | Time: 2026-10-01 12:37:38
[96m------------------------------------------------------------[0m
[1m[ CPU ][0m Used: [92m9.5%[0m | Free: 90.5%
        [93mTop 5 (Logged 10):[0m chrome (4.79%)
[96m------------------------------------------------------------[0m
[1m[ RAM ][0m Used: [92m8.22 GB (55.4%)[0m | Available: 6.63 GB | Total: 14.84 GB
[1m[ SWAP ][0m Used: 0.0 GB (0.0%) | Free: 4.0 GB | Total: 4.0 GB
        [93mTop 5 RAM Processes (Logged 10):[0m
          1. code (PID 11526) - 668.75 MB (4.4%)
          2. code (PID 8588) - 664.86 MB (4.37%)
          3. chrome (PID 7112) - 565.26 MB (3.72%)
          4. chrome (PID 6354) - 538.87 MB (3.55%)
          5. chrome (PID 7123) - 512.25 MB (3.37%)
[96m------------------------------------------------------------[0m
[1m[ DISK ][0m Used: [92m24.07 GB (2.63%)[0m | Free: 891.76 GB | Total: 915.83 GB
         [93mI/O:[0m Read 0.0 MB/s | Write 0.91 MB/s | Activity: 1.0%
[96m------------------------------------------------------------[0m
[1m[ NET ][0m Upload: 0.04 MB/s | Download: 0.08 MB/s
[96m------------------------------------------------------------[0m
[1m[ BATTERY ][0m [92m99.28%[0m (Charging/Plugged in)
[1m[96m============================================================[0m
[1m[92mData logged to 2026_logs/2026-10-01.jsonl... (Press Ctrl+C to stop)[0m
[1m[96m============================================================[0m
[1mSYSTEM MONITOR V2[0m | Time: 2026-10-01 12:37:43
[96m------------------------------------------------------------[0m
[1m[ CPU ][0m Used: [92m8.4%[0m | Free: 91.6%
        [93mTop 5 (Logged 10):[0m chrome (2.8%)
[96m------------------------------------------------------------[0m
[1m[ RAM ][0m Used: [92m8.24 GB (55.5%)[0m | Available: 6.61 GB | Total: 14.84 GB
[1m[ SWAP ][0m Used: 0.0 GB (0.0%) | Free: 4.0 GB | Total: 4.0 GB
        [93mTop 5 RAM Processes (Logged 10):[0m
          1. code (PID 8588) - 677.34 MB (4.46%)
          2. code (PID 11526) - 668.77 MB (4.4%)
          3. chrome (PID 7112) - 562.28 MB (3.7%)
          4. chrome (PID 6354) - 540.57 MB (3.56%)
          5. chrome (PID 7123) - 516.43 MB (3.4%)
[96m------------------------------------------------------------[0m
[1m[ DISK ][0m Used: [92m24.07 GB (2.63%)[0m | Free: 891.76 GB | Total: 915.83 GB
         [93mI/O:[0m Read 0.0 MB/s | Write 0.49 MB/s | Activity: 1.18%
[96m------------------------------------------------------------[0m
[1m[ NET ][0m Upload: 0.02 MB/s | Download: 0.0 MB/s
[96m------------------------------------------------------------[0m
[1m[ BATTERY ][0m [92m99.28%[0m (Charging/Plugged in)
[1m[96m============================================================[0m
[1m[92mData logged to 2026_logs/2026-10-01.jsonl... (Press Ctrl+C to stop)[0m
[1m[96m============================================================[0m
[1mSYSTEM MONITOR V2[0m | Time: 2026-10-01 12:37:48
[96m------------------------------------------------------------[0m
[1m[ CPU ][0m Used: [92m6.3%[0m | Free: 93.7%
        [93mTop 5 (Logged 10):[0m chrome (2.33%)
[96m------------------------------------------------------------[0m
[1m[ RAM ][0m Used: [92m8.23 GB (55.4%)[0m | Available: 6.62 GB | Total: 14.84 GB
[1m[ SWAP ][0m Used: 0.0 GB (0.0%) | Free: 4.0 GB | Total: 4.0 GB
        [93mTop 5 RAM Processes (Logged 10):[0m
          1. code (PID 8588) - 678.94 MB (4.47%)
          2. code (PID 11526) - 668.91 MB (4.4%)
          3. chrome (PID 7112) - 562.28 MB (3.7%)
          4. chrome (PID 6354) - 539.25 MB (3.55%)
          5. chrome (PID 7130) - 514.63 MB (3.39%)
[96m------------------------------------------------------------[0m
[1m[ DISK ][0m Used: [92m24.07 GB (2.63%)[0m | Free: 891.76 GB | Total: 915.83 GB
         [93mI/O:[0m Read 0.0 MB/s | Write 0.55 MB/s | Activity: 0.3%
[96m------------------------------------------------------------[0m
[1m[ NET ][0m Upload: 0.01 MB/s | Download: 0.01 MB/s
[96m------------------------------------------------------------[0m
[1m[ BATTERY ][0m [92m99.28%[0m (Charging/Plugged in)
[1m[96m============================================================[0m
[1m[92mData logged to 2026_logs/2026-10-01.jsonl... (Press Ctrl+C to stop)[0m
[1m[96m============================================================[0m
[1mSYSTEM MONITOR V2[0m | Time: 2026-10-01 12:37:53
[96m------------------------------------------------------------[0m
[1m[ CPU ][0m Used: [92m7.2%[0m | Free: 92.8%
        [93mTop 5 (Logged 10):[0m chrome (2.19%)
[96m------------------------------------------------------------[0m
[1m[ RAM ][0m Used: [92m8.18 GB (55.1%)[0m | Available: 6.66 GB | Total: 14.84 GB
[1m[ SWAP ][0m Used: 0.0 GB (0.0%) | Free: 4.0 GB | Total: 4.0 GB
        [93mTop 5 RAM Processes (Logged 10):[0m
          1. code (PID 8588) - 686.68 MB (4.52%)
          2. code (PID 11526) - 668.2 MB (4.4%)
          3. chrome (PID 7112) - 562.28 MB (3.7%)
          4. chrome (PID 6354) - 539.8 MB (3.55%)
          5. code (PID 8252) - 510.37 MB (3.36%)
[96m------------------------------------------------------------[0m
[1m[ DISK ][0m Used: [92m24.07 GB (2.63%)[0m | Free: 891.76 GB | Total: 915.83 GB
         [93mI/O:[0m Read 0.0 MB/s | Write 0.1 MB/s | Activity: 0.84%
[96m------------------------------------------------------------[0m
[1m[ NET ][0m Upload: 0.03 MB/s | Download: 0.01 MB/s
[96m------------------------------------------------------------[0m
[1m[ BATTERY ][0m [92m99.28%[0m (Charging/Plugged in)
[1m[96m============================================================[0m
[1m[92mData logged to 2026_logs/2026-10-01.jsonl... (Press Ctrl+C to stop)[0m
[1m[96m============================================================[0m
[1mSYSTEM MONITOR V2[0m | Time: 2026-10-01 12:37:58
[96m------------------------------------------------------------[0m
[1m[ CPU ][0m Used: [92m6.4%[0m | Free: 93.6%
        [93mTop 5 (Logged 10):[0m chrome (2.2%)
[96m------------------------------------------------------------[0m
[1m[ RAM ][0m Used: [92m8.19 GB (55.2%)[0m | Available: 6.65 GB | Total: 14.84 GB
[1m[ SWAP ][0m Used: 0.0 GB (0.0%) | Free: 4.0 GB | Total: 4.0 GB
        [93mTop 5 RAM Processes (Logged 10):[0m
          1. code (PID 8588) - 677.17 MB (4.46%)
          2. code (PID 11526) - 668.33 MB (4.4%)
          3. chrome (PID 7112) - 562.29 MB (3.7%)
          4. chrome (PID 6354) - 540.34 MB (3.55%)
          5. chrome (PID 7123) - 512.13 MB (3.37%)
[96m------------------------------------------------------------[0m
[1m[ DISK ][0m Used: [92m24.07 GB (2.63%)[0m | Free: 891.76 GB | Total: 915.83 GB
         [93mI/O:[0m Read 0.0 MB/s | Write 0.06 MB/s | Activity: 0.91%
[96m------------------------------------------------------------[0m
[1m[ NET ][0m Upload: 0.0 MB/s | Download: 0.0 MB/s
[96m------------------------------------------------------------[0m
[1m[ BATTERY ][0m [92m99.28%[0m (Charging/Plugged in)
[1m[96m============================================================[0m
[1m[92mData logged to 2026_logs/2026-10-01.jsonl... (Press Ctrl+C to stop)[0m
[1m[96m============================================================[0m
[1mSYSTEM MONITOR V2[0m | Time: 2026-10-01 12:38:03
[96m------------------------------------------------------------[0m
[1m[ CPU ][0m Used: [92m7.8%[0m | Free: 92.2%
        [93mTop 5 (Logged 10):[0m chrome (3.54%)
[96m------------------------------------------------------------[0m
[1m[ RAM ][0m Used: [92m8.08 GB (54.4%)[0m | Available: 6.77 GB | Total: 14.84 GB
[1m[ SWAP ][0m Used: 0.0 GB (0.0%) | Free: 4.0 GB | Total: 4.0 GB
        [93mTop 5 RAM Processes (Logged 10):[0m
          1. code (PID 8588) - 679.78 MB (4.47%)
          2. code (PID 11526) - 668.44 MB (4.4%)
          3. chrome (PID 7123) - 635.21 MB (4.18%)
          4. chrome (PID 7112) - 565.32 MB (3.72%)
          5. chrome (PID 6354) - 540.1 MB (3.55%)
[96m------------------------------------------------------------[0m
[1m[ DISK ][0m Used: [92m24.07 GB (2.63%)[0m | Free: 891.76 GB | Total: 915.83 GB
         [93mI/O:[0m Read 0.0 MB/s | Write 0.25 MB/s | Activity: 0.94%
[96m------------------------------------------------------------[0m
[1m[ NET ][0m Upload: 0.01 MB/s | Download: 0.0 MB/s
[96m------------------------------------------------------------[0m
[1m[ BATTERY ][0m [92m99.28%[0m (Charging/Plugged in)
[1m[96m============================================================[0m
[1m[92mData logged to 2026_logs/2026-10-01.jsonl... (Press Ctrl+C to stop)[0m
[1m[96m============================================================[0m
[1mSYSTEM MONITOR V2[0m | Time: 2026-10-01 12:38:08
[96m------------------------------------------------------------[0m
[1m[ CPU ][0m Used: [92m11.7%[0m | Free: 88.3%
        [93mTop 5 (Logged 10):[0m chrome (2.82%), chrome (2.67%)
[96m------------------------------------------------------------[0m
[1m[ RAM ][0m Used: [92m7.96 GB (53.6%)[0m | Available: 6.88 GB | Total: 14.84 GB
[1m[ SWAP ][0m Used: 0.0 GB (0.0%) | Free: 4.0 GB | Total: 4.0 GB
        [93mTop 5 RAM Processes (Logged 10):[0m
          1. code (PID 8588) - 682.8 MB (4.49%)
          2. code (PID 11526) - 668.55 MB (4.4%)
          3. chrome (PID 7112) - 565.32 MB (3.72%)
          4. chrome (PID 6354) - 541.8 MB (3.56%)
          5. code (PID 8252) - 501.95 MB (3.3%)
[96m------------------------------------------------------------[0m
[1m[ DISK ][0m Used: [92m24.07 GB (2.63%)[0m | Free: 891.76 GB | Total: 915.83 GB
         [93mI/O:[0m Read 0.0 MB/s | Write 0.45 MB/s | Activity: 1.91%
[96m------------------------------------------------------------[0m
[1m[ NET ][0m Upload: 0.02 MB/s | Download: 0.01 MB/s
[96m------------------------------------------------------------[0m
[1m[ BATTERY ][0m [92m99.28%[0m (Charging/Plugged in)
[1m[96m============================================================[0m
[1m[92mData logged to 2026_logs/2026-10-01.jsonl... (Press Ctrl+C to stop)[0m
[1m[96m============================================================[0m
[1mSYSTEM MONITOR V2[0m | Time: 2026-10-01 12:38:14
[96m------------------------------------------------------------[0m
[1m[ CPU ][0m Used: [92m8.1%[0m | Free: 91.9%
        [93mTop 5 (Logged 10):[0m code (3.15%)
[96m------------------------------------------------------------[0m
[1m[ RAM ][0m Used: [92m8.06 GB (54.3%)[0m | Available: 6.79 GB | Total: 14.84 GB
[1m[ SWAP ][0m Used: 0.0 GB (0.0%) | Free: 4.0 GB | Total: 4.0 GB
        [93mTop 5 RAM Processes (Logged 10):[0m
          1. code (PID 8588) - 683.18 MB (4.49%)
          2. code (PID 11526) - 668.68 MB (4.4%)
          3. chrome (PID 7112) - 562.33 MB (3.7%)
          4. code (PID 8252) - 552.94 MB (3.64%)
          5. chrome (PID 6354) - 539.38 MB (3.55%)
[96m------------------------------------------------------------[0m
[1m[ DISK ][0m Used: [92m24.07 GB (2.63%)[0m | Free: 891.76 GB | Total: 915.83 GB
         [93mI/O:[0m Read 0.0 MB/s | Write 0.43 MB/s | Activity: 1.02%
[96m------------------------------------------------------------[0m
[1m[ NET ][0m Upload: 0.01 MB/s | Download: 0.01 MB/s
[96m------------------------------------------------------------[0m
[1m[ BATTERY ][0m [92m99.28%[0m (Charging/Plugged in)
[1m[96m============================================================[0m
[1m[92mData logged to 2026_logs/2026-10-01.jsonl... (Press Ctrl+C to stop)[0m
[1m[96m============================================================[0m
[1mSYSTEM MONITOR V2[0m | Time: 2026-10-01 12:38:19
[96m------------------------------------------------------------[0m
[1m[ CPU ][0m Used: [92m7.0%[0m | Free: 93.0%
        [93mTop 5 (Logged 10):[0m code (2.47%)
[96m------------------------------------------------------------[0m
[1m[ RAM ][0m Used: [92m8.01 GB (54.0%)[0m | Available: 6.83 GB | Total: 14.84 GB
[1m[ SWAP ][0m Used: 0.0 GB (0.0%) | Free: 4.0 GB | Total: 4.0 GB
        [93mTop 5 RAM Processes (Logged 10):[0m
          1. code (PID 8588) - 680.6 MB (4.48%)
          2. code (PID 11526) - 668.8 MB (4.4%)
          3. code (PID 8252) - 563.66 MB (3.71%)
          4. chrome (PID 7112) - 562.33 MB (3.7%)
          5. chrome (PID 6354) - 537.94 MB (3.54%)
[96m------------------------------------------------------------[0m
[1m[ DISK ][0m Used: [92m24.07 GB (2.63%)[0m | Free: 891.76 GB | Total: 915.83 GB
         [93mI/O:[0m Read 0.0 MB/s | Write 0.84 MB/s | Activity: 0.18%
[96m------------------------------------------------------------[0m
[1m[ NET ][0m Upload: 0.01 MB/s | Download: 0.0 MB/s
[96m------------------------------------------------------------[0m
[1m[ BATTERY ][0m [92m99.28%[0m (Charging/Plugged in)
[1m[96m============================================================[0m
[1m[92mData logged to 2026_logs/2026-10-01.jsonl... (Press Ctrl+C to stop)[0m
[1m[96m============================================================[0m
[1mSYSTEM MONITOR V2[0m | Time: 2026-10-01 12:38:24
[96m------------------------------------------------------------[0m
[1m[ CPU ][0m Used: [92m6.1%[0m | Free: 93.9%
        [93mTop 5 (Logged 10):[0m code (2.68%)
[96m------------------------------------------------------------[0m
[1m[ RAM ][0m Used: [92m8.01 GB (54.0%)[0m | Available: 6.83 GB | Total: 14.84 GB
[1m[ SWAP ][0m Used: 0.0 GB (0.0%) | Free: 4.0 GB | Total: 4.0 GB
        [93mTop 5 RAM Processes (Logged 10):[0m
          1. code (PID 8588) - 683.16 MB (4.49%)
          2. code (PID 11526) - 668.91 MB (4.4%)
          3. code (PID 8252) - 565.03 MB (3.72%)
          4. chrome (PID 7112) - 562.35 MB (3.7%)
          5. chrome (PID 6354) - 538.0 MB (3.54%)
[96m------------------------------------------------------------[0m
[1m[ DISK ][0m Used: [92m24.07 GB (2.63%)[0m | Free: 891.76 GB | Total: 915.83 GB
         [93mI/O:[0m Read 0.0 MB/s | Write 0.04 MB/s | Activity: 0.82%
[96m------------------------------------------------------------[0m
[1m[ NET ][0m Upload: 0.0 MB/s | Download: 0.0 MB/s
[96m------------------------------------------------------------[0m
[1m[ BATTERY ][0m [92m99.28%[0m (Charging/Plugged in)
[1m[96m============================================================[0m
[1m[92mData logged to 2026_logs/2026-10-01.jsonl... (Press Ctrl+C to stop)[0m
[1m[96m============================================================[0m
[1mSYSTEM MONITOR V2[0m | Time: 2026-10-01 12:38:29
[96m------------------------------------------------------------[0m
[1m[ CPU ][0m Used: [92m8.7%[0m | Free: 91.3%
        [93mTop 5 (Logged 10):[0m code (3.98%), code (2.18%)
[96m------------------------------------------------------------[0m
[1m[ RAM ][0m Used: [92m8.11 GB (54.7%)[0m | Available: 6.73 GB | Total: 14.84 GB
[1m[ SWAP ][0m Used: 0.0 GB (0.0%) | Free: 4.0 GB | Total: 4.0 GB
        [93mTop 5 RAM Processes (Logged 10):[0m
          1. code (PID 8588) - 683.82 MB (4.5%)
          2. code (PID 11526) - 668.46 MB (4.4%)
          3. code (PID 8252) - 632.2 MB (4.16%)
          4. chrome (PID 7112) - 562.35 MB (3.7%)
          5. chrome (PID 6354) - 538.51 MB (3.54%)
[96m------------------------------------------------------------[0m
[1m[ DISK ][0m Used: [92m24.07 GB (2.63%)[0m | Free: 891.76 GB | Total: 915.83 GB
         [93mI/O:[0m Read 0.0 MB/s | Write 0.08 MB/s | Activity: 1.91%
[96m------------------------------------------------------------[0m
[1m[ NET ][0m Upload: 0.0 MB/s | Download: 0.0 MB/s
[96m------------------------------------------------------------[0m
[1m[ BATTERY ][0m [92m99.28%[0m (Charging/Plugged in)
[1m[96m============================================================[0m
[1m[92mData logged to 2026_logs/2026-10-01.jsonl... (Press Ctrl+C to stop)[0m
[1m[96m============================================================[0m
[1mSYSTEM MONITOR V2[0m | Time: 2026-10-01 12:38:34
[96m------------------------------------------------------------[0m
[1m[ CPU ][0m Used: [92m10.5%[0m | Free: 89.5%
        [93mTop 5 (Logged 10):[0m code (5.37%), code (2.65%)
[96m------------------------------------------------------------[0m
[1m[ RAM ][0m Used: [92m8.09 GB (54.5%)[0m | Available: 6.76 GB | Total: 14.84 GB
[1m[ SWAP ][0m Used: 0.0 GB (0.0%) | Free: 4.0 GB | Total: 4.0 GB
        [93mTop 5 RAM Processes (Logged 10):[0m
          1. code (PID 8588) - 684.25 MB (4.5%)
          2. code (PID 11526) - 668.59 MB (4.4%)
          3. code (PID 8252) - 643.08 MB (4.23%)
          4. chrome (PID 7112) - 561.33 MB (3.69%)
          5. chrome (PID 6354) - 539.11 MB (3.55%)
[96m------------------------------------------------------------[0m
[1m[ DISK ][0m Used: [92m24.07 GB (2.63%)[0m | Free: 891.76 GB | Total: 915.83 GB
         [93mI/O:[0m Read 0.0 MB/s | Write 0.05 MB/s | Activity: 0.92%
[96m------------------------------------------------------------[0m
[1m[ NET ][0m Upload: 0.0 MB/s | Download: 0.0 MB/s
[96m------------------------------------------------------------[0m
[1m[ BATTERY ][0m [92m99.28%[0m (Charging/Plugged in)
[1m[96m============================================================[0m
[1m[92mData logged to 2026_logs/2026-10-01.jsonl... (Press Ctrl+C to stop)[0m
[1m[96m============================================================[0m
[1mSYSTEM MONITOR V2[0m | Time: 2026-10-01 12:38:39
[96m------------------------------------------------------------[0m
[1m[ CPU ][0m Used: [92m13.7%[0m | Free: 86.3%
        [93mTop 5 (Logged 10):[0m code (5.97%), code (3.22%), code (2.01%)
[96m------------------------------------------------------------[0m
[1m[ RAM ][0m Used: [92m8.14 GB (54.8%)[0m | Available: 6.71 GB | Total: 14.84 GB
[1m[ SWAP ][0m Used: 0.0 GB (0.0%) | Free: 4.0 GB | Total: 4.0 GB
        [93mTop 5 RAM Processes (Logged 10):[0m
          1. code (PID 8252) - 686.22 MB (4.51%)
          2. code (PID 11526) - 669.85 MB (4.41%)
          3. code (PID 8588) - 668.61 MB (4.4%)
          4. chrome (PID 7112) - 561.33 MB (3.69%)
          5. chrome (PID 6354) - 537.09 MB (3.53%)
[96m------------------------------------------------------------[0m
[1m[ DISK ][0m Used: [92m24.07 GB (2.63%)[0m | Free: 891.76 GB | Total: 915.83 GB
         [93mI/O:[0m Read 0.0 MB/s | Write 0.19 MB/s | Activity: 1.13%
[96m------------------------------------------------------------[0m
[1m[ NET ][0m Upload: 0.01 MB/s | Download: 0.0 MB/s
[96m------------------------------------------------------------[0m
[1m[ BATTERY ][0m [92m99.28%[0m (Charging/Plugged in)
[1m[96m============================================================[0m
[1m[92mData logged to 2026_logs/2026-10-01.jsonl... (Press Ctrl+C to stop)[0m
[1m[96m============================================================[0m
[1mSYSTEM MONITOR V2[0m | Time: 2026-10-01 12:38:44
[96m------------------------------------------------------------[0m
[1m[ CPU ][0m Used: [92m7.7%[0m | Free: 92.3%
        [93mTop 5 (Logged 10):[0m code (4.3%)
[96m------------------------------------------------------------[0m
[1m[ RAM ][0m Used: [92m8.15 GB (54.9%)[0m | Available: 6.69 GB | Total: 14.84 GB
[1m[ SWAP ][0m Used: 0.0 GB (0.0%) | Free: 4.0 GB | Total: 4.0 GB
        [93mTop 5 RAM Processes (Logged 10):[0m
          1. code (PID 8252) - 701.86 MB (4.62%)
          2. code (PID 11526) - 669.85 MB (4.41%)
          3. code (PID 8588) - 669.29 MB (4.4%)
          4. chrome (PID 7112) - 561.33 MB (3.69%)
          5. chrome (PID 6354) - 536.12 MB (3.53%)
[96m------------------------------------------------------------[0m
[1m[ DISK ][0m Used: [92m24.07 GB (2.63%)[0m | Free: 891.76 GB | Total: 915.83 GB
         [93mI/O:[0m Read 0.0 MB/s | Write 0.15 MB/s | Activity: 0.19%
[96m------------------------------------------------------------[0m
[1m[ NET ][0m Upload: 0.01 MB/s | Download: 0.02 MB/s
[96m------------------------------------------------------------[0m
[1m[ BATTERY ][0m [92m99.28%[0m (Charging/Plugged in)
[1m[96m============================================================[0m
[1m[92mData logged to 2026_logs/2026-10-01.jsonl... (Press Ctrl+C to stop)[0m
[1m[96m============================================================[0m
[1mSYSTEM MONITOR V2[0m | Time: 2026-10-01 12:38:49
[96m------------------------------------------------------------[0m
[1m[ CPU ][0m Used: [92m2.1%[0m | Free: 97.9%
[96m------------------------------------------------------------[0m
[1m[ RAM ][0m Used: [92m8.1 GB (54.6%)[0m | Available: 6.74 GB | Total: 14.84 GB
[1m[ SWAP ][0m Used: 0.0 GB (0.0%) | Free: 4.0 GB | Total: 4.0 GB
        [93mTop 5 RAM Processes (Logged 10):[0m
          1. code (PID 8252) - 692.2 MB (4.55%)
          2. code (PID 8588) - 669.91 MB (4.41%)
          3. code (PID 11526) - 669.6 MB (4.41%)
          4. chrome (PID 7112) - 561.33 MB (3.69%)
          5. chrome (PID 6354) - 536.43 MB (3.53%)
[96m------------------------------------------------------------[0m
[1m[ DISK ][0m Used: [92m24.07 GB (2.63%)[0m | Free: 891.76 GB | Total: 915.83 GB
         [93mI/O:[0m Read 0.0 MB/s | Write 0.46 MB/s | Activity: 1.81%
[96m------------------------------------------------------------[0m
[1m[ NET ][0m Upload: 0.01 MB/s | Download: 0.0 MB/s
[96m------------------------------------------------------------[0m
[1m[ BATTERY ][0m [92m99.28%[0m (Charging/Plugged in)
[1m[96m============================================================[0m
[1m[92mData logged to 2026_logs/2026-10-01.jsonl... (Press Ctrl+C to stop)[0m
[1m[96m============================================================[0m
[1mSYSTEM MONITOR V2[0m | Time: 2026-10-01 12:38:54
[96m------------------------------------------------------------[0m
[1m[ CPU ][0m Used: [92m1.8%[0m | Free: 98.2%
[96m------------------------------------------------------------[0m
[1m[ RAM ][0m Used: [92m8.04 GB (54.2%)[0m | Available: 6.8 GB | Total: 14.84 GB
[1m[ SWAP ][0m Used: 0.0 GB (0.0%) | Free: 4.0 GB | Total: 4.0 GB
        [93mTop 5 RAM Processes (Logged 10):[0m
          1. code (PID 8588) - 678.46 MB (4.46%)
          2. code (PID 11526) - 669.6 MB (4.41%)
          3. code (PID 8252) - 646.94 MB (4.26%)
          4. chrome (PID 7112) - 560.37 MB (3.69%)
          5. chrome (PID 6354) - 536.44 MB (3.53%)
[96m------------------------------------------------------------[0m
[1m[ DISK ][0m Used: [92m24.07 GB (2.63%)[0m | Free: 891.76 GB | Total: 915.83 GB
         [93mI/O:[0m Read 0.0 MB/s | Write 0.01 MB/s | Activity: 0.84%
[96m------------------------------------------------------------[0m
[1m[ NET ][0m Upload: 0.0 MB/s | Download: 0.0 MB/s
[96m------------------------------------------------------------[0m
[1m[ BATTERY ][0m [92m99.28%[0m (Charging/Plugged in)
[1m[96m============================================================[0m
[1m[92mData logged to 2026_logs/2026-10-01.jsonl... (Press Ctrl+C to stop)[0m
[1m[96m============================================================[0m
[1mSYSTEM MONITOR V2[0m | Time: 2026-10-01 12:38:59
[96m------------------------------------------------------------[0m
[1m[ CPU ][0m Used: [92m4.6%[0m | Free: 95.4%
[96m------------------------------------------------------------[0m
[1m[ RAM ][0m Used: [92m7.88 GB (53.1%)[0m | Available: 6.96 GB | Total: 14.84 GB
[1m[ SWAP ][0m Used: 0.0 GB (0.0%) | Free: 4.0 GB | Total: 4.0 GB
        [93mTop 5 RAM Processes (Logged 10):[0m
          1. code (PID 8588) - 669.85 MB (4.41%)
          2. code (PID 11526) - 669.76 MB (4.41%)
          3. chrome (PID 7112) - 560.32 MB (3.69%)
          4. chrome (PID 6354) - 536.22 MB (3.53%)
          5. code (PID 8252) - 512.32 MB (3.37%)
[96m------------------------------------------------------------[0m
[1m[ DISK ][0m Used: [92m24.07 GB (2.63%)[0m | Free: 891.76 GB | Total: 915.83 GB
         [93mI/O:[0m Read 0.0 MB/s | Write 0.37 MB/s | Activity: 1.73%
[96m------------------------------------------------------------[0m
[1m[ NET ][0m Upload: 0.0 MB/s | Download: 0.0 MB/s
[96m------------------------------------------------------------[0m
[1m[ BATTERY ][0m [92m99.28%[0m (Charging/Plugged in)
[1m[96m============================================================[0m
[1m[92mData logged to 2026_logs/2026-10-01.jsonl... (Press Ctrl+C to stop)[0m
[1m[96m============================================================[0m
[1mSYSTEM MONITOR V2[0m | Time: 2026-10-01 12:39:04
[96m------------------------------------------------------------[0m
[1m[ CPU ][0m Used: [92m4.1%[0m | Free: 95.9%
[96m------------------------------------------------------------[0m
[1m[ RAM ][0m Used: [92m7.88 GB (53.1%)[0m | Available: 6.96 GB | Total: 14.84 GB
[1m[ SWAP ][0m Used: 0.0 GB (0.0%) | Free: 4.0 GB | Total: 4.0 GB
        [93mTop 5 RAM Processes (Logged 10):[0m
          1. code (PID 8588) - 677.76 MB (4.46%)
          2. code (PID 11526) - 669.05 MB (4.4%)
          3. chrome (PID 7112) - 560.32 MB (3.69%)
          4. chrome (PID 6354) - 536.22 MB (3.53%)
          5. code (PID 8252) - 516.92 MB (3.4%)
[96m------------------------------------------------------------[0m
[1m[ DISK ][0m Used: [92m24.07 GB (2.63%)[0m | Free: 891.76 GB | Total: 915.83 GB
         [93mI/O:[0m Read 0.0 MB/s | Write 0.11 MB/s | Activity: 0.9%
[96m------------------------------------------------------------[0m
[1m[ NET ][0m Upload: 0.0 MB/s | Download: 0.0 MB/s
[96m------------------------------------------------------------[0m
[1m[ BATTERY ][0m [92m99.28%[0m (Charging/Plugged in)
[1m[96m============================================================[0m
[1m[92mData logged to 2026_logs/2026-10-01.jsonl... (Press Ctrl+C to stop)[0m
[1m[96m============================================================[0m
[1mSYSTEM MONITOR V2[0m | Time: 2026-10-01 12:39:09
[96m------------------------------------------------------------[0m
[1m[ CPU ][0m Used: [92m5.3%[0m | Free: 94.7%
[96m------------------------------------------------------------[0m
[1m[ RAM ][0m Used: [92m7.86 GB (53.0%)[0m | Available: 6.98 GB | Total: 14.84 GB
[1m[ SWAP ][0m Used: 0.0 GB (0.0%) | Free: 4.0 GB | Total: 4.0 GB
        [93mTop 5 RAM Processes (Logged 10):[0m
          1. code (PID 8588) - 680.33 MB (4.48%)
          2. code (PID 11526) - 669.17 MB (4.4%)
          3. chrome (PID 7112) - 560.32 MB (3.69%)
          4. chrome (PID 6354) - 536.35 MB (3.53%)
          5. code (PID 8252) - 532.63 MB (3.5%)
[96m------------------------------------------------------------[0m
[1m[ DISK ][0m Used: [92m24.07 GB (2.63%)[0m | Free: 891.76 GB | Total: 915.83 GB
         [93mI/O:[0m Read 0.0 MB/s | Write 0.07 MB/s | Activity: 1.1%
[96m------------------------------------------------------------[0m
[1m[ NET ][0m Upload: 0.01 MB/s | Download: 0.01 MB/s
[96m------------------------------------------------------------[0m
[1m[ BATTERY ][0m [92m99.28%[0m (Charging/Plugged in)
[1m[96m============================================================[0m
[1m[92mData logged to 2026_logs/2026-10-01.jsonl... (Press Ctrl+C to stop)[0m
[1m[96m============================================================[0m
[1mSYSTEM MONITOR V2[0m | Time: 2026-10-01 12:39:14
[96m------------------------------------------------------------[0m
[1m[ CPU ][0m Used: [92m4.3%[0m | Free: 95.7%
[96m------------------------------------------------------------[0m
[1m[ RAM ][0m Used: [92m7.88 GB (53.1%)[0m | Available: 6.96 GB | Total: 14.84 GB
[1m[ SWAP ][0m Used: 0.0 GB (0.0%) | Free: 4.0 GB | Total: 4.0 GB
        [93mTop 5 RAM Processes (Logged 10):[0m
          1. code (PID 8588) - 682.0 MB (4.49%)
          2. code (PID 11526) - 669.29 MB (4.4%)
          3. chrome (PID 7112) - 560.32 MB (3.69%)
          4. chrome (PID 6354) - 536.09 MB (3.53%)
          5. code (PID 8252) - 531.07 MB (3.49%)
[96m------------------------------------------------------------[0m
[1m[ DISK ][0m Used: [92m24.07 GB (2.63%)[0m | Free: 891.76 GB | Total: 915.83 GB
         [93mI/O:[0m Read 0.0 MB/s | Write 0.17 MB/s | Activity: 0.95%
[96m------------------------------------------------------------[0m
[1m[ NET ][0m Upload: 0.0 MB/s | Download: 0.0 MB/s
[96m------------------------------------------------------------[0m
[1m[ BATTERY ][0m [92m99.28%[0m (Charging/Plugged in)
[1m[96m============================================================[0m
[1m[92mData logged to 2026_logs/2026-10-01.jsonl... (Press Ctrl+C to stop)[0m
[1m[96m============================================================[0m
[1mSYSTEM MONITOR V2[0m | Time: 2026-10-01 12:39:19
[96m------------------------------------------------------------[0m
[1m[ CPU ][0m Used: [92m5.7%[0m | Free: 94.3%
[96m------------------------------------------------------------[0m
[1m[ RAM ][0m Used: [92m7.87 GB (53.0%)[0m | Available: 6.98 GB | Total: 14.84 GB
[1m[ SWAP ][0m Used: 0.0 GB (0.0%) | Free: 4.0 GB | Total: 4.0 GB
        [93mTop 5 RAM Processes (Logged 10):[0m
          1. code (PID 8588) - 683.68 MB (4.5%)
          2. code (PID 11526) - 669.39 MB (4.4%)
          3. chrome (PID 7112) - 560.32 MB (3.69%)
          4. chrome (PID 6354) - 536.23 MB (3.53%)
          5. code (PID 8252) - 529.48 MB (3.48%)
[96m------------------------------------------------------------[0m
[1m[ DISK ][0m Used: [92m24.07 GB (2.63%)[0m | Free: 891.76 GB | Total: 915.83 GB
         [93mI/O:[0m Read 0.0 MB/s | Write 0.37 MB/s | Activity: 1.04%
[96m------------------------------------------------------------[0m
[1m[ NET ][0m Upload: 0.0 MB/s | Download: 0.0 MB/s
[96m------------------------------------------------------------[0m
[1m[ BATTERY ][0m [92m99.28%[0m (Charging/Plugged in)
[1m[96m============================================================[0m
[1m[92mData logged to 2026_logs/2026-10-01.jsonl... (Press Ctrl+C to stop)[0m
[1m[96m============================================================[0m
[1mSYSTEM MONITOR V2[0m | Time: 2026-10-01 12:39:24
[96m------------------------------------------------------------[0m
[1m[ CPU ][0m Used: [92m5.0%[0m | Free: 95.0%
[96m------------------------------------------------------------[0m
[1m[ RAM ][0m Used: [92m7.88 GB (53.1%)[0m | Available: 6.96 GB | Total: 14.84 GB
[1m[ SWAP ][0m Used: 0.0 GB (0.0%) | Free: 4.0 GB | Total: 4.0 GB
        [93mTop 5 RAM Processes (Logged 10):[0m
          1. code (PID 8588) - 685.36 MB (4.51%)
          2. code (PID 11526) - 669.51 MB (4.4%)
          3. chrome (PID 7112) - 570.15 MB (3.75%)
          4. chrome (PID 6354) - 536.02 MB (3.53%)
          5. code (PID 8252) - 529.15 MB (3.48%)
[96m------------------------------------------------------------[0m
[1m[ DISK ][0m Used: [92m24.07 GB (2.63%)[0m | Free: 891.76 GB | Total: 915.83 GB
         [93mI/O:[0m Read 0.0 MB/s | Write 0.04 MB/s | Activity: 0.12%
[96m------------------------------------------------------------[0m
[1m[ NET ][0m Upload: 0.0 MB/s | Download: 0.0 MB/s
[96m------------------------------------------------------------[0m
[1m[ BATTERY ][0m [92m99.28%[0m (Charging/Plugged in)
[1m[96m============================================================[0m
[1m[92mData logged to 2026_logs/2026-10-01.jsonl... (Press Ctrl+C to stop)[0m
[1m[96m============================================================[0m
[1mSYSTEM MONITOR V2[0m | Time: 2026-10-01 12:39:30
[96m------------------------------------------------------------[0m
[1m[ CPU ][0m Used: [92m7.1%[0m | Free: 92.9%
        [93mTop 5 (Logged 10):[0m code (2.38%)
[96m------------------------------------------------------------[0m
[1m[ RAM ][0m Used: [92m7.93 GB (53.4%)[0m | Available: 6.91 GB | Total: 14.84 GB
[1m[ SWAP ][0m Used: 0.0 GB (0.0%) | Free: 4.0 GB | Total: 4.0 GB
        [93mTop 5 RAM Processes (Logged 10):[0m
          1. code (PID 8588) - 683.48 MB (4.5%)
          2. code (PID 11526) - 669.71 MB (4.41%)
          3. chrome (PID 7112) - 570.15 MB (3.75%)
          4. code (PID 8252) - 545.29 MB (3.59%)
          5. chrome (PID 6354) - 536.13 MB (3.53%)
[96m------------------------------------------------------------[0m
[1m[ DISK ][0m Used: [92m24.07 GB (2.63%)[0m | Free: 891.76 GB | Total: 915.83 GB
         [93mI/O:[0m Read 0.0 MB/s | Write 0.01 MB/s | Activity: 1.54%
[96m------------------------------------------------------------[0m
[1m[ NET ][0m Upload: 0.0 MB/s | Download: 0.0 MB/s
[96m------------------------------------------------------------[0m
[1m[ BATTERY ][0m [92m99.28%[0m (Charging/Plugged in)
[1m[96m============================================================[0m
[1m[92mData logged to 2026_logs/2026-10-01.jsonl... (Press Ctrl+C to stop)[0m
[1m[96m============================================================[0m
[1mSYSTEM MONITOR V2[0m | Time: 2026-10-01 12:39:35
[96m------------------------------------------------------------[0m
[1m[ CPU ][0m Used: [92m7.9%[0m | Free: 92.1%
        [93mTop 5 (Logged 10):[0m code (3.03%), code (2.21%)
[96m------------------------------------------------------------[0m
[1m[ RAM ][0m Used: [92m7.95 GB (53.5%)[0m | Available: 6.9 GB | Total: 14.84 GB
[1m[ SWAP ][0m Used: 0.0 GB (0.0%) | Free: 4.0 GB | Total: 4.0 GB
        [93mTop 5 RAM Processes (Logged 10):[0m
          1. code (PID 8588) - 684.57 MB (4.5%)
          2. code (PID 11526) - 669.05 MB (4.4%)
          3. chrome (PID 7112) - 570.15 MB (3.75%)
          4. code (PID 8252) - 566.86 MB (3.73%)
          5. chrome (PID 6354) - 536.06 MB (3.53%)
[96m------------------------------------------------------------[0m
[1m[ DISK ][0m Used: [92m24.07 GB (2.63%)[0m | Free: 891.76 GB | Total: 915.83 GB
         [93mI/O:[0m Read 0.0 MB/s | Write 0.06 MB/s | Activity: 0.22%
[96m------------------------------------------------------------[0m
[1m[ NET ][0m Upload: 0.0 MB/s | Download: 0.0 MB/s
[96m------------------------------------------------------------[0m
[1m[ BATTERY ][0m [92m99.28%[0m (Charging/Plugged in)
[1m[96m============================================================[0m
[1m[92mData logged to 2026_logs/2026-10-01.jsonl... (Press Ctrl+C to stop)[0m
[1m[96m============================================================[0m
[1mSYSTEM MONITOR V2[0m | Time: 2026-10-01 12:39:40
[96m------------------------------------------------------------[0m
[1m[ CPU ][0m Used: [92m9.7%[0m | Free: 90.3%
        [93mTop 5 (Logged 10):[0m code (3.82%), code (2.26%)
[96m------------------------------------------------------------[0m
[1m[ RAM ][0m Used: [92m7.95 GB (53.6%)[0m | Available: 6.89 GB | Total: 14.84 GB
[1m[ SWAP ][0m Used: 0.0 GB (0.0%) | Free: 4.0 GB | Total: 4.0 GB
        [93mTop 5 RAM Processes (Logged 10):[0m
          1. code (PID 11526) - 669.17 MB (4.4%)
          2. code (PID 8588) - 662.06 MB (4.36%)
          3. code (PID 8252) - 583.1 MB (3.84%)
          4. chrome (PID 7112) - 569.38 MB (3.75%)
          5. chrome (PID 6354) - 535.97 MB (3.53%)
[96m------------------------------------------------------------[0m
[1m[ DISK ][0m Used: [92m24.07 GB (2.63%)[0m | Free: 891.76 GB | Total: 915.83 GB
         [93mI/O:[0m Read 0.0 MB/s | Write 0.04 MB/s | Activity: 1.71%
[96m------------------------------------------------------------[0m
[1m[ NET ][0m Upload: 0.01 MB/s | Download: 0.0 MB/s
[96m------------------------------------------------------------[0m
[1m[ BATTERY ][0m [92m99.28%[0m (Charging/Plugged in)
[1m[96m============================================================[0m
[1m[92mData logged to 2026_logs/2026-10-01.jsonl... (Press Ctrl+C to stop)[0m
[1m[96m============================================================[0m
[1mSYSTEM MONITOR V2[0m | Time: 2026-10-01 12:39:45
[96m------------------------------------------------------------[0m
[1m[ CPU ][0m Used: [92m8.8%[0m | Free: 91.2%
        [93mTop 5 (Logged 10):[0m code (3.0%), code (3.0%)
[96m------------------------------------------------------------[0m
[1m[ RAM ][0m Used: [92m7.95 GB (53.5%)[0m | Available: 6.89 GB | Total: 14.84 GB
[1m[ SWAP ][0m Used: 0.0 GB (0.0%) | Free: 4.0 GB | Total: 4.0 GB
        [93mTop 5 RAM Processes (Logged 10):[0m
          1. code (PID 11526) - 669.29 MB (4.4%)
          2. code (PID 8588) - 664.25 MB (4.37%)
          3. code (PID 8252) - 589.76 MB (3.88%)
          4. chrome (PID 7112) - 566.39 MB (3.73%)
          5. chrome (PID 6354) - 535.96 MB (3.53%)
[96m------------------------------------------------------------[0m
[1m[ DISK ][0m Used: [92m24.07 GB (2.63%)[0m | Free: 891.76 GB | Total: 915.83 GB
         [93mI/O:[0m Read 0.0 MB/s | Write 0.43 MB/s | Activity: 1.99%
[96m------------------------------------------------------------[0m
[1m[ NET ][0m Upload: 0.01 MB/s | Download: 0.0 MB/s
[96m------------------------------------------------------------[0m
[1m[ BATTERY ][0m [92m99.28%[0m (Charging/Plugged in)
[1m[96m============================================================[0m
[1m[92mData logged to 2026_logs/2026-10-01.jsonl... (Press Ctrl+C to stop)[0m
[1m[96m============================================================[0m
[1mSYSTEM MONITOR V2[0m | Time: 2026-10-01 12:39:50
[96m------------------------------------------------------------[0m
[1m[ CPU ][0m Used: [92m7.3%[0m | Free: 92.7%
        [93mTop 5 (Logged 10):[0m code (2.55%), code (2.43%)
[96m------------------------------------------------------------[0m
[1m[ RAM ][0m Used: [92m7.97 GB (53.7%)[0m | Available: 6.87 GB | Total: 14.84 GB
[1m[ SWAP ][0m Used: 0.0 GB (0.0%) | Free: 4.0 GB | Total: 4.0 GB
        [93mTop 5 RAM Processes (Logged 10):[0m
          1. code (PID 11526) - 669.4 MB (4.4%)
          2. code (PID 8588) - 666.16 MB (4.38%)
          3. code (PID 8252) - 608.2 MB (4.0%)
          4. chrome (PID 7112) - 566.39 MB (3.73%)
          5. chrome (PID 6354) - 536.06 MB (3.53%)
[96m------------------------------------------------------------[0m
[1m[ DISK ][0m Used: [92m24.07 GB (2.63%)[0m | Free: 891.76 GB | Total: 915.83 GB
         [93mI/O:[0m Read 0.0 MB/s | Write 0.42 MB/s | Activity: 1.86%
[96m------------------------------------------------------------[0m
[1m[ NET ][0m Upload: 0.0 MB/s | Download: 0.0 MB/s
[96m------------------------------------------------------------[0m
[1m[ BATTERY ][0m [92m99.28%[0m (Charging/Plugged in)
[1m[96m============================================================[0m
[1m[92mData logged to 2026_logs/2026-10-01.jsonl... (Press Ctrl+C to stop)[0m
[1m[96m============================================================[0m
[1mSYSTEM MONITOR V2[0m | Time: 2026-10-01 12:39:55
[96m------------------------------------------------------------[0m
[1m[ CPU ][0m Used: [92m9.4%[0m | Free: 90.6%
        [93mTop 5 (Logged 10):[0m code (3.73%), code (3.01%)
[96m------------------------------------------------------------[0m
[1m[ RAM ][0m Used: [92m7.97 GB (53.7%)[0m | Available: 6.88 GB | Total: 14.84 GB
[1m[ SWAP ][0m Used: 0.0 GB (0.0%) | Free: 4.0 GB | Total: 4.0 GB
        [93mTop 5 RAM Processes (Logged 10):[0m
          1. code (PID 11526) - 669.52 MB (4.4%)
          2. code (PID 8588) - 668.42 MB (4.4%)
          3. code (PID 8252) - 619.59 MB (4.08%)
          4. chrome (PID 7112) - 566.86 MB (3.73%)
          5. chrome (PID 6354) - 535.95 MB (3.53%)
[96m------------------------------------------------------------[0m
[1m[ DISK ][0m Used: [92m24.07 GB (2.63%)[0m | Free: 891.76 GB | Total: 915.83 GB
         [93mI/O:[0m Read 0.0 MB/s | Write 0.04 MB/s | Activity: 1.01%
[96m------------------------------------------------------------[0m
[1m[ NET ][0m Upload: 0.0 MB/s | Download: 0.0 MB/s
[96m------------------------------------------------------------[0m
[1m[ BATTERY ][0m [92m99.28%[0m (Charging/Plugged in)
[1m[96m============================================================[0m
[1m[92mData logged to 2026_logs/2026-10-01.jsonl... (Press Ctrl+C to stop)[0m
[1m[96m============================================================[0m
[1mSYSTEM MONITOR V2[0m | Time: 2026-10-01 12:40:00
[96m------------------------------------------------------------[0m
[1m[ CPU ][0m Used: [92m7.6%[0m | Free: 92.4%
        [93mTop 5 (Logged 10):[0m code (2.82%), code (2.14%)
[96m------------------------------------------------------------[0m
[1m[ RAM ][0m Used: [92m8.0 GB (53.9%)[0m | Available: 6.85 GB | Total: 14.84 GB
[1m[ SWAP ][0m Used: 0.0 GB (0.0%) | Free: 4.0 GB | Total: 4.0 GB
        [93mTop 5 RAM Processes (Logged 10):[0m
          1. code (PID 8588) - 669.86 MB (4.41%)
          2. code (PID 11526) - 669.64 MB (4.41%)
          3. code (PID 8252) - 643.55 MB (4.23%)
          4. chrome (PID 7112) - 565.69 MB (3.72%)
          5. chrome (PID 6354) - 535.95 MB (3.53%)
[96m------------------------------------------------------------[0m
[1m[ DISK ][0m Used: [92m24.07 GB (2.63%)[0m | Free: 891.76 GB | Total: 915.83 GB
         [93mI/O:[0m Read 0.0 MB/s | Write 0.02 MB/s | Activity: 0.92%
[96m------------------------------------------------------------[0m
[1m[ NET ][0m Upload: 0.0 MB/s | Download: 0.0 MB/s
[96m------------------------------------------------------------[0m
[1m[ BATTERY ][0m [92m99.28%[0m (Charging/Plugged in)
[1m[96m============================================================[0m
[1m[92mData logged to 2026_logs/2026-10-01.jsonl... (Press Ctrl+C to stop)[0m
[1m[96m============================================================[0m
[1mSYSTEM MONITOR V2[0m | Time: 2026-10-01 12:40:05
[96m------------------------------------------------------------[0m
[1m[ CPU ][0m Used: [92m8.1%[0m | Free: 91.9%
        [93mTop 5 (Logged 10):[0m code (3.06%)
[96m------------------------------------------------------------[0m
[1m[ RAM ][0m Used: [92m8.02 GB (54.0%)[0m | Available: 6.83 GB | Total: 14.84 GB
[1m[ SWAP ][0m Used: 0.0 GB (0.0%) | Free: 4.0 GB | Total: 4.0 GB
        [93mTop 5 RAM Processes (Logged 10):[0m
          1. code (PID 8588) - 671.41 MB (4.42%)
          2. code (PID 11526) - 669.77 MB (4.41%)
          3. code (PID 8252) - 655.98 MB (4.32%)
          4. chrome (PID 7112) - 565.69 MB (3.72%)
          5. chrome (PID 6354) - 536.5 MB (3.53%)
[96m------------------------------------------------------------[0m
[1m[ DISK ][0m Used: [92m24.07 GB (2.63%)[0m | Free: 891.76 GB | Total: 915.83 GB
         [93mI/O:[0m Read 0.0 MB/s | Write 0.04 MB/s | Activity: 0.92%
[96m------------------------------------------------------------[0m
[1m[ NET ][0m Upload: 0.0 MB/s | Download: 0.0 MB/s
[96m------------------------------------------------------------[0m
[1m[ BATTERY ][0m [92m99.28%[0m (Charging/Plugged in)
[1m[96m============================================================[0m
[1m[92mData logged to 2026_logs/2026-10-01.jsonl... (Press Ctrl+C to stop)[0m
[1m[96m============================================================[0m
[1mSYSTEM MONITOR V2[0m | Time: 2026-10-01 12:40:10
[96m------------------------------------------------------------[0m
[1m[ CPU ][0m Used: [92m6.6%[0m | Free: 93.4%
        [93mTop 5 (Logged 10):[0m code (2.48%), code (2.25%)
[96m------------------------------------------------------------[0m
[1m[ RAM ][0m Used: [92m7.96 GB (53.6%)[0m | Available: 6.89 GB | Total: 14.84 GB
[1m[ SWAP ][0m Used: 0.0 GB (0.0%) | Free: 4.0 GB | Total: 4.0 GB
        [93mTop 5 RAM Processes (Logged 10):[0m
          1. code (PID 8588) - 673.11 MB (4.43%)
          2. code (PID 11526) - 669.05 MB (4.4%)
          3. code (PID 8252) - 637.83 MB (4.2%)
          4. chrome (PID 7112) - 565.69 MB (3.72%)
          5. chrome (PID 6354) - 535.71 MB (3.52%)
[96m------------------------------------------------------------[0m
[1m[ DISK ][0m Used: [92m24.07 GB (2.63%)[0m | Free: 891.76 GB | Total: 915.83 GB
         [93mI/O:[0m Read 0.0 MB/s | Write 0.05 MB/s | Activity: 1.01%
[96m------------------------------------------------------------[0m
[1m[ NET ][0m Upload: 0.0 MB/s | Download: 0.0 MB/s
[96m------------------------------------------------------------[0m
[1m[ BATTERY ][0m [92m99.28%[0m (Charging/Plugged in)
[1m[96m============================================================[0m
[1m[92mData logged to 2026_logs/2026-10-01.jsonl... (Press Ctrl+C to stop)[0m
[1m[96m============================================================[0m
[1mSYSTEM MONITOR V2[0m | Time: 2026-10-01 12:40:15
[96m------------------------------------------------------------[0m
[1m[ CPU ][0m Used: [92m4.4%[0m | Free: 95.6%
[96m------------------------------------------------------------[0m
[1m[ RAM ][0m Used: [92m7.86 GB (53.0%)[0m | Available: 6.98 GB | Total: 14.84 GB
[1m[ SWAP ][0m Used: 0.0 GB (0.0%) | Free: 4.0 GB | Total: 4.0 GB
        [93mTop 5 RAM Processes (Logged 10):[0m
          1. code (PID 8588) - 674.9 MB (4.44%)
          2. code (PID 11526) - 669.27 MB (4.4%)
          3. chrome (PID 7112) - 562.7 MB (3.7%)
          4. code (PID 8252) - 536.21 MB (3.53%)
          5. chrome (PID 6354) - 535.37 MB (3.52%)
[96m------------------------------------------------------------[0m
[1m[ DISK ][0m Used: [92m24.07 GB (2.63%)[0m | Free: 891.76 GB | Total: 915.83 GB
         [93mI/O:[0m Read 0.0 MB/s | Write 0.03 MB/s | Activity: 1.65%
[96m------------------------------------------------------------[0m
[1m[ NET ][0m Upload: 0.0 MB/s | Download: 0.01 MB/s
[96m------------------------------------------------------------[0m
[1m[ BATTERY ][0m [92m99.28%[0m (Charging/Plugged in)
[1m[96m============================================================[0m
[1m[92mData logged to 2026_logs/2026-10-01.jsonl... (Press Ctrl+C to stop)[0m
[1m[96m============================================================[0m
[1mSYSTEM MONITOR V2[0m | Time: 2026-10-01 12:40:20
[96m------------------------------------------------------------[0m
[1m[ CPU ][0m Used: [92m6.2%[0m | Free: 93.8%
        [93mTop 5 (Logged 10):[0m code (2.14%), code (2.06%)
[96m------------------------------------------------------------[0m
[1m[ RAM ][0m Used: [92m7.85 GB (52.9%)[0m | Available: 6.99 GB | Total: 14.84 GB
[1m[ SWAP ][0m Used: 0.0 GB (0.0%) | Free: 4.0 GB | Total: 4.0 GB
        [93mTop 5 RAM Processes (Logged 10):[0m
          1. code (PID 8588) - 678.73 MB (4.47%)
          2. code (PID 11526) - 669.36 MB (4.4%)
          3. chrome (PID 7112) - 562.7 MB (3.7%)
          4. code (PID 8252) - 559.86 MB (3.68%)
          5. chrome (PID 6354) - 535.43 MB (3.52%)
[96m------------------------------------------------------------[0m
[1m[ DISK ][0m Used: [92m24.07 GB (2.63%)[0m | Free: 891.76 GB | Total: 915.83 GB
         [93mI/O:[0m Read 0.0 MB/s | Write 0.77 MB/s | Activity: 1.83%
[96m------------------------------------------------------------[0m
[1m[ NET ][0m Upload: 0.0 MB/s | Download: 0.0 MB/s
[96m------------------------------------------------------------[0m
[1m[ BATTERY ][0m [92m99.28%[0m (Charging/Plugged in)
[1m[96m============================================================[0m
[1m[92mData logged to 2026_logs/2026-10-01.jsonl... (Press Ctrl+C to stop)[0m
[1m[96m============================================================[0m
[1mSYSTEM MONITOR V2[0m | Time: 2026-10-01 12:40:25
[96m------------------------------------------------------------[0m
[1m[ CPU ][0m Used: [92m9.6%[0m | Free: 90.4%
        [93mTop 5 (Logged 10):[0m code (3.77%), code (2.95%)
[96m------------------------------------------------------------[0m
[1m[ RAM ][0m Used: [92m7.92 GB (53.4%)[0m | Available: 6.92 GB | Total: 14.84 GB
[1m[ SWAP ][0m Used: 0.0 GB (0.0%) | Free: 4.0 GB | Total: 4.0 GB
        [93mTop 5 RAM Processes (Logged 10):[0m
          1. code (PID 8588) - 681.98 MB (4.49%)
          2. code (PID 11526) - 669.48 MB (4.4%)
          3. code (PID 8252) - 574.0 MB (3.78%)
          4. chrome (PID 7112) - 567.93 MB (3.74%)
          5. chrome (PID 6354) - 535.41 MB (3.52%)
[96m------------------------------------------------------------[0m
[1m[ DISK ][0m Used: [92m24.07 GB (2.63%)[0m | Free: 891.76 GB | Total: 915.83 GB
         [93mI/O:[0m Read 0.0 MB/s | Write 0.06 MB/s | Activity: 1.08%
[96m------------------------------------------------------------[0m
[1m[ NET ][0m Upload: 0.0 MB/s | Download: 0.01 MB/s
[96m------------------------------------------------------------[0m
[1m[ BATTERY ][0m [92m99.28%[0m (Charging/Plugged in)
[1m[96m============================================================[0m
[1m[92mData logged to 2026_logs/2026-10-01.jsonl... (Press Ctrl+C to stop)[0m
[1m[96m============================================================[0m
[1mSYSTEM MONITOR V2[0m | Time: 2026-10-01 12:40:30
[96m------------------------------------------------------------[0m
[1m[ CPU ][0m Used: [92m4.3%[0m | Free: 95.7%
[96m------------------------------------------------------------[0m
[1m[ RAM ][0m Used: [92m7.9 GB (53.2%)[0m | Available: 6.94 GB | Total: 14.84 GB
[1m[ SWAP ][0m Used: 0.0 GB (0.0%) | Free: 4.0 GB | Total: 4.0 GB
        [93mTop 5 RAM Processes (Logged 10):[0m
          1. code (PID 8588) - 679.52 MB (4.47%)
          2. code (PID 11526) - 669.59 MB (4.41%)
          3. code (PID 8252) - 578.64 MB (3.81%)
          4. chrome (PID 7112) - 567.93 MB (3.74%)
          5. chrome (PID 6354) - 535.54 MB (3.52%)
[96m------------------------------------------------------------[0m
[1m[ DISK ][0m Used: [92m24.07 GB (2.63%)[0m | Free: 891.76 GB | Total: 915.83 GB
         [93mI/O:[0m Read 0.0 MB/s | Write 0.03 MB/s | Activity: 0.98%
[96m------------------------------------------------------------[0m
[1m[ NET ][0m Upload: 0.0 MB/s | Download: 0.0 MB/s
[96m------------------------------------------------------------[0m
[1m[ BATTERY ][0m [92m99.28%[0m (Charging/Plugged in)
[1m[96m============================================================[0m
[1m[92mData logged to 2026_logs/2026-10-01.jsonl... (Press Ctrl+C to stop)[0m
[1m[96m============================================================[0m
[1mSYSTEM MONITOR V2[0m | Time: 2026-10-01 12:40:35
[96m------------------------------------------------------------[0m
[1m[ CPU ][0m Used: [92m5.4%[0m | Free: 94.6%
[96m------------------------------------------------------------[0m
[1m[ RAM ][0m Used: [92m7.86 GB (52.9%)[0m | Available: 6.99 GB | Total: 14.84 GB
[1m[ SWAP ][0m Used: 0.0 GB (0.0%) | Free: 4.0 GB | Total: 4.0 GB
        [93mTop 5 RAM Processes (Logged 10):[0m
          1. code (PID 8588) - 682.06 MB (4.49%)
          2. code (PID 11526) - 669.71 MB (4.41%)
          3. code (PID 8252) - 569.59 MB (3.75%)
          4. chrome (PID 6354) - 535.42 MB (3.52%)
          5. chrome (PID 7112) - 527.13 MB (3.47%)
[96m------------------------------------------------------------[0m
[1m[ DISK ][0m Used: [92m24.07 GB (2.63%)[0m | Free: 891.76 GB | Total: 915.83 GB
         [93mI/O:[0m Read 0.0 MB/s | Write 0.07 MB/s | Activity: 0.98%
[96m------------------------------------------------------------[0m
[1m[ NET ][0m Upload: 0.0 MB/s | Download: 0.0 MB/s
[96m------------------------------------------------------------[0m
[1m[ BATTERY ][0m [92m99.28%[0m (Charging/Plugged in)
[1m[96m============================================================[0m
[1m[92mData logged to 2026_logs/2026-10-01.jsonl... (Press Ctrl+C to stop)[0m
[1m[96m============================================================[0m
[1mSYSTEM MONITOR V2[0m | Time: 2026-10-01 12:40:40
[96m------------------------------------------------------------[0m
[1m[ CPU ][0m Used: [92m6.7%[0m | Free: 93.3%
        [93mTop 5 (Logged 10):[0m code (2.73%)
[96m------------------------------------------------------------[0m
[1m[ RAM ][0m Used: [92m7.88 GB (53.1%)[0m | Available: 6.96 GB | Total: 14.84 GB
[1m[ SWAP ][0m Used: 0.0 GB (0.0%) | Free: 4.0 GB | Total: 4.0 GB
        [93mTop 5 RAM Processes (Logged 10):[0m
          1. code (PID 8588) - 683.84 MB (4.5%)
          2. code (PID 11526) - 669.82 MB (4.41%)
          3. code (PID 8252) - 584.84 MB (3.85%)
          4. chrome (PID 6354) - 536.93 MB (3.53%)
          5. chrome (PID 7112) - 527.16 MB (3.47%)
[96m------------------------------------------------------------[0m
[1m[ DISK ][0m Used: [92m24.07 GB (2.63%)[0m | Free: 891.76 GB | Total: 915.83 GB
         [93mI/O:[0m Read 0.06 MB/s | Write 0.0 MB/s | Activity: 0.97%
[96m------------------------------------------------------------[0m
[1m[ NET ][0m Upload: 0.0 MB/s | Download: 0.02 MB/s
[96m------------------------------------------------------------[0m
[1m[ BATTERY ][0m [92m99.28%[0m (Charging/Plugged in)
[1m[96m============================================================[0m
[1m[92mData logged to 2026_logs/2026-10-01.jsonl... (Press Ctrl+C to stop)[0m
[1m[96m============================================================[0m
[1mSYSTEM MONITOR V2[0m | Time: 2026-10-01 12:40:46
[96m------------------------------------------------------------[0m
[1m[ CPU ][0m Used: [92m7.6%[0m | Free: 92.4%
        [93mTop 5 (Logged 10):[0m code (2.08%)
[96m------------------------------------------------------------[0m
[1m[ RAM ][0m Used: [92m7.93 GB (53.4%)[0m | Available: 6.91 GB | Total: 14.84 GB
[1m[ SWAP ][0m Used: 0.0 GB (0.0%) | Free: 4.0 GB | Total: 4.0 GB
        [93mTop 5 RAM Processes (Logged 10):[0m
          1. code (PID 8588) - 685.4 MB (4.51%)
          2. code (PID 11526) - 669.16 MB (4.4%)
          3. code (PID 8252) - 580.64 MB (3.82%)
          4. chrome (PID 6354) - 538.07 MB (3.54%)
          5. chrome (PID 7112) - 527.16 MB (3.47%)
[96m------------------------------------------------------------[0m
[1m[ DISK ][0m Used: [92m24.07 GB (2.63%)[0m | Free: 891.76 GB | Total: 915.83 GB
         [93mI/O:[0m Read 0.0 MB/s | Write 0.11 MB/s | Activity: 1.58%
[96m------------------------------------------------------------[0m
[1m[ NET ][0m Upload: 0.01 MB/s | Download: 0.01 MB/s
[96m------------------------------------------------------------[0m
[1m[ BATTERY ][0m [92m99.28%[0m (Charging/Plugged in)
[1m[96m============================================================[0m
[1m[92mData logged to 2026_logs/2026-10-01.jsonl... (Press Ctrl+C to stop)[0m
[1m[96m============================================================[0m
[1mSYSTEM MONITOR V2[0m | Time: 2026-10-01 12:40:51
[96m------------------------------------------------------------[0m
[1m[ CPU ][0m Used: [92m5.7%[0m | Free: 94.3%
        [93mTop 5 (Logged 10):[0m code (2.13%)
[96m------------------------------------------------------------[0m
[1m[ RAM ][0m Used: [92m7.91 GB (53.3%)[0m | Available: 6.93 GB | Total: 14.84 GB
[1m[ SWAP ][0m Used: 0.0 GB (0.0%) | Free: 4.0 GB | Total: 4.0 GB
        [93mTop 5 RAM Processes (Logged 10):[0m
          1. code (PID 8588) - 687.33 MB (4.52%)
          2. code (PID 11526) - 669.28 MB (4.4%)
          3. code (PID 8252) - 586.13 MB (3.86%)
          4. chrome (PID 6354) - 536.63 MB (3.53%)
          5. chrome (PID 7112) - 527.16 MB (3.47%)
[96m------------------------------------------------------------[0m
[1m[ DISK ][0m Used: [92m24.07 GB (2.63%)[0m | Free: 891.76 GB | Total: 915.83 GB
         [93mI/O:[0m Read 0.0 MB/s | Write 0.49 MB/s | Activity: 1.97%
[96m------------------------------------------------------------[0m
[1m[ NET ][0m Upload: 0.0 MB/s | Download: 0.0 MB/s
[96m------------------------------------------------------------[0m
[1m[ BATTERY ][0m [92m99.28%[0m (Charging/Plugged in)
[1m[96m============================================================[0m
[1m[92mData logged to 2026_logs/2026-10-01.jsonl... (Press Ctrl+C to stop)[0m
[1m[96m============================================================[0m
[1mSYSTEM MONITOR V2[0m | Time: 2026-10-01 12:40:56
[96m------------------------------------------------------------[0m
[1m[ CPU ][0m Used: [92m3.7%[0m | Free: 96.3%
[96m------------------------------------------------------------[0m
[1m[ RAM ][0m Used: [92m7.86 GB (52.9%)[0m | Available: 6.99 GB | Total: 14.84 GB
[1m[ SWAP ][0m Used: 0.0 GB (0.0%) | Free: 4.0 GB | Total: 4.0 GB
        [93mTop 5 RAM Processes (Logged 10):[0m
          1. code (PID 8588) - 689.11 MB (4.53%)
          2. code (PID 11526) - 669.39 MB (4.4%)
          3. code (PID 8252) - 581.09 MB (3.82%)
          4. chrome (PID 6354) - 536.65 MB (3.53%)
          5. chrome (PID 7112) - 524.77 MB (3.45%)
[96m------------------------------------------------------------[0m
[1m[ DISK ][0m Used: [92m24.07 GB (2.63%)[0m | Free: 891.76 GB | Total: 915.83 GB
         [93mI/O:[0m Read 0.0 MB/s | Write 0.08 MB/s | Activity: 0.18%
[96m------------------------------------------------------------[0m
[1m[ NET ][0m Upload: 0.0 MB/s | Download: 0.0 MB/s
[96m------------------------------------------------------------[0m
[1m[ BATTERY ][0m [92m99.28%[0m (Charging/Plugged in)
[1m[96m============================================================[0m
[1m[92mData logged to 2026_logs/2026-10-01.jsonl... (Press Ctrl+C to stop)[0m
[1m[96m============================================================[0m
[1mSYSTEM MONITOR V2[0m | Time: 2026-10-01 12:41:01
[96m------------------------------------------------------------[0m
[1m[ CPU ][0m Used: [92m3.9%[0m | Free: 96.1%
[96m------------------------------------------------------------[0m
[1m[ RAM ][0m Used: [92m7.86 GB (52.9%)[0m | Available: 6.99 GB | Total: 14.84 GB
[1m[ SWAP ][0m Used: 0.0 GB (0.0%) | Free: 4.0 GB | Total: 4.0 GB
        [93mTop 5 RAM Processes (Logged 10):[0m
          1. code (PID 11526) - 669.51 MB (4.4%)
          2. code (PID 8588) - 657.04 MB (4.32%)
          3. code (PID 8252) - 583.45 MB (3.84%)
          4. chrome (PID 6354) - 536.88 MB (3.53%)
          5. chrome (PID 7112) - 523.34 MB (3.44%)
[96m------------------------------------------------------------[0m
[1m[ DISK ][0m Used: [92m24.07 GB (2.63%)[0m | Free: 891.76 GB | Total: 915.83 GB
         [93mI/O:[0m Read 0.0 MB/s | Write 0.4 MB/s | Activity: 1.73%
[96m------------------------------------------------------------[0m
[1m[ NET ][0m Upload: 0.0 MB/s | Download: 0.0 MB/s
[96m------------------------------------------------------------[0m
[1m[ BATTERY ][0m [92m99.28%[0m (Charging/Plugged in)
[1m[96m============================================================[0m
[1m[92mData logged to 2026_logs/2026-10-01.jsonl... (Press Ctrl+C to stop)[0m
[1m[96m============================================================[0m
[1mSYSTEM MONITOR V2[0m | Time: 2026-10-01 12:41:06
[96m------------------------------------------------------------[0m
[1m[ CPU ][0m Used: [92m5.9%[0m | Free: 94.1%
        [93mTop 5 (Logged 10):[0m code (2.24%)
[96m------------------------------------------------------------[0m
[1m[ RAM ][0m Used: [92m7.83 GB (52.7%)[0m | Available: 7.02 GB | Total: 14.84 GB
[1m[ SWAP ][0m Used: 0.0 GB (0.0%) | Free: 4.0 GB | Total: 4.0 GB
        [93mTop 5 RAM Processes (Logged 10):[0m
          1. code (PID 11526) - 669.62 MB (4.41%)
          2. code (PID 8588) - 658.04 MB (4.33%)
          3. code (PID 8252) - 593.11 MB (3.9%)
          4. chrome (PID 6354) - 536.51 MB (3.53%)
          5. chrome (PID 7112) - 523.34 MB (3.44%)
[96m------------------------------------------------------------[0m
[1m[ DISK ][0m Used: [92m24.07 GB (2.63%)[0m | Free: 891.76 GB | Total: 915.83 GB
         [93mI/O:[0m Read 0.0 MB/s | Write 0.02 MB/s | Activity: 0.08%
[96m------------------------------------------------------------[0m
[1m[ NET ][0m Upload: 0.0 MB/s | Download: 0.0 MB/s
[96m------------------------------------------------------------[0m
[1m[ BATTERY ][0m [92m99.28%[0m (Charging/Plugged in)
[1m[96m============================================================[0m
[1m[92mData logged to 2026_logs/2026-10-01.jsonl... (Press Ctrl+C to stop)[0m
[1m[96m============================================================[0m
[1mSYSTEM MONITOR V2[0m | Time: 2026-10-01 12:41:11
[96m------------------------------------------------------------[0m
[1m[ CPU ][0m Used: [92m7.2%[0m | Free: 92.8%
        [93mTop 5 (Logged 10):[0m code (2.58%), code (2.3%)
[96m------------------------------------------------------------[0m
[1m[ RAM ][0m Used: [92m7.83 GB (52.7%)[0m | Available: 7.02 GB | Total: 14.84 GB
[1m[ SWAP ][0m Used: 0.0 GB (0.0%) | Free: 4.0 GB | Total: 4.0 GB
        [93mTop 5 RAM Processes (Logged 10):[0m
          1. code (PID 11526) - 669.75 MB (4.41%)
          2. code (PID 8588) - 633.03 MB (4.16%)
          3. code (PID 8252) - 586.63 MB (3.86%)
          4. chrome (PID 6354) - 536.49 MB (3.53%)
          5. chrome (PID 7112) - 522.33 MB (3.44%)
[96m------------------------------------------------------------[0m
[1m[ DISK ][0m Used: [92m24.07 GB (2.63%)[0m | Free: 891.76 GB | Total: 915.83 GB
         [93mI/O:[0m Read 0.0 MB/s | Write 0.07 MB/s | Activity: 1.91%
[96m------------------------------------------------------------[0m
[1m[ NET ][0m Upload: 0.0 MB/s | Download: 0.01 MB/s
[96m------------------------------------------------------------[0m
[1m[ BATTERY ][0m [92m99.28%[0m (Charging/Plugged in)
[1m[96m============================================================[0m
[1m[92mData logged to 2026_logs/2026-10-01.jsonl... (Press Ctrl+C to stop)[0m
[1m[96m============================================================[0m
[1mSYSTEM MONITOR V2[0m | Time: 2026-10-01 12:41:16
[96m------------------------------------------------------------[0m
[1m[ CPU ][0m Used: [92m9.4%[0m | Free: 90.6%
        [93mTop 5 (Logged 10):[0m code (3.36%), code (2.92%)
[96m------------------------------------------------------------[0m
[1m[ RAM ][0m Used: [92m7.87 GB (53.0%)[0m | Available: 6.98 GB | Total: 14.84 GB
[1m[ SWAP ][0m Used: 0.0 GB (0.0%) | Free: 4.0 GB | Total: 4.0 GB
        [93mTop 5 RAM Processes (Logged 10):[0m
          1. code (PID 11526) - 669.88 MB (4.41%)
          2. code (PID 8588) - 634.06 MB (4.17%)
          3. code (PID 8252) - 606.31 MB (3.99%)
          4. chrome (PID 6354) - 536.93 MB (3.53%)
          5. chrome (PID 7112) - 522.33 MB (3.44%)
[96m------------------------------------------------------------[0m
[1m[ DISK ][0m Used: [92m24.07 GB (2.63%)[0m | Free: 891.76 GB | Total: 915.83 GB
         [93mI/O:[0m Read 0.0 MB/s | Write 0.03 MB/s | Activity: 0.08%
[96m------------------------------------------------------------[0m
[1m[ NET ][0m Upload: 0.0 MB/s | Download: 0.0 MB/s
[96m------------------------------------------------------------[0m
[1m[ BATTERY ][0m [92m99.28%[0m (Charging/Plugged in)
[1m[96m============================================================[0m
[1m[92mData logged to 2026_logs/2026-10-01.jsonl... (Press Ctrl+C to stop)[0m
[1m[96m============================================================[0m
[1mSYSTEM MONITOR V2[0m | Time: 2026-10-01 12:41:21
[96m------------------------------------------------------------[0m
[1m[ CPU ][0m Used: [92m7.4%[0m | Free: 92.6%
        [93mTop 5 (Logged 10):[0m code (2.7%), code (2.62%)
[96m------------------------------------------------------------[0m
[1m[ RAM ][0m Used: [92m7.83 GB (52.7%)[0m | Available: 7.02 GB | Total: 14.84 GB
[1m[ SWAP ][0m Used: 0.0 GB (0.0%) | Free: 4.0 GB | Total: 4.0 GB
        [93mTop 5 RAM Processes (Logged 10):[0m
          1. code (PID 11526) - 669.13 MB (4.4%)
          2. code (PID 8588) - 636.05 MB (4.18%)
          3. code (PID 8252) - 613.04 MB (4.03%)
          4. chrome (PID 6354) - 536.66 MB (3.53%)
          5. chrome (PID 7112) - 522.43 MB (3.44%)
[96m------------------------------------------------------------[0m
[1m[ DISK ][0m Used: [92m24.07 GB (2.63%)[0m | Free: 891.76 GB | Total: 915.83 GB
         [93mI/O:[0m Read 0.0 MB/s | Write 0.08 MB/s | Activity: 1.71%
[96m------------------------------------------------------------[0m
[1m[ NET ][0m Upload: 0.0 MB/s | Download: 0.0 MB/s
[96m------------------------------------------------------------[0m
[1m[ BATTERY ][0m [92m99.28%[0m (Charging/Plugged in)
[1m[96m============================================================[0m
[1m[92mData logged to 2026_logs/2026-10-01.jsonl... (Press Ctrl+C to stop)[0m
[1m[96m============================================================[0m
[1mSYSTEM MONITOR V2[0m | Time: 2026-10-01 12:41:26
[96m------------------------------------------------------------[0m
[1m[ CPU ][0m Used: [92m6.8%[0m | Free: 93.2%
        [93mTop 5 (Logged 10):[0m code (2.23%)
[96m------------------------------------------------------------[0m
[1m[ RAM ][0m Used: [92m7.86 GB (53.0%)[0m | Available: 6.98 GB | Total: 14.84 GB
[1m[ SWAP ][0m Used: 0.0 GB (0.0%) | Free: 4.0 GB | Total: 4.0 GB
        [93mTop 5 RAM Processes (Logged 10):[0m
          1. code (PID 11526) - 669.25 MB (4.4%)
          2. code (PID 8588) - 637.73 MB (4.2%)
          3. code (PID 8252) - 614.9 MB (4.05%)
          4. chrome (PID 7112) - 537.52 MB (3.54%)
          5. chrome (PID 6354) - 536.61 MB (3.53%)
[96m------------------------------------------------------------[0m
[1m[ DISK ][0m Used: [92m24.07 GB (2.63%)[0m | Free: 891.76 GB | Total: 915.83 GB
         [93mI/O:[0m Read 0.0 MB/s | Write 0.34 MB/s | Activity: 1.72%
[96m------------------------------------------------------------[0m
[1m[ NET ][0m Upload: 0.0 MB/s | Download: 0.0 MB/s
[96m------------------------------------------------------------[0m
[1m[ BATTERY ][0m [92m99.28%[0m (Charging/Plugged in)
[1m[96m============================================================[0m
[1m[92mData logged to 2026_logs/2026-10-01.jsonl... (Press Ctrl+C to stop)[0m
[1m[96m============================================================[0m
[1mSYSTEM MONITOR V2[0m | Time: 2026-10-01 12:41:31
[96m------------------------------------------------------------[0m
[1m[ CPU ][0m Used: [92m7.2%[0m | Free: 92.8%
        [93mTop 5 (Logged 10):[0m code (2.75%), code (2.27%)
[96m------------------------------------------------------------[0m
[1m[ RAM ][0m Used: [92m7.87 GB (53.0%)[0m | Available: 6.97 GB | Total: 14.84 GB
[1m[ SWAP ][0m Used: 0.0 GB (0.0%) | Free: 4.0 GB | Total: 4.0 GB
        [93mTop 5 RAM Processes (Logged 10):[0m
          1. code (PID 11526) - 669.37 MB (4.4%)
          2. code (PID 8588) - 639.72 MB (4.21%)
          3. code (PID 8252) - 612.95 MB (4.03%)
          4. chrome (PID 7112) - 537.52 MB (3.54%)
          5. chrome (PID 6354) - 536.5 MB (3.53%)
[96m------------------------------------------------------------[0m
[1m[ DISK ][0m Used: [92m24.07 GB (2.63%)[0m | Free: 891.76 GB | Total: 915.83 GB
         [93mI/O:[0m Read 0.0 MB/s | Write 0.06 MB/s | Activity: 0.98%
[96m------------------------------------------------------------[0m
[1m[ NET ][0m Upload: 0.0 MB/s | Download: 0.0 MB/s
[96m------------------------------------------------------------[0m
[1m[ BATTERY ][0m [92m99.28%[0m (Charging/Plugged in)
[1m[96m============================================================[0m
[1m[92mData logged to 2026_logs/2026-10-01.jsonl... (Press Ctrl+C to stop)[0m
[1m[96m============================================================[0m
[1mSYSTEM MONITOR V2[0m | Time: 2026-10-01 12:41:36
[96m------------------------------------------------------------[0m
[1m[ CPU ][0m Used: [92m7.3%[0m | Free: 92.7%
        [93mTop 5 (Logged 10):[0m code (2.97%)
[96m------------------------------------------------------------[0m
[1m[ RAM ][0m Used: [92m7.89 GB (53.2%)[0m | Available: 6.95 GB | Total: 14.84 GB
[1m[ SWAP ][0m Used: 0.0 GB (0.0%) | Free: 4.0 GB | Total: 4.0 GB
        [93mTop 5 RAM Processes (Logged 10):[0m
          1. code (PID 11526) - 669.48 MB (4.4%)
          2. code (PID 8588) - 641.54 MB (4.22%)
          3. code (PID 8252) - 623.66 MB (4.1%)
          4. chrome (PID 7112) - 537.52 MB (3.54%)
          5. chrome (PID 6354) - 536.5 MB (3.53%)
[96m------------------------------------------------------------[0m
[1m[ DISK ][0m Used: [92m24.07 GB (2.63%)[0m | Free: 891.76 GB | Total: 915.83 GB
         [93mI/O:[0m Read 0.0 MB/s | Write 0.37 MB/s | Activity: 0.98%
[96m------------------------------------------------------------[0m
[1m[ NET ][0m Upload: 0.0 MB/s | Download: 0.0 MB/s
[96m------------------------------------------------------------[0m
[1m[ BATTERY ][0m [92m99.28%[0m (Charging/Plugged in)
[1m[96m============================================================[0m
[1m[92mData logged to 2026_logs/2026-10-01.jsonl... (Press Ctrl+C to stop)[0m
[1m[96m============================================================[0m
[1mSYSTEM MONITOR V2[0m | Time: 2026-10-01 12:41:41
[96m------------------------------------------------------------[0m
[1m[ CPU ][0m Used: [92m4.2%[0m | Free: 95.8%
[96m------------------------------------------------------------[0m
[1m[ RAM ][0m Used: [92m7.88 GB (53.1%)[0m | Available: 6.96 GB | Total: 14.84 GB
[1m[ SWAP ][0m Used: 0.0 GB (0.0%) | Free: 4.0 GB | Total: 4.0 GB
        [93mTop 5 RAM Processes (Logged 10):[0m
          1. code (PID 11526) - 669.61 MB (4.41%)
          2. code (PID 8588) - 642.89 MB (4.23%)
          3. code (PID 8252) - 630.87 MB (4.15%)
          4. chrome (PID 7112) - 542.2 MB (3.57%)
          5. chrome (PID 6354) - 536.6 MB (3.53%)
[96m------------------------------------------------------------[0m
[1m[ DISK ][0m Used: [92m24.07 GB (2.63%)[0m | Free: 891.76 GB | Total: 915.83 GB
         [93mI/O:[0m Read 0.0 MB/s | Write 0.05 MB/s | Activity: 0.9%
[96m------------------------------------------------------------[0m
[1m[ NET ][0m Upload: 0.0 MB/s | Download: 0.0 MB/s
[96m------------------------------------------------------------[0m
[1m[ BATTERY ][0m [92m99.28%[0m (Charging/Plugged in)
[1m[96m============================================================[0m
[1m[92mData logged to 2026_logs/2026-10-01.jsonl... (Press Ctrl+C to stop)[0m
[1m[96m============================================================[0m
[1mSYSTEM MONITOR V2[0m | Time: 2026-10-01 12:41:46
[96m------------------------------------------------------------[0m
[1m[ CPU ][0m Used: [92m5.4%[0m | Free: 94.6%
[96m------------------------------------------------------------[0m
[1m[ RAM ][0m Used: [92m7.88 GB (53.1%)[0m | Available: 6.96 GB | Total: 14.84 GB
[1m[ SWAP ][0m Used: 0.0 GB (0.0%) | Free: 4.0 GB | Total: 4.0 GB
        [93mTop 5 RAM Processes (Logged 10):[0m
          1. code (PID 11526) - 669.72 MB (4.41%)
          2. code (PID 8588) - 644.97 MB (4.24%)
          3. code (PID 8252) - 628.27 MB (4.13%)
          4. chrome (PID 7112) - 542.2 MB (3.57%)
          5. chrome (PID 6354) - 536.09 MB (3.53%)
[96m------------------------------------------------------------[0m
[1m[ DISK ][0m Used: [92m24.07 GB (2.63%)[0m | Free: 891.76 GB | Total: 915.83 GB
         [93mI/O:[0m Read 0.0 MB/s | Write 0.07 MB/s | Activity: 1.03%
[96m------------------------------------------------------------[0m
[1m[ NET ][0m Upload: 0.0 MB/s | Download: 0.01 MB/s
[96m------------------------------------------------------------[0m
[1m[ BATTERY ][0m [92m99.28%[0m (Charging/Plugged in)
[1m[96m============================================================[0m
[1m[92mData logged to 2026_logs/2026-10-01.jsonl... (Press Ctrl+C to stop)[0m
[1m[96m============================================================[0m
[1mSYSTEM MONITOR V2[0m | Time: 2026-10-01 12:41:52
[96m------------------------------------------------------------[0m
[1m[ CPU ][0m Used: [92m7.1%[0m | Free: 92.9%
        [93mTop 5 (Logged 10):[0m code (2.93%), code (2.18%)
[96m------------------------------------------------------------[0m
[1m[ RAM ][0m Used: [92m7.88 GB (53.1%)[0m | Available: 6.96 GB | Total: 14.84 GB
[1m[ SWAP ][0m Used: 0.0 GB (0.0%) | Free: 4.0 GB | Total: 4.0 GB
        [93mTop 5 RAM Processes (Logged 10):[0m
          1. code (PID 11526) - 669.86 MB (4.41%)
          2. code (PID 8588) - 647.16 MB (4.26%)
          3. code (PID 8252) - 633.23 MB (4.17%)
          4. chrome (PID 7112) - 547.29 MB (3.6%)
          5. chrome (PID 6354) - 536.09 MB (3.53%)
[96m------------------------------------------------------------[0m
[1m[ DISK ][0m Used: [92m24.07 GB (2.63%)[0m | Free: 891.76 GB | Total: 915.83 GB
         [93mI/O:[0m Read 0.0 MB/s | Write 0.02 MB/s | Activity: 1.67%
[96m------------------------------------------------------------[0m
[1m[ NET ][0m Upload: 0.0 MB/s | Download: 0.0 MB/s
[96m------------------------------------------------------------[0m
[1m[ BATTERY ][0m [92m99.28%[0m (Charging/Plugged in)
[1m[96m============================================================[0m
[1m[92mData logged to 2026_logs/2026-10-01.jsonl... (Press Ctrl+C to stop)[0m
[1m[96m============================================================[0m
[1mSYSTEM MONITOR V2[0m | Time: 2026-10-01 12:41:57
[96m------------------------------------------------------------[0m
[1m[ CPU ][0m Used: [92m6.8%[0m | Free: 93.2%
        [93mTop 5 (Logged 10):[0m code (2.32%), code (2.3%)
[96m------------------------------------------------------------[0m
[1m[ RAM ][0m Used: [92m7.86 GB (53.0%)[0m | Available: 6.98 GB | Total: 14.84 GB
[1m[ SWAP ][0m Used: 0.0 GB (0.0%) | Free: 4.0 GB | Total: 4.0 GB
        [93mTop 5 RAM Processes (Logged 10):[0m
          1. code (PID 11526) - 669.16 MB (4.4%)
          2. code (PID 8588) - 648.75 MB (4.27%)
          3. code (PID 8252) - 632.93 MB (4.16%)
          4. chrome (PID 7112) - 538.76 MB (3.54%)
          5. chrome (PID 6354) - 536.34 MB (3.53%)
[96m------------------------------------------------------------[0m
[1m[ DISK ][0m Used: [92m24.07 GB (2.63%)[0m | Free: 891.76 GB | Total: 915.83 GB
         [93mI/O:[0m Read 0.0 MB/s | Write 0.53 MB/s | Activity: 1.01%
[96m------------------------------------------------------------[0m
[1m[ NET ][0m Upload: 0.01 MB/s | Download: 0.0 MB/s
[96m------------------------------------------------------------[0m
[1m[ BATTERY ][0m [92m99.28%[0m (Charging/Plugged in)
[1m[96m============================================================[0m
[1m[92mData logged to 2026_logs/2026-10-01.jsonl... (Press Ctrl+C to stop)[0m
[1m[96m============================================================[0m
[1mSYSTEM MONITOR V2[0m | Time: 2026-10-01 12:42:02
[96m------------------------------------------------------------[0m
[1m[ CPU ][0m Used: [92m7.5%[0m | Free: 92.5%
[96m------------------------------------------------------------[0m
[1m[ RAM ][0m Used: [92m7.87 GB (53.0%)[0m | Available: 6.98 GB | Total: 14.84 GB
[1m[ SWAP ][0m Used: 0.0 GB (0.0%) | Free: 4.0 GB | Total: 4.0 GB
        [93mTop 5 RAM Processes (Logged 10):[0m
          1. code (PID 11526) - 669.29 MB (4.4%)
          2. code (PID 8588) - 650.64 MB (4.28%)
          3. code (PID 8252) - 640.09 MB (4.21%)
          4. chrome (PID 6354) - 537.15 MB (3.53%)
          5. chrome (PID 7112) - 534.35 MB (3.52%)
[96m------------------------------------------------------------[0m
[1m[ DISK ][0m Used: [92m24.07 GB (2.63%)[0m | Free: 891.76 GB | Total: 915.83 GB
         [93mI/O:[0m Read 0.0 MB/s | Write 0.13 MB/s | Activity: 0.96%
[96m------------------------------------------------------------[0m
[1m[ NET ][0m Upload: 0.0 MB/s | Download: 0.01 MB/s
[96m------------------------------------------------------------[0m
[1m[ BATTERY ][0m [92m99.28%[0m (Charging/Plugged in)
[1m[96m============================================================[0m
[1m[92mData logged to 2026_logs/2026-10-01.jsonl... (Press Ctrl+C to stop)[0m
[1m[96m============================================================[0m
[1mSYSTEM MONITOR V2[0m | Time: 2026-10-01 12:42:07
[96m------------------------------------------------------------[0m
[1m[ CPU ][0m Used: [92m4.7%[0m | Free: 95.3%
[96m------------------------------------------------------------[0m
[1m[ RAM ][0m Used: [92m7.83 GB (52.8%)[0m | Available: 7.01 GB | Total: 14.84 GB
[1m[ SWAP ][0m Used: 0.0 GB (0.0%) | Free: 4.0 GB | Total: 4.0 GB
        [93mTop 5 RAM Processes (Logged 10):[0m
          1. code (PID 11526) - 669.49 MB (4.4%)
          2. code (PID 8588) - 652.58 MB (4.29%)
          3. code (PID 8252) - 624.75 MB (4.11%)
          4. chrome (PID 6354) - 536.46 MB (3.53%)
          5. chrome (PID 7112) - 534.35 MB (3.52%)
[96m------------------------------------------------------------[0m
[1m[ DISK ][0m Used: [92m24.07 GB (2.63%)[0m | Free: 891.76 GB | Total: 915.83 GB
         [93mI/O:[0m Read 0.0 MB/s | Write 0.04 MB/s | Activity: 0.93%
[96m------------------------------------------------------------[0m
[1m[ NET ][0m Upload: 0.0 MB/s | Download: 0.0 MB/s
[96m------------------------------------------------------------[0m
[1m[ BATTERY ][0m [92m99.28%[0m (Charging/Plugged in)
[1m[96m============================================================[0m
[1m[92mData logged to 2026_logs/2026-10-01.jsonl... (Press Ctrl+C to stop)[0m
[1m[96m============================================================[0m
[1mSYSTEM MONITOR V2[0m | Time: 2026-10-01 12:42:12
[96m------------------------------------------------------------[0m
[1m[ CPU ][0m Used: [92m3.2%[0m | Free: 96.8%
[96m------------------------------------------------------------[0m
[1m[ RAM ][0m Used: [92m7.84 GB (52.8%)[0m | Available: 7.0 GB | Total: 14.84 GB
[1m[ SWAP ][0m Used: 0.0 GB (0.0%) | Free: 4.0 GB | Total: 4.0 GB
        [93mTop 5 RAM Processes (Logged 10):[0m
          1. code (PID 11526) - 669.54 MB (4.41%)
          2. code (PID 8588) - 654.57 MB (4.31%)
          3. code (PID 8252) - 630.83 MB (4.15%)
          4. chrome (PID 6354) - 536.56 MB (3.53%)
          5. chrome (PID 7112) - 526.72 MB (3.47%)
[96m------------------------------------------------------------[0m
[1m[ DISK ][0m Used: [92m24.07 GB (2.63%)[0m | Free: 891.76 GB | Total: 915.83 GB
         [93mI/O:[0m Read 0.0 MB/s | Write 0.13 MB/s | Activity: 0.31%
[96m------------------------------------------------------------[0m
[1m[ NET ][0m Upload: 0.0 MB/s | Download: 0.01 MB/s
[96m------------------------------------------------------------[0m
[1m[ BATTERY ][0m [92m99.28%[0m (Charging/Plugged in)
[1m[96m============================================================[0m
[1m[92mData logged to 2026_logs/2026-10-01.jsonl... (Press Ctrl+C to stop)[0m
[1m[96m============================================================[0m
[1mSYSTEM MONITOR V2[0m | Time: 2026-10-01 12:42:17
[96m------------------------------------------------------------[0m
[1m[ CPU ][0m Used: [92m4.9%[0m | Free: 95.1%
[96m------------------------------------------------------------[0m
[1m[ RAM ][0m Used: [92m7.89 GB (53.1%)[0m | Available: 6.96 GB | Total: 14.84 GB
[1m[ SWAP ][0m Used: 0.0 GB (0.0%) | Free: 4.0 GB | Total: 4.0 GB
        [93mTop 5 RAM Processes (Logged 10):[0m
          1. code (PID 11526) - 669.66 MB (4.41%)
          2. code (PID 8588) - 656.61 MB (4.32%)
          3. code (PID 8252) - 645.18 MB (4.24%)
          4. chrome (PID 6354) - 536.12 MB (3.53%)
          5. chrome (PID 7112) - 525.3 MB (3.46%)
[96m------------------------------------------------------------[0m
[1m[ DISK ][0m Used: [92m24.07 GB (2.63%)[0m | Free: 891.76 GB | Total: 915.83 GB
         [93mI/O:[0m Read 0.0 MB/s | Write 0.38 MB/s | Activity: 0.94%
[96m------------------------------------------------------------[0m
[1m[ NET ][0m Upload: 0.0 MB/s | Download: 0.0 MB/s
[96m------------------------------------------------------------[0m
[1m[ BATTERY ][0m [92m99.28%[0m (Charging/Plugged in)
[1m[96m============================================================[0m
[1m[92mData logged to 2026_logs/2026-10-01.jsonl... (Press Ctrl+C to stop)[0m
[1m[96m============================================================[0m
[1mSYSTEM MONITOR V2[0m | Time: 2026-10-01 12:42:22
[96m------------------------------------------------------------[0m
[1m[ CPU ][0m Used: [92m4.3%[0m | Free: 95.7%
[96m------------------------------------------------------------[0m
[1m[ RAM ][0m Used: [92m7.9 GB (53.2%)[0m | Available: 6.94 GB | Total: 14.84 GB
[1m[ SWAP ][0m Used: 0.0 GB (0.0%) | Free: 4.0 GB | Total: 4.0 GB
        [93mTop 5 RAM Processes (Logged 10):[0m
          1. code (PID 11526) - 669.79 MB (4.41%)
          2. code (PID 8588) - 658.48 MB (4.33%)
          3. code (PID 8252) - 630.94 MB (4.15%)
          4. chrome (PID 6354) - 538.97 MB (3.55%)
          5. chrome (PID 7112) - 524.79 MB (3.45%)
[96m------------------------------------------------------------[0m
[1m[ DISK ][0m Used: [92m24.07 GB (2.63%)[0m | Free: 891.76 GB | Total: 915.83 GB
         [93mI/O:[0m Read 0.0 MB/s | Write 0.06 MB/s | Activity: 1.79%
[96m------------------------------------------------------------[0m
[1m[ NET ][0m Upload: 0.0 MB/s | Download: 0.0 MB/s
[96m------------------------------------------------------------[0m
[1m[ BATTERY ][0m [92m99.28%[0m (Charging/Plugged in)
[1m[96m============================================================[0m
[1m[92mData logged to 2026_logs/2026-10-01.jsonl... (Press Ctrl+C to stop)[0m
[1m[96m============================================================[0m
[1mSYSTEM MONITOR V2[0m | Time: 2026-10-01 12:42:27
[96m------------------------------------------------------------[0m
[1m[ CPU ][0m Used: [92m3.5%[0m | Free: 96.5%
[96m------------------------------------------------------------[0m
[1m[ RAM ][0m Used: [92m7.86 GB (53.0%)[0m | Available: 6.98 GB | Total: 14.84 GB
[1m[ SWAP ][0m Used: 0.0 GB (0.0%) | Free: 4.0 GB | Total: 4.0 GB
        [93mTop 5 RAM Processes (Logged 10):[0m
          1. code (PID 11526) - 669.93 MB (4.41%)
          2. code (PID 8588) - 662.05 MB (4.36%)
          3. code (PID 8252) - 633.06 MB (4.17%)
          4. chrome (PID 6354) - 536.36 MB (3.53%)
          5. chrome (PID 7112) - 524.69 MB (3.45%)
[96m------------------------------------------------------------[0m
[1m[ DISK ][0m Used: [92m24.07 GB (2.63%)[0m | Free: 891.76 GB | Total: 915.83 GB
         [93mI/O:[0m Read 0.0 MB/s | Write 0.38 MB/s | Activity: 0.04%
[96m------------------------------------------------------------[0m
[1m[ NET ][0m Upload: 0.0 MB/s | Download: 0.0 MB/s
[96m------------------------------------------------------------[0m
[1m[ BATTERY ][0m [92m99.28%[0m (Charging/Plugged in)
[1m[96m============================================================[0m
[1m[92mData logged to 2026_logs/2026-10-01.jsonl... (Press Ctrl+C to stop)[0m
[1m[96m============================================================[0m
[1mSYSTEM MONITOR V2[0m | Time: 2026-10-01 12:42:32
[96m------------------------------------------------------------[0m
[1m[ CPU ][0m Used: [92m8.9%[0m | Free: 91.1%
        [93mTop 5 (Logged 10):[0m code (2.9%), code (2.47%)
[96m------------------------------------------------------------[0m
[1m[ RAM ][0m Used: [92m7.88 GB (53.1%)[0m | Available: 6.96 GB | Total: 14.84 GB
[1m[ SWAP ][0m Used: 0.0 GB (0.0%) | Free: 4.0 GB | Total: 4.0 GB
        [93mTop 5 RAM Processes (Logged 10):[0m
          1. code (PID 11526) - 669.29 MB (4.4%)
          2. code (PID 8252) - 636.18 MB (4.19%)
          3. code (PID 8588) - 628.21 MB (4.13%)
          4. chrome (PID 6354) - 535.73 MB (3.52%)
          5. chrome (PID 7112) - 524.69 MB (3.45%)
[96m------------------------------------------------------------[0m
[1m[ DISK ][0m Used: [92m24.07 GB (2.63%)[0m | Free: 891.76 GB | Total: 915.83 GB
         [93mI/O:[0m Read 0.0 MB/s | Write 0.02 MB/s | Activity: 1.71%
[96m------------------------------------------------------------[0m
[1m[ NET ][0m Upload: 0.0 MB/s | Download: 0.0 MB/s
[96m------------------------------------------------------------[0m
[1m[ BATTERY ][0m [92m99.28%[0m (Charging/Plugged in)
[1m[96m============================================================[0m
[1m[92mData logged to 2026_logs/2026-10-01.jsonl... (Press Ctrl+C to stop)[0m
[1m[96m============================================================[0m
[1mSYSTEM MONITOR V2[0m | Time: 2026-10-01 12:42:37
[96m------------------------------------------------------------[0m
[1m[ CPU ][0m Used: [92m4.1%[0m | Free: 95.9%
[96m------------------------------------------------------------[0m
[1m[ RAM ][0m Used: [92m7.82 GB (52.7%)[0m | Available: 7.02 GB | Total: 14.84 GB
[1m[ SWAP ][0m Used: 0.0 GB (0.0%) | Free: 4.0 GB | Total: 4.0 GB
        [93mTop 5 RAM Processes (Logged 10):[0m
          1. code (PID 11526) - 669.42 MB (4.4%)
          2. code (PID 8252) - 636.73 MB (4.19%)
          3. code (PID 8588) - 630.27 MB (4.15%)
          4. chrome (PID 6354) - 535.64 MB (3.52%)
          5. chrome (PID 7112) - 524.69 MB (3.45%)
[96m------------------------------------------------------------[0m
[1m[ DISK ][0m Used: [92m24.07 GB (2.63%)[0m | Free: 891.76 GB | Total: 915.83 GB
         [93mI/O:[0m Read 0.0 MB/s | Write 0.0 MB/s | Activity: 0.83%
[96m------------------------------------------------------------[0m
[1m[ NET ][0m Upload: 0.0 MB/s | Download: 0.0 MB/s
[96m------------------------------------------------------------[0m
[1m[ BATTERY ][0m [92m99.28%[0m (Charging/Plugged in)
[1m[96m============================================================[0m
[1m[92mData logged to 2026_logs/2026-10-01.jsonl... (Press Ctrl+C to stop)[0m
[1m[96m============================================================[0m
[1mSYSTEM MONITOR V2[0m | Time: 2026-10-01 12:42:42
[96m------------------------------------------------------------[0m
[1m[ CPU ][0m Used: [92m8.6%[0m | Free: 91.4%
        [93mTop 5 (Logged 10):[0m code (2.62%), code (2.57%)
[96m------------------------------------------------------------[0m
[1m[ RAM ][0m Used: [92m7.99 GB (53.8%)[0m | Available: 6.86 GB | Total: 14.84 GB
[1m[ SWAP ][0m Used: 0.0 GB (0.0%) | Free: 4.0 GB | Total: 4.0 GB
        [93mTop 5 RAM Processes (Logged 10):[0m
          1. code (PID 8252) - 717.54 MB (4.72%)
          2. code (PID 8588) - 683.03 MB (4.49%)
          3. code (PID 11526) - 669.55 MB (4.41%)
          4. chrome (PID 6354) - 535.59 MB (3.52%)
          5. chrome (PID 7112) - 524.69 MB (3.45%)
[96m------------------------------------------------------------[0m
[1m[ DISK ][0m Used: [92m24.07 GB (2.63%)[0m | Free: 891.76 GB | Total: 915.83 GB
         [93mI/O:[0m Read 0.0 MB/s | Write 0.19 MB/s | Activity: 1.02%
[96m------------------------------------------------------------[0m
[1m[ NET ][0m Upload: 0.0 MB/s | Download: 0.0 MB/s
[96m------------------------------------------------------------[0m
[1m[ BATTERY ][0m [92m99.28%[0m (Charging/Plugged in)
[1m[96m============================================================[0m
[1m[92mData logged to 2026_logs/2026-10-01.jsonl... (Press Ctrl+C to stop)[0m
[1m[96m============================================================[0m
[1mSYSTEM MONITOR V2[0m | Time: 2026-10-01 12:42:47
[96m------------------------------------------------------------[0m
[1m[ CPU ][0m Used: [92m13.6%[0m | Free: 86.4%
        [93mTop 5 (Logged 10):[0m code (6.15%), code (3.05%)
[96m------------------------------------------------------------[0m
[1m[ RAM ][0m Used: [92m8.15 GB (54.9%)[0m | Available: 6.7 GB | Total: 14.84 GB
[1m[ SWAP ][0m Used: 0.0 GB (0.0%) | Free: 4.0 GB | Total: 4.0 GB
        [93mTop 5 RAM Processes (Logged 10):[0m
          1. code (PID 8252) - 837.12 MB (5.51%)
          2. code (PID 11526) - 670.45 MB (4.41%)
          3. code (PID 8588) - 662.64 MB (4.36%)
          4. chrome (PID 6354) - 535.73 MB (3.52%)
          5. chrome (PID 7112) - 524.69 MB (3.45%)
[96m------------------------------------------------------------[0m
[1m[ DISK ][0m Used: [92m24.07 GB (2.63%)[0m | Free: 891.76 GB | Total: 915.83 GB
         [93mI/O:[0m Read 0.0 MB/s | Write 0.15 MB/s | Activity: 1.12%
[96m------------------------------------------------------------[0m
[1m[ NET ][0m Upload: 0.01 MB/s | Download: 0.0 MB/s
[96m------------------------------------------------------------[0m
[1m[ BATTERY ][0m [92m99.28%[0m (Charging/Plugged in)
[1m[96m============================================================[0m
[1m[92mData logged to 2026_logs/2026-10-01.jsonl... (Press Ctrl+C to stop)[0m
[1m[96m============================================================[0m
[1mSYSTEM MONITOR V2[0m | Time: 2026-10-01 12:42:52
[96m------------------------------------------------------------[0m
[1m[ CPU ][0m Used: [92m6.8%[0m | Free: 93.2%
        [93mTop 5 (Logged 10):[0m code (2.14%)
[96m------------------------------------------------------------[0m
[1m[ RAM ][0m Used: [92m8.07 GB (54.4%)[0m | Available: 6.77 GB | Total: 14.84 GB
[1m[ SWAP ][0m Used: 0.0 GB (0.0%) | Free: 4.0 GB | Total: 4.0 GB
        [93mTop 5 RAM Processes (Logged 10):[0m
          1. code (PID 8252) - 798.87 MB (5.26%)
          2. code (PID 8588) - 714.93 MB (4.7%)
          3. code (PID 11526) - 670.45 MB (4.41%)
          4. chrome (PID 6354) - 535.89 MB (3.53%)
          5. chrome (PID 7112) - 523.98 MB (3.45%)
[96m------------------------------------------------------------[0m
[1m[ DISK ][0m Used: [92m24.07 GB (2.63%)[0m | Free: 891.76 GB | Total: 915.83 GB
         [93mI/O:[0m Read 0.0 MB/s | Write 0.31 MB/s | Activity: 0.04%
[96m------------------------------------------------------------[0m
[1m[ NET ][0m Upload: 0.02 MB/s | Download: 0.02 MB/s
[96m------------------------------------------------------------[0m
[1m[ BATTERY ][0m [92m99.28%[0m (Charging/Plugged in)
[1m[96m============================================================[0m
[1m[92mData logged to 2026_logs/2026-10-01.jsonl... (Press Ctrl+C to stop)[0m
[1m[96m============================================================[0m
[1mSYSTEM MONITOR V2[0m | Time: 2026-10-01 12:42:57
[96m------------------------------------------------------------[0m
[1m[ CPU ][0m Used: [92m5.2%[0m | Free: 94.8%
        [93mTop 5 (Logged 10):[0m code (2.35%)
[96m------------------------------------------------------------[0m
[1m[ RAM ][0m Used: [92m8.02 GB (54.0%)[0m | Available: 6.83 GB | Total: 14.84 GB
[1m[ SWAP ][0m Used: 0.0 GB (0.0%) | Free: 4.0 GB | Total: 4.0 GB
        [93mTop 5 RAM Processes (Logged 10):[0m
          1. code (PID 8252) - 726.82 MB (4.78%)
          2. code (PID 8588) - 716.71 MB (4.72%)
          3. code (PID 11526) - 670.55 MB (4.41%)
          4. chrome (PID 6354) - 535.86 MB (3.53%)
          5. chrome (PID 7112) - 523.98 MB (3.45%)
[96m------------------------------------------------------------[0m
[1m[ DISK ][0m Used: [92m24.07 GB (2.63%)[0m | Free: 891.76 GB | Total: 915.83 GB
         [93mI/O:[0m Read 0.0 MB/s | Write 0.5 MB/s | Activity: 0.97%
[96m------------------------------------------------------------[0m
[1m[ NET ][0m Upload: 0.0 MB/s | Download: 0.0 MB/s
[96m------------------------------------------------------------[0m
[1m[ BATTERY ][0m [92m99.28%[0m (Charging/Plugged in)
[1m[96m============================================================[0m
[1m[92mData logged to 2026_logs/2026-10-01.jsonl... (Press Ctrl+C to stop)[0m
[1m[96m============================================================[0m
[1mSYSTEM MONITOR V2[0m | Time: 2026-10-01 12:43:02
[96m------------------------------------------------------------[0m
[1m[ CPU ][0m Used: [92m8.2%[0m | Free: 91.8%
        [93mTop 5 (Logged 10):[0m code (3.35%), code (2.27%)
[96m------------------------------------------------------------[0m
[1m[ RAM ][0m Used: [92m7.82 GB (52.7%)[0m | Available: 7.02 GB | Total: 14.84 GB
[1m[ SWAP ][0m Used: 0.0 GB (0.0%) | Free: 4.0 GB | Total: 4.0 GB
        [93mTop 5 RAM Processes (Logged 10):[0m
          1. code (PID 8588) - 730.5 MB (4.81%)
          2. code (PID 11526) - 669.17 MB (4.4%)
          3. chrome (PID 6354) - 535.52 MB (3.52%)
          4. chrome (PID 7112) - 523.98 MB (3.45%)
          5. code (PID 8252) - 516.65 MB (3.4%)
[96m------------------------------------------------------------[0m
[1m[ DISK ][0m Used: [92m24.07 GB (2.63%)[0m | Free: 891.76 GB | Total: 915.83 GB
         [93mI/O:[0m Read 0.0 MB/s | Write 0.22 MB/s | Activity: 1.11%
[96m------------------------------------------------------------[0m
[1m[ NET ][0m Upload: 0.0 MB/s | Download: 0.0 MB/s
[96m------------------------------------------------------------[0m
[1m[ BATTERY ][0m [92m99.28%[0m (Charging/Plugged in)
[1m[96m============================================================[0m
[1m[92mData logged to 2026_logs/2026-10-01.jsonl... (Press Ctrl+C to stop)[0m
[1m[96m============================================================[0m
[1mSYSTEM MONITOR V2[0m | Time: 2026-10-01 12:43:08
[96m------------------------------------------------------------[0m
[1m[ CPU ][0m Used: [92m4.1%[0m | Free: 95.9%
[96m------------------------------------------------------------[0m
[1m[ RAM ][0m Used: [92m7.79 GB (52.5%)[0m | Available: 7.05 GB | Total: 14.84 GB
[1m[ SWAP ][0m Used: 0.0 GB (0.0%) | Free: 4.0 GB | Total: 4.0 GB
        [93mTop 5 RAM Processes (Logged 10):[0m
          1. code (PID 8588) - 732.1 MB (4.82%)
          2. code (PID 11526) - 669.23 MB (4.4%)
          3. chrome (PID 6354) - 535.63 MB (3.52%)
          4. chrome (PID 7112) - 523.98 MB (3.45%)
          5. code (PID 8252) - 519.35 MB (3.42%)
[96m------------------------------------------------------------[0m
[1m[ DISK ][0m Used: [92m24.07 GB (2.63%)[0m | Free: 891.76 GB | Total: 915.83 GB
         [93mI/O:[0m Read 0.0 MB/s | Write 0.06 MB/s | Activity: 1.08%
[96m------------------------------------------------------------[0m
[1m[ NET ][0m Upload: 0.0 MB/s | Download: 0.0 MB/s
[96m------------------------------------------------------------[0m
[1m[ BATTERY ][0m [92m99.28%[0m (Charging/Plugged in)
[1m[96m============================================================[0m
[1m[92mData logged to 2026_logs/2026-10-01.jsonl... (Press Ctrl+C to stop)[0m
[1m[96m============================================================[0m
[1mSYSTEM MONITOR V2[0m | Time: 2026-10-01 12:43:13
[96m------------------------------------------------------------[0m
[1m[ CPU ][0m Used: [92m5.7%[0m | Free: 94.3%
        [93mTop 5 (Logged 10):[0m code (2.53%)
[96m------------------------------------------------------------[0m
[1m[ RAM ][0m Used: [92m7.78 GB (52.4%)[0m | Available: 7.06 GB | Total: 14.84 GB
[1m[ SWAP ][0m Used: 0.0 GB (0.0%) | Free: 4.0 GB | Total: 4.0 GB
        [93mTop 5 RAM Processes (Logged 10):[0m
          1. code (PID 8588) - 734.29 MB (4.83%)
          2. code (PID 11526) - 669.36 MB (4.4%)
          3. chrome (PID 6354) - 535.8 MB (3.53%)
          4. chrome (PID 7112) - 525.66 MB (3.46%)
          5. code (PID 8252) - 505.1 MB (3.32%)
[96m------------------------------------------------------------[0m
[1m[ DISK ][0m Used: [92m24.07 GB (2.63%)[0m | Free: 891.76 GB | Total: 915.83 GB
         [93mI/O:[0m Read 0.0 MB/s | Write 0.11 MB/s | Activity: 0.3%
[96m------------------------------------------------------------[0m
[1m[ NET ][0m Upload: 0.0 MB/s | Download: 0.0 MB/s
[96m------------------------------------------------------------[0m
[1m[ BATTERY ][0m [92m99.28%[0m (Charging/Plugged in)
[1m[96m============================================================[0m
[1m[92mData logged to 2026_logs/2026-10-01.jsonl... (Press Ctrl+C to stop)[0m
[1m[96m============================================================[0m
[1mSYSTEM MONITOR V2[0m | Time: 2026-10-01 12:43:18
[96m------------------------------------------------------------[0m
[1m[ CPU ][0m Used: [92m8.0%[0m | Free: 92.0%
        [93mTop 5 (Logged 10):[0m code (3.26%)
[96m------------------------------------------------------------[0m
[1m[ RAM ][0m Used: [92m7.82 GB (52.7%)[0m | Available: 7.02 GB | Total: 14.84 GB
[1m[ SWAP ][0m Used: 0.0 GB (0.0%) | Free: 4.0 GB | Total: 4.0 GB
        [93mTop 5 RAM Processes (Logged 10):[0m
          1. code (PID 8588) - 736.17 MB (4.84%)
          2. code (PID 11526) - 669.49 MB (4.4%)
          3. chrome (PID 6354) - 536.4 MB (3.53%)
          4. code (PID 8252) - 534.5 MB (3.52%)
          5. chrome (PID 7112) - 525.66 MB (3.46%)
[96m------------------------------------------------------------[0m
[1m[ DISK ][0m Used: [92m24.07 GB (2.63%)[0m | Free: 891.76 GB | Total: 915.83 GB
         [93mI/O:[0m Read 0.0 MB/s | Write 0.19 MB/s | Activity: 1.02%
[96m------------------------------------------------------------[0m
[1m[ NET ][0m Upload: 0.0 MB/s | Download: 0.0 MB/s
[96m------------------------------------------------------------[0m
[1m[ BATTERY ][0m [92m99.28%[0m (Charging/Plugged in)
[1m[96m============================================================[0m
[1m[92mData logged to 2026_logs/2026-10-01.jsonl... (Press Ctrl+C to stop)[0m
[1m[96m============================================================[0m
[1mSYSTEM MONITOR V2[0m | Time: 2026-10-01 12:43:23
[96m------------------------------------------------------------[0m
[1m[ CPU ][0m Used: [92m7.6%[0m | Free: 92.4%
        [93mTop 5 (Logged 10):[0m code (2.57%), code (2.15%)
[96m------------------------------------------------------------[0m
[1m[ RAM ][0m Used: [92m7.87 GB (53.0%)[0m | Available: 6.97 GB | Total: 14.84 GB
[1m[ SWAP ][0m Used: 0.0 GB (0.0%) | Free: 4.0 GB | Total: 4.0 GB
        [93mTop 5 RAM Processes (Logged 10):[0m
          1. code (PID 8588) - 738.24 MB (4.86%)
          2. code (PID 11526) - 669.61 MB (4.41%)
          3. code (PID 8252) - 542.79 MB (3.57%)
          4. chrome (PID 7112) - 536.41 MB (3.53%)
          5. chrome (PID 6354) - 535.59 MB (3.52%)
[96m------------------------------------------------------------[0m
[1m[ DISK ][0m Used: [92m24.07 GB (2.63%)[0m | Free: 891.76 GB | Total: 915.83 GB
         [93mI/O:[0m Read 0.0 MB/s | Write 0.02 MB/s | Activity: 1.71%
[96m------------------------------------------------------------[0m
[1m[ NET ][0m Upload: 0.01 MB/s | Download: 0.0 MB/s
[96m------------------------------------------------------------[0m
[1m[ BATTERY ][0m [92m99.28%[0m (Charging/Plugged in)
[1m[96m============================================================[0m
[1m[92mData logged to 2026_logs/2026-10-01.jsonl... (Press Ctrl+C to stop)[0m
[1m[96m============================================================[0m
[1mSYSTEM MONITOR V2[0m | Time: 2026-10-01 12:43:28
[96m------------------------------------------------------------[0m
[1m[ CPU ][0m Used: [92m3.0%[0m | Free: 97.0%
[96m------------------------------------------------------------[0m
[1m[ RAM ][0m Used: [92m7.85 GB (52.9%)[0m | Available: 6.99 GB | Total: 14.84 GB
[1m[ SWAP ][0m Used: 0.0 GB (0.0%) | Free: 4.0 GB | Total: 4.0 GB
        [93mTop 5 RAM Processes (Logged 10):[0m
          1. code (PID 8588) - 740.31 MB (4.87%)
          2. code (PID 11526) - 669.74 MB (4.41%)
          3. code (PID 8252) - 545.23 MB (3.59%)
          4. chrome (PID 7112) - 536.41 MB (3.53%)
          5. chrome (PID 6354) - 535.79 MB (3.53%)
[96m------------------------------------------------------------[0m
[1m[ DISK ][0m Used: [92m24.07 GB (2.63%)[0m | Free: 891.76 GB | Total: 915.83 GB
         [93mI/O:[0m Read 0.0 MB/s | Write 0.31 MB/s | Activity: 0.04%
[96m------------------------------------------------------------[0m
[1m[ NET ][0m Upload: 0.0 MB/s | Download: 0.0 MB/s
[96m------------------------------------------------------------[0m
[1m[ BATTERY ][0m [92m99.28%[0m (Charging/Plugged in)
[1m[96m============================================================[0m
[1m[92mData logged to 2026_logs/2026-10-01.jsonl... (Press Ctrl+C to stop)[0m
[1m[96m============================================================[0m
[1mSYSTEM MONITOR V2[0m | Time: 2026-10-01 12:43:33
[96m------------------------------------------------------------[0m
[1m[ CPU ][0m Used: [92m3.8%[0m | Free: 96.2%
[96m------------------------------------------------------------[0m
[1m[ RAM ][0m Used: [92m7.85 GB (52.9%)[0m | Available: 7.0 GB | Total: 14.84 GB
[1m[ SWAP ][0m Used: 0.0 GB (0.0%) | Free: 4.0 GB | Total: 4.0 GB
        [93mTop 5 RAM Processes (Logged 10):[0m
          1. code (PID 8588) - 737.41 MB (4.85%)
          2. code (PID 11526) - 669.91 MB (4.41%)
          3. code (PID 8252) - 545.77 MB (3.59%)
          4. chrome (PID 7112) - 536.41 MB (3.53%)
          5. chrome (PID 6354) - 535.6 MB (3.52%)
[96m------------------------------------------------------------[0m
[1m[ DISK ][0m Used: [92m24.07 GB (2.63%)[0m | Free: 891.76 GB | Total: 915.83 GB
         [93mI/O:[0m Read 0.0 MB/s | Write 0.01 MB/s | Activity: 1.59%
[96m------------------------------------------------------------[0m
[1m[ NET ][0m Upload: 0.0 MB/s | Download: 0.01 MB/s
[96m------------------------------------------------------------[0m
[1m[ BATTERY ][0m [92m99.28%[0m (Charging/Plugged in)
[1m[96m============================================================[0m
[1m[92mData logged to 2026_logs/2026-10-01.jsonl... (Press Ctrl+C to stop)[0m
[1m[96m============================================================[0m
[1mSYSTEM MONITOR V2[0m | Time: 2026-10-01 12:43:38
[96m------------------------------------------------------------[0m
[1m[ CPU ][0m Used: [92m3.6%[0m | Free: 96.4%
[96m------------------------------------------------------------[0m
[1m[ RAM ][0m Used: [92m7.89 GB (53.1%)[0m | Available: 6.96 GB | Total: 14.84 GB
[1m[ SWAP ][0m Used: 0.0 GB (0.0%) | Free: 4.0 GB | Total: 4.0 GB
        [93mTop 5 RAM Processes (Logged 10):[0m
          1. code (PID 8588) - 739.82 MB (4.87%)
          2. code (PID 11526) - 669.19 MB (4.4%)
          3. code (PID 8252) - 557.29 MB (3.67%)
          4. chrome (PID 7112) - 536.41 MB (3.53%)
          5. chrome (PID 6354) - 536.13 MB (3.53%)
[96m------------------------------------------------------------[0m
[1m[ DISK ][0m Used: [92m24.07 GB (2.63%)[0m | Free: 891.76 GB | Total: 915.83 GB
         [93mI/O:[0m Read 0.0 MB/s | Write 0.37 MB/s | Activity: 1.23%
[96m------------------------------------------------------------[0m
[1m[ NET ][0m Upload: 0.0 MB/s | Download: 0.0 MB/s
[96m------------------------------------------------------------[0m
[1m[ BATTERY ][0m [92m99.28%[0m (Charging/Plugged in)
[1m[96m============================================================[0m
[1m[92mData logged to 2026_logs/2026-10-01.jsonl... (Press Ctrl+C to stop)[0m
[1m[96m============================================================[0m
[1mSYSTEM MONITOR V2[0m | Time: 2026-10-01 12:43:43
[96m------------------------------------------------------------[0m
[1m[ CPU ][0m Used: [92m3.2%[0m | Free: 96.8%
[96m------------------------------------------------------------[0m
[1m[ RAM ][0m Used: [92m7.86 GB (52.9%)[0m | Available: 6.99 GB | Total: 14.84 GB
[1m[ SWAP ][0m Used: 0.0 GB (0.0%) | Free: 4.0 GB | Total: 4.0 GB
        [93mTop 5 RAM Processes (Logged 10):[0m
          1. code (PID 8588) - 741.93 MB (4.88%)
          2. code (PID 11526) - 669.32 MB (4.4%)
          3. code (PID 8252) - 557.5 MB (3.67%)
          4. chrome (PID 7112) - 536.42 MB (3.53%)
          5. chrome (PID 6354) - 535.58 MB (3.52%)
[96m------------------------------------------------------------[0m
[1m[ DISK ][0m Used: [92m24.07 GB (2.63%)[0m | Free: 891.76 GB | Total: 915.83 GB
         [93mI/O:[0m Read 0.0 MB/s | Write 0.06 MB/s | Activity: 1.07%
[96m------------------------------------------------------------[0m
[1m[ NET ][0m Upload: 0.0 MB/s | Download: 0.01 MB/s
[96m------------------------------------------------------------[0m
[1m[ BATTERY ][0m [92m99.28%[0m (Charging/Plugged in)
[1m[96m============================================================[0m
[1m[92mData logged to 2026_logs/2026-10-01.jsonl... (Press Ctrl+C to stop)[0m
[1m[96m============================================================[0m
[1mSYSTEM MONITOR V2[0m | Time: 2026-10-01 12:43:48
[96m------------------------------------------------------------[0m
[1m[ CPU ][0m Used: [92m3.5%[0m | Free: 96.5%
[96m------------------------------------------------------------[0m
[1m[ RAM ][0m Used: [92m7.81 GB (52.6%)[0m | Available: 7.04 GB | Total: 14.84 GB
[1m[ SWAP ][0m Used: 0.0 GB (0.0%) | Free: 4.0 GB | Total: 4.0 GB
        [93mTop 5 RAM Processes (Logged 10):[0m
          1. code (PID 8588) - 687.18 MB (4.52%)
          2. code (PID 11526) - 669.45 MB (4.4%)
          3. code (PID 8252) - 551.17 MB (3.63%)
          4. chrome (PID 7112) - 536.42 MB (3.53%)
          5. chrome (PID 6354) - 535.59 MB (3.52%)
[96m------------------------------------------------------------[0m
[1m[ DISK ][0m Used: [92m24.07 GB (2.63%)[0m | Free: 891.76 GB | Total: 915.83 GB
         [93mI/O:[0m Read 0.0 MB/s | Write 0.05 MB/s | Activity: 0.84%
[96m------------------------------------------------------------[0m
[1m[ NET ][0m Upload: 0.0 MB/s | Download: 0.0 MB/s
[96m------------------------------------------------------------[0m
[1m[ BATTERY ][0m [92m99.28%[0m (Charging/Plugged in)
[1m[96m============================================================[0m
[1m[92mData logged to 2026_logs/2026-10-01.jsonl... (Press Ctrl+C to stop)[0m
[1m[96m============================================================[0m
[1mSYSTEM MONITOR V2[0m | Time: 2026-10-01 12:43:53
[96m------------------------------------------------------------[0m
[1m[ CPU ][0m Used: [92m2.7%[0m | Free: 97.3%
[96m------------------------------------------------------------[0m
[1m[ RAM ][0m Used: [92m7.79 GB (52.5%)[0m | Available: 7.05 GB | Total: 14.84 GB
[1m[ SWAP ][0m Used: 0.0 GB (0.0%) | Free: 4.0 GB | Total: 4.0 GB
        [93mTop 5 RAM Processes (Logged 10):[0m
          1. code (PID 8588) - 684.48 MB (4.5%)
          2. code (PID 11526) - 669.57 MB (4.41%)
          3. code (PID 8252) - 555.21 MB (3.65%)
          4. chrome (PID 6354) - 535.59 MB (3.52%)
          5. chrome (PID 7112) - 530.69 MB (3.49%)
[96m------------------------------------------------------------[0m
[1m[ DISK ][0m Used: [92m24.07 GB (2.63%)[0m | Free: 891.76 GB | Total: 915.83 GB
         [93mI/O:[0m Read 0.0 MB/s | Write 0.04 MB/s | Activity: 0.96%
[96m------------------------------------------------------------[0m
[1m[ NET ][0m Upload: 0.0 MB/s | Download: 0.0 MB/s
[96m------------------------------------------------------------[0m
[1m[ BATTERY ][0m [92m99.28%[0m (Charging/Plugged in)
[1m[96m============================================================[0m
[1m[92mData logged to 2026_logs/2026-10-01.jsonl... (Press Ctrl+C to stop)[0m
[1m[96m============================================================[0m
[1mSYSTEM MONITOR V2[0m | Time: 2026-10-01 12:43:58
[96m------------------------------------------------------------[0m
[1m[ CPU ][0m Used: [92m2.9%[0m | Free: 97.1%
[96m------------------------------------------------------------[0m
[1m[ RAM ][0m Used: [92m7.78 GB (52.4%)[0m | Available: 7.06 GB | Total: 14.84 GB
[1m[ SWAP ][0m Used: 0.0 GB (0.0%) | Free: 4.0 GB | Total: 4.0 GB
        [93mTop 5 RAM Processes (Logged 10):[0m
          1. code (PID 8588) - 686.96 MB (4.52%)
          2. code (PID 11526) - 669.7 MB (4.41%)
          3. code (PID 8252) - 556.11 MB (3.66%)
          4. chrome (PID 6354) - 535.77 MB (3.52%)
          5. chrome (PID 7112) - 530.73 MB (3.49%)
[96m------------------------------------------------------------[0m
[1m[ DISK ][0m Used: [92m24.07 GB (2.63%)[0m | Free: 891.76 GB | Total: 915.83 GB
         [93mI/O:[0m Read 0.0 MB/s | Write 0.31 MB/s | Activity: 1.73%
[96m------------------------------------------------------------[0m
[1m[ NET ][0m Upload: 0.0 MB/s | Download: 0.0 MB/s
[96m------------------------------------------------------------[0m
[1m[ BATTERY ][0m [92m99.28%[0m (Charging/Plugged in)
[1m[96m============================================================[0m
[1m[92mData logged to 2026_logs/2026-10-01.jsonl... (Press Ctrl+C to stop)[0m
[1m[96m============================================================[0m
[1mSYSTEM MONITOR V2[0m | Time: 2026-10-01 12:44:03
[96m------------------------------------------------------------[0m
[1m[ CPU ][0m Used: [92m3.1%[0m | Free: 96.9%
[96m------------------------------------------------------------[0m
[1m[ RAM ][0m Used: [92m7.82 GB (52.7%)[0m | Available: 7.03 GB | Total: 14.84 GB
[1m[ SWAP ][0m Used: 0.0 GB (0.0%) | Free: 4.0 GB | Total: 4.0 GB
        [93mTop 5 RAM Processes (Logged 10):[0m
          1. code (PID 8588) - 689.61 MB (4.54%)
          2. code (PID 11526) - 669.84 MB (4.41%)
          3. code (PID 8252) - 558.29 MB (3.67%)
          4. chrome (PID 6354) - 535.77 MB (3.52%)
          5. chrome (PID 7112) - 526.68 MB (3.47%)
[96m------------------------------------------------------------[0m
[1m[ DISK ][0m Used: [92m24.07 GB (2.63%)[0m | Free: 891.76 GB | Total: 915.83 GB
         [93mI/O:[0m Read 0.0 MB/s | Write 0.02 MB/s | Activity: 0.9%
[96m------------------------------------------------------------[0m
[1m[ NET ][0m Upload: 0.0 MB/s | Download: 0.0 MB/s
[96m------------------------------------------------------------[0m
[1m[ BATTERY ][0m [92m99.28%[0m (Charging/Plugged in)
[1m[96m============================================================[0m
[1m[92mData logged to 2026_logs/2026-10-01.jsonl... (Press Ctrl+C to stop)[0m
[1m[96m============================================================[0m
[1mSYSTEM MONITOR V2[0m | Time: 2026-10-01 12:44:08
[96m------------------------------------------------------------[0m
[1m[ CPU ][0m Used: [92m3.6%[0m | Free: 96.4%
[96m------------------------------------------------------------[0m
[1m[ RAM ][0m Used: [92m7.77 GB (52.4%)[0m | Available: 7.07 GB | Total: 14.84 GB
[1m[ SWAP ][0m Used: 0.0 GB (0.0%) | Free: 4.0 GB | Total: 4.0 GB
        [93mTop 5 RAM Processes (Logged 10):[0m
          1. code (PID 11526) - 669.99 MB (4.41%)
          2. code (PID 8588) - 647.32 MB (4.26%)
          3. code (PID 8252) - 564.61 MB (3.71%)
          4. chrome (PID 6354) - 536.39 MB (3.53%)
          5. chrome (PID 7112) - 526.68 MB (3.47%)
[96m------------------------------------------------------------[0m
[1m[ DISK ][0m Used: [92m24.07 GB (2.63%)[0m | Free: 891.76 GB | Total: 915.83 GB
         [93mI/O:[0m Read 0.0 MB/s | Write 0.36 MB/s | Activity: 0.9%
[96m------------------------------------------------------------[0m
[1m[ NET ][0m Upload: 0.0 MB/s | Download: 0.0 MB/s
[96m------------------------------------------------------------[0m
[1m[ BATTERY ][0m [92m99.28%[0m (Charging/Plugged in)
[1m[96m============================================================[0m
[1m[92mData logged to 2026_logs/2026-10-01.jsonl... (Press Ctrl+C to stop)[0m
[1m[96m============================================================[0m
[1mSYSTEM MONITOR V2[0m | Time: 2026-10-01 12:44:13
[96m------------------------------------------------------------[0m
[1m[ CPU ][0m Used: [92m3.2%[0m | Free: 96.8%
[96m------------------------------------------------------------[0m
[1m[ RAM ][0m Used: [92m7.77 GB (52.3%)[0m | Available: 7.07 GB | Total: 14.84 GB
[1m[ SWAP ][0m Used: 0.0 GB (0.0%) | Free: 4.0 GB | Total: 4.0 GB
        [93mTop 5 RAM Processes (Logged 10):[0m
          1. code (PID 11526) - 669.3 MB (4.4%)
          2. code (PID 8588) - 649.05 MB (4.27%)
          3. code (PID 8252) - 555.99 MB (3.66%)
          4. chrome (PID 6354) - 535.68 MB (3.52%)
          5. chrome (PID 7112) - 526.68 MB (3.47%)
[96m------------------------------------------------------------[0m
[1m[ DISK ][0m Used: [92m24.07 GB (2.63%)[0m | Free: 891.76 GB | Total: 915.83 GB
         [93mI/O:[0m Read 0.0 MB/s | Write 0.04 MB/s | Activity: 0.94%
[96m------------------------------------------------------------[0m
[1m[ NET ][0m Upload: 0.0 MB/s | Download: 0.0 MB/s
[96m------------------------------------------------------------[0m
[1m[ BATTERY ][0m [92m99.28%[0m (Charging/Plugged in)
[1m[96m============================================================[0m
[1m[92mData logged to 2026_logs/2026-10-01.jsonl... (Press Ctrl+C to stop)[0m
[1m[96m============================================================[0m
[1mSYSTEM MONITOR V2[0m | Time: 2026-10-01 12:44:18
[96m------------------------------------------------------------[0m
[1m[ CPU ][0m Used: [92m2.9%[0m | Free: 97.1%
[96m------------------------------------------------------------[0m
[1m[ RAM ][0m Used: [92m7.79 GB (52.5%)[0m | Available: 7.05 GB | Total: 14.84 GB
[1m[ SWAP ][0m Used: 0.0 GB (0.0%) | Free: 4.0 GB | Total: 4.0 GB
        [93mTop 5 RAM Processes (Logged 10):[0m
          1. code (PID 11526) - 669.43 MB (4.4%)
          2. code (PID 8588) - 643.29 MB (4.23%)
          3. code (PID 8252) - 560.53 MB (3.69%)
          4. chrome (PID 6354) - 535.51 MB (3.52%)
          5. chrome (PID 7112) - 526.68 MB (3.47%)
[96m------------------------------------------------------------[0m
[1m[ DISK ][0m Used: [92m24.07 GB (2.63%)[0m | Free: 891.76 GB | Total: 915.83 GB
         [93mI/O:[0m Read 0.0 MB/s | Write 0.05 MB/s | Activity: 1.97%
[96m------------------------------------------------------------[0m
[1m[ NET ][0m Upload: 0.0 MB/s | Download: 0.0 MB/s
[96m------------------------------------------------------------[0m
[1m[ BATTERY ][0m [92m99.28%[0m (Charging/Plugged in)
[1m[96m============================================================[0m
[1m[92mData logged to 2026_logs/2026-10-01.jsonl... (Press Ctrl+C to stop)[0m
[1m[96m============================================================[0m
[1mSYSTEM MONITOR V2[0m | Time: 2026-10-01 12:44:24
[96m------------------------------------------------------------[0m
[1m[ CPU ][0m Used: [92m3.4%[0m | Free: 96.6%
[96m------------------------------------------------------------[0m
[1m[ RAM ][0m Used: [92m7.81 GB (52.6%)[0m | Available: 7.04 GB | Total: 14.84 GB
[1m[ SWAP ][0m Used: 0.0 GB (0.0%) | Free: 4.0 GB | Total: 4.0 GB
        [93mTop 5 RAM Processes (Logged 10):[0m
          1. code (PID 11526) - 669.55 MB (4.41%)
          2. code (PID 8588) - 645.54 MB (4.25%)
          3. code (PID 8252) - 564.72 MB (3.72%)
          4. chrome (PID 6354) - 537.32 MB (3.54%)
          5. chrome (PID 7112) - 526.59 MB (3.46%)
[96m------------------------------------------------------------[0m
[1m[ DISK ][0m Used: [92m24.07 GB (2.63%)[0m | Free: 891.76 GB | Total: 915.83 GB
         [93mI/O:[0m Read 0.0 MB/s | Write 0.05 MB/s | Activity: 1.57%
[96m------------------------------------------------------------[0m
[1m[ NET ][0m Upload: 0.0 MB/s | Download: 0.0 MB/s
[96m------------------------------------------------------------[0m
[1m[ BATTERY ][0m [92m99.28%[0m (Charging/Plugged in)
[1m[96m============================================================[0m
[1m[92mData logged to 2026_logs/2026-10-01.jsonl... (Press Ctrl+C to stop)[0m
[1m[96m============================================================[0m
[1mSYSTEM MONITOR V2[0m | Time: 2026-10-01 12:44:29
[96m------------------------------------------------------------[0m
[1m[ CPU ][0m Used: [92m3.5%[0m | Free: 96.5%
[96m------------------------------------------------------------[0m
[1m[ RAM ][0m Used: [92m7.78 GB (52.4%)[0m | Available: 7.06 GB | Total: 14.84 GB
[1m[ SWAP ][0m Used: 0.0 GB (0.0%) | Free: 4.0 GB | Total: 4.0 GB
        [93mTop 5 RAM Processes (Logged 10):[0m
          1. code (PID 11526) - 669.69 MB (4.41%)
          2. code (PID 8588) - 648.1 MB (4.26%)
          3. code (PID 8252) - 556.7 MB (3.66%)
          4. chrome (PID 6354) - 536.34 MB (3.53%)
          5. chrome (PID 7112) - 524.88 MB (3.45%)
[96m------------------------------------------------------------[0m
[1m[ DISK ][0m Used: [92m24.07 GB (2.63%)[0m | Free: 891.76 GB | Total: 915.83 GB
         [93mI/O:[0m Read 0.0 MB/s | Write 0.47 MB/s | Activity: 0.94%
[96m------------------------------------------------------------[0m
[1m[ NET ][0m Upload: 0.0 MB/s | Download: 0.0 MB/s
[96m------------------------------------------------------------[0m
[1m[ BATTERY ][0m [92m99.28%[0m (Charging/Plugged in)
[1m[96m============================================================[0m
[1m[92mData logged to 2026_logs/2026-10-01.jsonl... (Press Ctrl+C to stop)[0m
[1m[96m============================================================[0m
[1mSYSTEM MONITOR V2[0m | Time: 2026-10-01 12:44:34
[96m------------------------------------------------------------[0m
[1m[ CPU ][0m Used: [92m2.9%[0m | Free: 97.1%
[96m------------------------------------------------------------[0m
[1m[ RAM ][0m Used: [92m7.82 GB (52.7%)[0m | Available: 7.03 GB | Total: 14.84 GB
[1m[ SWAP ][0m Used: 0.0 GB (0.0%) | Free: 4.0 GB | Total: 4.0 GB
        [93mTop 5 RAM Processes (Logged 10):[0m
          1. code (PID 11526) - 669.82 MB (4.41%)
          2. code (PID 8588) - 650.6 MB (4.28%)
          3. code (PID 8252) - 562.17 MB (3.7%)
          4. chrome (PID 6354) - 536.05 MB (3.53%)
          5. chrome (PID 7112) - 524.88 MB (3.45%)
[96m------------------------------------------------------------[0m
[1m[ DISK ][0m Used: [92m24.07 GB (2.63%)[0m | Free: 891.76 GB | Total: 915.83 GB
         [93mI/O:[0m Read 0.0 MB/s | Write 0.01 MB/s | Activity: 0.82%
[96m------------------------------------------------------------[0m
[1m[ NET ][0m Upload: 0.0 MB/s | Download: 0.0 MB/s
[96m------------------------------------------------------------[0m
[1m[ BATTERY ][0m [92m99.28%[0m (Charging/Plugged in)
[1m[96m============================================================[0m
[1m[92mData logged to 2026_logs/2026-10-01.jsonl... (Press Ctrl+C to stop)[0m
[1m[96m============================================================[0m
[1mSYSTEM MONITOR V2[0m | Time: 2026-10-01 12:44:39
[96m------------------------------------------------------------[0m
[1m[ CPU ][0m Used: [92m2.9%[0m | Free: 97.1%
[96m------------------------------------------------------------[0m
[1m[ RAM ][0m Used: [92m7.85 GB (52.9%)[0m | Available: 6.99 GB | Total: 14.84 GB
[1m[ SWAP ][0m Used: 0.0 GB (0.0%) | Free: 4.0 GB | Total: 4.0 GB
        [93mTop 5 RAM Processes (Logged 10):[0m
          1. code (PID 11526) - 669.95 MB (4.41%)
          2. code (PID 8588) - 653.15 MB (4.3%)
          3. code (PID 8252) - 573.26 MB (3.77%)
          4. chrome (PID 6354) - 536.48 MB (3.53%)
          5. chrome (PID 7112) - 524.34 MB (3.45%)
[96m------------------------------------------------------------[0m
[1m[ DISK ][0m Used: [92m24.07 GB (2.63%)[0m | Free: 891.76 GB | Total: 915.83 GB
         [93mI/O:[0m Read 0.0 MB/s | Write 0.06 MB/s | Activity: 1.87%
[96m------------------------------------------------------------[0m
[1m[ NET ][0m Upload: 0.0 MB/s | Download: 0.0 MB/s
[96m------------------------------------------------------------[0m
[1m[ BATTERY ][0m [92m99.28%[0m (Charging/Plugged in)
[1m[96m============================================================[0m
[1m[92mData logged to 2026_logs/2026-10-01.jsonl... (Press Ctrl+C to stop)[0m
[1m[96m============================================================[0m
[1mSYSTEM MONITOR V2[0m | Time: 2026-10-01 12:44:44
[96m------------------------------------------------------------[0m
[1m[ CPU ][0m Used: [92m2.6%[0m | Free: 97.4%
[96m------------------------------------------------------------[0m
[1m[ RAM ][0m Used: [92m7.85 GB (52.9%)[0m | Available: 6.99 GB | Total: 14.84 GB
[1m[ SWAP ][0m Used: 0.0 GB (0.0%) | Free: 4.0 GB | Total: 4.0 GB
        [93mTop 5 RAM Processes (Logged 10):[0m
          1. code (PID 11526) - 670.09 MB (4.41%)
          2. code (PID 8588) - 655.75 MB (4.31%)
          3. code (PID 8252) - 574.3 MB (3.78%)
          4. chrome (PID 6354) - 536.45 MB (3.53%)
          5. chrome (PID 7112) - 524.34 MB (3.45%)
[96m------------------------------------------------------------[0m
[1m[ DISK ][0m Used: [92m24.07 GB (2.63%)[0m | Free: 891.76 GB | Total: 915.83 GB
         [93mI/O:[0m Read 0.0 MB/s | Write 0.05 MB/s | Activity: 0.88%
[96m------------------------------------------------------------[0m
[1m[ NET ][0m Upload: 0.0 MB/s | Download: 0.0 MB/s
[96m------------------------------------------------------------[0m
[1m[ BATTERY ][0m [92m99.28%[0m (Charging/Plugged in)
[1m[96m============================================================[0m
[1m[92mData logged to 2026_logs/2026-10-01.jsonl... (Press Ctrl+C to stop)[0m
[1m[96m============================================================[0m
[1mSYSTEM MONITOR V2[0m | Time: 2026-10-01 12:44:49
[96m------------------------------------------------------------[0m
[1m[ CPU ][0m Used: [92m3.4%[0m | Free: 96.6%
[96m------------------------------------------------------------[0m
[1m[ RAM ][0m Used: [92m7.85 GB (52.9%)[0m | Available: 7.0 GB | Total: 14.84 GB
[1m[ SWAP ][0m Used: 0.0 GB (0.0%) | Free: 4.0 GB | Total: 4.0 GB
        [93mTop 5 RAM Processes (Logged 10):[0m
          1. code (PID 11526) - 669.4 MB (4.4%)
          2. code (PID 8588) - 658.35 MB (4.33%)
          3. code (PID 8252) - 569.14 MB (3.74%)
          4. chrome (PID 6354) - 536.45 MB (3.53%)
          5. chrome (PID 7112) - 524.34 MB (3.45%)
[96m------------------------------------------------------------[0m
[1m[ DISK ][0m Used: [92m24.07 GB (2.63%)[0m | Free: 891.76 GB | Total: 915.83 GB
         [93mI/O:[0m Read 0.0 MB/s | Write 0.0 MB/s | Activity: 0.78%
[96m------------------------------------------------------------[0m
[1m[ NET ][0m Upload: 0.0 MB/s | Download: 0.0 MB/s
[96m------------------------------------------------------------[0m
[1m[ BATTERY ][0m [92m99.28%[0m (Charging/Plugged in)
[1m[96m============================================================[0m
[1m[92mData logged to 2026_logs/2026-10-01.jsonl... (Press Ctrl+C to stop)[0m
[1m[96m============================================================[0m
[1mSYSTEM MONITOR V2[0m | Time: 2026-10-01 12:44:54
[96m------------------------------------------------------------[0m
[1m[ CPU ][0m Used: [92m2.9%[0m | Free: 97.1%
[96m------------------------------------------------------------[0m
[1m[ RAM ][0m Used: [92m7.82 GB (52.7%)[0m | Available: 7.02 GB | Total: 14.84 GB
[1m[ SWAP ][0m Used: 0.0 GB (0.0%) | Free: 4.0 GB | Total: 4.0 GB
        [93mTop 5 RAM Processes (Logged 10):[0m
          1. code (PID 11526) - 669.53 MB (4.41%)
          2. code (PID 8588) - 661.09 MB (4.35%)
          3. code (PID 8252) - 574.25 MB (3.78%)
          4. chrome (PID 6354) - 536.37 MB (3.53%)
          5. chrome (PID 7112) - 524.34 MB (3.45%)
[96m------------------------------------------------------------[0m
[1m[ DISK ][0m Used: [92m24.07 GB (2.63%)[0m | Free: 891.76 GB | Total: 915.83 GB
         [93mI/O:[0m Read 0.0 MB/s | Write 0.42 MB/s | Activity: 2.67%
[96m------------------------------------------------------------[0m
[1m[ NET ][0m Upload: 0.0 MB/s | Download: 0.0 MB/s
[96m------------------------------------------------------------[0m
[1m[ BATTERY ][0m [92m99.28%[0m (Charging/Plugged in)
[1m[96m============================================================[0m
[1m[92mData logged to 2026_logs/2026-10-01.jsonl... (Press Ctrl+C to stop)[0m
[1m[96m============================================================[0m
[1mSYSTEM MONITOR V2[0m | Time: 2026-10-01 12:44:59
[96m------------------------------------------------------------[0m
[1m[ CPU ][0m Used: [92m2.9%[0m | Free: 97.1%
[96m------------------------------------------------------------[0m
[1m[ RAM ][0m Used: [92m7.82 GB (52.7%)[0m | Available: 7.02 GB | Total: 14.84 GB
[1m[ SWAP ][0m Used: 0.0 GB (0.0%) | Free: 4.0 GB | Total: 4.0 GB
        [93mTop 5 RAM Processes (Logged 10):[0m
          1. code (PID 11526) - 669.66 MB (4.41%)
          2. code (PID 8588) - 663.89 MB (4.37%)
          3. code (PID 8252) - 579.27 MB (3.81%)
          4. chrome (PID 6354) - 535.89 MB (3.53%)
          5. chrome (PID 7112) - 524.34 MB (3.45%)
[96m------------------------------------------------------------[0m
[1m[ DISK ][0m Used: [92m24.07 GB (2.63%)[0m | Free: 891.76 GB | Total: 915.83 GB
         [93mI/O:[0m Read 0.0 MB/s | Write 0.36 MB/s | Activity: 0.16%
[96m------------------------------------------------------------[0m
[1m[ NET ][0m Upload: 0.0 MB/s | Download: 0.0 MB/s
[96m------------------------------------------------------------[0m
[1m[ BATTERY ][0m [92m99.28%[0m (Charging/Plugged in)
[1m[96m============================================================[0m
[1m[92mData logged to 2026_logs/2026-10-01.jsonl... (Press Ctrl+C to stop)[0m
[1m[96m============================================================[0m
[1mSYSTEM MONITOR V2[0m | Time: 2026-10-01 12:45:04
[96m------------------------------------------------------------[0m
[1m[ CPU ][0m Used: [92m2.7%[0m | Free: 97.3%
[96m------------------------------------------------------------[0m
[1m[ RAM ][0m Used: [92m7.83 GB (52.8%)[0m | Available: 7.01 GB | Total: 14.84 GB
[1m[ SWAP ][0m Used: 0.0 GB (0.0%) | Free: 4.0 GB | Total: 4.0 GB
        [93mTop 5 RAM Processes (Logged 10):[0m
          1. code (PID 11526) - 669.79 MB (4.41%)
          2. code (PID 8588) - 666.7 MB (4.39%)
          3. code (PID 8252) - 583.38 MB (3.84%)
          4. chrome (PID 6354) - 535.89 MB (3.53%)
          5. chrome (PID 7112) - 524.34 MB (3.45%)
[96m------------------------------------------------------------[0m
[1m[ DISK ][0m Used: [92m24.07 GB (2.63%)[0m | Free: 891.76 GB | Total: 915.83 GB
         [93mI/O:[0m Read 0.0 MB/s | Write 0.02 MB/s | Activity: 0.81%
[96m------------------------------------------------------------[0m
[1m[ NET ][0m Upload: 0.0 MB/s | Download: 0.0 MB/s
[96m------------------------------------------------------------[0m
[1m[ BATTERY ][0m [92m99.28%[0m (Charging/Plugged in)
[1m[96m============================================================[0m
[1m[92mData logged to 2026_logs/2026-10-01.jsonl... (Press Ctrl+C to stop)[0m
[1m[96m============================================================[0m
[1mSYSTEM MONITOR V2[0m | Time: 2026-10-01 12:45:09
[96m------------------------------------------------------------[0m
[1m[ CPU ][0m Used: [92m3.5%[0m | Free: 96.5%
[96m------------------------------------------------------------[0m
[1m[ RAM ][0m Used: [92m7.81 GB (52.6%)[0m | Available: 7.03 GB | Total: 14.84 GB
[1m[ SWAP ][0m Used: 0.0 GB (0.0%) | Free: 4.0 GB | Total: 4.0 GB
        [93mTop 5 RAM Processes (Logged 10):[0m
          1. code (PID 11526) - 669.91 MB (4.41%)
          2. code (PID 8588) - 669.66 MB (4.41%)
          3. code (PID 8252) - 575.13 MB (3.78%)
          4. chrome (PID 6354) - 535.69 MB (3.52%)
          5. chrome (PID 7112) - 524.34 MB (3.45%)
[96m------------------------------------------------------------[0m
[1m[ DISK ][0m Used: [92m24.07 GB (2.63%)[0m | Free: 891.76 GB | Total: 915.83 GB
         [93mI/O:[0m Read 0.0 MB/s | Write 0.02 MB/s | Activity: 1.71%
[96m------------------------------------------------------------[0m
[1m[ NET ][0m Upload: 0.0 MB/s | Download: 0.0 MB/s
[96m------------------------------------------------------------[0m
[1m[ BATTERY ][0m [92m99.28%[0m (Charging/Plugged in)
[1m[96m============================================================[0m
[1m[92mData logged to 2026_logs/2026-10-01.jsonl... (Press Ctrl+C to stop)[0m
[1m[96m============================================================[0m
[1mSYSTEM MONITOR V2[0m | Time: 2026-10-01 12:45:14
[96m------------------------------------------------------------[0m
[1m[ CPU ][0m Used: [92m2.6%[0m | Free: 97.4%
[96m------------------------------------------------------------[0m
[1m[ RAM ][0m Used: [92m7.82 GB (52.7%)[0m | Available: 7.02 GB | Total: 14.84 GB
[1m[ SWAP ][0m Used: 0.0 GB (0.0%) | Free: 4.0 GB | Total: 4.0 GB
        [93mTop 5 RAM Processes (Logged 10):[0m
          1. code (PID 8588) - 672.45 MB (4.42%)
          2. code (PID 11526) - 670.05 MB (4.41%)
          3. code (PID 8252) - 581.19 MB (3.82%)
          4. chrome (PID 6354) - 535.76 MB (3.52%)
          5. chrome (PID 7112) - 524.34 MB (3.45%)
[96m------------------------------------------------------------[0m
[1m[ DISK ][0m Used: [92m24.07 GB (2.63%)[0m | Free: 891.76 GB | Total: 915.83 GB
         [93mI/O:[0m Read 0.0 MB/s | Write 0.04 MB/s | Activity: 1.75%
[96m------------------------------------------------------------[0m
[1m[ NET ][0m Upload: 0.0 MB/s | Download: 0.0 MB/s
[96m------------------------------------------------------------[0m
[1m[ BATTERY ][0m [92m99.28%[0m (Charging/Plugged in)
[1m[96m============================================================[0m
[1m[92mData logged to 2026_logs/2026-10-01.jsonl... (Press Ctrl+C to stop)[0m
[1m[96m============================================================[0m
[1mSYSTEM MONITOR V2[0m | Time: 2026-10-01 12:45:19
[96m------------------------------------------------------------[0m
[1m[ CPU ][0m Used: [92m2.9%[0m | Free: 97.1%
[96m------------------------------------------------------------[0m
[1m[ RAM ][0m Used: [92m7.83 GB (52.7%)[0m | Available: 7.02 GB | Total: 14.84 GB
[1m[ SWAP ][0m Used: 0.0 GB (0.0%) | Free: 4.0 GB | Total: 4.0 GB
        [93mTop 5 RAM Processes (Logged 10):[0m
          1. code (PID 8588) - 675.3 MB (4.44%)
          2. code (PID 11526) - 670.19 MB (4.41%)
          3. code (PID 8252) - 582.46 MB (3.83%)
          4. chrome (PID 6354) - 535.54 MB (3.52%)
          5. chrome (PID 7112) - 525.57 MB (3.46%)
[96m------------------------------------------------------------[0m
[1m[ DISK ][0m Used: [92m24.07 GB (2.63%)[0m | Free: 891.76 GB | Total: 915.83 GB
         [93mI/O:[0m Read 0.0 MB/s | Write 0.03 MB/s | Activity: 0.18%
[96m------------------------------------------------------------[0m
[1m[ NET ][0m Upload: 0.01 MB/s | Download: 0.0 MB/s
[96m------------------------------------------------------------[0m
[1m[ BATTERY ][0m [92m99.28%[0m (Charging/Plugged in)
[1m[96m============================================================[0m
[1m[92mData logged to 2026_logs/2026-10-01.jsonl... (Press Ctrl+C to stop)[0m
[1m[96m============================================================[0m
[1mSYSTEM MONITOR V2[0m | Time: 2026-10-01 12:45:24
[96m------------------------------------------------------------[0m
[1m[ CPU ][0m Used: [92m4.7%[0m | Free: 95.3%
[96m------------------------------------------------------------[0m
[1m[ RAM ][0m Used: [92m7.86 GB (53.0%)[0m | Available: 6.98 GB | Total: 14.84 GB
[1m[ SWAP ][0m Used: 0.0 GB (0.0%) | Free: 4.0 GB | Total: 4.0 GB
        [93mTop 5 RAM Processes (Logged 10):[0m
          1. code (PID 11526) - 669.5 MB (4.4%)
          2. code (PID 8588) - 642.45 MB (4.23%)
          3. code (PID 8252) - 587.93 MB (3.87%)
          4. chrome (PID 6354) - 535.9 MB (3.53%)
          5. chrome (PID 7112) - 530.25 MB (3.49%)
[96m------------------------------------------------------------[0m
[1m[ DISK ][0m Used: [92m24.07 GB (2.63%)[0m | Free: 891.76 GB | Total: 915.83 GB
         [93mI/O:[0m Read 0.0 MB/s | Write 0.37 MB/s | Activity: 1.06%
[96m------------------------------------------------------------[0m
[1m[ NET ][0m Upload: 0.0 MB/s | Download: 0.0 MB/s
[96m------------------------------------------------------------[0m
[1m[ BATTERY ][0m [92m99.28%[0m (Charging/Plugged in)
[1m[96m============================================================[0m
[1m[92mData logged to 2026_logs/2026-10-01.jsonl... (Press Ctrl+C to stop)[0m
[1m[96m============================================================[0m
[1mSYSTEM MONITOR V2[0m | Time: 2026-10-01 12:45:29
[96m------------------------------------------------------------[0m
[1m[ CPU ][0m Used: [92m3.6%[0m | Free: 96.4%
[96m------------------------------------------------------------[0m
[1m[ RAM ][0m Used: [92m7.86 GB (53.0%)[0m | Available: 6.98 GB | Total: 14.84 GB
[1m[ SWAP ][0m Used: 0.0 GB (0.0%) | Free: 4.0 GB | Total: 4.0 GB
        [93mTop 5 RAM Processes (Logged 10):[0m
          1. code (PID 11526) - 669.63 MB (4.41%)
          2. code (PID 8588) - 643.92 MB (4.24%)
          3. code (PID 8252) - 580.75 MB (3.82%)
          4. chrome (PID 6354) - 535.95 MB (3.53%)
          5. chrome (PID 7112) - 530.25 MB (3.49%)
[96m------------------------------------------------------------[0m
[1m[ DISK ][0m Used: [92m24.07 GB (2.63%)[0m | Free: 891.76 GB | Total: 915.83 GB
         [93mI/O:[0m Read 0.0 MB/s | Write 0.42 MB/s | Activity: 0.98%
[96m------------------------------------------------------------[0m
[1m[ NET ][0m Upload: 0.0 MB/s | Download: 0.0 MB/s
[96m------------------------------------------------------------[0m
[1m[ BATTERY ][0m [92m99.28%[0m (Charging/Plugged in)
[1m[96m============================================================[0m
[1m[92mData logged to 2026_logs/2026-10-01.jsonl... (Press Ctrl+C to stop)[0m
[1m[96m============================================================[0m
[1mSYSTEM MONITOR V2[0m | Time: 2026-10-01 12:45:34
[96m------------------------------------------------------------[0m
[1m[ CPU ][0m Used: [92m4.1%[0m | Free: 95.9%
[96m------------------------------------------------------------[0m
[1m[ RAM ][0m Used: [92m7.8 GB (52.5%)[0m | Available: 7.05 GB | Total: 14.84 GB
[1m[ SWAP ][0m Used: 0.0 GB (0.0%) | Free: 4.0 GB | Total: 4.0 GB
        [93mTop 5 RAM Processes (Logged 10):[0m
          1. code (PID 11526) - 669.76 MB (4.41%)
          2. code (PID 8588) - 646.3 MB (4.25%)
          3. chrome (PID 6354) - 535.68 MB (3.52%)
          4. chrome (PID 7112) - 530.26 MB (3.49%)
          5. code (PID 8252) - 522.14 MB (3.44%)
[96m------------------------------------------------------------[0m
[1m[ DISK ][0m Used: [92m24.07 GB (2.63%)[0m | Free: 891.76 GB | Total: 915.83 GB
         [93mI/O:[0m Read 0.0 MB/s | Write 0.06 MB/s | Activity: 0.92%
[96m------------------------------------------------------------[0m
[1m[ NET ][0m Upload: 0.0 MB/s | Download: 0.0 MB/s
[96m------------------------------------------------------------[0m
[1m[ BATTERY ][0m [92m99.28%[0m (Charging/Plugged in)
[1m[96m============================================================[0m
[1m[92mData logged to 2026_logs/2026-10-01.jsonl... (Press Ctrl+C to stop)[0m
[1m[96m============================================================[0m
[1mSYSTEM MONITOR V2[0m | Time: 2026-10-01 12:45:39
[96m------------------------------------------------------------[0m
[1m[ CPU ][0m Used: [92m3.1%[0m | Free: 96.9%
[96m------------------------------------------------------------[0m
[1m[ RAM ][0m Used: [92m7.81 GB (52.6%)[0m | Available: 7.03 GB | Total: 14.84 GB
[1m[ SWAP ][0m Used: 0.0 GB (0.0%) | Free: 4.0 GB | Total: 4.0 GB
        [93mTop 5 RAM Processes (Logged 10):[0m
          1. code (PID 11526) - 669.89 MB (4.41%)
          2. code (PID 8588) - 649.14 MB (4.27%)
          3. chrome (PID 6354) - 535.54 MB (3.52%)
          4. code (PID 8252) - 531.49 MB (3.5%)
          5. chrome (PID 7112) - 530.26 MB (3.49%)
[96m------------------------------------------------------------[0m
[1m[ DISK ][0m Used: [92m24.07 GB (2.63%)[0m | Free: 891.76 GB | Total: 915.83 GB
         [93mI/O:[0m Read 0.0 MB/s | Write 0.05 MB/s | Activity: 1.83%
[96m------------------------------------------------------------[0m
[1m[ NET ][0m Upload: 0.0 MB/s | Download: 0.02 MB/s
[96m------------------------------------------------------------[0m
[1m[ BATTERY ][0m [92m99.28%[0m (Charging/Plugged in)
[1m[96m============================================================[0m
[1m[92mData logged to 2026_logs/2026-10-01.jsonl... (Press Ctrl+C to stop)[0m
[1m[96m============================================================[0m
[1mSYSTEM MONITOR V2[0m | Time: 2026-10-01 12:45:44
[96m------------------------------------------------------------[0m
[1m[ CPU ][0m Used: [92m3.4%[0m | Free: 96.6%
[96m------------------------------------------------------------[0m
[1m[ RAM ][0m Used: [92m7.84 GB (52.8%)[0m | Available: 7.0 GB | Total: 14.84 GB
[1m[ SWAP ][0m Used: 0.0 GB (0.0%) | Free: 4.0 GB | Total: 4.0 GB
        [93mTop 5 RAM Processes (Logged 10):[0m
          1. code (PID 11526) - 670.02 MB (4.41%)
          2. code (PID 8588) - 650.15 MB (4.28%)
          3. code (PID 8252) - 541.66 MB (3.56%)
          4. chrome (PID 6354) - 538.24 MB (3.54%)
          5. chrome (PID 7112) - 530.26 MB (3.49%)
[96m------------------------------------------------------------[0m
[1m[ DISK ][0m Used: [92m24.07 GB (2.63%)[0m | Free: 891.76 GB | Total: 915.83 GB
         [93mI/O:[0m Read 0.0 MB/s | Write 0.17 MB/s | Activity: 0.93%
[96m------------------------------------------------------------[0m
[1m[ NET ][0m Upload: 0.01 MB/s | Download: 0.0 MB/s
[96m------------------------------------------------------------[0m
[1m[ BATTERY ][0m [92m99.28%[0m (Charging/Plugged in)
[1m[96m============================================================[0m
[1m[92mData logged to 2026_logs/2026-10-01.jsonl... (Press Ctrl+C to stop)[0m
[1m[96m============================================================[0m
[1mSYSTEM MONITOR V2[0m | Time: 2026-10-01 12:45:50
[96m------------------------------------------------------------[0m
[1m[ CPU ][0m Used: [92m3.5%[0m | Free: 96.5%
[96m------------------------------------------------------------[0m
[1m[ RAM ][0m Used: [92m7.85 GB (52.9%)[0m | Available: 6.99 GB | Total: 14.84 GB
[1m[ SWAP ][0m Used: 0.0 GB (0.0%) | Free: 4.0 GB | Total: 4.0 GB
        [93mTop 5 RAM Processes (Logged 10):[0m
          1. code (PID 11526) - 670.14 MB (4.41%)
          2. code (PID 8588) - 653.07 MB (4.3%)
          3. code (PID 8252) - 543.21 MB (3.57%)
          4. chrome (PID 6354) - 536.93 MB (3.53%)
          5. chrome (PID 7112) - 530.26 MB (3.49%)
[96m------------------------------------------------------------[0m
[1m[ DISK ][0m Used: [92m24.07 GB (2.63%)[0m | Free: 891.76 GB | Total: 915.83 GB
         [93mI/O:[0m Read 0.0 MB/s | Write 0.0 MB/s | Activity: 0.04%
[96m------------------------------------------------------------[0m
[1m[ NET ][0m Upload: 0.0 MB/s | Download: 0.0 MB/s
[96m------------------------------------------------------------[0m
[1m[ BATTERY ][0m [92m99.28%[0m (Charging/Plugged in)
[1m[96m============================================================[0m
[1m[92mData logged to 2026_logs/2026-10-01.jsonl... (Press Ctrl+C to stop)[0m
[1m[96m============================================================[0m
[1mSYSTEM MONITOR V2[0m | Time: 2026-10-01 12:45:55
[96m------------------------------------------------------------[0m
[1m[ CPU ][0m Used: [92m3.0%[0m | Free: 97.0%
[96m------------------------------------------------------------[0m
[1m[ RAM ][0m Used: [92m7.84 GB (52.8%)[0m | Available: 7.0 GB | Total: 14.84 GB
[1m[ SWAP ][0m Used: 0.0 GB (0.0%) | Free: 4.0 GB | Total: 4.0 GB
        [93mTop 5 RAM Processes (Logged 10):[0m
          1. code (PID 11526) - 670.29 MB (4.41%)
          2. code (PID 8588) - 653.6 MB (4.3%)
          3. code (PID 8252) - 548.76 MB (3.61%)
          4. chrome (PID 6354) - 536.34 MB (3.53%)
          5. chrome (PID 7112) - 527.8 MB (3.47%)
[96m------------------------------------------------------------[0m
[1m[ DISK ][0m Used: [92m24.07 GB (2.63%)[0m | Free: 891.76 GB | Total: 915.83 GB
         [93mI/O:[0m Read 0.0 MB/s | Write 0.01 MB/s | Activity: 1.73%
[96m------------------------------------------------------------[0m
[1m[ NET ][0m Upload: 0.0 MB/s | Download: 0.0 MB/s
[96m------------------------------------------------------------[0m
[1m[ BATTERY ][0m [92m99.28%[0m (Charging/Plugged in)
[1m[96m============================================================[0m
[1m[92mData logged to 2026_logs/2026-10-01.jsonl... (Press Ctrl+C to stop)[0m
[1m[96m============================================================[0m
[1mSYSTEM MONITOR V2[0m | Time: 2026-10-01 12:46:00
[96m------------------------------------------------------------[0m
[1m[ CPU ][0m Used: [92m3.0%[0m | Free: 97.0%
[96m------------------------------------------------------------[0m
[1m[ RAM ][0m Used: [92m7.82 GB (52.7%)[0m | Available: 7.02 GB | Total: 14.84 GB
[1m[ SWAP ][0m Used: 0.0 GB (0.0%) | Free: 4.0 GB | Total: 4.0 GB
        [93mTop 5 RAM Processes (Logged 10):[0m
          1. code (PID 11526) - 669.82 MB (4.41%)
          2. code (PID 8588) - 656.39 MB (4.32%)
          3. code (PID 8252) - 555.52 MB (3.65%)
          4. chrome (PID 6354) - 536.46 MB (3.53%)
          5. chrome (PID 7112) - 530.67 MB (3.49%)
[96m------------------------------------------------------------[0m
[1m[ DISK ][0m Used: [92m24.07 GB (2.63%)[0m | Free: 891.76 GB | Total: 915.83 GB
         [93mI/O:[0m Read 0.0 MB/s | Write 0.45 MB/s | Activity: 1.86%
[96m------------------------------------------------------------[0m
[1m[ NET ][0m Upload: 0.0 MB/s | Download: 0.0 MB/s
[96m------------------------------------------------------------[0m
[1m[ BATTERY ][0m [92m99.28%[0m (Charging/Plugged in)
[1m[96m============================================================[0m
[1m[92mData logged to 2026_logs/2026-10-01.jsonl... (Press Ctrl+C to stop)[0m
[1m[96m============================================================[0m
[1mSYSTEM MONITOR V2[0m | Time: 2026-10-01 12:46:05
[96m------------------------------------------------------------[0m
[1m[ CPU ][0m Used: [92m2.8%[0m | Free: 97.2%
[96m------------------------------------------------------------[0m
[1m[ RAM ][0m Used: [92m7.83 GB (52.7%)[0m | Available: 7.02 GB | Total: 14.84 GB
[1m[ SWAP ][0m Used: 0.0 GB (0.0%) | Free: 4.0 GB | Total: 4.0 GB
        [93mTop 5 RAM Processes (Logged 10):[0m
          1. code (PID 11526) - 669.94 MB (4.41%)
          2. code (PID 8588) - 658.24 MB (4.33%)
          3. code (PID 8252) - 561.95 MB (3.7%)
          4. chrome (PID 6354) - 536.46 MB (3.53%)
          5. chrome (PID 7112) - 529.4 MB (3.48%)
[96m------------------------------------------------------------[0m
[1m[ DISK ][0m Used: [92m24.07 GB (2.63%)[0m | Free: 891.76 GB | Total: 915.83 GB
         [93mI/O:[0m Read 0.0 MB/s | Write 0.41 MB/s | Activity: 0.14%
[96m------------------------------------------------------------[0m
[1m[ NET ][0m Upload: 0.0 MB/s | Download: 0.0 MB/s
[96m------------------------------------------------------------[0m
[1m[ BATTERY ][0m [92m99.28%[0m (Charging/Plugged in)
[1m[96m============================================================[0m
[1m[92mData logged to 2026_logs/2026-10-01.jsonl... (Press Ctrl+C to stop)[0m
[1m[96m============================================================[0m
[1mSYSTEM MONITOR V2[0m | Time: 2026-10-01 12:46:10
[96m------------------------------------------------------------[0m
[1m[ CPU ][0m Used: [92m3.8%[0m | Free: 96.2%
[96m------------------------------------------------------------[0m
[1m[ RAM ][0m Used: [92m7.83 GB (52.7%)[0m | Available: 7.01 GB | Total: 14.84 GB
[1m[ SWAP ][0m Used: 0.0 GB (0.0%) | Free: 4.0 GB | Total: 4.0 GB
        [93mTop 5 RAM Processes (Logged 10):[0m
          1. code (PID 11526) - 670.17 MB (4.41%)
          2. code (PID 8588) - 660.0 MB (4.34%)
          3. code (PID 8252) - 558.11 MB (3.67%)
          4. chrome (PID 6354) - 537.25 MB (3.53%)
          5. chrome (PID 7112) - 529.4 MB (3.48%)
[96m------------------------------------------------------------[0m
[1m[ DISK ][0m Used: [92m24.07 GB (2.63%)[0m | Free: 891.76 GB | Total: 915.83 GB
         [93mI/O:[0m Read 0.0 MB/s | Write 0.12 MB/s | Activity: 0.84%
[96m------------------------------------------------------------[0m
[1m[ NET ][0m Upload: 0.0 MB/s | Download: 0.0 MB/s
[96m------------------------------------------------------------[0m
[1m[ BATTERY ][0m [92m99.28%[0m (Charging/Plugged in)
[1m[96m============================================================[0m
[1m[92mData logged to 2026_logs/2026-10-01.jsonl... (Press Ctrl+C to stop)[0m
[1m[96m============================================================[0m
[1mSYSTEM MONITOR V2[0m | Time: 2026-10-01 12:46:15
[96m------------------------------------------------------------[0m
[1m[ CPU ][0m Used: [92m2.9%[0m | Free: 97.1%
[96m------------------------------------------------------------[0m
[1m[ RAM ][0m Used: [92m7.81 GB (52.6%)[0m | Available: 7.03 GB | Total: 14.84 GB
[1m[ SWAP ][0m Used: 0.0 GB (0.0%) | Free: 4.0 GB | Total: 4.0 GB
        [93mTop 5 RAM Processes (Logged 10):[0m
          1. code (PID 11526) - 669.7 MB (4.41%)
          2. code (PID 8588) - 659.14 MB (4.34%)
          3. code (PID 8252) - 563.99 MB (3.71%)
          4. chrome (PID 6354) - 536.39 MB (3.53%)
          5. chrome (PID 7112) - 526.41 MB (3.46%)
[96m------------------------------------------------------------[0m
[1m[ DISK ][0m Used: [92m24.07 GB (2.63%)[0m | Free: 891.76 GB | Total: 915.83 GB
         [93mI/O:[0m Read 0.0 MB/s | Write 0.08 MB/s | Activity: 1.87%
[96m------------------------------------------------------------[0m
[1m[ NET ][0m Upload: 0.0 MB/s | Download: 0.0 MB/s
[96m------------------------------------------------------------[0m
[1m[ BATTERY ][0m [92m99.28%[0m (Charging/Plugged in)
[1m[96m============================================================[0m
[1m[92mData logged to 2026_logs/2026-10-01.jsonl... (Press Ctrl+C to stop)[0m
[1m[96m============================================================[0m
[1mSYSTEM MONITOR V2[0m | Time: 2026-10-01 12:46:20
[96m------------------------------------------------------------[0m
[1m[ CPU ][0m Used: [92m2.5%[0m | Free: 97.5%
[96m------------------------------------------------------------[0m
[1m[ RAM ][0m Used: [92m7.81 GB (52.6%)[0m | Available: 7.04 GB | Total: 14.84 GB
[1m[ SWAP ][0m Used: 0.0 GB (0.0%) | Free: 4.0 GB | Total: 4.0 GB
        [93mTop 5 RAM Processes (Logged 10):[0m
          1. code (PID 11526) - 669.71 MB (4.41%)
          2. code (PID 8588) - 662.12 MB (4.36%)
          3. code (PID 8252) - 572.84 MB (3.77%)
          4. chrome (PID 6354) - 536.39 MB (3.53%)
          5. chrome (PID 7112) - 526.41 MB (3.46%)
[96m------------------------------------------------------------[0m
[1m[ DISK ][0m Used: [92m24.07 GB (2.63%)[0m | Free: 891.76 GB | Total: 915.83 GB
         [93mI/O:[0m Read 0.0 MB/s | Write 0.06 MB/s | Activity: 0.24%
[96m------------------------------------------------------------[0m
[1m[ NET ][0m Upload: 0.0 MB/s | Download: 0.0 MB/s
[96m------------------------------------------------------------[0m
[1m[ BATTERY ][0m [92m99.28%[0m (Charging/Plugged in)
[1m[96m============================================================[0m
[1m[92mData logged to 2026_logs/2026-10-01.jsonl... (Press Ctrl+C to stop)[0m
[1m[96m============================================================[0m
[1mSYSTEM MONITOR V2[0m | Time: 2026-10-01 12:46:25
[96m------------------------------------------------------------[0m
[1m[ CPU ][0m Used: [92m4.1%[0m | Free: 95.9%
[96m------------------------------------------------------------[0m
[1m[ RAM ][0m Used: [92m7.85 GB (52.9%)[0m | Available: 6.99 GB | Total: 14.84 GB
[1m[ SWAP ][0m Used: 0.0 GB (0.0%) | Free: 4.0 GB | Total: 4.0 GB
        [93mTop 5 RAM Processes (Logged 10):[0m
          1. code (PID 11526) - 669.8 MB (4.41%)
          2. code (PID 8588) - 665.4 MB (4.38%)
          3. code (PID 8252) - 580.74 MB (3.82%)
          4. chrome (PID 6354) - 536.69 MB (3.53%)
          5. chrome (PID 7112) - 526.79 MB (3.47%)
[96m------------------------------------------------------------[0m
[1m[ DISK ][0m Used: [92m24.07 GB (2.63%)[0m | Free: 891.76 GB | Total: 915.83 GB
         [93mI/O:[0m Read 0.0 MB/s | Write 0.02 MB/s | Activity: 0.94%
[96m------------------------------------------------------------[0m
[1m[ NET ][0m Upload: 0.01 MB/s | Download: 0.01 MB/s
[96m------------------------------------------------------------[0m
[1m[ BATTERY ][0m [92m99.28%[0m (Charging/Plugged in)
[1m[96m============================================================[0m
[1m[92mData logged to 2026_logs/2026-10-01.jsonl... (Press Ctrl+C to stop)[0m
[1m[96m============================================================[0m
[1mSYSTEM MONITOR V2[0m | Time: 2026-10-01 12:46:30
[96m------------------------------------------------------------[0m
[1m[ CPU ][0m Used: [92m2.8%[0m | Free: 97.2%
[96m------------------------------------------------------------[0m
[1m[ RAM ][0m Used: [92m7.87 GB (53.0%)[0m | Available: 6.97 GB | Total: 14.84 GB
[1m[ SWAP ][0m Used: 0.0 GB (0.0%) | Free: 4.0 GB | Total: 4.0 GB
        [93mTop 5 RAM Processes (Logged 10):[0m
          1. code (PID 8588) - 671.46 MB (4.42%)
          2. code (PID 11526) - 669.17 MB (4.4%)
          3. code (PID 8252) - 586.95 MB (3.86%)
          4. chrome (PID 6354) - 536.83 MB (3.53%)
          5. chrome (PID 7112) - 526.79 MB (3.47%)
[96m------------------------------------------------------------[0m
[1m[ DISK ][0m Used: [92m24.07 GB (2.63%)[0m | Free: 891.76 GB | Total: 915.83 GB
         [93mI/O:[0m Read 0.0 MB/s | Write 0.36 MB/s | Activity: 0.9%
[96m------------------------------------------------------------[0m
[1m[ NET ][0m Upload: 0.0 MB/s | Download: 0.0 MB/s
[96m------------------------------------------------------------[0m
[1m[ BATTERY ][0m [92m99.28%[0m (Charging/Plugged in)
[1m[96m============================================================[0m
[1m[92mData logged to 2026_logs/2026-10-01.jsonl... (Press Ctrl+C to stop)[0m
[1m[96m============================================================[0m
[1mSYSTEM MONITOR V2[0m | Time: 2026-10-01 12:46:35
[96m------------------------------------------------------------[0m
[1m[ CPU ][0m Used: [92m2.7%[0m | Free: 97.3%
[96m------------------------------------------------------------[0m
[1m[ RAM ][0m Used: [92m7.87 GB (53.0%)[0m | Available: 6.97 GB | Total: 14.84 GB
[1m[ SWAP ][0m Used: 0.0 GB (0.0%) | Free: 4.0 GB | Total: 4.0 GB
        [93mTop 5 RAM Processes (Logged 10):[0m
          1. code (PID 8588) - 670.18 MB (4.41%)
          2. code (PID 11526) - 669.3 MB (4.4%)
          3. code (PID 8252) - 593.67 MB (3.91%)
          4. chrome (PID 6354) - 536.35 MB (3.53%)
          5. chrome (PID 7112) - 524.79 MB (3.45%)
[96m------------------------------------------------------------[0m
[1m[ DISK ][0m Used: [92m24.07 GB (2.63%)[0m | Free: 891.76 GB | Total: 915.83 GB
         [93mI/O:[0m Read 0.0 MB/s | Write 0.01 MB/s | Activity: 0.06%
[96m------------------------------------------------------------[0m
[1m[ NET ][0m Upload: 0.0 MB/s | Download: 0.0 MB/s
[96m------------------------------------------------------------[0m
[1m[ BATTERY ][0m [92m99.28%[0m (Charging/Plugged in)
[1m[96m============================================================[0m
[1m[92mData logged to 2026_logs/2026-10-01.jsonl... (Press Ctrl+C to stop)[0m
[1m[96m============================================================[0m
[1mSYSTEM MONITOR V2[0m | Time: 2026-10-01 12:46:40
[96m------------------------------------------------------------[0m
[1m[ CPU ][0m Used: [92m3.6%[0m | Free: 96.4%
[96m------------------------------------------------------------[0m
[1m[ RAM ][0m Used: [92m7.85 GB (52.9%)[0m | Available: 6.99 GB | Total: 14.84 GB
[1m[ SWAP ][0m Used: 0.0 GB (0.0%) | Free: 4.0 GB | Total: 4.0 GB
        [93mTop 5 RAM Processes (Logged 10):[0m
          1. code (PID 11526) - 669.42 MB (4.4%)
          2. code (PID 8588) - 656.39 MB (4.32%)
          3. code (PID 8252) - 581.78 MB (3.83%)
          4. chrome (PID 6354) - 536.52 MB (3.53%)
          5. chrome (PID 7112) - 524.79 MB (3.45%)
[96m------------------------------------------------------------[0m
[1m[ DISK ][0m Used: [92m24.07 GB (2.63%)[0m | Free: 891.76 GB | Total: 915.83 GB
         [93mI/O:[0m Read 0.0 MB/s | Write 0.39 MB/s | Activity: 1.0%
[96m------------------------------------------------------------[0m
[1m[ NET ][0m Upload: 0.0 MB/s | Download: 0.0 MB/s
[96m------------------------------------------------------------[0m
[1m[ BATTERY ][0m [92m99.28%[0m (Charging/Plugged in)
[1m[96m============================================================[0m
[1m[92mData logged to 2026_logs/2026-10-01.jsonl... (Press Ctrl+C to stop)[0m
[1m[96m============================================================[0m
[1mSYSTEM MONITOR V2[0m | Time: 2026-10-01 12:46:45
[96m------------------------------------------------------------[0m
[1m[ CPU ][0m Used: [92m2.7%[0m | Free: 97.3%
[96m------------------------------------------------------------[0m
[1m[ RAM ][0m Used: [92m7.8 GB (52.6%)[0m | Available: 7.04 GB | Total: 14.84 GB
[1m[ SWAP ][0m Used: 0.0 GB (0.0%) | Free: 4.0 GB | Total: 4.0 GB
        [93mTop 5 RAM Processes (Logged 10):[0m
          1. code (PID 11526) - 669.54 MB (4.41%)
          2. code (PID 8588) - 660.33 MB (4.34%)
          3. code (PID 8252) - 578.67 MB (3.81%)
          4. chrome (PID 6354) - 536.16 MB (3.53%)
          5. chrome (PID 7112) - 524.8 MB (3.45%)
[96m------------------------------------------------------------[0m
[1m[ DISK ][0m Used: [92m24.07 GB (2.63%)[0m | Free: 891.76 GB | Total: 915.83 GB
         [93mI/O:[0m Read 0.0 MB/s | Write 0.04 MB/s | Activity: 1.77%
[96m------------------------------------------------------------[0m
[1m[ NET ][0m Upload: 0.0 MB/s | Download: 0.0 MB/s
[96m------------------------------------------------------------[0m
[1m[ BATTERY ][0m [92m99.28%[0m (Charging/Plugged in)
[1m[96m============================================================[0m
[1m[92mData logged to 2026_logs/2026-10-01.jsonl... (Press Ctrl+C to stop)[0m
[1m[96m============================================================[0m
[1mSYSTEM MONITOR V2[0m | Time: 2026-10-01 12:46:50
[96m------------------------------------------------------------[0m
[1m[ CPU ][0m Used: [92m3.3%[0m | Free: 96.7%
[96m------------------------------------------------------------[0m
[1m[ RAM ][0m Used: [92m7.8 GB (52.5%)[0m | Available: 7.05 GB | Total: 14.84 GB
[1m[ SWAP ][0m Used: 0.0 GB (0.0%) | Free: 4.0 GB | Total: 4.0 GB
        [93mTop 5 RAM Processes (Logged 10):[0m
          1. code (PID 11526) - 669.66 MB (4.41%)
          2. code (PID 8588) - 633.04 MB (4.16%)
          3. code (PID 8252) - 579.64 MB (3.81%)
          4. chrome (PID 6354) - 535.86 MB (3.53%)
          5. chrome (PID 7112) - 524.8 MB (3.45%)
[96m------------------------------------------------------------[0m
[1m[ DISK ][0m Used: [92m24.07 GB (2.63%)[0m | Free: 891.76 GB | Total: 915.83 GB
         [93mI/O:[0m Read 0.0 MB/s | Write 0.03 MB/s | Activity: 0.92%
[96m------------------------------------------------------------[0m
[1m[ NET ][0m Upload: 0.0 MB/s | Download: 0.0 MB/s
[96m------------------------------------------------------------[0m
[1m[ BATTERY ][0m [92m99.28%[0m (Charging/Plugged in)
[1m[96m============================================================[0m
[1m[92mData logged to 2026_logs/2026-10-01.jsonl... (Press Ctrl+C to stop)[0m
[1m[96m============================================================[0m
[1mSYSTEM MONITOR V2[0m | Time: 2026-10-01 12:46:55
[96m------------------------------------------------------------[0m
[1m[ CPU ][0m Used: [92m3.0%[0m | Free: 97.0%
[96m------------------------------------------------------------[0m
[1m[ RAM ][0m Used: [92m7.77 GB (52.3%)[0m | Available: 7.08 GB | Total: 14.84 GB
[1m[ SWAP ][0m Used: 0.0 GB (0.0%) | Free: 4.0 GB | Total: 4.0 GB
        [93mTop 5 RAM Processes (Logged 10):[0m
          1. code (PID 11526) - 669.79 MB (4.41%)
          2. code (PID 8588) - 635.42 MB (4.18%)
          3. code (PID 8252) - 585.36 MB (3.85%)
          4. chrome (PID 6354) - 535.86 MB (3.53%)
          5. chrome (PID 7112) - 524.8 MB (3.45%)
[96m------------------------------------------------------------[0m
[1m[ DISK ][0m Used: [92m24.07 GB (2.63%)[0m | Free: 891.76 GB | Total: 915.83 GB
         [93mI/O:[0m Read 0.0 MB/s | Write 0.07 MB/s | Activity: 1.93%
[96m------------------------------------------------------------[0m
[1m[ NET ][0m Upload: 0.0 MB/s | Download: 0.0 MB/s
[96m------------------------------------------------------------[0m
[1m[ BATTERY ][0m [92m99.28%[0m (Charging/Plugged in)
[1m[96m============================================================[0m
[1m[92mData logged to 2026_logs/2026-10-01.jsonl... (Press Ctrl+C to stop)[0m
[1m[96m============================================================[0m
[1mSYSTEM MONITOR V2[0m | Time: 2026-10-01 12:47:01
[96m------------------------------------------------------------[0m
[1m[ CPU ][0m Used: [92m2.9%[0m | Free: 97.1%
[96m------------------------------------------------------------[0m
[1m[ RAM ][0m Used: [92m7.78 GB (52.4%)[0m | Available: 7.06 GB | Total: 14.84 GB
[1m[ SWAP ][0m Used: 0.0 GB (0.0%) | Free: 4.0 GB | Total: 4.0 GB
        [93mTop 5 RAM Processes (Logged 10):[0m
          1. code (PID 11526) - 670.16 MB (4.41%)
          2. code (PID 8588) - 638.61 MB (4.2%)
          3. code (PID 8252) - 583.96 MB (3.84%)
          4. chrome (PID 6354) - 536.1 MB (3.53%)
          5. chrome (PID 7112) - 524.8 MB (3.45%)
[96m------------------------------------------------------------[0m
[1m[ DISK ][0m Used: [92m24.07 GB (2.63%)[0m | Free: 891.76 GB | Total: 915.83 GB
         [93mI/O:[0m Read 0.0 MB/s | Write 0.51 MB/s | Activity: 0.93%
[96m------------------------------------------------------------[0m
[1m[ NET ][0m Upload: 0.01 MB/s | Download: 0.0 MB/s
[96m------------------------------------------------------------[0m
[1m[ BATTERY ][0m [92m99.28%[0m (Charging/Plugged in)
[1m[96m============================================================[0m
[1m[92mData logged to 2026_logs/2026-10-01.jsonl... (Press Ctrl+C to stop)[0m
[1m[96m============================================================[0m
[1mSYSTEM MONITOR V2[0m | Time: 2026-10-01 12:47:06
[96m------------------------------------------------------------[0m
[1m[ CPU ][0m Used: [92m4.1%[0m | Free: 95.9%
[96m------------------------------------------------------------[0m
[1m[ RAM ][0m Used: [92m7.77 GB (52.4%)[0m | Available: 7.07 GB | Total: 14.84 GB
[1m[ SWAP ][0m Used: 0.0 GB (0.0%) | Free: 4.0 GB | Total: 4.0 GB
        [93mTop 5 RAM Processes (Logged 10):[0m
          1. code (PID 11526) - 669.47 MB (4.4%)
          2. code (PID 8588) - 642.61 MB (4.23%)
          3. code (PID 8252) - 576.1 MB (3.79%)
          4. chrome (PID 6354) - 536.39 MB (3.53%)
          5. chrome (PID 7112) - 524.8 MB (3.45%)
[96m------------------------------------------------------------[0m
[1m[ DISK ][0m Used: [92m24.07 GB (2.63%)[0m | Free: 891.76 GB | Total: 915.83 GB
         [93mI/O:[0m Read 0.0 MB/s | Write 0.0 MB/s | Activity: 0.82%
[96m------------------------------------------------------------[0m
[1m[ NET ][0m Upload: 0.0 MB/s | Download: 0.01 MB/s
[96m------------------------------------------------------------[0m
[1m[ BATTERY ][0m [92m99.28%[0m (Charging/Plugged in)
[1m[96m============================================================[0m
[1m[92mData logged to 2026_logs/2026-10-01.jsonl... (Press Ctrl+C to stop)[0m
[1m[96m============================================================[0m
[1mSYSTEM MONITOR V2[0m | Time: 2026-10-01 12:47:11
[96m------------------------------------------------------------[0m
[1m[ CPU ][0m Used: [92m2.9%[0m | Free: 97.1%
[96m------------------------------------------------------------[0m
[1m[ RAM ][0m Used: [92m7.77 GB (52.3%)[0m | Available: 7.08 GB | Total: 14.84 GB
[1m[ SWAP ][0m Used: 0.0 GB (0.0%) | Free: 4.0 GB | Total: 4.0 GB
        [93mTop 5 RAM Processes (Logged 10):[0m
          1. code (PID 11526) - 669.59 MB (4.41%)
          2. code (PID 8588) - 645.37 MB (4.25%)
          3. code (PID 8252) - 581.5 MB (3.83%)
          4. chrome (PID 6354) - 535.51 MB (3.52%)
          5. chrome (PID 7112) - 524.8 MB (3.45%)
[96m------------------------------------------------------------[0m
[1m[ DISK ][0m Used: [92m24.07 GB (2.63%)[0m | Free: 891.76 GB | Total: 915.83 GB
         [93mI/O:[0m Read 0.0 MB/s | Write 0.36 MB/s | Activity: 0.12%
[96m------------------------------------------------------------[0m
[1m[ NET ][0m Upload: 0.0 MB/s | Download: 0.0 MB/s
[96m------------------------------------------------------------[0m
[1m[ BATTERY ][0m [92m99.28%[0m (Charging/Plugged in)
[1m[96m============================================================[0m
[1m[92mData logged to 2026_logs/2026-10-01.jsonl... (Press Ctrl+C to stop)[0m
[1m[96m============================================================[0m
[1mSYSTEM MONITOR V2[0m | Time: 2026-10-01 12:47:16
[96m------------------------------------------------------------[0m
[1m[ CPU ][0m Used: [92m2.7%[0m | Free: 97.3%
[96m------------------------------------------------------------[0m
[1m[ RAM ][0m Used: [92m7.76 GB (52.3%)[0m | Available: 7.08 GB | Total: 14.84 GB
[1m[ SWAP ][0m Used: 0.0 GB (0.0%) | Free: 4.0 GB | Total: 4.0 GB
        [93mTop 5 RAM Processes (Logged 10):[0m
          1. code (PID 11526) - 669.77 MB (4.41%)
          2. code (PID 8588) - 648.43 MB (4.27%)
          3. code (PID 8252) - 587.97 MB (3.87%)
          4. chrome (PID 6354) - 535.51 MB (3.52%)
          5. chrome (PID 7112) - 524.8 MB (3.45%)
[96m------------------------------------------------------------[0m
[1m[ DISK ][0m Used: [92m24.07 GB (2.63%)[0m | Free: 891.76 GB | Total: 915.83 GB
         [93mI/O:[0m Read 0.0 MB/s | Write 0.02 MB/s | Activity: 0.82%
[96m------------------------------------------------------------[0m
[1m[ NET ][0m Upload: 0.0 MB/s | Download: 0.0 MB/s
[96m------------------------------------------------------------[0m
[1m[ BATTERY ][0m [92m99.28%[0m (Charging/Plugged in)
[1m[96m============================================================[0m
[1m[92mData logged to 2026_logs/2026-10-01.jsonl... (Press Ctrl+C to stop)[0m
[1m[96m============================================================[0m
[1mSYSTEM MONITOR V2[0m | Time: 2026-10-01 12:47:21
[96m------------------------------------------------------------[0m
[1m[ CPU ][0m Used: [92m3.0%[0m | Free: 97.0%
[96m------------------------------------------------------------[0m
[1m[ RAM ][0m Used: [92m7.76 GB (52.3%)[0m | Available: 7.08 GB | Total: 14.84 GB
[1m[ SWAP ][0m Used: 0.0 GB (0.0%) | Free: 4.0 GB | Total: 4.0 GB
        [93mTop 5 RAM Processes (Logged 10):[0m
          1. code (PID 11526) - 669.89 MB (4.41%)
          2. code (PID 8588) - 654.11 MB (4.3%)
          3. code (PID 8252) - 594.85 MB (3.91%)
          4. chrome (PID 6354) - 536.37 MB (3.53%)
          5. chrome (PID 7112) - 524.8 MB (3.45%)
[96m------------------------------------------------------------[0m
[1m[ DISK ][0m Used: [92m24.07 GB (2.63%)[0m | Free: 891.76 GB | Total: 915.83 GB
         [93mI/O:[0m Read 0.0 MB/s | Write 0.08 MB/s | Activity: 1.11%
[96m------------------------------------------------------------[0m
[1m[ NET ][0m Upload: 0.0 MB/s | Download: 0.0 MB/s
[96m------------------------------------------------------------[0m
[1m[ BATTERY ][0m [92m99.28%[0m (Charging/Plugged in)
[1m[96m============================================================[0m
[1m[92mData logged to 2026_logs/2026-10-01.jsonl... (Press Ctrl+C to stop)[0m
[1m[96m============================================================[0m
[1mSYSTEM MONITOR V2[0m | Time: 2026-10-01 12:47:26
[96m------------------------------------------------------------[0m
[1m[ CPU ][0m Used: [92m3.9%[0m | Free: 96.1%
[96m------------------------------------------------------------[0m
[1m[ RAM ][0m Used: [92m7.83 GB (52.8%)[0m | Available: 7.01 GB | Total: 14.84 GB
[1m[ SWAP ][0m Used: 0.0 GB (0.0%) | Free: 4.0 GB | Total: 4.0 GB
        [93mTop 5 RAM Processes (Logged 10):[0m
          1. code (PID 11526) - 670.02 MB (4.41%)
          2. code (PID 8588) - 655.98 MB (4.32%)
          3. code (PID 8252) - 600.66 MB (3.95%)
          4. chrome (PID 6354) - 536.18 MB (3.53%)
          5. chrome (PID 7112) - 528.98 MB (3.48%)
[96m------------------------------------------------------------[0m
[1m[ DISK ][0m Used: [92m24.07 GB (2.63%)[0m | Free: 891.76 GB | Total: 915.83 GB
         [93mI/O:[0m Read 0.0 MB/s | Write 0.03 MB/s | Activity: 0.94%
[96m------------------------------------------------------------[0m
[1m[ NET ][0m Upload: 0.01 MB/s | Download: 0.0 MB/s
[96m------------------------------------------------------------[0m
[1m[ BATTERY ][0m [92m99.28%[0m (Charging/Plugged in)
[1m[96m============================================================[0m
[1m[92mData logged to 2026_logs/2026-10-01.jsonl... (Press Ctrl+C to stop)[0m
[1m[96m============================================================[0m
[1mSYSTEM MONITOR V2[0m | Time: 2026-10-01 12:47:31
[96m------------------------------------------------------------[0m
[1m[ CPU ][0m Used: [92m3.0%[0m | Free: 97.0%
[96m------------------------------------------------------------[0m
[1m[ RAM ][0m Used: [92m7.85 GB (52.9%)[0m | Available: 7.0 GB | Total: 14.84 GB
[1m[ SWAP ][0m Used: 0.0 GB (0.0%) | Free: 4.0 GB | Total: 4.0 GB
        [93mTop 5 RAM Processes (Logged 10):[0m
          1. code (PID 11526) - 670.16 MB (4.41%)
          2. code (PID 8588) - 666.65 MB (4.39%)
          3. code (PID 8252) - 609.22 MB (4.01%)
          4. chrome (PID 6354) - 535.52 MB (3.52%)
          5. chrome (PID 7112) - 528.98 MB (3.48%)
[96m------------------------------------------------------------[0m
[1m[ DISK ][0m Used: [92m24.07 GB (2.63%)[0m | Free: 891.76 GB | Total: 915.83 GB
         [93mI/O:[0m Read 0.0 MB/s | Write 0.01 MB/s | Activity: 0.87%
[96m------------------------------------------------------------[0m
[1m[ NET ][0m Upload: 0.0 MB/s | Download: 0.01 MB/s
[96m------------------------------------------------------------[0m
[1m[ BATTERY ][0m [92m99.28%[0m (Charging/Plugged in)
[1m[96m============================================================[0m
[1m[92mData logged to 2026_logs/2026-10-01.jsonl... (Press Ctrl+C to stop)[0m
[1m[96m============================================================[0m
[1mSYSTEM MONITOR V2[0m | Time: 2026-10-01 12:47:36
[96m------------------------------------------------------------[0m
[1m[ CPU ][0m Used: [92m4.2%[0m | Free: 95.8%
[96m------------------------------------------------------------[0m
[1m[ RAM ][0m Used: [92m7.82 GB (52.7%)[0m | Available: 7.02 GB | Total: 14.84 GB
[1m[ SWAP ][0m Used: 0.0 GB (0.0%) | Free: 4.0 GB | Total: 4.0 GB
        [93mTop 5 RAM Processes (Logged 10):[0m
          1. code (PID 11526) - 669.52 MB (4.4%)
          2. code (PID 8588) - 651.26 MB (4.28%)
          3. code (PID 8252) - 598.56 MB (3.94%)
          4. chrome (PID 6354) - 535.62 MB (3.52%)
          5. chrome (PID 7112) - 528.98 MB (3.48%)
[96m------------------------------------------------------------[0m
[1m[ DISK ][0m Used: [92m24.07 GB (2.63%)[0m | Free: 891.76 GB | Total: 915.83 GB
         [93mI/O:[0m Read 0.0 MB/s | Write 0.48 MB/s | Activity: 1.69%
[96m------------------------------------------------------------[0m
[1m[ NET ][0m Upload: 0.0 MB/s | Download: 0.01 MB/s
[96m------------------------------------------------------------[0m
[1m[ BATTERY ][0m [92m99.28%[0m (Charging/Plugged in)
[1m[96m============================================================[0m
[1m[92mData logged to 2026_logs/2026-10-01.jsonl... (Press Ctrl+C to stop)[0m
[1m[96m============================================================[0m
[1mSYSTEM MONITOR V2[0m | Time: 2026-10-01 12:47:41
[96m------------------------------------------------------------[0m
[1m[ CPU ][0m Used: [92m4.3%[0m | Free: 95.7%
[96m------------------------------------------------------------[0m
[1m[ RAM ][0m Used: [92m7.78 GB (52.4%)[0m | Available: 7.06 GB | Total: 14.84 GB
[1m[ SWAP ][0m Used: 0.0 GB (0.0%) | Free: 4.0 GB | Total: 4.0 GB
        [93mTop 5 RAM Processes (Logged 10):[0m
          1. code (PID 11526) - 669.66 MB (4.41%)
          2. code (PID 8588) - 653.64 MB (4.3%)
          3. chrome (PID 6354) - 535.52 MB (3.52%)
          4. code (PID 8252) - 534.91 MB (3.52%)
          5. chrome (PID 7112) - 528.98 MB (3.48%)
[96m------------------------------------------------------------[0m
[1m[ DISK ][0m Used: [92m24.07 GB (2.63%)[0m | Free: 891.76 GB | Total: 915.83 GB
         [93mI/O:[0m Read 0.0 MB/s | Write 0.02 MB/s | Activity: 1.63%
[96m------------------------------------------------------------[0m
[1m[ NET ][0m Upload: 0.0 MB/s | Download: 0.0 MB/s
[96m------------------------------------------------------------[0m
[1m[ BATTERY ][0m [92m99.28%[0m (Charging/Plugged in)
[1m[96m============================================================[0m
[1m[92mData logged to 2026_logs/2026-10-01.jsonl... (Press Ctrl+C to stop)[0m
[1m[96m============================================================[0m
[1mSYSTEM MONITOR V2[0m | Time: 2026-10-01 12:47:46
[96m------------------------------------------------------------[0m
[1m[ CPU ][0m Used: [92m3.0%[0m | Free: 97.0%
[96m------------------------------------------------------------[0m
[1m[ RAM ][0m Used: [92m7.77 GB (52.4%)[0m | Available: 7.07 GB | Total: 14.84 GB
[1m[ SWAP ][0m Used: 0.0 GB (0.0%) | Free: 4.0 GB | Total: 4.0 GB
        [93mTop 5 RAM Processes (Logged 10):[0m
          1. code (PID 11526) - 669.79 MB (4.41%)
          2. code (PID 8588) - 656.88 MB (4.32%)
          3. code (PID 8252) - 541.8 MB (3.56%)
          4. chrome (PID 6354) - 535.71 MB (3.52%)
          5. chrome (PID 7112) - 528.98 MB (3.48%)
[96m------------------------------------------------------------[0m
[1m[ DISK ][0m Used: [92m24.07 GB (2.63%)[0m | Free: 891.76 GB | Total: 915.83 GB
         [93mI/O:[0m Read 0.0 MB/s | Write 0.13 MB/s | Activity: 0.81%
[96m------------------------------------------------------------[0m
[1m[ NET ][0m Upload: 0.0 MB/s | Download: 0.0 MB/s
[96m------------------------------------------------------------[0m
[1m[ BATTERY ][0m [92m99.28%[0m (Charging/Plugged in)
[1m[96m============================================================[0m
[1m[92mData logged to 2026_logs/2026-10-01.jsonl... (Press Ctrl+C to stop)[0m
[1m[96m============================================================[0m
[1mSYSTEM MONITOR V2[0m | Time: 2026-10-01 12:47:51
[96m------------------------------------------------------------[0m
[1m[ CPU ][0m Used: [92m3.0%[0m | Free: 97.0%
[96m------------------------------------------------------------[0m
[1m[ RAM ][0m Used: [92m7.77 GB (52.3%)[0m | Available: 7.08 GB | Total: 14.84 GB
[1m[ SWAP ][0m Used: 0.0 GB (0.0%) | Free: 4.0 GB | Total: 4.0 GB
        [93mTop 5 RAM Processes (Logged 10):[0m
          1. code (PID 11526) - 669.91 MB (4.41%)
          2. code (PID 8588) - 660.2 MB (4.34%)
          3. code (PID 8252) - 550.71 MB (3.62%)
          4. chrome (PID 6354) - 535.78 MB (3.53%)
          5. chrome (PID 7112) - 528.98 MB (3.48%)
[96m------------------------------------------------------------[0m
[1m[ DISK ][0m Used: [92m24.07 GB (2.63%)[0m | Free: 891.76 GB | Total: 915.83 GB
         [93mI/O:[0m Read 0.0 MB/s | Write 0.08 MB/s | Activity: 1.81%
[96m------------------------------------------------------------[0m
[1m[ NET ][0m Upload: 0.0 MB/s | Download: 0.0 MB/s
[96m------------------------------------------------------------[0m
[1m[ BATTERY ][0m [92m99.28%[0m (Charging/Plugged in)
[1m[96m============================================================[0m
[1m[92mData logged to 2026_logs/2026-10-01.jsonl... (Press Ctrl+C to stop)[0m
[1m[96m============================================================[0m
[1mSYSTEM MONITOR V2[0m | Time: 2026-10-01 12:47:56
[96m------------------------------------------------------------[0m
[1m[ CPU ][0m Used: [92m4.0%[0m | Free: 96.0%
[96m------------------------------------------------------------[0m
[1m[ RAM ][0m Used: [92m7.78 GB (52.4%)[0m | Available: 7.07 GB | Total: 14.84 GB
[1m[ SWAP ][0m Used: 0.0 GB (0.0%) | Free: 4.0 GB | Total: 4.0 GB
        [93mTop 5 RAM Processes (Logged 10):[0m
          1. code (PID 11526) - 670.04 MB (4.41%)
          2. code (PID 8588) - 664.71 MB (4.37%)
          3. code (PID 8252) - 549.56 MB (3.62%)
          4. chrome (PID 6354) - 535.76 MB (3.52%)
          5. chrome (PID 7112) - 525.43 MB (3.46%)
[96m------------------------------------------------------------[0m
[1m[ DISK ][0m Used: [92m24.07 GB (2.63%)[0m | Free: 891.76 GB | Total: 915.83 GB
         [93mI/O:[0m Read 0.0 MB/s | Write 0.36 MB/s | Activity: 0.92%
[96m------------------------------------------------------------[0m
[1m[ NET ][0m Upload: 0.01 MB/s | Download: 0.0 MB/s
[96m------------------------------------------------------------[0m
[1m[ BATTERY ][0m [92m99.28%[0m (Charging/Plugged in)
[1m[96m============================================================[0m
[1m[92mData logged to 2026_logs/2026-10-01.jsonl... (Press Ctrl+C to stop)[0m
[1m[96m============================================================[0m
[1mSYSTEM MONITOR V2[0m | Time: 2026-10-01 12:48:01
[96m------------------------------------------------------------[0m
[1m[ CPU ][0m Used: [92m2.7%[0m | Free: 97.3%
[96m------------------------------------------------------------[0m
[1m[ RAM ][0m Used: [92m7.79 GB (52.5%)[0m | Available: 7.05 GB | Total: 14.84 GB
[1m[ SWAP ][0m Used: 0.0 GB (0.0%) | Free: 4.0 GB | Total: 4.0 GB
        [93mTop 5 RAM Processes (Logged 10):[0m
          1. code (PID 8588) - 671.17 MB (4.42%)
          2. code (PID 11526) - 670.16 MB (4.41%)
          3. code (PID 8252) - 556.38 MB (3.66%)
          4. chrome (PID 6354) - 535.67 MB (3.52%)
          5. chrome (PID 7112) - 524.0 MB (3.45%)
[96m------------------------------------------------------------[0m
[1m[ DISK ][0m Used: [92m24.07 GB (2.63%)[0m | Free: 891.76 GB | Total: 915.83 GB
         [93mI/O:[0m Read 0.0 MB/s | Write 0.06 MB/s | Activity: 1.81%
[96m------------------------------------------------------------[0m
[1m[ NET ][0m Upload: 0.0 MB/s | Download: 0.0 MB/s
[96m------------------------------------------------------------[0m
[1m[ BATTERY ][0m [92m99.28%[0m (Charging/Plugged in)
[1m[96m============================================================[0m
[1m[92mData logged to 2026_logs/2026-10-01.jsonl... (Press Ctrl+C to stop)[0m
[1m[96m============================================================[0m
[1mSYSTEM MONITOR V2[0m | Time: 2026-10-01 12:48:06
[96m------------------------------------------------------------[0m
[1m[ CPU ][0m Used: [92m2.6%[0m | Free: 97.4%
[96m------------------------------------------------------------[0m
[1m[ RAM ][0m Used: [92m7.79 GB (52.5%)[0m | Available: 7.05 GB | Total: 14.84 GB
[1m[ SWAP ][0m Used: 0.0 GB (0.0%) | Free: 4.0 GB | Total: 4.0 GB
        [93mTop 5 RAM Processes (Logged 10):[0m
          1. code (PID 11526) - 670.31 MB (4.41%)
          2. code (PID 8588) - 664.91 MB (4.37%)
          3. code (PID 8252) - 563.85 MB (3.71%)
          4. chrome (PID 6354) - 535.68 MB (3.52%)
          5. chrome (PID 7112) - 524.0 MB (3.45%)
[96m------------------------------------------------------------[0m
[1m[ DISK ][0m Used: [92m24.07 GB (2.63%)[0m | Free: 891.76 GB | Total: 915.83 GB
         [93mI/O:[0m Read 0.0 MB/s | Write 0.33 MB/s | Activity: 0.88%
[96m------------------------------------------------------------[0m
[1m[ NET ][0m Upload: 0.0 MB/s | Download: 0.0 MB/s
[96m------------------------------------------------------------[0m
[1m[ BATTERY ][0m [92m99.28%[0m (Charging/Plugged in)
[1m[96m============================================================[0m
[1m[92mData logged to 2026_logs/2026-10-01.jsonl... (Press Ctrl+C to stop)[0m
[1m[96m============================================================[0m
[1mSYSTEM MONITOR V2[0m | Time: 2026-10-01 12:48:11
[96m------------------------------------------------------------[0m
[1m[ CPU ][0m Used: [92m2.9%[0m | Free: 97.1%
[96m------------------------------------------------------------[0m
[1m[ RAM ][0m Used: [92m7.81 GB (52.6%)[0m | Available: 7.03 GB | Total: 14.84 GB
[1m[ SWAP ][0m Used: 0.0 GB (0.0%) | Free: 4.0 GB | Total: 4.0 GB
        [93mTop 5 RAM Processes (Logged 10):[0m
          1. code (PID 11526) - 669.61 MB (4.41%)
          2. code (PID 8588) - 646.05 MB (4.25%)
          3. code (PID 8252) - 569.52 MB (3.75%)
          4. chrome (PID 6354) - 535.37 MB (3.52%)
          5. chrome (PID 7112) - 524.0 MB (3.45%)
[96m------------------------------------------------------------[0m
[1m[ DISK ][0m Used: [92m24.07 GB (2.63%)[0m | Free: 891.76 GB | Total: 915.83 GB
         [93mI/O:[0m Read 0.0 MB/s | Write 0.0 MB/s | Activity: 0.06%
[96m------------------------------------------------------------[0m
[1m[ NET ][0m Upload: 0.0 MB/s | Download: 0.0 MB/s
[96m------------------------------------------------------------[0m
[1m[ BATTERY ][0m [92m99.28%[0m (Charging/Plugged in)
[1m[96m============================================================[0m
[1m[92mData logged to 2026_logs/2026-10-01.jsonl... (Press Ctrl+C to stop)[0m
[1m[96m============================================================[0m
[1mSYSTEM MONITOR V2[0m | Time: 2026-10-01 12:48:17
[96m------------------------------------------------------------[0m
[1m[ CPU ][0m Used: [92m3.9%[0m | Free: 96.1%
[96m------------------------------------------------------------[0m
[1m[ RAM ][0m Used: [92m7.79 GB (52.5%)[0m | Available: 7.06 GB | Total: 14.84 GB
[1m[ SWAP ][0m Used: 0.0 GB (0.0%) | Free: 4.0 GB | Total: 4.0 GB
        [93mTop 5 RAM Processes (Logged 10):[0m
          1. code (PID 11526) - 669.79 MB (4.41%)
          2. code (PID 8588) - 650.2 MB (4.28%)
          3. code (PID 8252) - 563.78 MB (3.71%)
          4. chrome (PID 6354) - 535.38 MB (3.52%)
          5. chrome (PID 7112) - 524.0 MB (3.45%)
[96m------------------------------------------------------------[0m
[1m[ DISK ][0m Used: [92m24.07 GB (2.63%)[0m | Free: 891.76 GB | Total: 915.83 GB
         [93mI/O:[0m Read 0.0 MB/s | Write 0.02 MB/s | Activity: 1.67%
[96m------------------------------------------------------------[0m
[1m[ NET ][0m Upload: 0.0 MB/s | Download: 0.0 MB/s
[96m------------------------------------------------------------[0m
[1m[ BATTERY ][0m [92m99.28%[0m (Charging/Plugged in)
[1m[96m============================================================[0m
[1m[92mData logged to 2026_logs/2026-10-01.jsonl... (Press Ctrl+C to stop)[0m
[1m[96m============================================================[0m
[1mSYSTEM MONITOR V2[0m | Time: 2026-10-01 12:48:22
[96m------------------------------------------------------------[0m
[1m[ CPU ][0m Used: [92m3.6%[0m | Free: 96.4%
[96m------------------------------------------------------------[0m
[1m[ RAM ][0m Used: [92m7.81 GB (52.6%)[0m | Available: 7.03 GB | Total: 14.84 GB
[1m[ SWAP ][0m Used: 0.0 GB (0.0%) | Free: 4.0 GB | Total: 4.0 GB
        [93mTop 5 RAM Processes (Logged 10):[0m
          1. code (PID 11526) - 669.97 MB (4.41%)
          2. code (PID 8588) - 653.42 MB (4.3%)
          3. code (PID 8252) - 569.82 MB (3.75%)
          4. chrome (PID 6354) - 538.41 MB (3.54%)
          5. chrome (PID 7112) - 532.99 MB (3.51%)
[96m------------------------------------------------------------[0m
[1m[ DISK ][0m Used: [92m24.07 GB (2.63%)[0m | Free: 891.76 GB | Total: 915.83 GB
         [93mI/O:[0m Read 0.0 MB/s | Write 0.1 MB/s | Activity: 1.91%
[96m------------------------------------------------------------[0m
[1m[ NET ][0m Upload: 0.01 MB/s | Download: 0.0 MB/s
[96m------------------------------------------------------------[0m
[1m[ BATTERY ][0m [92m99.28%[0m (Charging/Plugged in)
[1m[96m============================================================[0m
[1m[92mData logged to 2026_logs/2026-10-01.jsonl... (Press Ctrl+C to stop)[0m
[1m[96m============================================================[0m
[1mSYSTEM MONITOR V2[0m | Time: 2026-10-01 12:48:27
[96m------------------------------------------------------------[0m
[1m[ CPU ][0m Used: [92m3.5%[0m | Free: 96.5%
[96m------------------------------------------------------------[0m
[1m[ RAM ][0m Used: [92m7.83 GB (52.8%)[0m | Available: 7.01 GB | Total: 14.84 GB
[1m[ SWAP ][0m Used: 0.0 GB (0.0%) | Free: 4.0 GB | Total: 4.0 GB
        [93mTop 5 RAM Processes (Logged 10):[0m
          1. code (PID 11526) - 670.09 MB (4.41%)
          2. code (PID 8588) - 658.67 MB (4.33%)
          3. code (PID 8252) - 575.04 MB (3.78%)
          4. chrome (PID 6354) - 535.72 MB (3.52%)
          5. chrome (PID 7112) - 533.05 MB (3.51%)
[96m------------------------------------------------------------[0m
[1m[ DISK ][0m Used: [92m24.07 GB (2.63%)[0m | Free: 891.76 GB | Total: 915.83 GB
         [93mI/O:[0m Read 0.0 MB/s | Write 0.39 MB/s | Activity: 0.18%
[96m------------------------------------------------------------[0m
[1m[ NET ][0m Upload: 0.0 MB/s | Download: 0.0 MB/s
[96m------------------------------------------------------------[0m
[1m[ BATTERY ][0m [92m99.28%[0m (Charging/Plugged in)
[1m[96m============================================================[0m
[1m[92mData logged to 2026_logs/2026-10-01.jsonl... (Press Ctrl+C to stop)[0m
[1m[96m============================================================[0m
[1mSYSTEM MONITOR V2[0m | Time: 2026-10-01 12:48:32
[96m------------------------------------------------------------[0m
[1m[ CPU ][0m Used: [92m3.0%[0m | Free: 97.0%
[96m------------------------------------------------------------[0m
[1m[ RAM ][0m Used: [92m7.84 GB (52.8%)[0m | Available: 7.0 GB | Total: 14.84 GB
[1m[ SWAP ][0m Used: 0.0 GB (0.0%) | Free: 4.0 GB | Total: 4.0 GB
        [93mTop 5 RAM Processes (Logged 10):[0m
          1. code (PID 11526) - 670.22 MB (4.41%)
          2. code (PID 8588) - 663.81 MB (4.37%)
          3. code (PID 8252) - 586.2 MB (3.86%)
          4. chrome (PID 6354) - 540.27 MB (3.55%)
          5. chrome (PID 7112) - 533.05 MB (3.51%)
[96m------------------------------------------------------------[0m
[1m[ DISK ][0m Used: [92m24.07 GB (2.63%)[0m | Free: 891.76 GB | Total: 915.83 GB
         [93mI/O:[0m Read 0.0 MB/s | Write 0.02 MB/s | Activity: 0.94%
[96m------------------------------------------------------------[0m
[1m[ NET ][0m Upload: 0.0 MB/s | Download: 0.0 MB/s
[96m------------------------------------------------------------[0m
[1m[ BATTERY ][0m [92m99.28%[0m (Charging/Plugged in)
[1m[96m============================================================[0m
[1m[92mData logged to 2026_logs/2026-10-01.jsonl... (Press Ctrl+C to stop)[0m
[1m[96m============================================================[0m
[1mSYSTEM MONITOR V2[0m | Time: 2026-10-01 12:48:37
[96m------------------------------------------------------------[0m
[1m[ CPU ][0m Used: [92m5.1%[0m | Free: 94.9%
[96m------------------------------------------------------------[0m
[1m[ RAM ][0m Used: [92m7.85 GB (52.9%)[0m | Available: 6.99 GB | Total: 14.84 GB
[1m[ SWAP ][0m Used: 0.0 GB (0.0%) | Free: 4.0 GB | Total: 4.0 GB
        [93mTop 5 RAM Processes (Logged 10):[0m
          1. code (PID 11526) - 670.36 MB (4.41%)
          2. code (PID 8588) - 657.26 MB (4.32%)
          3. code (PID 8252) - 590.73 MB (3.89%)
          4. chrome (PID 6354) - 536.72 MB (3.53%)
          5. chrome (PID 7112) - 533.05 MB (3.51%)
[96m------------------------------------------------------------[0m
[1m[ DISK ][0m Used: [92m24.07 GB (2.63%)[0m | Free: 891.76 GB | Total: 915.83 GB
         [93mI/O:[0m Read 0.0 MB/s | Write 0.53 MB/s | Activity: 1.19%
[96m------------------------------------------------------------[0m
[1m[ NET ][0m Upload: 0.0 MB/s | Download: 0.0 MB/s
[96m------------------------------------------------------------[0m
[1m[ BATTERY ][0m [92m99.28%[0m (Charging/Plugged in)
[1m[96m============================================================[0m
[1m[92mData logged to 2026_logs/2026-10-01.jsonl... (Press Ctrl+C to stop)[0m
[1m[96m============================================================[0m
[1mSYSTEM MONITOR V2[0m | Time: 2026-10-01 12:48:42
[96m------------------------------------------------------------[0m
[1m[ CPU ][0m Used: [92m6.0%[0m | Free: 94.0%
        [93mTop 5 (Logged 10):[0m gnome-shell (3.32%)
[96m------------------------------------------------------------[0m
[1m[ RAM ][0m Used: [92m7.85 GB (52.9%)[0m | Available: 6.99 GB | Total: 14.84 GB
[1m[ SWAP ][0m Used: 0.0 GB (0.0%) | Free: 4.0 GB | Total: 4.0 GB
        [93mTop 5 RAM Processes (Logged 10):[0m
          1. code (PID 11526) - 669.68 MB (4.41%)
          2. code (PID 8588) - 660.73 MB (4.35%)
          3. code (PID 8252) - 598.22 MB (3.94%)
          4. chrome (PID 6354) - 536.38 MB (3.53%)
          5. chrome (PID 7112) - 533.05 MB (3.51%)
[96m------------------------------------------------------------[0m
[1m[ DISK ][0m Used: [92m24.07 GB (2.63%)[0m | Free: 891.76 GB | Total: 915.83 GB
         [93mI/O:[0m Read 0.0 MB/s | Write 0.05 MB/s | Activity: 0.96%
[96m------------------------------------------------------------[0m
[1m[ NET ][0m Upload: 0.01 MB/s | Download: 0.0 MB/s
[96m------------------------------------------------------------[0m
[1m[ BATTERY ][0m [92m99.28%[0m (Charging/Plugged in)
[1m[96m============================================================[0m
[1m[92mData logged to 2026_logs/2026-10-01.jsonl... (Press Ctrl+C to stop)[0m
[1m[96m============================================================[0m
[1mSYSTEM MONITOR V2[0m | Time: 2026-10-01 12:48:47
[96m------------------------------------------------------------[0m
[1m[ CPU ][0m Used: [92m9.9%[0m | Free: 90.1%
        [93mTop 5 (Logged 10):[0m gnome-shell (2.57%), code (2.51%), code (2.24%)
[96m------------------------------------------------------------[0m
[1m[ RAM ][0m Used: [92m8.04 GB (54.2%)[0m | Available: 6.8 GB | Total: 14.84 GB
[1m[ SWAP ][0m Used: 0.0 GB (0.0%) | Free: 4.0 GB | Total: 4.0 GB
        [93mTop 5 RAM Processes (Logged 10):[0m
          1. code (PID 11526) - 669.8 MB (4.41%)
          2. code (PID 8588) - 664.21 MB (4.37%)
          3. code (PID 8252) - 597.22 MB (3.93%)
          4. chrome (PID 6354) - 536.07 MB (3.53%)
          5. chrome (PID 7112) - 533.05 MB (3.51%)
[96m------------------------------------------------------------[0m
[1m[ DISK ][0m Used: [92m24.07 GB (2.63%)[0m | Free: 891.76 GB | Total: 915.83 GB
         [93mI/O:[0m Read 0.0 MB/s | Write 0.11 MB/s | Activity: 1.15%
[96m------------------------------------------------------------[0m
[1m[ NET ][0m Upload: 0.0 MB/s | Download: 0.0 MB/s
[96m------------------------------------------------------------[0m
[1m[ BATTERY ][0m [92m99.28%[0m (Charging/Plugged in)
[1m[96m============================================================[0m
[1m[92mData logged to 2026_logs/2026-10-01.jsonl... (Press Ctrl+C to stop)[0m
[1m[96m============================================================[0m
[1mSYSTEM MONITOR V2[0m | Time: 2026-10-01 12:48:52
[96m------------------------------------------------------------[0m
[1m[ CPU ][0m Used: [92m4.1%[0m | Free: 95.9%
[96m------------------------------------------------------------[0m
[1m[ RAM ][0m Used: [92m7.87 GB (53.0%)[0m | Available: 6.97 GB | Total: 14.84 GB
[1m[ SWAP ][0m Used: 0.0 GB (0.0%) | Free: 4.0 GB | Total: 4.0 GB
        [93mTop 5 RAM Processes (Logged 10):[0m
          1. code (PID 11526) - 669.93 MB (4.41%)
          2. code (PID 8588) - 667.47 MB (4.39%)
          3. code (PID 8252) - 594.63 MB (3.91%)
          4. chrome (PID 6354) - 536.07 MB (3.53%)
          5. chrome (PID 7112) - 527.61 MB (3.47%)
[96m------------------------------------------------------------[0m
[1m[ DISK ][0m Used: [92m24.07 GB (2.63%)[0m | Free: 891.76 GB | Total: 915.83 GB
         [93mI/O:[0m Read 0.0 MB/s | Write 0.02 MB/s | Activity: 0.86%
[96m------------------------------------------------------------[0m
[1m[ NET ][0m Upload: 0.0 MB/s | Download: 0.0 MB/s
[96m------------------------------------------------------------[0m
[1m[ BATTERY ][0m [92m99.28%[0m (Charging/Plugged in)
[1m[96m============================================================[0m
[1m[92mData logged to 2026_logs/2026-10-01.jsonl... (Press Ctrl+C to stop)[0m
[1m[96m============================================================[0m
[1mSYSTEM MONITOR V2[0m | Time: 2026-10-01 12:48:57
[96m------------------------------------------------------------[0m
[1m[ CPU ][0m Used: [92m2.9%[0m | Free: 97.1%
[96m------------------------------------------------------------[0m
[1m[ RAM ][0m Used: [92m7.88 GB (53.1%)[0m | Available: 6.96 GB | Total: 14.84 GB
[1m[ SWAP ][0m Used: 0.0 GB (0.0%) | Free: 4.0 GB | Total: 4.0 GB
        [93mTop 5 RAM Processes (Logged 10):[0m
          1. code (PID 8588) - 670.95 MB (4.41%)
          2. code (PID 11526) - 670.05 MB (4.41%)
          3. code (PID 8252) - 595.63 MB (3.92%)
          4. chrome (PID 6354) - 536.5 MB (3.53%)
          5. chrome (PID 7112) - 527.61 MB (3.47%)
[96m------------------------------------------------------------[0m
[1m[ DISK ][0m Used: [92m24.07 GB (2.63%)[0m | Free: 891.76 GB | Total: 915.83 GB
         [93mI/O:[0m Read 0.0 MB/s | Write 0.57 MB/s | Activity: 0.2%
[96m------------------------------------------------------------[0m
[1m[ NET ][0m Upload: 0.0 MB/s | Download: 0.0 MB/s
[96m------------------------------------------------------------[0m
[1m[ BATTERY ][0m [92m99.28%[0m (Charging/Plugged in)
[1m[96m============================================================[0m
[1m[92mData logged to 2026_logs/2026-10-01.jsonl... (Press Ctrl+C to stop)[0m
[1m[96m============================================================[0m
[1mSYSTEM MONITOR V2[0m | Time: 2026-10-01 12:49:02
[96m------------------------------------------------------------[0m
[1m[ CPU ][0m Used: [92m3.8%[0m | Free: 96.2%
[96m------------------------------------------------------------[0m
[1m[ RAM ][0m Used: [92m7.74 GB (52.1%)[0m | Available: 7.1 GB | Total: 14.84 GB
[1m[ SWAP ][0m Used: 0.0 GB (0.0%) | Free: 4.0 GB | Total: 4.0 GB
        [93mTop 5 RAM Processes (Logged 10):[0m
          1. code (PID 11526) - 670.18 MB (4.41%)
          2. code (PID 8588) - 636.72 MB (4.19%)
          3. code (PID 8252) - 601.79 MB (3.96%)
          4. chrome (PID 6354) - 535.78 MB (3.53%)
          5. chrome (PID 7112) - 526.18 MB (3.46%)
[96m------------------------------------------------------------[0m
[1m[ DISK ][0m Used: [92m24.07 GB (2.63%)[0m | Free: 891.76 GB | Total: 915.83 GB
         [93mI/O:[0m Read 0.0 MB/s | Write 0.14 MB/s | Activity: 1.63%
[96m------------------------------------------------------------[0m
[1m[ NET ][0m Upload: 0.0 MB/s | Download: 0.0 MB/s
[96m------------------------------------------------------------[0m
[1m[ BATTERY ][0m [92m99.28%[0m (Charging/Plugged in)
[1m[96m============================================================[0m
[1m[92mData logged to 2026_logs/2026-10-01.jsonl... (Press Ctrl+C to stop)[0m
[1m[96m============================================================[0m
[1mSYSTEM MONITOR V2[0m | Time: 2026-10-01 12:49:07
[96m------------------------------------------------------------[0m
[1m[ CPU ][0m Used: [92m2.7%[0m | Free: 97.3%
[96m------------------------------------------------------------[0m
[1m[ RAM ][0m Used: [92m7.72 GB (52.0%)[0m | Available: 7.12 GB | Total: 14.84 GB
[1m[ SWAP ][0m Used: 0.0 GB (0.0%) | Free: 4.0 GB | Total: 4.0 GB
        [93mTop 5 RAM Processes (Logged 10):[0m
          1. code (PID 11526) - 670.31 MB (4.41%)
          2. code (PID 8588) - 639.95 MB (4.21%)
          3. code (PID 8252) - 608.05 MB (4.0%)
          4. chrome (PID 6354) - 535.65 MB (3.52%)
          5. chrome (PID 7112) - 526.19 MB (3.46%)
[96m------------------------------------------------------------[0m
[1m[ DISK ][0m Used: [92m24.07 GB (2.63%)[0m | Free: 891.76 GB | Total: 915.83 GB
         [93mI/O:[0m Read 0.0 MB/s | Write 0.38 MB/s | Activity: 1.0%
[96m------------------------------------------------------------[0m
[1m[ NET ][0m Upload: 0.0 MB/s | Download: 0.0 MB/s
[96m------------------------------------------------------------[0m
[1m[ BATTERY ][0m [92m99.28%[0m (Charging/Plugged in)
[1m[96m============================================================[0m
[1m[92mData logged to 2026_logs/2026-10-01.jsonl... (Press Ctrl+C to stop)[0m
[1m[96m============================================================[0m
[1mSYSTEM MONITOR V2[0m | Time: 2026-10-01 12:49:12
[96m------------------------------------------------------------[0m
[1m[ CPU ][0m Used: [92m3.7%[0m | Free: 96.3%
[96m------------------------------------------------------------[0m
[1m[ RAM ][0m Used: [92m7.72 GB (52.0%)[0m | Available: 7.12 GB | Total: 14.84 GB
[1m[ SWAP ][0m Used: 0.0 GB (0.0%) | Free: 4.0 GB | Total: 4.0 GB
        [93mTop 5 RAM Processes (Logged 10):[0m
          1. code (PID 11526) - 670.45 MB (4.41%)
          2. code (PID 8588) - 639.19 MB (4.21%)
          3. code (PID 8252) - 593.75 MB (3.91%)
          4. chrome (PID 6354) - 535.73 MB (3.52%)
          5. chrome (PID 7112) - 524.77 MB (3.45%)
[96m------------------------------------------------------------[0m
[1m[ DISK ][0m Used: [92m24.07 GB (2.63%)[0m | Free: 891.76 GB | Total: 915.83 GB
         [93mI/O:[0m Read 0.0 MB/s | Write 0.0 MB/s | Activity: 0.0%
[96m------------------------------------------------------------[0m
[1m[ NET ][0m Upload: 0.0 MB/s | Download: 0.0 MB/s
[96m------------------------------------------------------------[0m
[1m[ BATTERY ][0m [92m99.28%[0m (Charging/Plugged in)
[1m[96m============================================================[0m
[1m[92mData logged to 2026_logs/2026-10-01.jsonl... (Press Ctrl+C to stop)[0m
[1m[96m============================================================[0m
[1mSYSTEM MONITOR V2[0m | Time: 2026-10-01 12:49:17
[96m------------------------------------------------------------[0m
[1m[ CPU ][0m Used: [92m2.7%[0m | Free: 97.3%
[96m------------------------------------------------------------[0m
[1m[ RAM ][0m Used: [92m7.72 GB (52.0%)[0m | Available: 7.12 GB | Total: 14.84 GB
[1m[ SWAP ][0m Used: 0.0 GB (0.0%) | Free: 4.0 GB | Total: 4.0 GB
        [93mTop 5 RAM Processes (Logged 10):[0m
          1. code (PID 11526) - 669.75 MB (4.41%)
          2. code (PID 8588) - 642.68 MB (4.23%)
          3. code (PID 8252) - 599.76 MB (3.95%)
          4. chrome (PID 6354) - 535.56 MB (3.52%)
          5. chrome (PID 7112) - 524.77 MB (3.45%)
[96m------------------------------------------------------------[0m
[1m[ DISK ][0m Used: [92m24.07 GB (2.63%)[0m | Free: 891.76 GB | Total: 915.83 GB
         [93mI/O:[0m Read 0.0 MB/s | Write 0.01 MB/s | Activity: 0.86%
[96m------------------------------------------------------------[0m
[1m[ NET ][0m Upload: 0.0 MB/s | Download: 0.0 MB/s
[96m------------------------------------------------------------[0m
[1m[ BATTERY ][0m [92m99.28%[0m (Charging/Plugged in)
[1m[96m============================================================[0m
[1m[92mData logged to 2026_logs/2026-10-01.jsonl... (Press Ctrl+C to stop)[0m
[1m[96m============================================================[0m
[1mSYSTEM MONITOR V2[0m | Time: 2026-10-01 12:49:22
[96m------------------------------------------------------------[0m
[1m[ CPU ][0m Used: [92m3.5%[0m | Free: 96.5%
[96m------------------------------------------------------------[0m
[1m[ RAM ][0m Used: [92m7.78 GB (52.4%)[0m | Available: 7.06 GB | Total: 14.84 GB
[1m[ SWAP ][0m Used: 0.0 GB (0.0%) | Free: 4.0 GB | Total: 4.0 GB
        [93mTop 5 RAM Processes (Logged 10):[0m
          1. code (PID 11526) - 669.87 MB (4.41%)
          2. code (PID 8588) - 646.11 MB (4.25%)
          3. code (PID 8252) - 609.55 MB (4.01%)
          4. chrome (PID 6354) - 535.83 MB (3.53%)
          5. chrome (PID 7112) - 533.56 MB (3.51%)
[96m------------------------------------------------------------[0m
[1m[ DISK ][0m Used: [92m24.07 GB (2.63%)[0m | Free: 891.76 GB | Total: 915.83 GB
         [93mI/O:[0m Read 0.0 MB/s | Write 0.08 MB/s | Activity: 1.04%
[96m------------------------------------------------------------[0m
[1m[ NET ][0m Upload: 0.01 MB/s | Download: 0.01 MB/s
[96m------------------------------------------------------------[0m
[1m[ BATTERY ][0m [92m99.28%[0m (Charging/Plugged in)
[1m[96m============================================================[0m
[1m[92mData logged to 2026_logs/2026-10-01.jsonl... (Press Ctrl+C to stop)[0m
[1m[96m============================================================[0m
[1mSYSTEM MONITOR V2[0m | Time: 2026-10-01 12:49:27
[96m------------------------------------------------------------[0m
[1m[ CPU ][0m Used: [92m2.9%[0m | Free: 97.1%
[96m------------------------------------------------------------[0m
[1m[ RAM ][0m Used: [92m7.81 GB (52.6%)[0m | Available: 7.04 GB | Total: 14.84 GB
[1m[ SWAP ][0m Used: 0.0 GB (0.0%) | Free: 4.0 GB | Total: 4.0 GB
        [93mTop 5 RAM Processes (Logged 10):[0m
          1. code (PID 11526) - 670.02 MB (4.41%)
          2. code (PID 8588) - 650.67 MB (4.28%)
          3. code (PID 8252) - 620.83 MB (4.08%)
          4. chrome (PID 6354) - 535.91 MB (3.53%)
          5. chrome (PID 7112) - 533.55 MB (3.51%)
[96m------------------------------------------------------------[0m
[1m[ DISK ][0m Used: [92m24.07 GB (2.63%)[0m | Free: 891.76 GB | Total: 915.83 GB
         [93mI/O:[0m Read 0.0 MB/s | Write 0.12 MB/s | Activity: 1.09%
[96m------------------------------------------------------------[0m
[1m[ NET ][0m Upload: 0.0 MB/s | Download: 0.0 MB/s
[96m------------------------------------------------------------[0m
[1m[ BATTERY ][0m [92m99.28%[0m (Charging/Plugged in)
[1m[96m============================================================[0m
[1m[92mData logged to 2026_logs/2026-10-01.jsonl... (Press Ctrl+C to stop)[0m
[1m[96m============================================================[0m
[1mSYSTEM MONITOR V2[0m | Time: 2026-10-01 12:49:33
[96m------------------------------------------------------------[0m
[1m[ CPU ][0m Used: [92m3.4%[0m | Free: 96.6%
[96m------------------------------------------------------------[0m
[1m[ RAM ][0m Used: [92m7.79 GB (52.5%)[0m | Available: 7.05 GB | Total: 14.84 GB
[1m[ SWAP ][0m Used: 0.0 GB (0.0%) | Free: 4.0 GB | Total: 4.0 GB
        [93mTop 5 RAM Processes (Logged 10):[0m
          1. code (PID 11526) - 670.11 MB (4.41%)
          2. code (PID 8588) - 655.74 MB (4.31%)
          3. code (PID 8252) - 606.68 MB (3.99%)
          4. chrome (PID 6354) - 535.5 MB (3.52%)
          5. chrome (PID 7112) - 533.55 MB (3.51%)
[96m------------------------------------------------------------[0m
[1m[ DISK ][0m Used: [92m24.07 GB (2.63%)[0m | Free: 891.76 GB | Total: 915.83 GB
         [93mI/O:[0m Read 0.0 MB/s | Write 0.05 MB/s | Activity: 0.9%
[96m------------------------------------------------------------[0m
[1m[ NET ][0m Upload: 0.0 MB/s | Download: 0.0 MB/s
[96m------------------------------------------------------------[0m
[1m[ BATTERY ][0m [92m99.28%[0m (Charging/Plugged in)
[1m[96m============================================================[0m
[1m[92mData logged to 2026_logs/2026-10-01.jsonl... (Press Ctrl+C to stop)[0m
[1m[96m============================================================[0m
[1mSYSTEM MONITOR V2[0m | Time: 2026-10-01 12:49:38
[96m------------------------------------------------------------[0m
[1m[ CPU ][0m Used: [92m2.6%[0m | Free: 97.4%
[96m------------------------------------------------------------[0m
[1m[ RAM ][0m Used: [92m7.82 GB (52.7%)[0m | Available: 7.03 GB | Total: 14.84 GB
[1m[ SWAP ][0m Used: 0.0 GB (0.0%) | Free: 4.0 GB | Total: 4.0 GB
        [93mTop 5 RAM Processes (Logged 10):[0m
          1. code (PID 11526) - 670.24 MB (4.41%)
          2. code (PID 8588) - 660.22 MB (4.34%)
          3. code (PID 8252) - 612.04 MB (4.03%)
          4. chrome (PID 6354) - 535.5 MB (3.52%)
          5. chrome (PID 7112) - 533.55 MB (3.51%)
[96m------------------------------------------------------------[0m
[1m[ DISK ][0m Used: [92m24.07 GB (2.63%)[0m | Free: 891.76 GB | Total: 915.83 GB
         [93mI/O:[0m Read 0.0 MB/s | Write 0.38 MB/s | Activity: 0.89%
[96m------------------------------------------------------------[0m
[1m[ NET ][0m Upload: 0.0 MB/s | Download: 0.0 MB/s
[96m------------------------------------------------------------[0m
[1m[ BATTERY ][0m [92m99.28%[0m (Charging/Plugged in)
[1m[96m============================================================[0m
[1m[92mData logged to 2026_logs/2026-10-01.jsonl... (Press Ctrl+C to stop)[0m
[1m[96m============================================================[0m
[1mSYSTEM MONITOR V2[0m | Time: 2026-10-01 12:49:43
[96m------------------------------------------------------------[0m
[1m[ CPU ][0m Used: [92m3.0%[0m | Free: 97.0%
[96m------------------------------------------------------------[0m
[1m[ RAM ][0m Used: [92m7.75 GB (52.2%)[0m | Available: 7.09 GB | Total: 14.84 GB
[1m[ SWAP ][0m Used: 0.0 GB (0.0%) | Free: 4.0 GB | Total: 4.0 GB
        [93mTop 5 RAM Processes (Logged 10):[0m
          1. code (PID 11526) - 670.43 MB (4.41%)
          2. code (PID 8588) - 663.2 MB (4.36%)
          3. code (PID 8252) - 617.91 MB (4.07%)
          4. chrome (PID 6354) - 535.58 MB (3.52%)
          5. chrome (PID 7112) - 533.55 MB (3.51%)
[96m------------------------------------------------------------[0m
[1m[ DISK ][0m Used: [92m24.07 GB (2.63%)[0m | Free: 891.76 GB | Total: 915.83 GB
         [93mI/O:[0m Read 0.0 MB/s | Write 0.35 MB/s | Activity: 0.9%
[96m------------------------------------------------------------[0m
[1m[ NET ][0m Upload: 0.0 MB/s | Download: 0.0 MB/s
[96m------------------------------------------------------------[0m
[1m[ BATTERY ][0m [92m99.28%[0m (Charging/Plugged in)
[1m[96m============================================================[0m
[1m[92mData logged to 2026_logs/2026-10-01.jsonl... (Press Ctrl+C to stop)[0m
[1m[96m============================================================[0m
[1mSYSTEM MONITOR V2[0m | Time: 2026-10-01 12:49:48
[96m------------------------------------------------------------[0m
[1m[ CPU ][0m Used: [92m2.7%[0m | Free: 97.3%
[96m------------------------------------------------------------[0m
[1m[ RAM ][0m Used: [92m7.76 GB (52.3%)[0m | Available: 7.08 GB | Total: 14.84 GB
[1m[ SWAP ][0m Used: 0.0 GB (0.0%) | Free: 4.0 GB | Total: 4.0 GB
        [93mTop 5 RAM Processes (Logged 10):[0m
          1. code (PID 11526) - 670.56 MB (4.41%)
          2. code (PID 8588) - 660.0 MB (4.34%)
          3. code (PID 8252) - 618.76 MB (4.07%)
          4. chrome (PID 6354) - 535.48 MB (3.52%)
          5. chrome (PID 7112) - 533.56 MB (3.51%)
[96m------------------------------------------------------------[0m
[1m[ DISK ][0m Used: [92m24.07 GB (2.63%)[0m | Free: 891.76 GB | Total: 915.83 GB
         [93mI/O:[0m Read 0.0 MB/s | Write 0.13 MB/s | Activity: 1.02%
[96m------------------------------------------------------------[0m
[1m[ NET ][0m Upload: 0.0 MB/s | Download: 0.0 MB/s
[96m------------------------------------------------------------[0m
[1m[ BATTERY ][0m [92m99.28%[0m (Charging/Plugged in)
[1m[96m============================================================[0m
[1m[92mData logged to 2026_logs/2026-10-01.jsonl... (Press Ctrl+C to stop)[0m
[1m[96m============================================================[0m
[1mSYSTEM MONITOR V2[0m | Time: 2026-10-01 12:49:53
[96m------------------------------------------------------------[0m
[1m[ CPU ][0m Used: [92m4.1%[0m | Free: 95.9%
[96m------------------------------------------------------------[0m
[1m[ RAM ][0m Used: [92m7.75 GB (52.2%)[0m | Available: 7.09 GB | Total: 14.84 GB
[1m[ SWAP ][0m Used: 0.0 GB (0.0%) | Free: 4.0 GB | Total: 4.0 GB
        [93mTop 5 RAM Processes (Logged 10):[0m
          1. code (PID 11526) - 669.81 MB (4.41%)
          2. code (PID 8588) - 665.85 MB (4.38%)
          3. code (PID 8252) - 620.96 MB (4.09%)
          4. chrome (PID 6354) - 535.6 MB (3.52%)
          5. chrome (PID 7112) - 532.27 MB (3.5%)
[96m------------------------------------------------------------[0m
[1m[ DISK ][0m Used: [92m24.07 GB (2.63%)[0m | Free: 891.76 GB | Total: 915.83 GB
         [93mI/O:[0m Read 0.0 MB/s | Write 0.02 MB/s | Activity: 0.98%
[96m------------------------------------------------------------[0m
[1m[ NET ][0m Upload: 0.0 MB/s | Download: 0.0 MB/s
[96m------------------------------------------------------------[0m
[1m[ BATTERY ][0m [92m99.28%[0m (Charging/Plugged in)
[1m[96m============================================================[0m
[1m[92mData logged to 2026_logs/2026-10-01.jsonl... (Press Ctrl+C to stop)[0m
[1m[96m============================================================[0m
[1mSYSTEM MONITOR V2[0m | Time: 2026-10-01 12:49:58
[96m------------------------------------------------------------[0m
[1m[ CPU ][0m Used: [92m5.3%[0m | Free: 94.7%
[96m------------------------------------------------------------[0m
[1m[ RAM ][0m Used: [92m7.74 GB (52.1%)[0m | Available: 7.11 GB | Total: 14.84 GB
[1m[ SWAP ][0m Used: 0.0 GB (0.0%) | Free: 4.0 GB | Total: 4.0 GB
        [93mTop 5 RAM Processes (Logged 10):[0m
          1. code (PID 11526) - 669.93 MB (4.41%)
          2. code (PID 8588) - 635.21 MB (4.18%)
          3. code (PID 8252) - 631.16 MB (4.15%)
          4. chrome (PID 6354) - 535.74 MB (3.52%)
          5. chrome (PID 7112) - 532.27 MB (3.5%)
[96m------------------------------------------------------------[0m
[1m[ DISK ][0m Used: [92m24.07 GB (2.63%)[0m | Free: 891.76 GB | Total: 915.83 GB
         [93mI/O:[0m Read 0.0 MB/s | Write 0.05 MB/s | Activity: 1.71%
[96m------------------------------------------------------------[0m
[1m[ NET ][0m Upload: 0.0 MB/s | Download: 0.0 MB/s
[96m------------------------------------------------------------[0m
[1m[ BATTERY ][0m [92m99.28%[0m (Charging/Plugged in)
[1m[96m============================================================[0m
[1m[92mData logged to 2026_logs/2026-10-01.jsonl... (Press Ctrl+C to stop)[0m
[1m[96m============================================================[0m
[1mSYSTEM MONITOR V2[0m | Time: 2026-10-01 12:50:03
[96m------------------------------------------------------------[0m
[1m[ CPU ][0m Used: [92m4.8%[0m | Free: 95.2%
[96m------------------------------------------------------------[0m
[1m[ RAM ][0m Used: [92m7.72 GB (52.0%)[0m | Available: 7.13 GB | Total: 14.84 GB
[1m[ SWAP ][0m Used: 0.0 GB (0.0%) | Free: 4.0 GB | Total: 4.0 GB
        [93mTop 5 RAM Processes (Logged 10):[0m
          1. code (PID 11526) - 670.06 MB (4.41%)
          2. code (PID 8588) - 637.96 MB (4.2%)
          3. code (PID 8252) - 620.52 MB (4.08%)
          4. chrome (PID 6354) - 535.41 MB (3.52%)
          5. chrome (PID 7112) - 531.1 MB (3.49%)
[96m------------------------------------------------------------[0m
[1m[ DISK ][0m Used: [92m24.07 GB (2.63%)[0m | Free: 891.76 GB | Total: 915.83 GB
         [93mI/O:[0m Read 0.0 MB/s | Write 0.08 MB/s | Activity: 0.96%
[96m------------------------------------------------------------[0m
[1m[ NET ][0m Upload: 0.0 MB/s | Download: 0.0 MB/s
[96m------------------------------------------------------------[0m
[1m[ BATTERY ][0m [92m99.28%[0m (Charging/Plugged in)
[1m[96m============================================================[0m
[1m[92mData logged to 2026_logs/2026-10-01.jsonl... (Press Ctrl+C to stop)[0m
[1m[96m============================================================[0m
[1mSYSTEM MONITOR V2[0m | Time: 2026-10-01 12:50:08
[96m------------------------------------------------------------[0m
[1m[ CPU ][0m Used: [92m6.3%[0m | Free: 93.7%
        [93mTop 5 (Logged 10):[0m code (2.5%)
[96m------------------------------------------------------------[0m
[1m[ RAM ][0m Used: [92m7.65 GB (51.5%)[0m | Available: 7.19 GB | Total: 14.84 GB
[1m[ SWAP ][0m Used: 0.0 GB (0.0%) | Free: 4.0 GB | Total: 4.0 GB
        [93mTop 5 RAM Processes (Logged 10):[0m
          1. code (PID 11526) - 670.18 MB (4.41%)
          2. code (PID 8588) - 644.53 MB (4.24%)
          3. code (PID 8252) - 544.38 MB (3.58%)
          4. chrome (PID 6354) - 535.43 MB (3.52%)
          5. chrome (PID 7112) - 529.43 MB (3.48%)
[96m------------------------------------------------------------[0m
[1m[ DISK ][0m Used: [92m24.07 GB (2.63%)[0m | Free: 891.76 GB | Total: 915.83 GB
         [93mI/O:[0m Read 0.0 MB/s | Write 0.31 MB/s | Activity: 0.92%
[96m------------------------------------------------------------[0m
[1m[ NET ][0m Upload: 0.0 MB/s | Download: 0.01 MB/s
[96m------------------------------------------------------------[0m
[1m[ BATTERY ][0m [92m99.28%[0m (Charging/Plugged in)
[1m[96m============================================================[0m
[1m[92mData logged to 2026_logs/2026-10-01.jsonl... (Press Ctrl+C to stop)[0m
[1m[96m============================================================[0m
[1mSYSTEM MONITOR V2[0m | Time: 2026-10-01 12:50:13
[96m------------------------------------------------------------[0m
[1m[ CPU ][0m Used: [92m9.3%[0m | Free: 90.7%
        [93mTop 5 (Logged 10):[0m gnome-shell (2.59%)
[96m------------------------------------------------------------[0m
[1m[ RAM ][0m Used: [92m7.81 GB (52.6%)[0m | Available: 7.04 GB | Total: 14.84 GB
[1m[ SWAP ][0m Used: 0.0 GB (0.0%) | Free: 4.0 GB | Total: 4.0 GB
        [93mTop 5 RAM Processes (Logged 10):[0m
          1. code (PID 11526) - 670.3 MB (4.41%)
          2. code (PID 8588) - 645.08 MB (4.24%)
          3. code (PID 8252) - 592.18 MB (3.9%)
          4. chrome (PID 6354) - 537.91 MB (3.54%)
          5. chrome (PID 7112) - 530.95 MB (3.49%)
[96m------------------------------------------------------------[0m
[1m[ DISK ][0m Used: [92m24.07 GB (2.63%)[0m | Free: 891.76 GB | Total: 915.83 GB
         [93mI/O:[0m Read 0.0 MB/s | Write 0.15 MB/s | Activity: 1.31%
[96m------------------------------------------------------------[0m
[1m[ NET ][0m Upload: 0.0 MB/s | Download: 0.0 MB/s
[96m------------------------------------------------------------[0m
[1m[ BATTERY ][0m [92m99.28%[0m (Charging/Plugged in)
[1m[96m============================================================[0m
[1m[92mData logged to 2026_logs/2026-10-01.jsonl... (Press Ctrl+C to stop)[0m
[1m[96m============================================================[0m
[1mSYSTEM MONITOR V2[0m | Time: 2026-10-01 12:50:18
[96m------------------------------------------------------------[0m
[1m[ CPU ][0m Used: [92m10.1%[0m | Free: 89.9%
        [93mTop 5 (Logged 10):[0m code (3.59%), code (2.38%)
[96m------------------------------------------------------------[0m
[1m[ RAM ][0m Used: [92m7.94 GB (53.5%)[0m | Available: 6.91 GB | Total: 14.84 GB
[1m[ SWAP ][0m Used: 0.0 GB (0.0%) | Free: 4.0 GB | Total: 4.0 GB
        [93mTop 5 RAM Processes (Logged 10):[0m
          1. code (PID 11526) - 670.43 MB (4.41%)
          2. code (PID 8588) - 642.17 MB (4.23%)
          3. code (PID 8252) - 632.19 MB (4.16%)
          4. chrome (PID 6354) - 536.03 MB (3.53%)
          5. chrome (PID 7112) - 530.95 MB (3.49%)
[96m------------------------------------------------------------[0m
[1m[ DISK ][0m Used: [92m24.07 GB (2.63%)[0m | Free: 891.76 GB | Total: 915.83 GB
         [93mI/O:[0m Read 0.0 MB/s | Write 0.09 MB/s | Activity: 1.15%
[96m------------------------------------------------------------[0m
[1m[ NET ][0m Upload: 0.0 MB/s | Download: 0.0 MB/s
[96m------------------------------------------------------------[0m
[1m[ BATTERY ][0m [92m99.28%[0m (Charging/Plugged in)
[1m[96m============================================================[0m
[1m[92mData logged to 2026_logs/2026-10-01.jsonl... (Press Ctrl+C to stop)[0m
[1m[96m============================================================[0m
[1mSYSTEM MONITOR V2[0m | Time: 2026-10-01 12:50:23
[96m------------------------------------------------------------[0m
[1m[ CPU ][0m Used: [92m8.3%[0m | Free: 91.7%
        [93mTop 5 (Logged 10):[0m code (3.76%)
[96m------------------------------------------------------------[0m
[1m[ RAM ][0m Used: [92m7.84 GB (52.8%)[0m | Available: 7.0 GB | Total: 14.84 GB
[1m[ SWAP ][0m Used: 0.0 GB (0.0%) | Free: 4.0 GB | Total: 4.0 GB
        [93mTop 5 RAM Processes (Logged 10):[0m
          1. code (PID 11526) - 670.57 MB (4.41%)
          2. code (PID 8588) - 648.22 MB (4.26%)
          3. code (PID 8252) - 634.37 MB (4.17%)
          4. chrome (PID 6354) - 536.38 MB (3.53%)
          5. chrome (PID 7112) - 535.49 MB (3.52%)
[96m------------------------------------------------------------[0m
[1m[ DISK ][0m Used: [92m24.07 GB (2.63%)[0m | Free: 891.76 GB | Total: 915.83 GB
         [93mI/O:[0m Read 0.0 MB/s | Write 0.61 MB/s | Activity: 1.01%
[96m------------------------------------------------------------[0m
[1m[ NET ][0m Upload: 0.0 MB/s | Download: 0.0 MB/s
[96m------------------------------------------------------------[0m
[1m[ BATTERY ][0m [92m99.28%[0m (Charging/Plugged in)
[1m[96m============================================================[0m
[1m[92mData logged to 2026_logs/2026-10-01.jsonl... (Press Ctrl+C to stop)[0m
[1m[96m============================================================[0m
[1mSYSTEM MONITOR V2[0m | Time: 2026-10-01 12:50:28
[96m------------------------------------------------------------[0m
[1m[ CPU ][0m Used: [92m3.3%[0m | Free: 96.7%
[96m------------------------------------------------------------[0m
[1m[ RAM ][0m Used: [92m7.82 GB (52.7%)[0m | Available: 7.02 GB | Total: 14.84 GB
[1m[ SWAP ][0m Used: 0.0 GB (0.0%) | Free: 4.0 GB | Total: 4.0 GB
        [93mTop 5 RAM Processes (Logged 10):[0m
          1. code (PID 11526) - 669.88 MB (4.41%)
          2. code (PID 8588) - 652.46 MB (4.29%)
          3. code (PID 8252) - 623.39 MB (4.1%)
          4. chrome (PID 6354) - 536.08 MB (3.53%)
          5. chrome (PID 7112) - 535.49 MB (3.52%)
[96m------------------------------------------------------------[0m
[1m[ DISK ][0m Used: [92m24.07 GB (2.63%)[0m | Free: 891.76 GB | Total: 915.83 GB
         [93mI/O:[0m Read 0.0 MB/s | Write 0.05 MB/s | Activity: 1.0%
[96m------------------------------------------------------------[0m
[1m[ NET ][0m Upload: 0.0 MB/s | Download: 0.0 MB/s
[96m------------------------------------------------------------[0m
[1m[ BATTERY ][0m [92m99.28%[0m (Charging/Plugged in)
[1m[96m============================================================[0m
[1m[92mData logged to 2026_logs/2026-10-01.jsonl... (Press Ctrl+C to stop)[0m
[1m[96m============================================================[0m
[1mSYSTEM MONITOR V2[0m | Time: 2026-10-01 12:50:33
[96m------------------------------------------------------------[0m
[1m[ CPU ][0m Used: [92m3.2%[0m | Free: 96.8%
[96m------------------------------------------------------------[0m
[1m[ RAM ][0m Used: [92m7.83 GB (52.8%)[0m | Available: 7.01 GB | Total: 14.84 GB
[1m[ SWAP ][0m Used: 0.0 GB (0.0%) | Free: 4.0 GB | Total: 4.0 GB
        [93mTop 5 RAM Processes (Logged 10):[0m
          1. code (PID 11526) - 670.0 MB (4.41%)
          2. code (PID 8588) - 657.21 MB (4.32%)
          3. code (PID 8252) - 629.61 MB (4.14%)
          4. chrome (PID 6354) - 535.76 MB (3.52%)
          5. chrome (PID 7112) - 534.47 MB (3.52%)
[96m------------------------------------------------------------[0m
[1m[ DISK ][0m Used: [92m24.07 GB (2.63%)[0m | Free: 891.76 GB | Total: 915.83 GB
         [93mI/O:[0m Read 0.0 MB/s | Write 0.07 MB/s | Activity: 0.94%
[96m------------------------------------------------------------[0m
[1m[ NET ][0m Upload: 0.0 MB/s | Download: 0.0 MB/s
[96m------------------------------------------------------------[0m
[1m[ BATTERY ][0m [92m99.28%[0m (Charging/Plugged in)
[1m[96m============================================================[0m
[1m[92mData logged to 2026_logs/2026-10-01.jsonl... (Press Ctrl+C to stop)[0m
[1m[96m============================================================[0m
[1mSYSTEM MONITOR V2[0m | Time: 2026-10-01 12:50:38
[96m------------------------------------------------------------[0m
[1m[ CPU ][0m Used: [92m3.4%[0m | Free: 96.6%
[96m------------------------------------------------------------[0m
[1m[ RAM ][0m Used: [92m7.85 GB (52.9%)[0m | Available: 6.99 GB | Total: 14.84 GB
[1m[ SWAP ][0m Used: 0.0 GB (0.0%) | Free: 4.0 GB | Total: 4.0 GB
        [93mTop 5 RAM Processes (Logged 10):[0m
          1. code (PID 11526) - 670.13 MB (4.41%)
          2. code (PID 8588) - 663.52 MB (4.37%)
          3. code (PID 8252) - 623.49 MB (4.1%)
          4. chrome (PID 7112) - 538.64 MB (3.54%)
          5. chrome (PID 6354) - 535.71 MB (3.52%)
[96m------------------------------------------------------------[0m
[1m[ DISK ][0m Used: [92m24.07 GB (2.63%)[0m | Free: 891.76 GB | Total: 915.83 GB
         [93mI/O:[0m Read 0.0 MB/s | Write 0.76 MB/s | Activity: 1.02%
[96m------------------------------------------------------------[0m
[1m[ NET ][0m Upload: 0.0 MB/s | Download: 0.02 MB/s
[96m------------------------------------------------------------[0m
[1m[ BATTERY ][0m [92m99.28%[0m (Charging/Plugged in)
[1m[96m============================================================[0m
[1m[92mData logged to 2026_logs/2026-10-01.jsonl... (Press Ctrl+C to stop)[0m
[1m[96m============================================================[0m
[1mSYSTEM MONITOR V2[0m | Time: 2026-10-01 12:50:44
[96m------------------------------------------------------------[0m
[1m[ CPU ][0m Used: [92m7.7%[0m | Free: 92.3%
[96m------------------------------------------------------------[0m
[1m[ RAM ][0m Used: [92m7.86 GB (53.0%)[0m | Available: 6.98 GB | Total: 14.84 GB
[1m[ SWAP ][0m Used: 0.0 GB (0.0%) | Free: 4.0 GB | Total: 4.0 GB
        [93mTop 5 RAM Processes (Logged 10):[0m
          1. code (PID 11526) - 670.26 MB (4.41%)
          2. code (PID 8588) - 663.23 MB (4.36%)
          3. code (PID 8252) - 637.74 MB (4.2%)
          4. chrome (PID 6354) - 537.66 MB (3.54%)
          5. chrome (PID 7112) - 535.99 MB (3.53%)
[96m------------------------------------------------------------[0m
[1m[ DISK ][0m Used: [92m24.07 GB (2.63%)[0m | Free: 891.76 GB | Total: 915.83 GB
         [93mI/O:[0m Read 0.0 MB/s | Write 0.18 MB/s | Activity: 1.37%
[96m------------------------------------------------------------[0m
[1m[ NET ][0m Upload: 0.0 MB/s | Download: 0.0 MB/s
[96m------------------------------------------------------------[0m
[1m[ BATTERY ][0m [92m99.28%[0m (Charging/Plugged in)
[1m[96m============================================================[0m
[1m[92mData logged to 2026_logs/2026-10-01.jsonl... (Press Ctrl+C to stop)[0m
[1m[96m============================================================[0m
[1mSYSTEM MONITOR V2[0m | Time: 2026-10-01 12:50:49
[96m------------------------------------------------------------[0m
[1m[ CPU ][0m Used: [92m4.4%[0m | Free: 95.6%
[96m------------------------------------------------------------[0m
[1m[ RAM ][0m Used: [92m7.87 GB (53.0%)[0m | Available: 6.97 GB | Total: 14.84 GB
[1m[ SWAP ][0m Used: 0.0 GB (0.0%) | Free: 4.0 GB | Total: 4.0 GB
        [93mTop 5 RAM Processes (Logged 10):[0m
          1. code (PID 11526) - 670.38 MB (4.41%)
          2. code (PID 8588) - 657.99 MB (4.33%)
          3. code (PID 8252) - 637.04 MB (4.19%)
          4. chrome (PID 6354) - 536.57 MB (3.53%)
          5. chrome (PID 7112) - 534.71 MB (3.52%)
[96m------------------------------------------------------------[0m
[1m[ DISK ][0m Used: [92m24.07 GB (2.63%)[0m | Free: 891.76 GB | Total: 915.83 GB
         [93mI/O:[0m Read 0.0 MB/s | Write 0.06 MB/s | Activity: 0.9%
[96m------------------------------------------------------------[0m
[1m[ NET ][0m Upload: 0.0 MB/s | Download: 0.0 MB/s
[96m------------------------------------------------------------[0m
[1m[ BATTERY ][0m [92m99.28%[0m (Charging/Plugged in)
[1m[96m============================================================[0m
[1m[92mData logged to 2026_logs/2026-10-01.jsonl... (Press Ctrl+C to stop)[0m
[1m[96m============================================================[0m
[1mSYSTEM MONITOR V2[0m | Time: 2026-10-01 12:50:54
[96m------------------------------------------------------------[0m
[1m[ CPU ][0m Used: [92m3.7%[0m | Free: 96.3%
[96m------------------------------------------------------------[0m
[1m[ RAM ][0m Used: [92m7.83 GB (52.7%)[0m | Available: 7.01 GB | Total: 14.84 GB
[1m[ SWAP ][0m Used: 0.0 GB (0.0%) | Free: 4.0 GB | Total: 4.0 GB
        [93mTop 5 RAM Processes (Logged 10):[0m
          1. code (PID 11526) - 670.52 MB (4.41%)
          2. code (PID 8588) - 662.2 MB (4.36%)
          3. code (PID 8252) - 626.88 MB (4.12%)
          4. chrome (PID 6354) - 536.29 MB (3.53%)
          5. chrome (PID 7112) - 528.12 MB (3.47%)
[96m------------------------------------------------------------[0m
[1m[ DISK ][0m Used: [92m24.07 GB (2.63%)[0m | Free: 891.76 GB | Total: 915.83 GB
         [93mI/O:[0m Read 0.0 MB/s | Write 0.11 MB/s | Activity: 1.21%
[96m------------------------------------------------------------[0m
[1m[ NET ][0m Upload: 0.0 MB/s | Download: 0.0 MB/s
[96m------------------------------------------------------------[0m
[1m[ BATTERY ][0m [92m99.28%[0m (Charging/Plugged in)
[1m[96m============================================================[0m
[1m[92mData logged to 2026_logs/2026-10-01.jsonl... (Press Ctrl+C to stop)[0m
[1m[96m============================================================[0m
[1mSYSTEM MONITOR V2[0m | Time: 2026-10-01 12:50:59
[96m------------------------------------------------------------[0m
[1m[ CPU ][0m Used: [92m3.2%[0m | Free: 96.8%
[96m------------------------------------------------------------[0m
[1m[ RAM ][0m Used: [92m7.83 GB (52.8%)[0m | Available: 7.01 GB | Total: 14.84 GB
[1m[ SWAP ][0m Used: 0.0 GB (0.0%) | Free: 4.0 GB | Total: 4.0 GB
        [93mTop 5 RAM Processes (Logged 10):[0m
          1. code (PID 11526) - 670.66 MB (4.41%)
          2. code (PID 8588) - 664.54 MB (4.37%)
          3. code (PID 8252) - 631.49 MB (4.15%)
          4. chrome (PID 6354) - 536.29 MB (3.53%)
          5. chrome (PID 7112) - 528.12 MB (3.47%)
[96m------------------------------------------------------------[0m
[1m[ DISK ][0m Used: [92m24.07 GB (2.63%)[0m | Free: 891.76 GB | Total: 915.83 GB
         [93mI/O:[0m Read 0.0 MB/s | Write 0.45 MB/s | Activity: 1.24%
[96m------------------------------------------------------------[0m
[1m[ NET ][0m Upload: 0.0 MB/s | Download: 0.0 MB/s
[96m------------------------------------------------------------[0m
[1m[ BATTERY ][0m [92m99.28%[0m (Charging/Plugged in)
[1m[96m============================================================[0m
[1m[92mData logged to 2026_logs/2026-10-01.jsonl... (Press Ctrl+C to stop)[0m
[1m[96m============================================================[0m
[1mSYSTEM MONITOR V2[0m | Time: 2026-10-01 12:51:04
[96m------------------------------------------------------------[0m
[1m[ CPU ][0m Used: [92m4.3%[0m | Free: 95.7%
[96m------------------------------------------------------------[0m
[1m[ RAM ][0m Used: [92m7.84 GB (52.8%)[0m | Available: 7.01 GB | Total: 14.84 GB
[1m[ SWAP ][0m Used: 0.0 GB (0.0%) | Free: 4.0 GB | Total: 4.0 GB
        [93mTop 5 RAM Processes (Logged 10):[0m
          1. code (PID 11526) - 669.96 MB (4.41%)
          2. code (PID 8588) - 667.02 MB (4.39%)
          3. code (PID 8252) - 636.99 MB (4.19%)
          4. chrome (PID 6354) - 536.35 MB (3.53%)
          5. chrome (PID 7112) - 526.69 MB (3.47%)
[96m------------------------------------------------------------[0m
[1m[ DISK ][0m Used: [92m24.07 GB (2.63%)[0m | Free: 891.76 GB | Total: 915.83 GB
         [93mI/O:[0m Read 0.0 MB/s | Write 0.08 MB/s | Activity: 0.98%
[96m------------------------------------------------------------[0m
[1m[ NET ][0m Upload: 0.0 MB/s | Download: 0.0 MB/s
[96m------------------------------------------------------------[0m
[1m[ BATTERY ][0m [92m99.28%[0m (Charging/Plugged in)
[1m[96m============================================================[0m
[1m[92mData logged to 2026_logs/2026-10-01.jsonl... (Press Ctrl+C to stop)[0m
[1m[96m============================================================[0m
[1mSYSTEM MONITOR V2[0m | Time: 2026-10-01 12:51:09
[96m------------------------------------------------------------[0m
[1m[ CPU ][0m Used: [92m6.8%[0m | Free: 93.2%
[96m------------------------------------------------------------[0m
[1m[ RAM ][0m Used: [92m7.82 GB (52.7%)[0m | Available: 7.03 GB | Total: 14.84 GB
[1m[ SWAP ][0m Used: 0.0 GB (0.0%) | Free: 4.0 GB | Total: 4.0 GB
        [93mTop 5 RAM Processes (Logged 10):[0m
          1. code (PID 11526) - 670.1 MB (4.41%)
          2. code (PID 8252) - 637.59 MB (4.19%)
          3. code (PID 8588) - 631.48 MB (4.15%)
          4. chrome (PID 6354) - 536.35 MB (3.53%)
          5. chrome (PID 7112) - 526.7 MB (3.47%)
[96m------------------------------------------------------------[0m
[1m[ DISK ][0m Used: [92m24.07 GB (2.63%)[0m | Free: 891.76 GB | Total: 915.83 GB
         [93mI/O:[0m Read 0.0 MB/s | Write 0.51 MB/s | Activity: 1.01%
[96m------------------------------------------------------------[0m
[1m[ NET ][0m Upload: 0.0 MB/s | Download: 0.0 MB/s
[96m------------------------------------------------------------[0m
[1m[ BATTERY ][0m [92m99.28%[0m (Charging/Plugged in)
[1m[96m============================================================[0m
[1m[92mData logged to 2026_logs/2026-10-01.jsonl... (Press Ctrl+C to stop)[0m
[1m[96m============================================================[0m
[1mSYSTEM MONITOR V2[0m | Time: 2026-10-01 12:51:14
[96m------------------------------------------------------------[0m
[1m[ CPU ][0m Used: [92m4.6%[0m | Free: 95.4%
[96m------------------------------------------------------------[0m
[1m[ RAM ][0m Used: [92m7.83 GB (52.8%)[0m | Available: 7.01 GB | Total: 14.84 GB
[1m[ SWAP ][0m Used: 0.0 GB (0.0%) | Free: 4.0 GB | Total: 4.0 GB
        [93mTop 5 RAM Processes (Logged 10):[0m
          1. code (PID 11526) - 670.23 MB (4.41%)
          2. code (PID 8252) - 637.29 MB (4.19%)
          3. code (PID 8588) - 636.1 MB (4.19%)
          4. chrome (PID 6354) - 536.34 MB (3.53%)
          5. chrome (PID 7112) - 525.68 MB (3.46%)
[96m------------------------------------------------------------[0m
[1m[ DISK ][0m Used: [92m24.07 GB (2.63%)[0m | Free: 891.76 GB | Total: 915.83 GB
         [93mI/O:[0m Read 0.0 MB/s | Write 0.06 MB/s | Activity: 1.12%
[96m------------------------------------------------------------[0m
[1m[ NET ][0m Upload: 0.0 MB/s | Download: 0.0 MB/s
[96m------------------------------------------------------------[0m
[1m[ BATTERY ][0m [92m99.28%[0m (Charging/Plugged in)
[1m[96m============================================================[0m
[1m[92mData logged to 2026_logs/2026-10-01.jsonl... (Press Ctrl+C to stop)[0m
[1m[96m============================================================[0m
[1mSYSTEM MONITOR V2[0m | Time: 2026-10-01 12:51:19
[96m------------------------------------------------------------[0m
[1m[ CPU ][0m Used: [92m4.8%[0m | Free: 95.2%
[96m------------------------------------------------------------[0m
[1m[ RAM ][0m Used: [92m7.82 GB (52.7%)[0m | Available: 7.02 GB | Total: 14.84 GB
[1m[ SWAP ][0m Used: 0.0 GB (0.0%) | Free: 4.0 GB | Total: 4.0 GB
        [93mTop 5 RAM Processes (Logged 10):[0m
          1. code (PID 11526) - 670.36 MB (4.41%)
          2. code (PID 8588) - 643.77 MB (4.24%)
          3. code (PID 8252) - 632.49 MB (4.16%)
          4. chrome (PID 6354) - 536.27 MB (3.53%)
          5. chrome (PID 7112) - 525.68 MB (3.46%)
[96m------------------------------------------------------------[0m
[1m[ DISK ][0m Used: [92m24.07 GB (2.63%)[0m | Free: 891.76 GB | Total: 915.83 GB
         [93mI/O:[0m Read 0.0 MB/s | Write 0.04 MB/s | Activity: 1.0%
[96m------------------------------------------------------------[0m
[1m[ NET ][0m Upload: 0.0 MB/s | Download: 0.0 MB/s
[96m------------------------------------------------------------[0m
[1m[ BATTERY ][0m [92m99.28%[0m (Charging/Plugged in)
[1m[96m============================================================[0m
[1m[92mData logged to 2026_logs/2026-10-01.jsonl... (Press Ctrl+C to stop)[0m
[1m[96m============================================================[0m
[1mSYSTEM MONITOR V2[0m | Time: 2026-10-01 12:51:24
[96m------------------------------------------------------------[0m
[1m[ CPU ][0m Used: [92m7.3%[0m | Free: 92.7%
        [93mTop 5 (Logged 10):[0m code (2.38%), code (2.14%)
[96m------------------------------------------------------------[0m
[1m[ RAM ][0m Used: [92m7.85 GB (52.9%)[0m | Available: 6.99 GB | Total: 14.84 GB
[1m[ SWAP ][0m Used: 0.0 GB (0.0%) | Free: 4.0 GB | Total: 4.0 GB
        [93mTop 5 RAM Processes (Logged 10):[0m
          1. code (PID 11526) - 670.49 MB (4.41%)
          2. code (PID 8588) - 647.69 MB (4.26%)
          3. code (PID 8252) - 630.14 MB (4.15%)
          4. chrome (PID 6354) - 536.26 MB (3.53%)
          5. chrome (PID 7112) - 529.94 MB (3.49%)
[96m------------------------------------------------------------[0m
[1m[ DISK ][0m Used: [92m24.07 GB (2.63%)[0m | Free: 891.76 GB | Total: 915.83 GB
         [93mI/O:[0m Read 0.0 MB/s | Write 0.03 MB/s | Activity: 0.94%
[96m------------------------------------------------------------[0m
[1m[ NET ][0m Upload: 0.0 MB/s | Download: 0.0 MB/s
[96m------------------------------------------------------------[0m
[1m[ BATTERY ][0m [92m99.28%[0m (Charging/Plugged in)
[1m[96m============================================================[0m
[1m[92mData logged to 2026_logs/2026-10-01.jsonl... (Press Ctrl+C to stop)[0m
[1m[96m============================================================[0m
[1mSYSTEM MONITOR V2[0m | Time: 2026-10-01 12:51:29
[96m------------------------------------------------------------[0m
[1m[ CPU ][0m Used: [92m4.6%[0m | Free: 95.4%
[96m------------------------------------------------------------[0m
[1m[ RAM ][0m Used: [92m7.87 GB (53.0%)[0m | Available: 6.98 GB | Total: 14.84 GB
[1m[ SWAP ][0m Used: 0.0 GB (0.0%) | Free: 4.0 GB | Total: 4.0 GB
        [93mTop 5 RAM Processes (Logged 10):[0m
          1. code (PID 11526) - 670.61 MB (4.41%)
          2. code (PID 8588) - 653.39 MB (4.3%)
          3. code (PID 8252) - 636.58 MB (4.19%)
          4. chrome (PID 6354) - 536.46 MB (3.53%)
          5. chrome (PID 7112) - 529.95 MB (3.49%)
[96m------------------------------------------------------------[0m
[1m[ DISK ][0m Used: [92m24.07 GB (2.63%)[0m | Free: 891.76 GB | Total: 915.83 GB
         [93mI/O:[0m Read 0.0 MB/s | Write 0.01 MB/s | Activity: 0.78%
[96m------------------------------------------------------------[0m
[1m[ NET ][0m Upload: 0.0 MB/s | Download: 0.0 MB/s
[96m------------------------------------------------------------[0m
[1m[ BATTERY ][0m [92m99.28%[0m (Charging/Plugged in)
[1m[96m============================================================[0m
[1m[92mData logged to 2026_logs/2026-10-01.jsonl... (Press Ctrl+C to stop)[0m
[1m[96m============================================================[0m
[1mSYSTEM MONITOR V2[0m | Time: 2026-10-01 12:51:34
[96m------------------------------------------------------------[0m
[1m[ CPU ][0m Used: [92m3.4%[0m | Free: 96.6%
[96m------------------------------------------------------------[0m
[1m[ RAM ][0m Used: [92m7.88 GB (53.1%)[0m | Available: 6.96 GB | Total: 14.84 GB
[1m[ SWAP ][0m Used: 0.0 GB (0.0%) | Free: 4.0 GB | Total: 4.0 GB
        [93mTop 5 RAM Processes (Logged 10):[0m
          1. code (PID 11526) - 670.76 MB (4.41%)
          2. code (PID 8588) - 657.93 MB (4.33%)
          3. code (PID 8252) - 641.78 MB (4.22%)
          4. chrome (PID 6354) - 536.26 MB (3.53%)
          5. chrome (PID 7112) - 529.95 MB (3.49%)
[96m------------------------------------------------------------[0m
[1m[ DISK ][0m Used: [92m24.07 GB (2.63%)[0m | Free: 891.76 GB | Total: 915.83 GB
         [93mI/O:[0m Read 0.0 MB/s | Write 0.12 MB/s | Activity: 1.63%
[96m------------------------------------------------------------[0m
[1m[ NET ][0m Upload: 0.0 MB/s | Download: 0.0 MB/s
[96m------------------------------------------------------------[0m
[1m[ BATTERY ][0m [92m99.28%[0m (Charging/Plugged in)
[1m[96m============================================================[0m
[1m[92mData logged to 2026_logs/2026-10-01.jsonl... (Press Ctrl+C to stop)[0m
[1m[96m============================================================[0m
[1mSYSTEM MONITOR V2[0m | Time: 2026-10-01 12:51:39
[96m------------------------------------------------------------[0m
[1m[ CPU ][0m Used: [92m4.6%[0m | Free: 95.4%
[96m------------------------------------------------------------[0m
[1m[ RAM ][0m Used: [92m7.88 GB (53.1%)[0m | Available: 6.96 GB | Total: 14.84 GB
[1m[ SWAP ][0m Used: 0.0 GB (0.0%) | Free: 4.0 GB | Total: 4.0 GB
        [93mTop 5 RAM Processes (Logged 10):[0m
          1. code (PID 11526) - 670.07 MB (4.41%)
          2. code (PID 8588) - 661.7 MB (4.35%)
          3. code (PID 8252) - 633.42 MB (4.17%)
          4. chrome (PID 6354) - 536.29 MB (3.53%)
          5. chrome (PID 7112) - 529.95 MB (3.49%)
[96m------------------------------------------------------------[0m
[1m[ DISK ][0m Used: [92m24.07 GB (2.63%)[0m | Free: 891.76 GB | Total: 915.83 GB
         [93mI/O:[0m Read 0.0 MB/s | Write 0.34 MB/s | Activity: 0.87%
[96m------------------------------------------------------------[0m
[1m[ NET ][0m Upload: 0.0 MB/s | Download: 0.0 MB/s
[96m------------------------------------------------------------[0m
[1m[ BATTERY ][0m [92m99.28%[0m (Charging/Plugged in)
[1m[96m============================================================[0m
[1m[92mData logged to 2026_logs/2026-10-01.jsonl... (Press Ctrl+C to stop)[0m
[1m[96m============================================================[0m
[1mSYSTEM MONITOR V2[0m | Time: 2026-10-01 12:51:44
[96m------------------------------------------------------------[0m
[1m[ CPU ][0m Used: [92m8.0%[0m | Free: 92.0%
        [93mTop 5 (Logged 10):[0m code (3.06%), code (2.09%)
[96m------------------------------------------------------------[0m
[1m[ RAM ][0m Used: [92m7.88 GB (53.1%)[0m | Available: 6.96 GB | Total: 14.84 GB
[1m[ SWAP ][0m Used: 0.0 GB (0.0%) | Free: 4.0 GB | Total: 4.0 GB
        [93mTop 5 RAM Processes (Logged 10):[0m
          1. code (PID 11526) - 670.21 MB (4.41%)
          2. code (PID 8588) - 668.28 MB (4.4%)
          3. code (PID 8252) - 640.56 MB (4.21%)
          4. chrome (PID 6354) - 535.96 MB (3.53%)
          5. chrome (PID 7112) - 529.95 MB (3.49%)
[96m------------------------------------------------------------[0m
[1m[ DISK ][0m Used: [92m24.07 GB (2.63%)[0m | Free: 891.76 GB | Total: 915.83 GB
         [93mI/O:[0m Read 0.0 MB/s | Write 0.42 MB/s | Activity: 0.98%
[96m------------------------------------------------------------[0m
[1m[ NET ][0m Upload: 0.0 MB/s | Download: 0.0 MB/s
[96m------------------------------------------------------------[0m
[1m[ BATTERY ][0m [92m99.28%[0m (Charging/Plugged in)
[1m[96m============================================================[0m
[1m[92mData logged to 2026_logs/2026-10-01.jsonl... (Press Ctrl+C to stop)[0m
[1m[96m============================================================[0m
[1mSYSTEM MONITOR V2[0m | Time: 2026-10-01 12:51:49
[96m------------------------------------------------------------[0m
[1m[ CPU ][0m Used: [92m8.7%[0m | Free: 91.3%
        [93mTop 5 (Logged 10):[0m code (3.02%), code (2.92%)
[96m------------------------------------------------------------[0m
[1m[ RAM ][0m Used: [92m7.88 GB (53.1%)[0m | Available: 6.96 GB | Total: 14.84 GB
[1m[ SWAP ][0m Used: 0.0 GB (0.0%) | Free: 4.0 GB | Total: 4.0 GB
        [93mTop 5 RAM Processes (Logged 10):[0m
          1. code (PID 8588) - 675.14 MB (4.44%)
          2. code (PID 11526) - 670.33 MB (4.41%)
          3. code (PID 8252) - 635.11 MB (4.18%)
          4. chrome (PID 6354) - 535.87 MB (3.53%)
          5. chrome (PID 7112) - 529.95 MB (3.49%)
[96m------------------------------------------------------------[0m
[1m[ DISK ][0m Used: [92m24.07 GB (2.63%)[0m | Free: 891.76 GB | Total: 915.83 GB
         [93mI/O:[0m Read 0.0 MB/s | Write 0.02 MB/s | Activity: 0.83%
[96m------------------------------------------------------------[0m
[1m[ NET ][0m Upload: 0.0 MB/s | Download: 0.0 MB/s
[96m------------------------------------------------------------[0m
[1m[ BATTERY ][0m [92m99.28%[0m (Charging/Plugged in)
[1m[96m============================================================[0m
[1m[92mData logged to 2026_logs/2026-10-01.jsonl... (Press Ctrl+C to stop)[0m
[1m[96m============================================================[0m
[1mSYSTEM MONITOR V2[0m | Time: 2026-10-01 12:51:55
[96m------------------------------------------------------------[0m
[1m[ CPU ][0m Used: [92m3.9%[0m | Free: 96.1%
[96m------------------------------------------------------------[0m
[1m[ RAM ][0m Used: [92m7.83 GB (52.7%)[0m | Available: 7.02 GB | Total: 14.84 GB
[1m[ SWAP ][0m Used: 0.0 GB (0.0%) | Free: 4.0 GB | Total: 4.0 GB
        [93mTop 5 RAM Processes (Logged 10):[0m
          1. code (PID 8588) - 671.62 MB (4.42%)
          2. code (PID 11526) - 670.46 MB (4.41%)
          3. code (PID 8252) - 638.6 MB (4.2%)
          4. chrome (PID 6354) - 535.48 MB (3.52%)
          5. chrome (PID 7112) - 525.39 MB (3.46%)
[96m------------------------------------------------------------[0m
[1m[ DISK ][0m Used: [92m24.07 GB (2.63%)[0m | Free: 891.76 GB | Total: 915.83 GB
         [93mI/O:[0m Read 0.0 MB/s | Write 0.04 MB/s | Activity: 1.67%
[96m------------------------------------------------------------[0m
[1m[ NET ][0m Upload: 0.0 MB/s | Download: 0.0 MB/s
[96m------------------------------------------------------------[0m
[1m[ BATTERY ][0m [92m99.28%[0m (Charging/Plugged in)
[1m[96m============================================================[0m
[1m[92mData logged to 2026_logs/2026-10-01.jsonl... (Press Ctrl+C to stop)[0m
[1m[96m============================================================[0m
[1mSYSTEM MONITOR V2[0m | Time: 2026-10-01 12:52:00
[96m------------------------------------------------------------[0m
[1m[ CPU ][0m Used: [92m3.6%[0m | Free: 96.4%
[96m------------------------------------------------------------[0m
[1m[ RAM ][0m Used: [92m7.77 GB (52.3%)[0m | Available: 7.08 GB | Total: 14.84 GB
[1m[ SWAP ][0m Used: 0.0 GB (0.0%) | Free: 4.0 GB | Total: 4.0 GB
        [93mTop 5 RAM Processes (Logged 10):[0m
          1. code (PID 11526) - 670.59 MB (4.41%)
          2. code (PID 8588) - 660.27 MB (4.34%)
          3. code (PID 8252) - 630.49 MB (4.15%)
          4. chrome (PID 6354) - 535.5 MB (3.52%)
          5. chrome (PID 7112) - 523.96 MB (3.45%)
[96m------------------------------------------------------------[0m
[1m[ DISK ][0m Used: [92m24.07 GB (2.63%)[0m | Free: 891.76 GB | Total: 915.83 GB
         [93mI/O:[0m Read 0.0 MB/s | Write 0.02 MB/s | Activity: 0.92%
[96m------------------------------------------------------------[0m
[1m[ NET ][0m Upload: 0.0 MB/s | Download: 0.0 MB/s
[96m------------------------------------------------------------[0m
[1m[ BATTERY ][0m [92m99.28%[0m (Charging/Plugged in)
[1m[96m============================================================[0m
[1m[92mData logged to 2026_logs/2026-10-01.jsonl... (Press Ctrl+C to stop)[0m
[1m[96m============================================================[0m
[1mSYSTEM MONITOR V2[0m | Time: 2026-10-01 12:52:05
[96m------------------------------------------------------------[0m
[1m[ CPU ][0m Used: [92m2.9%[0m | Free: 97.1%
[96m------------------------------------------------------------[0m
[1m[ RAM ][0m Used: [92m7.79 GB (52.5%)[0m | Available: 7.06 GB | Total: 14.84 GB
[1m[ SWAP ][0m Used: 0.0 GB (0.0%) | Free: 4.0 GB | Total: 4.0 GB
        [93mTop 5 RAM Processes (Logged 10):[0m
          1. code (PID 11526) - 670.71 MB (4.41%)
          2. code (PID 8588) - 665.11 MB (4.38%)
          3. code (PID 8252) - 638.61 MB (4.2%)
          4. chrome (PID 6354) - 535.71 MB (3.52%)
          5. chrome (PID 7112) - 523.96 MB (3.45%)
[96m------------------------------------------------------------[0m
[1m[ DISK ][0m Used: [92m24.07 GB (2.63%)[0m | Free: 891.76 GB | Total: 915.83 GB
         [93mI/O:[0m Read 0.0 MB/s | Write 0.09 MB/s | Activity: 1.82%
[96m------------------------------------------------------------[0m
[1m[ NET ][0m Upload: 0.01 MB/s | Download: 0.01 MB/s
[96m------------------------------------------------------------[0m
[1m[ BATTERY ][0m [92m99.28%[0m (Charging/Plugged in)
[1m[96m============================================================[0m
[1m[92mData logged to 2026_logs/2026-10-01.jsonl... (Press Ctrl+C to stop)[0m
[1m[96m============================================================[0m
[1mSYSTEM MONITOR V2[0m | Time: 2026-10-01 12:52:10
[96m------------------------------------------------------------[0m
[1m[ CPU ][0m Used: [92m6.6%[0m | Free: 93.4%
        [93mTop 5 (Logged 10):[0m code (2.37%)
[96m------------------------------------------------------------[0m
[1m[ RAM ][0m Used: [92m7.8 GB (52.5%)[0m | Available: 7.05 GB | Total: 14.84 GB
[1m[ SWAP ][0m Used: 0.0 GB (0.0%) | Free: 4.0 GB | Total: 4.0 GB
        [93mTop 5 RAM Processes (Logged 10):[0m
          1. code (PID 11526) - 670.85 MB (4.41%)
          2. code (PID 8588) - 669.54 MB (4.41%)
          3. code (PID 8252) - 646.59 MB (4.25%)
          4. chrome (PID 6354) - 536.13 MB (3.53%)
          5. chrome (PID 7112) - 523.96 MB (3.45%)
[96m------------------------------------------------------------[0m
[1m[ DISK ][0m Used: [92m24.07 GB (2.63%)[0m | Free: 891.76 GB | Total: 915.83 GB
         [93mI/O:[0m Read 0.0 MB/s | Write 0.56 MB/s | Activity: 0.95%
[96m------------------------------------------------------------[0m
[1m[ NET ][0m Upload: 0.0 MB/s | Download: 0.0 MB/s
[96m------------------------------------------------------------[0m
[1m[ BATTERY ][0m [92m99.28%[0m (Charging/Plugged in)
[1m[96m============================================================[0m
[1m[92mData logged to 2026_logs/2026-10-01.jsonl... (Press Ctrl+C to stop)[0m
[1m[96m============================================================[0m
[1mSYSTEM MONITOR V2[0m | Time: 2026-10-01 12:52:15
[96m------------------------------------------------------------[0m
[1m[ CPU ][0m Used: [92m9.7%[0m | Free: 90.3%
        [93mTop 5 (Logged 10):[0m code (3.11%), code (2.77%)
[96m------------------------------------------------------------[0m
[1m[ RAM ][0m Used: [92m7.77 GB (52.3%)[0m | Available: 7.08 GB | Total: 14.84 GB
[1m[ SWAP ][0m Used: 0.0 GB (0.0%) | Free: 4.0 GB | Total: 4.0 GB
        [93mTop 5 RAM Processes (Logged 10):[0m
          1. code (PID 11526) - 670.16 MB (4.41%)
          2. code (PID 8252) - 643.35 MB (4.23%)
          3. code (PID 8588) - 637.3 MB (4.19%)
          4. chrome (PID 6354) - 535.39 MB (3.52%)
          5. chrome (PID 7112) - 523.96 MB (3.45%)
[96m------------------------------------------------------------[0m
[1m[ DISK ][0m Used: [92m24.07 GB (2.63%)[0m | Free: 891.76 GB | Total: 915.83 GB
         [93mI/O:[0m Read 0.0 MB/s | Write 0.37 MB/s | Activity: 0.98%
[96m------------------------------------------------------------[0m
[1m[ NET ][0m Upload: 0.0 MB/s | Download: 0.01 MB/s
[96m------------------------------------------------------------[0m
[1m[ BATTERY ][0m [92m99.28%[0m (Charging/Plugged in)
[1m[96m============================================================[0m
[1m[92mData logged to 2026_logs/2026-10-01.jsonl... (Press Ctrl+C to stop)[0m
[1m[96m============================================================[0m
[1mSYSTEM MONITOR V2[0m | Time: 2026-10-01 12:52:20
[96m------------------------------------------------------------[0m
[1m[ CPU ][0m Used: [92m8.7%[0m | Free: 91.3%
        [93mTop 5 (Logged 10):[0m code (3.31%), code (2.38%)
[96m------------------------------------------------------------[0m
[1m[ RAM ][0m Used: [92m7.83 GB (52.7%)[0m | Available: 7.01 GB | Total: 14.84 GB
[1m[ SWAP ][0m Used: 0.0 GB (0.0%) | Free: 4.0 GB | Total: 4.0 GB
        [93mTop 5 RAM Processes (Logged 10):[0m
          1. code (PID 11526) - 670.3 MB (4.41%)
          2. code (PID 8252) - 650.3 MB (4.28%)
          3. code (PID 8588) - 640.87 MB (4.22%)
          4. chrome (PID 6354) - 535.39 MB (3.52%)
          5. chrome (PID 7112) - 523.96 MB (3.45%)
[96m------------------------------------------------------------[0m
[1m[ DISK ][0m Used: [92m24.07 GB (2.63%)[0m | Free: 891.76 GB | Total: 915.83 GB
         [93mI/O:[0m Read 0.0 MB/s | Write 0.1 MB/s | Activity: 1.11%
[96m------------------------------------------------------------[0m
[1m[ NET ][0m Upload: 0.0 MB/s | Download: 0.0 MB/s
[96m------------------------------------------------------------[0m
[1m[ BATTERY ][0m [92m99.28%[0m (Charging/Plugged in)
[1m[96m============================================================[0m
[1m[92mData logged to 2026_logs/2026-10-01.jsonl... (Press Ctrl+C to stop)[0m
[1m[96m============================================================[0m
[1mSYSTEM MONITOR V2[0m | Time: 2026-10-01 12:52:25
[96m------------------------------------------------------------[0m
[1m[ CPU ][0m Used: [92m7.6%[0m | Free: 92.4%
        [93mTop 5 (Logged 10):[0m code (2.42%), code (2.35%)
[96m------------------------------------------------------------[0m
[1m[ RAM ][0m Used: [92m7.81 GB (52.6%)[0m | Available: 7.03 GB | Total: 14.84 GB
[1m[ SWAP ][0m Used: 0.0 GB (0.0%) | Free: 4.0 GB | Total: 4.0 GB
        [93mTop 5 RAM Processes (Logged 10):[0m
          1. code (PID 11526) - 670.38 MB (4.41%)
          2. code (PID 8588) - 645.0 MB (4.24%)
          3. code (PID 8252) - 642.7 MB (4.23%)
          4. chrome (PID 6354) - 535.6 MB (3.52%)
          5. chrome (PID 7112) - 528.16 MB (3.47%)
[96m------------------------------------------------------------[0m
[1m[ DISK ][0m Used: [92m24.07 GB (2.63%)[0m | Free: 891.76 GB | Total: 915.83 GB
         [93mI/O:[0m Read 0.0 MB/s | Write 0.01 MB/s | Activity: 0.8%
[96m------------------------------------------------------------[0m
[1m[ NET ][0m Upload: 0.0 MB/s | Download: 0.0 MB/s
[96m------------------------------------------------------------[0m
[1m[ BATTERY ][0m [92m99.28%[0m (Charging/Plugged in)
[1m[96m============================================================[0m
[1m[92mData logged to 2026_logs/2026-10-01.jsonl... (Press Ctrl+C to stop)[0m
[1m[96m============================================================[0m
[1mSYSTEM MONITOR V2[0m | Time: 2026-10-01 12:52:30
[96m------------------------------------------------------------[0m
[1m[ CPU ][0m Used: [92m4.6%[0m | Free: 95.4%
[96m------------------------------------------------------------[0m
[1m[ RAM ][0m Used: [92m7.83 GB (52.7%)[0m | Available: 7.01 GB | Total: 14.84 GB
[1m[ SWAP ][0m Used: 0.0 GB (0.0%) | Free: 4.0 GB | Total: 4.0 GB
        [93mTop 5 RAM Processes (Logged 10):[0m
          1. code (PID 11526) - 670.66 MB (4.41%)
          2. code (PID 8588) - 651.77 MB (4.29%)
          3. code (PID 8252) - 647.44 MB (4.26%)
          4. chrome (PID 6354) - 535.91 MB (3.53%)
          5. chrome (PID 7112) - 528.16 MB (3.47%)
[96m------------------------------------------------------------[0m
[1m[ DISK ][0m Used: [92m24.07 GB (2.63%)[0m | Free: 891.76 GB | Total: 915.83 GB
         [93mI/O:[0m Read 0.0 MB/s | Write 0.0 MB/s | Activity: 0.76%
[96m------------------------------------------------------------[0m
[1m[ NET ][0m Upload: 0.0 MB/s | Download: 0.0 MB/s
[96m------------------------------------------------------------[0m
[1m[ BATTERY ][0m [92m99.28%[0m (Charging/Plugged in)
[1m[96m============================================================[0m
[1m[92mData logged to 2026_logs/2026-10-01.jsonl... (Press Ctrl+C to stop)[0m
[1m[96m============================================================[0m
[1mSYSTEM MONITOR V2[0m | Time: 2026-10-01 12:52:35
[96m------------------------------------------------------------[0m
[1m[ CPU ][0m Used: [92m2.7%[0m | Free: 97.3%
[96m------------------------------------------------------------[0m
[1m[ RAM ][0m Used: [92m7.82 GB (52.7%)[0m | Available: 7.02 GB | Total: 14.84 GB
[1m[ SWAP ][0m Used: 0.0 GB (0.0%) | Free: 4.0 GB | Total: 4.0 GB
        [93mTop 5 RAM Processes (Logged 10):[0m
          1. code (PID 11526) - 670.77 MB (4.41%)
          2. code (PID 8252) - 659.06 MB (4.34%)
          3. code (PID 8588) - 653.53 MB (4.3%)
          4. chrome (PID 6354) - 535.65 MB (3.52%)
          5. chrome (PID 7112) - 528.16 MB (3.47%)
[96m------------------------------------------------------------[0m
[1m[ DISK ][0m Used: [92m24.07 GB (2.63%)[0m | Free: 891.76 GB | Total: 915.83 GB
         [93mI/O:[0m Read 0.0 MB/s | Write 0.06 MB/s | Activity: 1.77%
[96m------------------------------------------------------------[0m
[1m[ NET ][0m Upload: 0.0 MB/s | Download: 0.0 MB/s
[96m------------------------------------------------------------[0m
[1m[ BATTERY ][0m [92m99.28%[0m (Charging/Plugged in)
[1m[96m============================================================[0m
[1m[92mData logged to 2026_logs/2026-10-01.jsonl... (Press Ctrl+C to stop)[0m
[1m[96m============================================================[0m
[1mSYSTEM MONITOR V2[0m | Time: 2026-10-01 12:52:40
[96m------------------------------------------------------------[0m
[1m[ CPU ][0m Used: [92m6.0%[0m | Free: 94.0%
        [93mTop 5 (Logged 10):[0m code (2.44%)
[96m------------------------------------------------------------[0m
[1m[ RAM ][0m Used: [92m7.84 GB (52.8%)[0m | Available: 7.01 GB | Total: 14.84 GB
[1m[ SWAP ][0m Used: 0.0 GB (0.0%) | Free: 4.0 GB | Total: 4.0 GB
        [93mTop 5 RAM Processes (Logged 10):[0m
          1. code (PID 11526) - 670.82 MB (4.41%)
          2. code (PID 8588) - 660.07 MB (4.34%)
          3. code (PID 8252) - 655.4 MB (4.31%)
          4. chrome (PID 6354) - 535.48 MB (3.52%)
          5. chrome (PID 7112) - 528.16 MB (3.47%)
[96m------------------------------------------------------------[0m
[1m[ DISK ][0m Used: [92m24.07 GB (2.63%)[0m | Free: 891.76 GB | Total: 915.83 GB
         [93mI/O:[0m Read 0.0 MB/s | Write 0.38 MB/s | Activity: 1.04%
[96m------------------------------------------------------------[0m
[1m[ NET ][0m Upload: 0.0 MB/s | Download: 0.0 MB/s
[96m------------------------------------------------------------[0m
[1m[ BATTERY ][0m [92m99.28%[0m (Charging/Plugged in)
[1m[96m============================================================[0m
[1m[92mData logged to 2026_logs/2026-10-01.jsonl... (Press Ctrl+C to stop)[0m
[1m[96m============================================================[0m
[1mSYSTEM MONITOR V2[0m | Time: 2026-10-01 12:52:45
[96m------------------------------------------------------------[0m
[1m[ CPU ][0m Used: [92m6.4%[0m | Free: 93.6%
        [93mTop 5 (Logged 10):[0m code (2.18%)
[96m------------------------------------------------------------[0m
[1m[ RAM ][0m Used: [92m7.84 GB (52.9%)[0m | Available: 7.0 GB | Total: 14.84 GB
[1m[ SWAP ][0m Used: 0.0 GB (0.0%) | Free: 4.0 GB | Total: 4.0 GB
        [93mTop 5 RAM Processes (Logged 10):[0m
          1. code (PID 11526) - 670.91 MB (4.41%)
          2. code (PID 8252) - 662.57 MB (4.36%)
          3. code (PID 8588) - 661.59 MB (4.35%)
          4. chrome (PID 6354) - 535.47 MB (3.52%)
          5. chrome (PID 7112) - 528.16 MB (3.47%)
[96m------------------------------------------------------------[0m
[1m[ DISK ][0m Used: [92m24.07 GB (2.63%)[0m | Free: 891.76 GB | Total: 915.83 GB
         [93mI/O:[0m Read 0.0 MB/s | Write 0.13 MB/s | Activity: 1.79%
[96m------------------------------------------------------------[0m
[1m[ NET ][0m Upload: 0.0 MB/s | Download: 0.0 MB/s
[96m------------------------------------------------------------[0m
[1m[ BATTERY ][0m [92m99.28%[0m (Charging/Plugged in)
[1m[96m============================================================[0m
[1m[92mData logged to 2026_logs/2026-10-01.jsonl... (Press Ctrl+C to stop)[0m
[1m[96m============================================================[0m
[1mSYSTEM MONITOR V2[0m | Time: 2026-10-01 12:52:50
[96m------------------------------------------------------------[0m
[1m[ CPU ][0m Used: [92m6.6%[0m | Free: 93.4%
        [93mTop 5 (Logged 10):[0m code (2.45%)
[96m------------------------------------------------------------[0m
[1m[ RAM ][0m Used: [92m7.84 GB (52.8%)[0m | Available: 7.0 GB | Total: 14.84 GB
[1m[ SWAP ][0m Used: 0.0 GB (0.0%) | Free: 4.0 GB | Total: 4.0 GB
        [93mTop 5 RAM Processes (Logged 10):[0m
          1. code (PID 11526) - 670.22 MB (4.41%)
          2. code (PID 8252) - 668.9 MB (4.4%)
          3. code (PID 8588) - 665.07 MB (4.38%)
          4. chrome (PID 6354) - 535.47 MB (3.52%)
          5. chrome (PID 7112) - 528.17 MB (3.47%)
[96m------------------------------------------------------------[0m
[1m[ DISK ][0m Used: [92m24.07 GB (2.63%)[0m | Free: 891.76 GB | Total: 915.83 GB
         [93mI/O:[0m Read 0.0 MB/s | Write 0.02 MB/s | Activity: 0.92%
[96m------------------------------------------------------------[0m
[1m[ NET ][0m Upload: 0.0 MB/s | Download: 0.0 MB/s
[96m------------------------------------------------------------[0m
[1m[ BATTERY ][0m [92m99.28%[0m (Charging/Plugged in)
[1m[96m============================================================[0m
[1m[92mData logged to 2026_logs/2026-10-01.jsonl... (Press Ctrl+C to stop)[0m
[1m[96m============================================================[0m
[1mSYSTEM MONITOR V2[0m | Time: 2026-10-01 12:52:55
[96m------------------------------------------------------------[0m
[1m[ CPU ][0m Used: [92m6.3%[0m | Free: 93.7%
        [93mTop 5 (Logged 10):[0m code (2.21%)
[96m------------------------------------------------------------[0m
[1m[ RAM ][0m Used: [92m7.83 GB (52.7%)[0m | Available: 7.02 GB | Total: 14.84 GB
[1m[ SWAP ][0m Used: 0.0 GB (0.0%) | Free: 4.0 GB | Total: 4.0 GB
        [93mTop 5 RAM Processes (Logged 10):[0m
          1. code (PID 8588) - 672.49 MB (4.42%)
          2. code (PID 11526) - 670.35 MB (4.41%)
          3. code (PID 8252) - 664.49 MB (4.37%)
          4. chrome (PID 6354) - 535.6 MB (3.52%)
          5. chrome (PID 7112) - 525.14 MB (3.46%)
[96m------------------------------------------------------------[0m
[1m[ DISK ][0m Used: [92m24.07 GB (2.63%)[0m | Free: 891.76 GB | Total: 915.83 GB
         [93mI/O:[0m Read 0.0 MB/s | Write 0.03 MB/s | Activity: 0.88%
[96m------------------------------------------------------------[0m
[1m[ NET ][0m Upload: 0.0 MB/s | Download: 0.0 MB/s
[96m------------------------------------------------------------[0m
[1m[ BATTERY ][0m [92m99.28%[0m (Charging/Plugged in)
[1m[96m============================================================[0m
[1m[92mData logged to 2026_logs/2026-10-01.jsonl... (Press Ctrl+C to stop)[0m
[1m[96m============================================================[0m
[1mSYSTEM MONITOR V2[0m | Time: 2026-10-01 12:53:00
[96m------------------------------------------------------------[0m
[1m[ CPU ][0m Used: [92m5.6%[0m | Free: 94.4%
[96m------------------------------------------------------------[0m
[1m[ RAM ][0m Used: [92m7.84 GB (52.8%)[0m | Available: 7.0 GB | Total: 14.84 GB
[1m[ SWAP ][0m Used: 0.0 GB (0.0%) | Free: 4.0 GB | Total: 4.0 GB
        [93mTop 5 RAM Processes (Logged 10):[0m
          1. code (PID 8252) - 671.18 MB (4.42%)
          2. code (PID 11526) - 670.48 MB (4.41%)
          3. code (PID 8588) - 669.75 MB (4.41%)
          4. chrome (PID 6354) - 535.64 MB (3.52%)
          5. chrome (PID 7112) - 529.13 MB (3.48%)
[96m------------------------------------------------------------[0m
[1m[ DISK ][0m Used: [92m24.07 GB (2.63%)[0m | Free: 891.76 GB | Total: 915.83 GB
         [93mI/O:[0m Read 0.0 MB/s | Write 0.38 MB/s | Activity: 0.96%
[96m------------------------------------------------------------[0m
[1m[ NET ][0m Upload: 0.0 MB/s | Download: 0.01 MB/s
[96m------------------------------------------------------------[0m
[1m[ BATTERY ][0m [92m99.28%[0m (Charging/Plugged in)
[1m[96m============================================================[0m
[1m[92mData logged to 2026_logs/2026-10-01.jsonl... (Press Ctrl+C to stop)[0m
[1m[96m============================================================[0m
[1mSYSTEM MONITOR V2[0m | Time: 2026-10-01 12:53:05
[96m------------------------------------------------------------[0m
[1m[ CPU ][0m Used: [92m7.9%[0m | Free: 92.1%
        [93mTop 5 (Logged 10):[0m code (3.48%), code (2.32%)
[96m------------------------------------------------------------[0m
[1m[ RAM ][0m Used: [92m7.82 GB (52.7%)[0m | Available: 7.03 GB | Total: 14.84 GB
[1m[ SWAP ][0m Used: 0.0 GB (0.0%) | Free: 4.0 GB | Total: 4.0 GB
        [93mTop 5 RAM Processes (Logged 10):[0m
          1. code (PID 8588) - 673.52 MB (4.43%)
          2. code (PID 11526) - 670.6 MB (4.41%)
          3. code (PID 8252) - 660.35 MB (4.34%)
          4. chrome (PID 6354) - 535.59 MB (3.52%)
          5. chrome (PID 7112) - 529.13 MB (3.48%)
[96m------------------------------------------------------------[0m
[1m[ DISK ][0m Used: [92m24.07 GB (2.63%)[0m | Free: 891.76 GB | Total: 915.83 GB
         [93mI/O:[0m Read 0.0 MB/s | Write 0.01 MB/s | Activity: 1.57%
[96m------------------------------------------------------------[0m
[1m[ NET ][0m Upload: 0.0 MB/s | Download: 0.0 MB/s
[96m------------------------------------------------------------[0m
[1m[ BATTERY ][0m [92m99.28%[0m (Charging/Plugged in)
[1m[96m============================================================[0m
[1m[92mData logged to 2026_logs/2026-10-01.jsonl... (Press Ctrl+C to stop)[0m
[1m[96m============================================================[0m
[1mSYSTEM MONITOR V2[0m | Time: 2026-10-01 12:53:11
[96m------------------------------------------------------------[0m
[1m[ CPU ][0m Used: [92m4.1%[0m | Free: 95.9%
[96m------------------------------------------------------------[0m
[1m[ RAM ][0m Used: [92m7.82 GB (52.7%)[0m | Available: 7.02 GB | Total: 14.84 GB
[1m[ SWAP ][0m Used: 0.0 GB (0.0%) | Free: 4.0 GB | Total: 4.0 GB
        [93mTop 5 RAM Processes (Logged 10):[0m
          1. code (PID 8252) - 670.75 MB (4.41%)
          2. code (PID 11526) - 670.73 MB (4.41%)
          3. code (PID 8588) - 663.22 MB (4.36%)
          4. chrome (PID 6354) - 535.51 MB (3.52%)
          5. chrome (PID 7112) - 529.15 MB (3.48%)
[96m------------------------------------------------------------[0m
[1m[ DISK ][0m Used: [92m24.07 GB (2.63%)[0m | Free: 891.76 GB | Total: 915.83 GB
         [93mI/O:[0m Read 0.0 MB/s | Write 0.42 MB/s | Activity: 1.16%
[96m------------------------------------------------------------[0m
[1m[ NET ][0m Upload: 0.0 MB/s | Download: 0.0 MB/s
[96m------------------------------------------------------------[0m
[1m[ BATTERY ][0m [92m99.28%[0m (Charging/Plugged in)
[1m[96m============================================================[0m
[1m[92mData logged to 2026_logs/2026-10-01.jsonl... (Press Ctrl+C to stop)[0m
[1m[96m============================================================[0m
[1mSYSTEM MONITOR V2[0m | Time: 2026-10-01 12:53:16
[96m------------------------------------------------------------[0m
[1m[ CPU ][0m Used: [92m5.3%[0m | Free: 94.7%
[96m------------------------------------------------------------[0m
[1m[ RAM ][0m Used: [92m7.84 GB (52.8%)[0m | Available: 7.01 GB | Total: 14.84 GB
[1m[ SWAP ][0m Used: 0.0 GB (0.0%) | Free: 4.0 GB | Total: 4.0 GB
        [93mTop 5 RAM Processes (Logged 10):[0m
          1. code (PID 8252) - 678.54 MB (4.46%)
          2. code (PID 11526) - 670.86 MB (4.41%)
          3. code (PID 8588) - 666.29 MB (4.38%)
          4. chrome (PID 6354) - 535.51 MB (3.52%)
          5. chrome (PID 7112) - 529.15 MB (3.48%)
[96m------------------------------------------------------------[0m
[1m[ DISK ][0m Used: [92m24.07 GB (2.63%)[0m | Free: 891.76 GB | Total: 915.83 GB
         [93mI/O:[0m Read 0.0 MB/s | Write 0.01 MB/s | Activity: 0.06%
[96m------------------------------------------------------------[0m
[1m[ NET ][0m Upload: 0.0 MB/s | Download: 0.0 MB/s
[96m------------------------------------------------------------[0m
[1m[ BATTERY ][0m [92m99.28%[0m (Charging/Plugged in)
[1m[96m============================================================[0m
[1m[92mData logged to 2026_logs/2026-10-01.jsonl... (Press Ctrl+C to stop)[0m
[1m[96m============================================================[0m
[1mSYSTEM MONITOR V2[0m | Time: 2026-10-01 12:53:21
[96m------------------------------------------------------------[0m
[1m[ CPU ][0m Used: [92m4.2%[0m | Free: 95.8%
[96m------------------------------------------------------------[0m
[1m[ RAM ][0m Used: [92m7.79 GB (52.5%)[0m | Available: 7.05 GB | Total: 14.84 GB
[1m[ SWAP ][0m Used: 0.0 GB (0.0%) | Free: 4.0 GB | Total: 4.0 GB
        [93mTop 5 RAM Processes (Logged 10):[0m
          1. code (PID 11526) - 671.0 MB (4.41%)
          2. code (PID 8588) - 670.48 MB (4.41%)
          3. code (PID 8252) - 658.58 MB (4.33%)
          4. chrome (PID 6354) - 535.54 MB (3.52%)
          5. chrome (PID 7112) - 529.15 MB (3.48%)
[96m------------------------------------------------------------[0m
[1m[ DISK ][0m Used: [92m24.07 GB (2.63%)[0m | Free: 891.76 GB | Total: 915.83 GB
         [93mI/O:[0m Read 0.0 MB/s | Write 0.05 MB/s | Activity: 1.75%
[96m------------------------------------------------------------[0m
[1m[ NET ][0m Upload: 0.0 MB/s | Download: 0.0 MB/s
[96m------------------------------------------------------------[0m
[1m[ BATTERY ][0m [92m99.28%[0m (Charging/Plugged in)
[1m[96m============================================================[0m
[1m[92mData logged to 2026_logs/2026-10-01.jsonl... (Press Ctrl+C to stop)[0m
[1m[96m============================================================[0m
[1mSYSTEM MONITOR V2[0m | Time: 2026-10-01 12:53:26
[96m------------------------------------------------------------[0m
[1m[ CPU ][0m Used: [92m7.9%[0m | Free: 92.1%
        [93mTop 5 (Logged 10):[0m code (2.18%)
[96m------------------------------------------------------------[0m
[1m[ RAM ][0m Used: [92m7.85 GB (52.9%)[0m | Available: 6.99 GB | Total: 14.84 GB
[1m[ SWAP ][0m Used: 0.0 GB (0.0%) | Free: 4.0 GB | Total: 4.0 GB
        [93mTop 5 RAM Processes (Logged 10):[0m
          1. code (PID 8252) - 675.59 MB (4.44%)
          2. code (PID 11526) - 670.32 MB (4.41%)
          3. code (PID 8588) - 635.32 MB (4.18%)
          4. chrome (PID 6354) - 535.77 MB (3.52%)
          5. chrome (PID 7112) - 535.04 MB (3.52%)
[96m------------------------------------------------------------[0m
[1m[ DISK ][0m Used: [92m24.07 GB (2.63%)[0m | Free: 891.76 GB | Total: 915.83 GB
         [93mI/O:[0m Read 0.0 MB/s | Write 0.02 MB/s | Activity: 0.91%
[96m------------------------------------------------------------[0m
[1m[ NET ][0m Upload: 0.01 MB/s | Download: 0.01 MB/s
[96m------------------------------------------------------------[0m
[1m[ BATTERY ][0m [92m99.28%[0m (Charging/Plugged in)
[1m[96m============================================================[0m
[1m[92mData logged to 2026_logs/2026-10-01.jsonl... (Press Ctrl+C to stop)[0m
[1m[96m============================================================[0m
[1mSYSTEM MONITOR V2[0m | Time: 2026-10-01 12:53:31
[96m------------------------------------------------------------[0m
[1m[ CPU ][0m Used: [92m8.4%[0m | Free: 91.6%
        [93mTop 5 (Logged 10):[0m code (3.16%), code (2.98%)
[96m------------------------------------------------------------[0m
[1m[ RAM ][0m Used: [92m7.88 GB (53.1%)[0m | Available: 6.96 GB | Total: 14.84 GB
[1m[ SWAP ][0m Used: 0.0 GB (0.0%) | Free: 4.0 GB | Total: 4.0 GB
        [93mTop 5 RAM Processes (Logged 10):[0m
          1. code (PID 11526) - 670.45 MB (4.41%)
          2. code (PID 8252) - 669.52 MB (4.4%)
          3. code (PID 8588) - 639.88 MB (4.21%)
          4. chrome (PID 6354) - 535.46 MB (3.52%)
          5. chrome (PID 7112) - 535.06 MB (3.52%)
[96m------------------------------------------------------------[0m
[1m[ DISK ][0m Used: [92m24.07 GB (2.63%)[0m | Free: 891.76 GB | Total: 915.83 GB
         [93mI/O:[0m Read 0.0 MB/s | Write 0.41 MB/s | Activity: 1.0%
[96m------------------------------------------------------------[0m
[1m[ NET ][0m Upload: 0.0 MB/s | Download: 0.0 MB/s
[96m------------------------------------------------------------[0m
[1m[ BATTERY ][0m [92m99.28%[0m (Charging/Plugged in)
[1m[96m============================================================[0m
[1m[92mData logged to 2026_logs/2026-10-01.jsonl... (Press Ctrl+C to stop)[0m
[1m[96m============================================================[0m
[1mSYSTEM MONITOR V2[0m | Time: 2026-10-01 12:53:36
[96m------------------------------------------------------------[0m
[1m[ CPU ][0m Used: [92m6.3%[0m | Free: 93.7%
        [93mTop 5 (Logged 10):[0m code (2.21%)
[96m------------------------------------------------------------[0m
[1m[ RAM ][0m Used: [92m7.87 GB (53.1%)[0m | Available: 6.97 GB | Total: 14.84 GB
[1m[ SWAP ][0m Used: 0.0 GB (0.0%) | Free: 4.0 GB | Total: 4.0 GB
        [93mTop 5 RAM Processes (Logged 10):[0m
          1. code (PID 11526) - 670.57 MB (4.41%)
          2. code (PID 8252) - 664.0 MB (4.37%)
          3. code (PID 8588) - 647.33 MB (4.26%)
          4. chrome (PID 6354) - 535.51 MB (3.52%)
          5. chrome (PID 7112) - 535.07 MB (3.52%)
[96m------------------------------------------------------------[0m
[1m[ DISK ][0m Used: [92m24.07 GB (2.63%)[0m | Free: 891.76 GB | Total: 915.83 GB
         [93mI/O:[0m Read 0.0 MB/s | Write 0.22 MB/s | Activity: 0.22%
[96m------------------------------------------------------------[0m
[1m[ NET ][0m Upload: 0.0 MB/s | Download: 0.0 MB/s
[96m------------------------------------------------------------[0m
[1m[ BATTERY ][0m [92m99.28%[0m (Charging/Plugged in)
[1m[96m============================================================[0m
[1m[92mData logged to 2026_logs/2026-10-01.jsonl... (Press Ctrl+C to stop)[0m
[1m[96m============================================================[0m
[1mSYSTEM MONITOR V2[0m | Time: 2026-10-01 12:53:41
[96m------------------------------------------------------------[0m
[1m[ CPU ][0m Used: [92m5.8%[0m | Free: 94.2%
[96m------------------------------------------------------------[0m
[1m[ RAM ][0m Used: [92m7.85 GB (52.9%)[0m | Available: 6.99 GB | Total: 14.84 GB
[1m[ SWAP ][0m Used: 0.0 GB (0.0%) | Free: 4.0 GB | Total: 4.0 GB
        [93mTop 5 RAM Processes (Logged 10):[0m
          1. code (PID 11526) - 670.7 MB (4.41%)
          2. code (PID 8252) - 670.48 MB (4.41%)
          3. code (PID 8588) - 652.45 MB (4.29%)
          4. chrome (PID 6354) - 535.45 MB (3.52%)
          5. chrome (PID 7112) - 535.07 MB (3.52%)
[96m------------------------------------------------------------[0m
[1m[ DISK ][0m Used: [92m24.07 GB (2.63%)[0m | Free: 891.76 GB | Total: 915.83 GB
         [93mI/O:[0m Read 0.0 MB/s | Write 0.43 MB/s | Activity: 1.85%
[96m------------------------------------------------------------[0m
[1m[ NET ][0m Upload: 0.0 MB/s | Download: 0.0 MB/s
[96m------------------------------------------------------------[0m
[1m[ BATTERY ][0m [92m99.28%[0m (Charging/Plugged in)
[1m[96m============================================================[0m
[1m[92mData logged to 2026_logs/2026-10-01.jsonl... (Press Ctrl+C to stop)[0m
[1m[96m============================================================[0m
[1mSYSTEM MONITOR V2[0m | Time: 2026-10-01 12:53:46
[96m------------------------------------------------------------[0m
[1m[ CPU ][0m Used: [92m4.9%[0m | Free: 95.1%
[96m------------------------------------------------------------[0m
[1m[ RAM ][0m Used: [92m7.85 GB (52.9%)[0m | Available: 6.99 GB | Total: 14.84 GB
[1m[ SWAP ][0m Used: 0.0 GB (0.0%) | Free: 4.0 GB | Total: 4.0 GB
        [93mTop 5 RAM Processes (Logged 10):[0m
          1. code (PID 8252) - 672.37 MB (4.42%)
          2. code (PID 11526) - 670.82 MB (4.41%)
          3. code (PID 8588) - 656.67 MB (4.32%)
          4. chrome (PID 6354) - 535.45 MB (3.52%)
          5. chrome (PID 7112) - 535.07 MB (3.52%)
[96m------------------------------------------------------------[0m
[1m[ DISK ][0m Used: [92m24.07 GB (2.63%)[0m | Free: 891.76 GB | Total: 915.83 GB
         [93mI/O:[0m Read 0.0 MB/s | Write 0.01 MB/s | Activity: 0.83%
[96m------------------------------------------------------------[0m
[1m[ NET ][0m Upload: 0.0 MB/s | Download: 0.0 MB/s
[96m------------------------------------------------------------[0m
[1m[ BATTERY ][0m [92m99.28%[0m (Charging/Plugged in)
[1m[96m============================================================[0m
[1m[92mData logged to 2026_logs/2026-10-01.jsonl... (Press Ctrl+C to stop)[0m
[1m[96m============================================================[0m
[1mSYSTEM MONITOR V2[0m | Time: 2026-10-01 12:53:51
[96m------------------------------------------------------------[0m
[1m[ CPU ][0m Used: [92m4.6%[0m | Free: 95.4%
[96m------------------------------------------------------------[0m
[1m[ RAM ][0m Used: [92m7.84 GB (52.8%)[0m | Available: 7.0 GB | Total: 14.84 GB
[1m[ SWAP ][0m Used: 0.0 GB (0.0%) | Free: 4.0 GB | Total: 4.0 GB
        [93mTop 5 RAM Processes (Logged 10):[0m
          1. code (PID 11526) - 670.95 MB (4.41%)
          2. code (PID 8588) - 659.89 MB (4.34%)
          3. code (PID 8252) - 659.7 MB (4.34%)
          4. chrome (PID 6354) - 535.45 MB (3.52%)
          5. chrome (PID 7112) - 535.07 MB (3.52%)
[96m------------------------------------------------------------[0m
[1m[ DISK ][0m Used: [92m24.07 GB (2.63%)[0m | Free: 891.76 GB | Total: 915.83 GB
         [93mI/O:[0m Read 0.0 MB/s | Write 0.01 MB/s | Activity: 1.57%
[96m------------------------------------------------------------[0m
[1m[ NET ][0m Upload: 0.0 MB/s | Download: 0.0 MB/s
[96m------------------------------------------------------------[0m
[1m[ BATTERY ][0m [92m99.28%[0m (Charging/Plugged in)
[1m[96m============================================================[0m
[1m[92mData logged to 2026_logs/2026-10-01.jsonl... (Press Ctrl+C to stop)[0m
[1m[96m============================================================[0m
[1mSYSTEM MONITOR V2[0m | Time: 2026-10-01 12:53:56
[96m------------------------------------------------------------[0m
[1m[ CPU ][0m Used: [92m5.0%[0m | Free: 95.0%
[96m------------------------------------------------------------[0m
[1m[ RAM ][0m Used: [92m7.82 GB (52.7%)[0m | Available: 7.02 GB | Total: 14.84 GB
[1m[ SWAP ][0m Used: 0.0 GB (0.0%) | Free: 4.0 GB | Total: 4.0 GB
        [93mTop 5 RAM Processes (Logged 10):[0m
          1. code (PID 11526) - 671.09 MB (4.42%)
          2. code (PID 8252) - 666.17 MB (4.38%)
          3. code (PID 8588) - 664.34 MB (4.37%)
          4. chrome (PID 6354) - 535.59 MB (3.52%)
          5. chrome (PID 7112) - 528.68 MB (3.48%)
[96m------------------------------------------------------------[0m
[1m[ DISK ][0m Used: [92m24.07 GB (2.63%)[0m | Free: 891.76 GB | Total: 915.83 GB
         [93mI/O:[0m Read 0.0 MB/s | Write 0.14 MB/s | Activity: 0.67%
[96m------------------------------------------------------------[0m
[1m[ NET ][0m Upload: 0.0 MB/s | Download: 0.0 MB/s
[96m------------------------------------------------------------[0m
[1m[ BATTERY ][0m [92m99.28%[0m (Charging/Plugged in)
[1m[96m============================================================[0m
[1m[92mData logged to 2026_logs/2026-10-01.jsonl... (Press Ctrl+C to stop)[0m
[1m[96m============================================================[0m
[1mSYSTEM MONITOR V2[0m | Time: 2026-10-01 12:54:01
[96m------------------------------------------------------------[0m
[1m[ CPU ][0m Used: [92m4.8%[0m | Free: 95.2%
[96m------------------------------------------------------------[0m
[1m[ RAM ][0m Used: [92m7.85 GB (52.9%)[0m | Available: 7.0 GB | Total: 14.84 GB
[1m[ SWAP ][0m Used: 0.0 GB (0.0%) | Free: 4.0 GB | Total: 4.0 GB
        [93mTop 5 RAM Processes (Logged 10):[0m
          1. code (PID 8252) - 678.6 MB (4.46%)
          2. code (PID 8588) - 672.09 MB (4.42%)
          3. code (PID 11526) - 670.42 MB (4.41%)
          4. chrome (PID 6354) - 535.59 MB (3.52%)
          5. chrome (PID 7112) - 527.29 MB (3.47%)
[96m------------------------------------------------------------[0m
[1m[ DISK ][0m Used: [92m24.07 GB (2.63%)[0m | Free: 891.76 GB | Total: 915.83 GB
         [93mI/O:[0m Read 0.0 MB/s | Write 0.02 MB/s | Activity: 0.95%
[96m------------------------------------------------------------[0m
[1m[ NET ][0m Upload: 0.0 MB/s | Download: 0.0 MB/s
[96m------------------------------------------------------------[0m
[1m[ BATTERY ][0m [92m99.28%[0m (Charging/Plugged in)
[1m[96m============================================================[0m
[1m[92mData logged to 2026_logs/2026-10-01.jsonl... (Press Ctrl+C to stop)[0m
[1m[96m============================================================[0m
[1mSYSTEM MONITOR V2[0m | Time: 2026-10-01 12:54:06
[96m------------------------------------------------------------[0m
[1m[ CPU ][0m Used: [92m5.2%[0m | Free: 94.8%
[96m------------------------------------------------------------[0m
[1m[ RAM ][0m Used: [92m7.81 GB (52.6%)[0m | Available: 7.04 GB | Total: 14.84 GB
[1m[ SWAP ][0m Used: 0.0 GB (0.0%) | Free: 4.0 GB | Total: 4.0 GB
        [93mTop 5 RAM Processes (Logged 10):[0m
          1. code (PID 11526) - 670.55 MB (4.41%)
          2. code (PID 8588) - 670.29 MB (4.41%)
          3. code (PID 8252) - 662.71 MB (4.36%)
          4. chrome (PID 6354) - 535.38 MB (3.52%)
          5. chrome (PID 7112) - 526.36 MB (3.46%)
[96m------------------------------------------------------------[0m
[1m[ DISK ][0m Used: [92m24.07 GB (2.63%)[0m | Free: 891.76 GB | Total: 915.83 GB
         [93mI/O:[0m Read 0.0 MB/s | Write 0.05 MB/s | Activity: 0.88%
[96m------------------------------------------------------------[0m
[1m[ NET ][0m Upload: 0.0 MB/s | Download: 0.0 MB/s
[96m------------------------------------------------------------[0m
[1m[ BATTERY ][0m [92m99.28%[0m (Charging/Plugged in)
[1m[96m============================================================[0m
[1m[92mData logged to 2026_logs/2026-10-01.jsonl... (Press Ctrl+C to stop)[0m
[1m[96m============================================================[0m
[1mSYSTEM MONITOR V2[0m | Time: 2026-10-01 12:54:11
[96m------------------------------------------------------------[0m
[1m[ CPU ][0m Used: [92m6.1%[0m | Free: 93.9%
        [93mTop 5 (Logged 10):[0m code (2.15%), code (2.05%)
[96m------------------------------------------------------------[0m
[1m[ RAM ][0m Used: [92m7.83 GB (52.8%)[0m | Available: 7.01 GB | Total: 14.84 GB
[1m[ SWAP ][0m Used: 0.0 GB (0.0%) | Free: 4.0 GB | Total: 4.0 GB
        [93mTop 5 RAM Processes (Logged 10):[0m
          1. code (PID 8588) - 674.52 MB (4.44%)
          2. code (PID 8252) - 674.24 MB (4.44%)
          3. code (PID 11526) - 670.67 MB (4.41%)
          4. chrome (PID 6354) - 535.38 MB (3.52%)
          5. chrome (PID 7112) - 524.68 MB (3.45%)
[96m------------------------------------------------------------[0m
[1m[ DISK ][0m Used: [92m24.07 GB (2.63%)[0m | Free: 891.76 GB | Total: 915.83 GB
         [93mI/O:[0m Read 0.0 MB/s | Write 0.04 MB/s | Activity: 0.95%
[96m------------------------------------------------------------[0m
[1m[ NET ][0m Upload: 0.0 MB/s | Download: 0.0 MB/s
[96m------------------------------------------------------------[0m
[1m[ BATTERY ][0m [92m99.28%[0m (Charging/Plugged in)
[1m[96m============================================================[0m
[1m[92mData logged to 2026_logs/2026-10-01.jsonl... (Press Ctrl+C to stop)[0m
[1m[96m============================================================[0m
[1mSYSTEM MONITOR V2[0m | Time: 2026-10-01 12:54:16
[96m------------------------------------------------------------[0m
[1m[ CPU ][0m Used: [92m7.9%[0m | Free: 92.1%
        [93mTop 5 (Logged 10):[0m code (3.14%), code (2.38%)
[96m------------------------------------------------------------[0m
[1m[ RAM ][0m Used: [92m7.84 GB (52.8%)[0m | Available: 7.01 GB | Total: 14.84 GB
[1m[ SWAP ][0m Used: 0.0 GB (0.0%) | Free: 4.0 GB | Total: 4.0 GB
        [93mTop 5 RAM Processes (Logged 10):[0m
          1. code (PID 8588) - 681.02 MB (4.48%)
          2. code (PID 8252) - 677.12 MB (4.45%)
          3. code (PID 11526) - 670.79 MB (4.41%)
          4. chrome (PID 6354) - 535.41 MB (3.52%)
          5. chrome (PID 7112) - 524.68 MB (3.45%)
[96m------------------------------------------------------------[0m
[1m[ DISK ][0m Used: [92m24.07 GB (2.63%)[0m | Free: 891.76 GB | Total: 915.83 GB
         [93mI/O:[0m Read 0.0 MB/s | Write 0.8 MB/s | Activity: 1.79%
[96m------------------------------------------------------------[0m
[1m[ NET ][0m Upload: 0.0 MB/s | Download: 0.0 MB/s
[96m------------------------------------------------------------[0m
[1m[ BATTERY ][0m [92m99.28%[0m (Charging/Plugged in)
[1m[96m============================================================[0m
[1m[92mData logged to 2026_logs/2026-10-01.jsonl... (Press Ctrl+C to stop)[0m
[1m[96m============================================================[0m
[1mSYSTEM MONITOR V2[0m | Time: 2026-10-01 12:54:21
[96m------------------------------------------------------------[0m
[1m[ CPU ][0m Used: [92m5.4%[0m | Free: 94.6%
[96m------------------------------------------------------------[0m
[1m[ RAM ][0m Used: [92m7.85 GB (52.9%)[0m | Available: 7.0 GB | Total: 14.84 GB
[1m[ SWAP ][0m Used: 0.0 GB (0.0%) | Free: 4.0 GB | Total: 4.0 GB
        [93mTop 5 RAM Processes (Logged 10):[0m
          1. code (PID 8588) - 688.88 MB (4.53%)
          2. code (PID 8252) - 681.24 MB (4.48%)
          3. code (PID 11526) - 670.92 MB (4.41%)
          4. chrome (PID 6354) - 535.38 MB (3.52%)
          5. chrome (PID 7112) - 524.68 MB (3.45%)
[96m------------------------------------------------------------[0m
[1m[ DISK ][0m Used: [92m24.07 GB (2.63%)[0m | Free: 891.76 GB | Total: 915.83 GB
         [93mI/O:[0m Read 0.0 MB/s | Write 0.0 MB/s | Activity: 0.81%
[96m------------------------------------------------------------[0m
[1m[ NET ][0m Upload: 0.0 MB/s | Download: 0.0 MB/s
[96m------------------------------------------------------------[0m
[1m[ BATTERY ][0m [92m99.28%[0m (Charging/Plugged in)
[1m[96m============================================================[0m
[1m[92mData logged to 2026_logs/2026-10-01.jsonl... (Press Ctrl+C to stop)[0m
[1m[96m============================================================[0m
[1mSYSTEM MONITOR V2[0m | Time: 2026-10-01 12:54:26
[96m------------------------------------------------------------[0m
[1m[ CPU ][0m Used: [92m5.3%[0m | Free: 94.7%
[96m------------------------------------------------------------[0m
[1m[ RAM ][0m Used: [92m7.88 GB (53.1%)[0m | Available: 6.96 GB | Total: 14.84 GB
[1m[ SWAP ][0m Used: 0.0 GB (0.0%) | Free: 4.0 GB | Total: 4.0 GB
        [93mTop 5 RAM Processes (Logged 10):[0m
          1. code (PID 8588) - 686.39 MB (4.52%)
          2. code (PID 8252) - 683.2 MB (4.49%)
          3. code (PID 11526) - 671.05 MB (4.41%)
          4. chrome (PID 6354) - 536.03 MB (3.53%)
          5. chrome (PID 7112) - 528.23 MB (3.48%)
[96m------------------------------------------------------------[0m
[1m[ DISK ][0m Used: [92m24.07 GB (2.63%)[0m | Free: 891.76 GB | Total: 915.83 GB
         [93mI/O:[0m Read 0.0 MB/s | Write 0.09 MB/s | Activity: 1.18%
[96m------------------------------------------------------------[0m
[1m[ NET ][0m Upload: 0.0 MB/s | Download: 0.0 MB/s
[96m------------------------------------------------------------[0m
[1m[ BATTERY ][0m [92m99.28%[0m (Charging/Plugged in)
[1m[96m============================================================[0m
[1m[92mData logged to 2026_logs/2026-10-01.jsonl... (Press Ctrl+C to stop)[0m
[1m[96m============================================================[0m
[1mSYSTEM MONITOR V2[0m | Time: 2026-10-01 12:54:32
[96m------------------------------------------------------------[0m
[1m[ CPU ][0m Used: [92m4.3%[0m | Free: 95.7%
[96m------------------------------------------------------------[0m
[1m[ RAM ][0m Used: [92m7.89 GB (53.2%)[0m | Available: 6.95 GB | Total: 14.84 GB
[1m[ SWAP ][0m Used: 0.0 GB (0.0%) | Free: 4.0 GB | Total: 4.0 GB
        [93mTop 5 RAM Processes (Logged 10):[0m
          1. code (PID 8252) - 690.77 MB (4.54%)
          2. code (PID 8588) - 690.7 MB (4.54%)
          3. code (PID 11526) - 671.19 MB (4.42%)
          4. chrome (PID 6354) - 535.46 MB (3.52%)
          5. chrome (PID 7112) - 528.24 MB (3.48%)
[96m------------------------------------------------------------[0m
[1m[ DISK ][0m Used: [92m24.07 GB (2.63%)[0m | Free: 891.76 GB | Total: 915.83 GB
         [93mI/O:[0m Read 0.0 MB/s | Write 0.01 MB/s | Activity: 0.82%
[96m------------------------------------------------------------[0m
[1m[ NET ][0m Upload: 0.0 MB/s | Download: 0.0 MB/s
[96m------------------------------------------------------------[0m
[1m[ BATTERY ][0m [92m99.28%[0m (Charging/Plugged in)
[1m[96m============================================================[0m
[1m[92mData logged to 2026_logs/2026-10-01.jsonl... (Press Ctrl+C to stop)[0m
[1m[96m============================================================[0m
[1mSYSTEM MONITOR V2[0m | Time: 2026-10-01 12:54:37
[96m------------------------------------------------------------[0m
[1m[ CPU ][0m Used: [92m6.2%[0m | Free: 93.8%
        [93mTop 5 (Logged 10):[0m code (2.78%)
[96m------------------------------------------------------------[0m
[1m[ RAM ][0m Used: [92m7.89 GB (53.1%)[0m | Available: 6.96 GB | Total: 14.84 GB
[1m[ SWAP ][0m Used: 0.0 GB (0.0%) | Free: 4.0 GB | Total: 4.0 GB
        [93mTop 5 RAM Processes (Logged 10):[0m
          1. code (PID 8588) - 695.07 MB (4.57%)
          2. code (PID 8252) - 683.0 MB (4.49%)
          3. code (PID 11526) - 670.51 MB (4.41%)
          4. chrome (PID 6354) - 535.47 MB (3.52%)
          5. chrome (PID 7112) - 528.24 MB (3.48%)
[96m------------------------------------------------------------[0m
[1m[ DISK ][0m Used: [92m24.07 GB (2.63%)[0m | Free: 891.76 GB | Total: 915.83 GB
         [93mI/O:[0m Read 0.0 MB/s | Write 0.01 MB/s | Activity: 0.82%
[96m------------------------------------------------------------[0m
[1m[ NET ][0m Upload: 0.0 MB/s | Download: 0.0 MB/s
[96m------------------------------------------------------------[0m
[1m[ BATTERY ][0m [92m99.28%[0m (Charging/Plugged in)
[1m[96m============================================================[0m
[1m[92mData logged to 2026_logs/2026-10-01.jsonl... (Press Ctrl+C to stop)[0m
[1m[96m============================================================[0m
[1mSYSTEM MONITOR V2[0m | Time: 2026-10-01 12:54:42
[96m------------------------------------------------------------[0m
[1m[ CPU ][0m Used: [92m7.6%[0m | Free: 92.4%
        [93mTop 5 (Logged 10):[0m code (2.23%), code (2.18%)
[96m------------------------------------------------------------[0m
[1m[ RAM ][0m Used: [92m7.87 GB (53.0%)[0m | Available: 6.98 GB | Total: 14.84 GB
[1m[ SWAP ][0m Used: 0.0 GB (0.0%) | Free: 4.0 GB | Total: 4.0 GB
        [93mTop 5 RAM Processes (Logged 10):[0m
          1. code (PID 8252) - 691.32 MB (4.55%)
          2. code (PID 11526) - 670.64 MB (4.41%)
          3. code (PID 8588) - 658.89 MB (4.33%)
          4. chrome (PID 6354) - 536.07 MB (3.53%)
          5. chrome (PID 7112) - 528.24 MB (3.48%)
[96m------------------------------------------------------------[0m
[1m[ DISK ][0m Used: [92m24.07 GB (2.63%)[0m | Free: 891.76 GB | Total: 915.83 GB
         [93mI/O:[0m Read 0.0 MB/s | Write 0.07 MB/s | Activity: 0.91%
[96m------------------------------------------------------------[0m
[1m[ NET ][0m Upload: 0.0 MB/s | Download: 0.0 MB/s
[96m------------------------------------------------------------[0m
[1m[ BATTERY ][0m [92m99.28%[0m (Charging/Plugged in)
[1m[96m============================================================[0m
[1m[92mData logged to 2026_logs/2026-10-01.jsonl... (Press Ctrl+C to stop)[0m
[1m[96m============================================================[0m
[1mSYSTEM MONITOR V2[0m | Time: 2026-10-01 12:54:47
[96m------------------------------------------------------------[0m
[1m[ CPU ][0m Used: [92m9.5%[0m | Free: 90.5%
        [93mTop 5 (Logged 10):[0m code (4.49%), code (2.52%)
[96m------------------------------------------------------------[0m
[1m[ RAM ][0m Used: [92m7.93 GB (53.4%)[0m | Available: 6.92 GB | Total: 14.84 GB
[1m[ SWAP ][0m Used: 0.0 GB (0.0%) | Free: 4.0 GB | Total: 4.0 GB
        [93mTop 5 RAM Processes (Logged 10):[0m
          1. code (PID 8252) - 718.72 MB (4.73%)
          2. code (PID 11526) - 670.77 MB (4.41%)
          3. code (PID 8588) - 663.28 MB (4.36%)
          4. chrome (PID 6354) - 535.46 MB (3.52%)
          5. chrome (PID 7112) - 532.35 MB (3.5%)
[96m------------------------------------------------------------[0m
[1m[ DISK ][0m Used: [92m24.07 GB (2.63%)[0m | Free: 891.76 GB | Total: 915.83 GB
         [93mI/O:[0m Read 0.0 MB/s | Write 0.76 MB/s | Activity: 1.77%
[96m------------------------------------------------------------[0m
[1m[ NET ][0m Upload: 0.0 MB/s | Download: 0.0 MB/s
[96m------------------------------------------------------------[0m
[1m[ BATTERY ][0m [92m99.28%[0m (Charging/Plugged in)
[1m[96m============================================================[0m
[1m[92mData logged to 2026_logs/2026-10-01.jsonl... (Press Ctrl+C to stop)[0m
[1m[96m============================================================[0m
[1mSYSTEM MONITOR V2[0m | Time: 2026-10-01 12:54:52
[96m------------------------------------------------------------[0m
[1m[ CPU ][0m Used: [92m7.4%[0m | Free: 92.6%
        [93mTop 5 (Logged 10):[0m code (4.21%)
[96m------------------------------------------------------------[0m
[1m[ RAM ][0m Used: [92m7.92 GB (53.4%)[0m | Available: 6.92 GB | Total: 14.84 GB
[1m[ SWAP ][0m Used: 0.0 GB (0.0%) | Free: 4.0 GB | Total: 4.0 GB
        [93mTop 5 RAM Processes (Logged 10):[0m
          1. code (PID 8252) - 731.32 MB (4.81%)
          2. code (PID 11526) - 670.89 MB (4.41%)
          3. code (PID 8588) - 667.74 MB (4.39%)
          4. chrome (PID 6354) - 535.47 MB (3.52%)
          5. chrome (PID 7112) - 531.02 MB (3.49%)
[96m------------------------------------------------------------[0m
[1m[ DISK ][0m Used: [92m24.07 GB (2.63%)[0m | Free: 891.76 GB | Total: 915.83 GB
         [93mI/O:[0m Read 0.0 MB/s | Write 0.1 MB/s | Activity: 0.85%
[96m------------------------------------------------------------[0m
[1m[ NET ][0m Upload: 0.0 MB/s | Download: 0.0 MB/s
[96m------------------------------------------------------------[0m
[1m[ BATTERY ][0m [92m99.28%[0m (Charging/Plugged in)
[1m[96m============================================================[0m
[1m[92mData logged to 2026_logs/2026-10-01.jsonl... (Press Ctrl+C to stop)[0m
[1m[96m============================================================[0m
[1mSYSTEM MONITOR V2[0m | Time: 2026-10-01 12:54:57
[96m------------------------------------------------------------[0m
[1m[ CPU ][0m Used: [92m5.0%[0m | Free: 95.0%
[96m------------------------------------------------------------[0m
[1m[ RAM ][0m Used: [92m7.93 GB (53.4%)[0m | Available: 6.92 GB | Total: 14.84 GB
[1m[ SWAP ][0m Used: 0.0 GB (0.0%) | Free: 4.0 GB | Total: 4.0 GB
        [93mTop 5 RAM Processes (Logged 10):[0m
          1. code (PID 8252) - 742.61 MB (4.89%)
          2. code (PID 8588) - 674.82 MB (4.44%)
          3. code (PID 11526) - 671.02 MB (4.41%)
          4. chrome (PID 6354) - 535.55 MB (3.52%)
          5. chrome (PID 7112) - 531.02 MB (3.49%)
[96m------------------------------------------------------------[0m
[1m[ DISK ][0m Used: [92m24.07 GB (2.63%)[0m | Free: 891.76 GB | Total: 915.83 GB
         [93mI/O:[0m Read 0.0 MB/s | Write 0.01 MB/s | Activity: 0.9%
[96m------------------------------------------------------------[0m
[1m[ NET ][0m Upload: 0.0 MB/s | Download: 0.0 MB/s
[96m------------------------------------------------------------[0m
[1m[ BATTERY ][0m [92m99.28%[0m (Charging/Plugged in)
[1m[96m============================================================[0m
[1m[92mData logged to 2026_logs/2026-10-01.jsonl... (Press Ctrl+C to stop)[0m
[1m[96m============================================================[0m
[1mSYSTEM MONITOR V2[0m | Time: 2026-10-01 12:55:02
[96m------------------------------------------------------------[0m
[1m[ CPU ][0m Used: [92m5.0%[0m | Free: 95.0%
[96m------------------------------------------------------------[0m
[1m[ RAM ][0m Used: [92m7.91 GB (53.3%)[0m | Available: 6.93 GB | Total: 14.84 GB
[1m[ SWAP ][0m Used: 0.0 GB (0.0%) | Free: 4.0 GB | Total: 4.0 GB
        [93mTop 5 RAM Processes (Logged 10):[0m
          1. code (PID 8252) - 739.08 MB (4.86%)
          2. code (PID 8588) - 682.46 MB (4.49%)
          3. code (PID 11526) - 671.14 MB (4.42%)
          4. chrome (PID 6354) - 535.68 MB (3.52%)
          5. chrome (PID 7112) - 528.03 MB (3.47%)
[96m------------------------------------------------------------[0m
[1m[ DISK ][0m Used: [92m24.07 GB (2.63%)[0m | Free: 891.76 GB | Total: 915.83 GB
         [93mI/O:[0m Read 0.0 MB/s | Write 0.05 MB/s | Activity: 1.0%
[96m------------------------------------------------------------[0m
[1m[ NET ][0m Upload: 0.01 MB/s | Download: 0.0 MB/s
[96m------------------------------------------------------------[0m
[1m[ BATTERY ][0m [92m99.28%[0m (Charging/Plugged in)
[1m[96m============================================================[0m
[1m[92mData logged to 2026_logs/2026-10-01.jsonl... (Press Ctrl+C to stop)[0m
[1m[96m============================================================[0m
[1mSYSTEM MONITOR V2[0m | Time: 2026-10-01 12:55:07
[96m------------------------------------------------------------[0m
[1m[ CPU ][0m Used: [92m6.5%[0m | Free: 93.5%
        [93mTop 5 (Logged 10):[0m code (2.79%)
[96m------------------------------------------------------------[0m
[1m[ RAM ][0m Used: [92m7.89 GB (53.1%)[0m | Available: 6.96 GB | Total: 14.84 GB
[1m[ SWAP ][0m Used: 0.0 GB (0.0%) | Free: 4.0 GB | Total: 4.0 GB
        [93mTop 5 RAM Processes (Logged 10):[0m
          1. code (PID 8252) - 721.29 MB (4.75%)
          2. code (PID 8588) - 690.53 MB (4.54%)
          3. code (PID 11526) - 671.28 MB (4.42%)
          4. chrome (PID 6354) - 535.41 MB (3.52%)
          5. chrome (PID 7112) - 528.03 MB (3.47%)
[96m------------------------------------------------------------[0m
[1m[ DISK ][0m Used: [92m24.07 GB (2.63%)[0m | Free: 891.76 GB | Total: 915.83 GB
         [93mI/O:[0m Read 0.0 MB/s | Write 0.01 MB/s | Activity: 0.83%
[96m------------------------------------------------------------[0m
[1m[ NET ][0m Upload: 0.0 MB/s | Download: 0.0 MB/s
[96m------------------------------------------------------------[0m
[1m[ BATTERY ][0m [92m99.28%[0m (Charging/Plugged in)
[1m[96m============================================================[0m
[1m[92mData logged to 2026_logs/2026-10-01.jsonl... (Press Ctrl+C to stop)[0m
[1m[96m============================================================[0m
[1mSYSTEM MONITOR V2[0m | Time: 2026-10-01 12:55:12
[96m------------------------------------------------------------[0m
[1m[ CPU ][0m Used: [92m6.5%[0m | Free: 93.5%
        [93mTop 5 (Logged 10):[0m code (2.28%)
[96m------------------------------------------------------------[0m
[1m[ RAM ][0m Used: [92m7.91 GB (53.3%)[0m | Available: 6.94 GB | Total: 14.84 GB
[1m[ SWAP ][0m Used: 0.0 GB (0.0%) | Free: 4.0 GB | Total: 4.0 GB
        [93mTop 5 RAM Processes (Logged 10):[0m
          1. code (PID 8252) - 730.41 MB (4.81%)
          2. code (PID 8588) - 680.04 MB (4.47%)
          3. code (PID 11526) - 670.61 MB (4.41%)
          4. chrome (PID 6354) - 535.48 MB (3.52%)
          5. chrome (PID 7112) - 528.03 MB (3.47%)
[96m------------------------------------------------------------[0m
[1m[ DISK ][0m Used: [92m24.07 GB (2.63%)[0m | Free: 891.76 GB | Total: 915.83 GB
         [93mI/O:[0m Read 0.0 MB/s | Write 0.09 MB/s | Activity: 0.2%
[96m------------------------------------------------------------[0m
[1m[ NET ][0m Upload: 0.0 MB/s | Download: 0.0 MB/s
[96m------------------------------------------------------------[0m
[1m[ BATTERY ][0m [92m99.28%[0m (Charging/Plugged in)
[1m[96m============================================================[0m
[1m[92mData logged to 2026_logs/2026-10-01.jsonl... (Press Ctrl+C to stop)[0m
[1m[96m============================================================[0m
[1mSYSTEM MONITOR V2[0m | Time: 2026-10-01 12:55:17
[96m------------------------------------------------------------[0m
[1m[ CPU ][0m Used: [92m9.0%[0m | Free: 91.0%
        [93mTop 5 (Logged 10):[0m code (3.27%), code (2.93%)
[96m------------------------------------------------------------[0m
[1m[ RAM ][0m Used: [92m7.92 GB (53.3%)[0m | Available: 6.93 GB | Total: 14.84 GB
[1m[ SWAP ][0m Used: 0.0 GB (0.0%) | Free: 4.0 GB | Total: 4.0 GB
        [93mTop 5 RAM Processes (Logged 10):[0m
          1. code (PID 8252) - 730.87 MB (4.81%)
          2. code (PID 11526) - 670.73 MB (4.41%)
          3. code (PID 8588) - 656.53 MB (4.32%)
          4. chrome (PID 6354) - 535.41 MB (3.52%)
          5. chrome (PID 7112) - 528.03 MB (3.47%)
[96m------------------------------------------------------------[0m
[1m[ DISK ][0m Used: [92m24.07 GB (2.63%)[0m | Free: 891.76 GB | Total: 915.83 GB
         [93mI/O:[0m Read 0.0 MB/s | Write 0.07 MB/s | Activity: 1.07%
[96m------------------------------------------------------------[0m
[1m[ NET ][0m Upload: 0.0 MB/s | Download: 0.0 MB/s
[96m------------------------------------------------------------[0m
[1m[ BATTERY ][0m [92m99.28%[0m (Charging/Plugged in)
[1m[96m============================================================[0m
[1m[92mData logged to 2026_logs/2026-10-01.jsonl... (Press Ctrl+C to stop)[0m
[1m[96m============================================================[0m
[1mSYSTEM MONITOR V2[0m | Time: 2026-10-01 12:55:22
[96m------------------------------------------------------------[0m
[1m[ CPU ][0m Used: [92m5.9%[0m | Free: 94.1%
        [93mTop 5 (Logged 10):[0m code (2.02%)
[96m------------------------------------------------------------[0m
[1m[ RAM ][0m Used: [92m7.92 GB (53.4%)[0m | Available: 6.92 GB | Total: 14.84 GB
[1m[ SWAP ][0m Used: 0.0 GB (0.0%) | Free: 4.0 GB | Total: 4.0 GB
        [93mTop 5 RAM Processes (Logged 10):[0m
          1. code (PID 8252) - 730.26 MB (4.8%)
          2. code (PID 11526) - 670.86 MB (4.41%)
          3. code (PID 8588) - 659.81 MB (4.34%)
          4. chrome (PID 6354) - 538.29 MB (3.54%)
          5. chrome (PID 7112) - 532.91 MB (3.51%)
[96m------------------------------------------------------------[0m
[1m[ DISK ][0m Used: [92m24.07 GB (2.63%)[0m | Free: 891.76 GB | Total: 915.83 GB
         [93mI/O:[0m Read 0.0 MB/s | Write 0.35 MB/s | Activity: 1.06%
[96m------------------------------------------------------------[0m
[1m[ NET ][0m Upload: 0.0 MB/s | Download: 0.0 MB/s
[96m------------------------------------------------------------[0m
[1m[ BATTERY ][0m [92m99.28%[0m (Charging/Plugged in)
[1m[96m============================================================[0m
[1m[92mData logged to 2026_logs/2026-10-01.jsonl... (Press Ctrl+C to stop)[0m
[1m[96m============================================================[0m
[1mSYSTEM MONITOR V2[0m | Time: 2026-10-01 12:55:27
[96m------------------------------------------------------------[0m
[1m[ CPU ][0m Used: [92m3.3%[0m | Free: 96.7%
[96m------------------------------------------------------------[0m
[1m[ RAM ][0m Used: [92m7.92 GB (53.3%)[0m | Available: 6.93 GB | Total: 14.84 GB
[1m[ SWAP ][0m Used: 0.0 GB (0.0%) | Free: 4.0 GB | Total: 4.0 GB
        [93mTop 5 RAM Processes (Logged 10):[0m
          1. code (PID 8252) - 735.94 MB (4.84%)
          2. code (PID 11526) - 670.98 MB (4.41%)
          3. code (PID 8588) - 666.46 MB (4.38%)
          4. chrome (PID 6354) - 535.75 MB (3.52%)
          5. chrome (PID 7112) - 532.91 MB (3.51%)
[96m------------------------------------------------------------[0m
[1m[ DISK ][0m Used: [92m24.07 GB (2.63%)[0m | Free: 891.76 GB | Total: 915.83 GB
         [93mI/O:[0m Read 0.0 MB/s | Write 0.0 MB/s | Activity: 0.0%
[96m------------------------------------------------------------[0m
[1m[ NET ][0m Upload: 0.0 MB/s | Download: 0.0 MB/s
[96m------------------------------------------------------------[0m
[1m[ BATTERY ][0m [92m99.28%[0m (Charging/Plugged in)
[1m[96m============================================================[0m
[1m[92mData logged to 2026_logs/2026-10-01.jsonl... (Press Ctrl+C to stop)[0m
[1m[96m============================================================[0m
[1mSYSTEM MONITOR V2[0m | Time: 2026-10-01 12:55:32
[96m------------------------------------------------------------[0m
[1m[ CPU ][0m Used: [92m7.7%[0m | Free: 92.3%
        [93mTop 5 (Logged 10):[0m code (2.7%), code (2.6%)
[96m------------------------------------------------------------[0m
[1m[ RAM ][0m Used: [92m7.94 GB (53.5%)[0m | Available: 6.9 GB | Total: 14.84 GB
[1m[ SWAP ][0m Used: 0.0 GB (0.0%) | Free: 4.0 GB | Total: 4.0 GB
        [93mTop 5 RAM Processes (Logged 10):[0m
          1. code (PID 8252) - 732.75 MB (4.82%)
          2. code (PID 11526) - 671.11 MB (4.42%)
          3. code (PID 8588) - 669.39 MB (4.4%)
          4. chrome (PID 6354) - 535.45 MB (3.52%)
          5. chrome (PID 7112) - 532.91 MB (3.51%)
[96m------------------------------------------------------------[0m
[1m[ DISK ][0m Used: [92m24.07 GB (2.63%)[0m | Free: 891.76 GB | Total: 915.83 GB
         [93mI/O:[0m Read 0.0 MB/s | Write 0.4 MB/s | Activity: 0.92%
[96m------------------------------------------------------------[0m
[1m[ NET ][0m Upload: 0.0 MB/s | Download: 0.0 MB/s
[96m------------------------------------------------------------[0m
[1m[ BATTERY ][0m [92m99.28%[0m (Charging/Plugged in)
[1m[96m============================================================[0m
[1m[92mData logged to 2026_logs/2026-10-01.jsonl... (Press Ctrl+C to stop)[0m
[1m[96m============================================================[0m
[1mSYSTEM MONITOR V2[0m | Time: 2026-10-01 12:55:37
[96m------------------------------------------------------------[0m
[1m[ CPU ][0m Used: [92m5.7%[0m | Free: 94.3%
        [93mTop 5 (Logged 10):[0m code (2.29%)
[96m------------------------------------------------------------[0m
[1m[ RAM ][0m Used: [92m7.98 GB (53.8%)[0m | Available: 6.86 GB | Total: 14.84 GB
[1m[ SWAP ][0m Used: 0.0 GB (0.0%) | Free: 4.0 GB | Total: 4.0 GB
        [93mTop 5 RAM Processes (Logged 10):[0m
          1. code (PID 8252) - 735.25 MB (4.84%)
          2. code (PID 8588) - 677.6 MB (4.46%)
          3. code (PID 11526) - 671.24 MB (4.42%)
          4. chrome (PID 6354) - 535.45 MB (3.52%)
          5. chrome (PID 7112) - 532.91 MB (3.51%)
[96m------------------------------------------------------------[0m
[1m[ DISK ][0m Used: [92m24.07 GB (2.63%)[0m | Free: 891.76 GB | Total: 915.83 GB
         [93mI/O:[0m Read 0.0 MB/s | Write 0.02 MB/s | Activity: 0.92%
[96m------------------------------------------------------------[0m
[1m[ NET ][0m Upload: 0.0 MB/s | Download: 0.0 MB/s
[96m------------------------------------------------------------[0m
[1m[ BATTERY ][0m [92m99.28%[0m (Charging/Plugged in)
[1m[96m============================================================[0m
[1m[92mData logged to 2026_logs/2026-10-01.jsonl... (Press Ctrl+C to stop)[0m
[1m[96m============================================================[0m
[1mSYSTEM MONITOR V2[0m | Time: 2026-10-01 12:55:42
[96m------------------------------------------------------------[0m
[1m[ CPU ][0m Used: [92m4.1%[0m | Free: 95.9%
[96m------------------------------------------------------------[0m
[1m[ RAM ][0m Used: [92m7.99 GB (53.8%)[0m | Available: 6.85 GB | Total: 14.84 GB
[1m[ SWAP ][0m Used: 0.0 GB (0.0%) | Free: 4.0 GB | Total: 4.0 GB
        [93mTop 5 RAM Processes (Logged 10):[0m
          1. code (PID 8252) - 738.23 MB (4.86%)
          2. code (PID 8588) - 681.29 MB (4.48%)
          3. code (PID 11526) - 671.39 MB (4.42%)
          4. chrome (PID 6354) - 537.94 MB (3.54%)
          5. chrome (PID 7112) - 532.91 MB (3.51%)
[96m------------------------------------------------------------[0m
[1m[ DISK ][0m Used: [92m24.07 GB (2.63%)[0m | Free: 891.76 GB | Total: 915.83 GB
         [93mI/O:[0m Read 0.0 MB/s | Write 0.04 MB/s | Activity: 1.83%
[96m------------------------------------------------------------[0m
[1m[ NET ][0m Upload: 0.0 MB/s | Download: 0.02 MB/s
[96m------------------------------------------------------------[0m
[1m[ BATTERY ][0m [92m99.28%[0m (Charging/Plugged in)
[1m[96m============================================================[0m
[1m[92mData logged to 2026_logs/2026-10-01.jsonl... (Press Ctrl+C to stop)[0m
[1m[96m============================================================[0m
[1mSYSTEM MONITOR V2[0m | Time: 2026-10-01 12:55:47
[96m------------------------------------------------------------[0m
[1m[ CPU ][0m Used: [92m7.0%[0m | Free: 93.0%
        [93mTop 5 (Logged 10):[0m code (2.21%)
[96m------------------------------------------------------------[0m
[1m[ RAM ][0m Used: [92m7.97 GB (53.7%)[0m | Available: 6.88 GB | Total: 14.84 GB
[1m[ SWAP ][0m Used: 0.0 GB (0.0%) | Free: 4.0 GB | Total: 4.0 GB
        [93mTop 5 RAM Processes (Logged 10):[0m
          1. code (PID 8252) - 733.48 MB (4.83%)
          2. code (PID 11526) - 670.71 MB (4.41%)
          3. code (PID 8588) - 664.53 MB (4.37%)
          4. chrome (PID 6354) - 536.25 MB (3.53%)
          5. chrome (PID 7112) - 532.91 MB (3.51%)
[96m------------------------------------------------------------[0m
[1m[ DISK ][0m Used: [92m24.07 GB (2.63%)[0m | Free: 891.76 GB | Total: 915.83 GB
         [93mI/O:[0m Read 0.0 MB/s | Write 0.06 MB/s | Activity: 0.84%
[96m------------------------------------------------------------[0m
[1m[ NET ][0m Upload: 0.0 MB/s | Download: 0.0 MB/s
[96m------------------------------------------------------------[0m
[1m[ BATTERY ][0m [92m99.28%[0m (Charging/Plugged in)
[1m[96m============================================================[0m
[1m[92mData logged to 2026_logs/2026-10-01.jsonl... (Press Ctrl+C to stop)[0m
[1m[96m============================================================[0m
[1mSYSTEM MONITOR V2[0m | Time: 2026-10-01 12:55:53
[96m------------------------------------------------------------[0m
[1m[ CPU ][0m Used: [92m5.4%[0m | Free: 94.6%
[96m------------------------------------------------------------[0m
[1m[ RAM ][0m Used: [92m7.95 GB (53.5%)[0m | Available: 6.9 GB | Total: 14.84 GB
[1m[ SWAP ][0m Used: 0.0 GB (0.0%) | Free: 4.0 GB | Total: 4.0 GB
        [93mTop 5 RAM Processes (Logged 10):[0m
          1. code (PID 8252) - 739.21 MB (4.86%)
          2. code (PID 11526) - 670.84 MB (4.41%)
          3. code (PID 8588) - 666.53 MB (4.39%)
          4. chrome (PID 6354) - 536.25 MB (3.53%)
          5. chrome (PID 7112) - 527.66 MB (3.47%)
[96m------------------------------------------------------------[0m
[1m[ DISK ][0m Used: [92m24.07 GB (2.63%)[0m | Free: 891.76 GB | Total: 915.83 GB
         [93mI/O:[0m Read 0.0 MB/s | Write 0.45 MB/s | Activity: 1.12%
[96m------------------------------------------------------------[0m
[1m[ NET ][0m Upload: 0.0 MB/s | Download: 0.0 MB/s
[96m------------------------------------------------------------[0m
[1m[ BATTERY ][0m [92m99.28%[0m (Charging/Plugged in)
[1m[96m============================================================[0m
[1m[92mData logged to 2026_logs/2026-10-01.jsonl... (Press Ctrl+C to stop)[0m
[1m[96m============================================================[0m
[1mSYSTEM MONITOR V2[0m | Time: 2026-10-01 12:55:58
[96m------------------------------------------------------------[0m
[1m[ CPU ][0m Used: [92m4.6%[0m | Free: 95.4%
[96m------------------------------------------------------------[0m
[1m[ RAM ][0m Used: [92m7.96 GB (53.6%)[0m | Available: 6.88 GB | Total: 14.84 GB
[1m[ SWAP ][0m Used: 0.0 GB (0.0%) | Free: 4.0 GB | Total: 4.0 GB
        [93mTop 5 RAM Processes (Logged 10):[0m
          1. code (PID 8252) - 744.81 MB (4.9%)
          2. code (PID 11526) - 670.97 MB (4.41%)
          3. code (PID 8588) - 670.31 MB (4.41%)
          4. chrome (PID 6354) - 536.36 MB (3.53%)
          5. chrome (PID 7112) - 527.66 MB (3.47%)
[96m------------------------------------------------------------[0m
[1m[ DISK ][0m Used: [92m24.07 GB (2.63%)[0m | Free: 891.76 GB | Total: 915.83 GB
         [93mI/O:[0m Read 0.0 MB/s | Write 0.02 MB/s | Activity: 0.91%
[96m------------------------------------------------------------[0m
[1m[ NET ][0m Upload: 0.0 MB/s | Download: 0.0 MB/s
[96m------------------------------------------------------------[0m
[1m[ BATTERY ][0m [92m99.28%[0m (Charging/Plugged in)
[1m[96m============================================================[0m
[1m[92mData logged to 2026_logs/2026-10-01.jsonl... (Press Ctrl+C to stop)[0m
[1m[96m============================================================[0m
[1mSYSTEM MONITOR V2[0m | Time: 2026-10-01 12:56:03
[96m------------------------------------------------------------[0m
[1m[ CPU ][0m Used: [92m5.3%[0m | Free: 94.7%
        [93mTop 5 (Logged 10):[0m code (2.02%)
[96m------------------------------------------------------------[0m
[1m[ RAM ][0m Used: [92m7.94 GB (53.5%)[0m | Available: 6.9 GB | Total: 14.84 GB
[1m[ SWAP ][0m Used: 0.0 GB (0.0%) | Free: 4.0 GB | Total: 4.0 GB
        [93mTop 5 RAM Processes (Logged 10):[0m
          1. code (PID 8252) - 734.59 MB (4.83%)
          2. code (PID 8588) - 674.72 MB (4.44%)
          3. code (PID 11526) - 671.09 MB (4.42%)
          4. chrome (PID 6354) - 536.23 MB (3.53%)
          5. chrome (PID 7112) - 526.48 MB (3.46%)
[96m------------------------------------------------------------[0m
[1m[ DISK ][0m Used: [92m24.07 GB (2.63%)[0m | Free: 891.76 GB | Total: 915.83 GB
         [93mI/O:[0m Read 0.0 MB/s | Write 0.41 MB/s | Activity: 0.92%
[96m------------------------------------------------------------[0m
[1m[ NET ][0m Upload: 0.0 MB/s | Download: 0.0 MB/s
[96m------------------------------------------------------------[0m
[1m[ BATTERY ][0m [92m99.28%[0m (Charging/Plugged in)
[1m[96m============================================================[0m
[1m[92mData logged to 2026_logs/2026-10-01.jsonl... (Press Ctrl+C to stop)[0m
[1m[96m============================================================[0m
[1mSYSTEM MONITOR V2[0m | Time: 2026-10-01 12:56:08
[96m------------------------------------------------------------[0m
[1m[ CPU ][0m Used: [92m7.1%[0m | Free: 92.9%
        [93mTop 5 (Logged 10):[0m code (2.18%)
[96m------------------------------------------------------------[0m
[1m[ RAM ][0m Used: [92m7.95 GB (53.5%)[0m | Available: 6.9 GB | Total: 14.84 GB
[1m[ SWAP ][0m Used: 0.0 GB (0.0%) | Free: 4.0 GB | Total: 4.0 GB
        [93mTop 5 RAM Processes (Logged 10):[0m
          1. code (PID 8252) - 744.67 MB (4.9%)
          2. code (PID 11526) - 671.22 MB (4.42%)
          3. code (PID 8588) - 669.48 MB (4.4%)
          4. chrome (PID 6354) - 536.52 MB (3.53%)
          5. chrome (PID 7112) - 526.99 MB (3.47%)
[96m------------------------------------------------------------[0m
[1m[ DISK ][0m Used: [92m24.07 GB (2.63%)[0m | Free: 891.76 GB | Total: 915.83 GB
         [93mI/O:[0m Read 0.0 MB/s | Write 0.01 MB/s | Activity: 1.59%
[96m------------------------------------------------------------[0m
[1m[ NET ][0m Upload: 0.01 MB/s | Download: 0.01 MB/s
[96m------------------------------------------------------------[0m
[1m[ BATTERY ][0m [92m99.28%[0m (Charging/Plugged in)
[1m[96m============================================================[0m
[1m[92mData logged to 2026_logs/2026-10-01.jsonl... (Press Ctrl+C to stop)[0m
[1m[96m============================================================[0m
[1mSYSTEM MONITOR V2[0m | Time: 2026-10-01 12:56:13
[96m------------------------------------------------------------[0m
[1m[ CPU ][0m Used: [92m6.4%[0m | Free: 93.6%
        [93mTop 5 (Logged 10):[0m code (2.27%)
[96m------------------------------------------------------------[0m
[1m[ RAM ][0m Used: [92m7.95 GB (53.5%)[0m | Available: 6.89 GB | Total: 14.84 GB
[1m[ SWAP ][0m Used: 0.0 GB (0.0%) | Free: 4.0 GB | Total: 4.0 GB
        [93mTop 5 RAM Processes (Logged 10):[0m
          1. code (PID 8252) - 748.81 MB (4.93%)
          2. code (PID 8588) - 674.05 MB (4.43%)
          3. code (PID 11526) - 671.35 MB (4.42%)
          4. chrome (PID 6354) - 537.1 MB (3.53%)
          5. chrome (PID 7112) - 527.0 MB (3.47%)
[96m------------------------------------------------------------[0m
[1m[ DISK ][0m Used: [92m24.07 GB (2.63%)[0m | Free: 891.76 GB | Total: 915.83 GB
         [93mI/O:[0m Read 0.0 MB/s | Write 0.04 MB/s | Activity: 0.98%
[96m------------------------------------------------------------[0m
[1m[ NET ][0m Upload: 0.0 MB/s | Download: 0.0 MB/s
[96m------------------------------------------------------------[0m
[1m[ BATTERY ][0m [92m99.28%[0m (Charging/Plugged in)
[1m[96m============================================================[0m
[1m[92mData logged to 2026_logs/2026-10-01.jsonl... (Press Ctrl+C to stop)[0m
[1m[96m============================================================[0m
[1mSYSTEM MONITOR V2[0m | Time: 2026-10-01 12:56:18
[96m------------------------------------------------------------[0m
[1m[ CPU ][0m Used: [92m7.0%[0m | Free: 93.0%
        [93mTop 5 (Logged 10):[0m code (2.83%), code (2.04%)
[96m------------------------------------------------------------[0m
[1m[ RAM ][0m Used: [92m7.95 GB (53.5%)[0m | Available: 6.9 GB | Total: 14.84 GB
[1m[ SWAP ][0m Used: 0.0 GB (0.0%) | Free: 4.0 GB | Total: 4.0 GB
        [93mTop 5 RAM Processes (Logged 10):[0m
          1. code (PID 8252) - 737.87 MB (4.85%)
          2. code (PID 8588) - 678.37 MB (4.46%)
          3. code (PID 11526) - 671.49 MB (4.42%)
          4. chrome (PID 6354) - 536.39 MB (3.53%)
          5. chrome (PID 7112) - 527.0 MB (3.47%)
[96m------------------------------------------------------------[0m
[1m[ DISK ][0m Used: [92m24.07 GB (2.63%)[0m | Free: 891.76 GB | Total: 915.83 GB
         [93mI/O:[0m Read 0.0 MB/s | Write 0.09 MB/s | Activity: 0.12%
[96m------------------------------------------------------------[0m
[1m[ NET ][0m Upload: 0.0 MB/s | Download: 0.0 MB/s
[96m------------------------------------------------------------[0m
[1m[ BATTERY ][0m [92m99.28%[0m (Charging/Plugged in)
[1m[96m============================================================[0m
[1m[92mData logged to 2026_logs/2026-10-01.jsonl... (Press Ctrl+C to stop)[0m
[1m[96m============================================================[0m
[1mSYSTEM MONITOR V2[0m | Time: 2026-10-01 12:56:23
[96m------------------------------------------------------------[0m
[1m[ CPU ][0m Used: [92m7.1%[0m | Free: 92.9%
        [93mTop 5 (Logged 10):[0m code (2.75%)
[96m------------------------------------------------------------[0m
[1m[ RAM ][0m Used: [92m7.82 GB (52.7%)[0m | Available: 7.02 GB | Total: 14.84 GB
[1m[ SWAP ][0m Used: 0.0 GB (0.0%) | Free: 4.0 GB | Total: 4.0 GB
        [93mTop 5 RAM Processes (Logged 10):[0m
          1. code (PID 8588) - 674.26 MB (4.44%)
          2. code (PID 11526) - 670.81 MB (4.41%)
          3. code (PID 8252) - 571.66 MB (3.76%)
          4. chrome (PID 7112) - 536.88 MB (3.53%)
          5. chrome (PID 6354) - 536.52 MB (3.53%)
[96m------------------------------------------------------------[0m
[1m[ DISK ][0m Used: [92m24.07 GB (2.63%)[0m | Free: 891.76 GB | Total: 915.83 GB
         [93mI/O:[0m Read 0.0 MB/s | Write 0.41 MB/s | Activity: 1.14%
[96m------------------------------------------------------------[0m
[1m[ NET ][0m Upload: 0.0 MB/s | Download: 0.0 MB/s
[96m------------------------------------------------------------[0m
[1m[ BATTERY ][0m [92m99.28%[0m (Charging/Plugged in)
[1m[96m============================================================[0m
[1m[92mData logged to 2026_logs/2026-10-01.jsonl... (Press Ctrl+C to stop)[0m
[1m[96m============================================================[0m
[1mSYSTEM MONITOR V2[0m | Time: 2026-10-01 12:56:28
[96m------------------------------------------------------------[0m
[1m[ CPU ][0m Used: [92m5.5%[0m | Free: 94.5%
[96m------------------------------------------------------------[0m
[1m[ RAM ][0m Used: [92m7.87 GB (53.0%)[0m | Available: 6.97 GB | Total: 14.84 GB
[1m[ SWAP ][0m Used: 0.0 GB (0.0%) | Free: 4.0 GB | Total: 4.0 GB
        [93mTop 5 RAM Processes (Logged 10):[0m
          1. code (PID 8588) - 678.84 MB (4.47%)
          2. code (PID 11526) - 670.93 MB (4.41%)
          3. code (PID 8252) - 580.84 MB (3.82%)
          4. chrome (PID 7112) - 536.88 MB (3.53%)
          5. chrome (PID 6354) - 536.24 MB (3.53%)
[96m------------------------------------------------------------[0m
[1m[ DISK ][0m Used: [92m24.07 GB (2.63%)[0m | Free: 891.76 GB | Total: 915.83 GB
         [93mI/O:[0m Read 0.0 MB/s | Write 0.01 MB/s | Activity: 0.82%
[96m------------------------------------------------------------[0m
[1m[ NET ][0m Upload: 0.0 MB/s | Download: 0.0 MB/s
[96m------------------------------------------------------------[0m
[1m[ BATTERY ][0m [92m99.28%[0m (Charging/Plugged in)
[1m[96m============================================================[0m
[1m[92mData logged to 2026_logs/2026-10-01.jsonl... (Press Ctrl+C to stop)[0m
[1m[96m============================================================[0m
[1mSYSTEM MONITOR V2[0m | Time: 2026-10-01 12:56:33
[96m------------------------------------------------------------[0m
[1m[ CPU ][0m Used: [92m6.9%[0m | Free: 93.1%
        [93mTop 5 (Logged 10):[0m code (2.63%)
[96m------------------------------------------------------------[0m
[1m[ RAM ][0m Used: [92m7.89 GB (53.2%)[0m | Available: 6.95 GB | Total: 14.84 GB
[1m[ SWAP ][0m Used: 0.0 GB (0.0%) | Free: 4.0 GB | Total: 4.0 GB
        [93mTop 5 RAM Processes (Logged 10):[0m
          1. code (PID 8588) - 683.48 MB (4.5%)
          2. code (PID 11526) - 671.06 MB (4.42%)
          3. code (PID 8252) - 593.07 MB (3.9%)
          4. chrome (PID 7112) - 536.88 MB (3.53%)
          5. chrome (PID 6354) - 536.32 MB (3.53%)
[96m------------------------------------------------------------[0m
[1m[ DISK ][0m Used: [92m24.07 GB (2.63%)[0m | Free: 891.76 GB | Total: 915.83 GB
         [93mI/O:[0m Read 0.0 MB/s | Write 0.0 MB/s | Activity: 0.02%
[96m------------------------------------------------------------[0m
[1m[ NET ][0m Upload: 0.0 MB/s | Download: 0.0 MB/s
[96m------------------------------------------------------------[0m
[1m[ BATTERY ][0m [92m99.28%[0m (Charging/Plugged in)
[1m[96m============================================================[0m
[1m[92mData logged to 2026_logs/2026-10-01.jsonl... (Press Ctrl+C to stop)[0m
[1m[96m============================================================[0m
[1mSYSTEM MONITOR V2[0m | Time: 2026-10-01 12:56:38
[96m------------------------------------------------------------[0m
[1m[ CPU ][0m Used: [92m5.7%[0m | Free: 94.3%
        [93mTop 5 (Logged 10):[0m code (2.02%)
[96m------------------------------------------------------------[0m
[1m[ RAM ][0m Used: [92m7.88 GB (53.1%)[0m | Available: 6.96 GB | Total: 14.84 GB
[1m[ SWAP ][0m Used: 0.0 GB (0.0%) | Free: 4.0 GB | Total: 4.0 GB
        [93mTop 5 RAM Processes (Logged 10):[0m
          1. code (PID 8588) - 680.66 MB (4.48%)
          2. code (PID 11526) - 671.19 MB (4.42%)
          3. code (PID 8252) - 599.9 MB (3.95%)
          4. chrome (PID 7112) - 541.47 MB (3.56%)
          5. chrome (PID 6354) - 537.04 MB (3.53%)
[96m------------------------------------------------------------[0m
[1m[ DISK ][0m Used: [92m24.07 GB (2.63%)[0m | Free: 891.76 GB | Total: 915.83 GB
         [93mI/O:[0m Read 0.0 MB/s | Write 0.02 MB/s | Activity: 0.81%
[96m------------------------------------------------------------[0m
[1m[ NET ][0m Upload: 0.0 MB/s | Download: 0.0 MB/s
[96m------------------------------------------------------------[0m
[1m[ BATTERY ][0m [92m99.28%[0m (Charging/Plugged in)
[1m[96m============================================================[0m
[1m[92mData logged to 2026_logs/2026-10-01.jsonl... (Press Ctrl+C to stop)[0m
[1m[96m============================================================[0m
[1mSYSTEM MONITOR V2[0m | Time: 2026-10-01 12:56:43
[96m------------------------------------------------------------[0m
[1m[ CPU ][0m Used: [92m8.1%[0m | Free: 91.9%
        [93mTop 5 (Logged 10):[0m code (3.48%)
[96m------------------------------------------------------------[0m
[1m[ RAM ][0m Used: [92m7.87 GB (53.0%)[0m | Available: 6.97 GB | Total: 14.84 GB
[1m[ SWAP ][0m Used: 0.0 GB (0.0%) | Free: 4.0 GB | Total: 4.0 GB
        [93mTop 5 RAM Processes (Logged 10):[0m
          1. code (PID 8588) - 685.23 MB (4.51%)
          2. code (PID 11526) - 671.31 MB (4.42%)
          3. code (PID 8252) - 609.63 MB (4.01%)
          4. chrome (PID 7112) - 541.47 MB (3.56%)
          5. chrome (PID 6354) - 535.71 MB (3.52%)
[96m------------------------------------------------------------[0m
[1m[ DISK ][0m Used: [92m24.07 GB (2.63%)[0m | Free: 891.76 GB | Total: 915.83 GB
         [93mI/O:[0m Read 0.0 MB/s | Write 0.04 MB/s | Activity: 1.73%
[96m------------------------------------------------------------[0m
[1m[ NET ][0m Upload: 0.0 MB/s | Download: 0.0 MB/s
[96m------------------------------------------------------------[0m
[1m[ BATTERY ][0m [92m99.28%[0m (Charging/Plugged in)
[1m[96m============================================================[0m
[1m[92mData logged to 2026_logs/2026-10-01.jsonl... (Press Ctrl+C to stop)[0m
[1m[96m============================================================[0m
[1mSYSTEM MONITOR V2[0m | Time: 2026-10-01 12:56:48
[96m------------------------------------------------------------[0m
[1m[ CPU ][0m Used: [92m7.1%[0m | Free: 92.9%
        [93mTop 5 (Logged 10):[0m code (2.47%), code (2.0%)
[96m------------------------------------------------------------[0m
[1m[ RAM ][0m Used: [92m7.88 GB (53.1%)[0m | Available: 6.97 GB | Total: 14.84 GB
[1m[ SWAP ][0m Used: 0.0 GB (0.0%) | Free: 4.0 GB | Total: 4.0 GB
        [93mTop 5 RAM Processes (Logged 10):[0m
          1. code (PID 8588) - 689.88 MB (4.54%)
          2. code (PID 11526) - 671.43 MB (4.42%)
          3. code (PID 8252) - 613.52 MB (4.04%)
          4. chrome (PID 7112) - 545.77 MB (3.59%)
          5. chrome (PID 6354) - 535.9 MB (3.53%)
[96m------------------------------------------------------------[0m
[1m[ DISK ][0m Used: [92m24.07 GB (2.63%)[0m | Free: 891.76 GB | Total: 915.83 GB
         [93mI/O:[0m Read 0.0 MB/s | Write 0.41 MB/s | Activity: 0.18%
[96m------------------------------------------------------------[0m
[1m[ NET ][0m Upload: 0.0 MB/s | Download: 0.0 MB/s
[96m------------------------------------------------------------[0m
[1m[ BATTERY ][0m [92m99.28%[0m (Charging/Plugged in)
[1m[96m============================================================[0m
[1m[92mData logged to 2026_logs/2026-10-01.jsonl... (Press Ctrl+C to stop)[0m
[1m[96m============================================================[0m
[1mSYSTEM MONITOR V2[0m | Time: 2026-10-01 12:56:53
[96m------------------------------------------------------------[0m
[1m[ CPU ][0m Used: [92m6.6%[0m | Free: 93.4%
        [93mTop 5 (Logged 10):[0m code (2.43%), code (2.05%)
[96m------------------------------------------------------------[0m
[1m[ RAM ][0m Used: [92m7.81 GB (52.6%)[0m | Available: 7.03 GB | Total: 14.84 GB
[1m[ SWAP ][0m Used: 0.0 GB (0.0%) | Free: 4.0 GB | Total: 4.0 GB
        [93mTop 5 RAM Processes (Logged 10):[0m
          1. code (PID 8588) - 694.78 MB (4.57%)
          2. code (PID 11526) - 671.53 MB (4.42%)
          3. code (PID 8252) - 612.88 MB (4.03%)
          4. chrome (PID 7112) - 536.77 MB (3.53%)
          5. chrome (PID 6354) - 535.62 MB (3.52%)
[96m------------------------------------------------------------[0m
[1m[ DISK ][0m Used: [92m24.07 GB (2.63%)[0m | Free: 891.76 GB | Total: 915.83 GB
         [93mI/O:[0m Read 0.0 MB/s | Write 0.58 MB/s | Activity: 1.03%
[96m------------------------------------------------------------[0m
[1m[ NET ][0m Upload: 0.0 MB/s | Download: 0.0 MB/s
[96m------------------------------------------------------------[0m
[1m[ BATTERY ][0m [92m99.28%[0m (Charging/Plugged in)
[1m[96m============================================================[0m
[1m[92mData logged to 2026_logs/2026-10-01.jsonl... (Press Ctrl+C to stop)[0m
[1m[96m============================================================[0m
[1mSYSTEM MONITOR V2[0m | Time: 2026-10-01 12:56:58
[96m------------------------------------------------------------[0m
[1m[ CPU ][0m Used: [92m7.0%[0m | Free: 93.0%
        [93mTop 5 (Logged 10):[0m code (2.21%)
[96m------------------------------------------------------------[0m
[1m[ RAM ][0m Used: [92m7.78 GB (52.4%)[0m | Available: 7.07 GB | Total: 14.84 GB
[1m[ SWAP ][0m Used: 0.0 GB (0.0%) | Free: 4.0 GB | Total: 4.0 GB
        [93mTop 5 RAM Processes (Logged 10):[0m
          1. code (PID 11526) - 670.77 MB (4.41%)
          2. code (PID 8588) - 661.35 MB (4.35%)
          3. code (PID 8252) - 623.69 MB (4.1%)
          4. chrome (PID 7112) - 536.02 MB (3.53%)
          5. chrome (PID 6354) - 535.59 MB (3.52%)
[96m------------------------------------------------------------[0m
[1m[ DISK ][0m Used: [92m24.07 GB (2.63%)[0m | Free: 891.76 GB | Total: 915.83 GB
         [93mI/O:[0m Read 0.0 MB/s | Write 0.01 MB/s | Activity: 0.9%
[96m------------------------------------------------------------[0m
[1m[ NET ][0m Upload: 0.0 MB/s | Download: 0.0 MB/s
[96m------------------------------------------------------------[0m
[1m[ BATTERY ][0m [92m99.28%[0m (Charging/Plugged in)
[1m[96m============================================================[0m
[1m[92mData logged to 2026_logs/2026-10-01.jsonl... (Press Ctrl+C to stop)[0m
[1m[96m============================================================[0m
[1mSYSTEM MONITOR V2[0m | Time: 2026-10-01 12:57:03
[96m------------------------------------------------------------[0m
[1m[ CPU ][0m Used: [92m6.9%[0m | Free: 93.1%
        [93mTop 5 (Logged 10):[0m code (2.34%)
[96m------------------------------------------------------------[0m
[1m[ RAM ][0m Used: [92m7.82 GB (52.7%)[0m | Available: 7.02 GB | Total: 14.84 GB
[1m[ SWAP ][0m Used: 0.0 GB (0.0%) | Free: 4.0 GB | Total: 4.0 GB
        [93mTop 5 RAM Processes (Logged 10):[0m
          1. code (PID 11526) - 670.79 MB (4.41%)
          2. code (PID 8588) - 666.03 MB (4.38%)
          3. code (PID 8252) - 642.02 MB (4.22%)
          4. chrome (PID 6354) - 535.59 MB (3.52%)
          5. chrome (PID 7112) - 533.02 MB (3.51%)
[96m------------------------------------------------------------[0m
[1m[ DISK ][0m Used: [92m24.07 GB (2.63%)[0m | Free: 891.76 GB | Total: 915.83 GB
         [93mI/O:[0m Read 0.0 MB/s | Write 0.04 MB/s | Activity: 0.89%
[96m------------------------------------------------------------[0m
[1m[ NET ][0m Upload: 0.01 MB/s | Download: 0.01 MB/s
[96m------------------------------------------------------------[0m
[1m[ BATTERY ][0m [92m99.28%[0m (Charging/Plugged in)
[1m[96m============================================================[0m
[1m[92mData logged to 2026_logs/2026-10-01.jsonl... (Press Ctrl+C to stop)[0m
[1m[96m============================================================[0m
[1mSYSTEM MONITOR V2[0m | Time: 2026-10-01 12:57:08
[96m------------------------------------------------------------[0m
[1m[ CPU ][0m Used: [92m6.5%[0m | Free: 93.5%
        [93mTop 5 (Logged 10):[0m code (2.34%), code (2.19%)
[96m------------------------------------------------------------[0m
[1m[ RAM ][0m Used: [92m7.79 GB (52.5%)[0m | Available: 7.06 GB | Total: 14.84 GB
[1m[ SWAP ][0m Used: 0.0 GB (0.0%) | Free: 4.0 GB | Total: 4.0 GB
        [93mTop 5 RAM Processes (Logged 10):[0m
          1. code (PID 8588) - 670.73 MB (4.41%)
          2. code (PID 11526) - 669.57 MB (4.41%)
          3. code (PID 8252) - 635.38 MB (4.18%)
          4. chrome (PID 6354) - 535.57 MB (3.52%)
          5. chrome (PID 7112) - 526.34 MB (3.46%)
[96m------------------------------------------------------------[0m
[1m[ DISK ][0m Used: [92m24.07 GB (2.63%)[0m | Free: 891.76 GB | Total: 915.83 GB
         [93mI/O:[0m Read 0.0 MB/s | Write 0.02 MB/s | Activity: 0.86%
[96m------------------------------------------------------------[0m
[1m[ NET ][0m Upload: 0.0 MB/s | Download: 0.0 MB/s
[96m------------------------------------------------------------[0m
[1m[ BATTERY ][0m [92m99.28%[0m (Charging/Plugged in)
[1m[96m============================================================[0m
[1m[92mData logged to 2026_logs/2026-10-01.jsonl... (Press Ctrl+C to stop)[0m
[1m[96m============================================================[0m
[1mSYSTEM MONITOR V2[0m | Time: 2026-10-01 12:57:13
[96m------------------------------------------------------------[0m
[1m[ CPU ][0m Used: [92m6.2%[0m | Free: 93.8%
        [93mTop 5 (Logged 10):[0m code (2.59%)
[96m------------------------------------------------------------[0m
[1m[ RAM ][0m Used: [92m7.83 GB (52.7%)[0m | Available: 7.02 GB | Total: 14.84 GB
[1m[ SWAP ][0m Used: 0.0 GB (0.0%) | Free: 4.0 GB | Total: 4.0 GB
        [93mTop 5 RAM Processes (Logged 10):[0m
          1. code (PID 8588) - 675.8 MB (4.45%)
          2. code (PID 11526) - 669.58 MB (4.41%)
          3. code (PID 8252) - 644.76 MB (4.24%)
          4. chrome (PID 6354) - 535.97 MB (3.53%)
          5. chrome (PID 7112) - 526.34 MB (3.46%)
[96m------------------------------------------------------------[0m
[1m[ DISK ][0m Used: [92m24.07 GB (2.63%)[0m | Free: 891.76 GB | Total: 915.83 GB
         [93mI/O:[0m Read 0.0 MB/s | Write 0.0 MB/s | Activity: 0.0%
[96m------------------------------------------------------------[0m
[1m[ NET ][0m Upload: 0.0 MB/s | Download: 0.01 MB/s
[96m------------------------------------------------------------[0m
[1m[ BATTERY ][0m [92m99.28%[0m (Charging/Plugged in)
[1m[96m============================================================[0m
[1m[92mData logged to 2026_logs/2026-10-01.jsonl... (Press Ctrl+C to stop)[0m
[1m[96m============================================================[0m
[1mSYSTEM MONITOR V2[0m | Time: 2026-10-01 12:57:19
[96m------------------------------------------------------------[0m
[1m[ CPU ][0m Used: [92m7.6%[0m | Free: 92.4%
        [93mTop 5 (Logged 10):[0m code (2.58%), code (2.42%)
[96m------------------------------------------------------------[0m
[1m[ RAM ][0m Used: [92m7.83 GB (52.8%)[0m | Available: 7.01 GB | Total: 14.84 GB
[1m[ SWAP ][0m Used: 0.0 GB (0.0%) | Free: 4.0 GB | Total: 4.0 GB
        [93mTop 5 RAM Processes (Logged 10):[0m
          1. code (PID 8588) - 680.92 MB (4.48%)
          2. code (PID 11526) - 669.97 MB (4.41%)
          3. code (PID 8252) - 641.16 MB (4.22%)
          4. chrome (PID 6354) - 535.37 MB (3.52%)
          5. chrome (PID 7112) - 526.34 MB (3.46%)
[96m------------------------------------------------------------[0m
[1m[ DISK ][0m Used: [92m24.07 GB (2.63%)[0m | Free: 891.76 GB | Total: 915.83 GB
         [93mI/O:[0m Read 0.0 MB/s | Write 0.07 MB/s | Activity: 1.77%
[96m------------------------------------------------------------[0m
[1m[ NET ][0m Upload: 0.0 MB/s | Download: 0.0 MB/s
[96m------------------------------------------------------------[0m
[1m[ BATTERY ][0m [92m99.28%[0m (Charging/Plugged in)
[1m[96m============================================================[0m
[1m[92mData logged to 2026_logs/2026-10-01.jsonl... (Press Ctrl+C to stop)[0m
[1m[96m============================================================[0m
[1mSYSTEM MONITOR V2[0m | Time: 2026-10-01 12:57:24
[96m------------------------------------------------------------[0m
[1m[ CPU ][0m Used: [92m13.8%[0m | Free: 86.2%
        [93mTop 5 (Logged 10):[0m code (8.06%), code (3.18%)
[96m------------------------------------------------------------[0m
[1m[ RAM ][0m Used: [92m8.06 GB (54.3%)[0m | Available: 6.78 GB | Total: 14.84 GB
[1m[ SWAP ][0m Used: 0.0 GB (0.0%) | Free: 4.0 GB | Total: 4.0 GB
        [93mTop 5 RAM Processes (Logged 10):[0m
          1. code (PID 8252) - 772.74 MB (5.08%)
          2. code (PID 8588) - 690.35 MB (4.54%)
          3. code (PID 11526) - 670.1 MB (4.41%)
          4. chrome (PID 6354) - 536.48 MB (3.53%)
          5. chrome (PID 7112) - 529.23 MB (3.48%)
[96m------------------------------------------------------------[0m
[1m[ DISK ][0m Used: [92m24.07 GB (2.63%)[0m | Free: 891.76 GB | Total: 915.83 GB
         [93mI/O:[0m Read 0.0 MB/s | Write 0.66 MB/s | Activity: 1.41%
[96m------------------------------------------------------------[0m
[1m[ NET ][0m Upload: 0.01 MB/s | Download: 0.0 MB/s
[96m------------------------------------------------------------[0m
[1m[ BATTERY ][0m [92m99.28%[0m (Charging/Plugged in)
[1m[96m============================================================[0m
[1m[92mData logged to 2026_logs/2026-10-01.jsonl... (Press Ctrl+C to stop)[0m
[1m[96m============================================================[0m
[1mSYSTEM MONITOR V2[0m | Time: 2026-10-01 12:57:29
[96m------------------------------------------------------------[0m
[1m[ CPU ][0m Used: [92m6.3%[0m | Free: 93.7%
        [93mTop 5 (Logged 10):[0m code (2.39%), code (2.09%)
[96m------------------------------------------------------------[0m
[1m[ RAM ][0m Used: [92m8.02 GB (54.0%)[0m | Available: 6.82 GB | Total: 14.84 GB
[1m[ SWAP ][0m Used: 0.0 GB (0.0%) | Free: 4.0 GB | Total: 4.0 GB
        [93mTop 5 RAM Processes (Logged 10):[0m
          1. code (PID 8252) - 729.47 MB (4.8%)
          2. code (PID 8588) - 698.96 MB (4.6%)
          3. code (PID 11526) - 670.23 MB (4.41%)
          4. chrome (PID 6354) - 535.73 MB (3.52%)
          5. chrome (PID 7112) - 529.24 MB (3.48%)
[96m------------------------------------------------------------[0m
[1m[ DISK ][0m Used: [92m24.07 GB (2.63%)[0m | Free: 891.76 GB | Total: 915.83 GB
         [93mI/O:[0m Read 0.0 MB/s | Write 0.05 MB/s | Activity: 1.69%
[96m------------------------------------------------------------[0m
[1m[ NET ][0m Upload: 0.0 MB/s | Download: 0.0 MB/s
[96m------------------------------------------------------------[0m
[1m[ BATTERY ][0m [92m99.28%[0m (Charging/Plugged in)
[1m[96m============================================================[0m
[1m[92mData logged to 2026_logs/2026-10-01.jsonl... (Press Ctrl+C to stop)[0m
[1m[96m============================================================[0m
[1mSYSTEM MONITOR V2[0m | Time: 2026-10-01 12:57:34
[96m------------------------------------------------------------[0m
[1m[ CPU ][0m Used: [92m7.5%[0m | Free: 92.5%
        [93mTop 5 (Logged 10):[0m code (2.93%)
[96m------------------------------------------------------------[0m
[1m[ RAM ][0m Used: [92m7.97 GB (53.7%)[0m | Available: 6.87 GB | Total: 14.84 GB
[1m[ SWAP ][0m Used: 0.0 GB (0.0%) | Free: 4.0 GB | Total: 4.0 GB
        [93mTop 5 RAM Processes (Logged 10):[0m
          1. code (PID 8252) - 737.8 MB (4.85%)
          2. code (PID 8588) - 683.43 MB (4.5%)
          3. code (PID 11526) - 669.48 MB (4.4%)
          4. chrome (PID 6354) - 535.73 MB (3.52%)
          5. chrome (PID 7112) - 529.24 MB (3.48%)
[96m------------------------------------------------------------[0m
[1m[ DISK ][0m Used: [92m24.07 GB (2.63%)[0m | Free: 891.76 GB | Total: 915.83 GB
         [93mI/O:[0m Read 0.0 MB/s | Write 0.44 MB/s | Activity: 1.07%
[96m------------------------------------------------------------[0m
[1m[ NET ][0m Upload: 0.0 MB/s | Download: 0.01 MB/s
[96m------------------------------------------------------------[0m
[1m[ BATTERY ][0m [92m99.28%[0m (Charging/Plugged in)
[1m[96m============================================================[0m
[1m[92mData logged to 2026_logs/2026-10-01.jsonl... (Press Ctrl+C to stop)[0m
[1m[96m============================================================[0m
[1mSYSTEM MONITOR V2[0m | Time: 2026-10-01 12:57:39
[96m------------------------------------------------------------[0m
[1m[ CPU ][0m Used: [92m5.1%[0m | Free: 94.9%
        [93mTop 5 (Logged 10):[0m code (2.04%)
[96m------------------------------------------------------------[0m
[1m[ RAM ][0m Used: [92m7.81 GB (52.6%)[0m | Available: 7.03 GB | Total: 14.84 GB
[1m[ SWAP ][0m Used: 0.0 GB (0.0%) | Free: 4.0 GB | Total: 4.0 GB
        [93mTop 5 RAM Processes (Logged 10):[0m
          1. code (PID 11526) - 669.61 MB (4.41%)
          2. code (PID 8588) - 655.39 MB (4.31%)
          3. code (PID 8252) - 588.66 MB (3.87%)
          4. chrome (PID 6354) - 535.45 MB (3.52%)
          5. chrome (PID 7112) - 529.24 MB (3.48%)
[96m------------------------------------------------------------[0m
[1m[ DISK ][0m Used: [92m24.07 GB (2.63%)[0m | Free: 891.76 GB | Total: 915.83 GB
         [93mI/O:[0m Read 0.0 MB/s | Write 0.02 MB/s | Activity: 1.63%
[96m------------------------------------------------------------[0m
[1m[ NET ][0m Upload: 0.0 MB/s | Download: 0.0 MB/s
[96m------------------------------------------------------------[0m
[1m[ BATTERY ][0m [92m99.28%[0m (Charging/Plugged in)
[1m[96m============================================================[0m
[1m[92mData logged to 2026_logs/2026-10-01.jsonl... (Press Ctrl+C to stop)[0m
[1m[96m============================================================[0m
[1mSYSTEM MONITOR V2[0m | Time: 2026-10-01 12:57:44
[96m------------------------------------------------------------[0m
[1m[ CPU ][0m Used: [92m3.3%[0m | Free: 96.7%
[96m------------------------------------------------------------[0m
[1m[ RAM ][0m Used: [92m7.78 GB (52.4%)[0m | Available: 7.07 GB | Total: 14.84 GB
[1m[ SWAP ][0m Used: 0.0 GB (0.0%) | Free: 4.0 GB | Total: 4.0 GB
        [93mTop 5 RAM Processes (Logged 10):[0m
          1. code (PID 11526) - 669.73 MB (4.41%)
          2. code (PID 8588) - 659.16 MB (4.34%)
          3. code (PID 8252) - 593.6 MB (3.91%)
          4. chrome (PID 6354) - 535.46 MB (3.52%)
          5. chrome (PID 7112) - 529.24 MB (3.48%)
[96m------------------------------------------------------------[0m
[1m[ DISK ][0m Used: [92m24.07 GB (2.63%)[0m | Free: 891.76 GB | Total: 915.83 GB
         [93mI/O:[0m Read 0.0 MB/s | Write 0.1 MB/s | Activity: 0.78%
[96m------------------------------------------------------------[0m
[1m[ NET ][0m Upload: 0.0 MB/s | Download: 0.0 MB/s
[96m------------------------------------------------------------[0m
[1m[ BATTERY ][0m [92m99.28%[0m (Charging/Plugged in)
[1m[96m============================================================[0m
[1m[92mData logged to 2026_logs/2026-10-01.jsonl... (Press Ctrl+C to stop)[0m
[1m[96m============================================================[0m
[1mSYSTEM MONITOR V2[0m | Time: 2026-10-01 12:57:49
[96m------------------------------------------------------------[0m
[1m[ CPU ][0m Used: [92m2.8%[0m | Free: 97.2%
[96m------------------------------------------------------------[0m
[1m[ RAM ][0m Used: [92m7.79 GB (52.4%)[0m | Available: 7.06 GB | Total: 14.84 GB
[1m[ SWAP ][0m Used: 0.0 GB (0.0%) | Free: 4.0 GB | Total: 4.0 GB
        [93mTop 5 RAM Processes (Logged 10):[0m
          1. code (PID 11526) - 669.86 MB (4.41%)
          2. code (PID 8588) - 659.64 MB (4.34%)
          3. code (PID 8252) - 603.65 MB (3.97%)
          4. chrome (PID 6354) - 535.46 MB (3.52%)
          5. chrome (PID 7112) - 529.25 MB (3.48%)
[96m------------------------------------------------------------[0m
[1m[ DISK ][0m Used: [92m24.07 GB (2.63%)[0m | Free: 891.76 GB | Total: 915.83 GB
         [93mI/O:[0m Read 0.0 MB/s | Write 0.03 MB/s | Activity: 0.98%
[96m------------------------------------------------------------[0m
[1m[ NET ][0m Upload: 0.0 MB/s | Download: 0.0 MB/s
[96m------------------------------------------------------------[0m
[1m[ BATTERY ][0m [92m99.28%[0m (Charging/Plugged in)
[1m[96m============================================================[0m
[1m[92mData logged to 2026_logs/2026-10-01.jsonl... (Press Ctrl+C to stop)[0m
[1m[96m============================================================[0m
[1mSYSTEM MONITOR V2[0m | Time: 2026-10-01 12:57:54
[96m------------------------------------------------------------[0m
[1m[ CPU ][0m Used: [92m5.9%[0m | Free: 94.1%
[96m------------------------------------------------------------[0m
[1m[ RAM ][0m Used: [92m7.68 GB (51.7%)[0m | Available: 7.16 GB | Total: 14.84 GB
[1m[ SWAP ][0m Used: 0.0 GB (0.0%) | Free: 4.0 GB | Total: 4.0 GB
        [93mTop 5 RAM Processes (Logged 10):[0m
          1. code (PID 11526) - 669.98 MB (4.41%)
          2. code (PID 8588) - 666.34 MB (4.38%)
          3. code (PID 8252) - 622.32 MB (4.09%)
          4. chrome (PID 6354) - 535.16 MB (3.52%)
          5. chrome (PID 7112) - 526.21 MB (3.46%)
[96m------------------------------------------------------------[0m
[1m[ DISK ][0m Used: [92m24.07 GB (2.63%)[0m | Free: 891.76 GB | Total: 915.83 GB
         [93mI/O:[0m Read 0.0 MB/s | Write 0.07 MB/s | Activity: 1.07%
[96m------------------------------------------------------------[0m
[1m[ NET ][0m Upload: 0.0 MB/s | Download: 0.01 MB/s
[96m------------------------------------------------------------[0m
[1m[ BATTERY ][0m [92m99.28%[0m (Charging/Plugged in)
[1m[96m============================================================[0m
[1m[92mData logged to 2026_logs/2026-10-01.jsonl... (Press Ctrl+C to stop)[0m
[1m[96m============================================================[0m
[1mSYSTEM MONITOR V2[0m | Time: 2026-10-01 12:57:59
[96m------------------------------------------------------------[0m
[1m[ CPU ][0m Used: [92m13.3%[0m | Free: 86.7%
        [93mTop 5 (Logged 10):[0m code (2.75%), code (2.52%)
[96m------------------------------------------------------------[0m
[1m[ RAM ][0m Used: [92m7.98 GB (53.7%)[0m | Available: 6.87 GB | Total: 14.84 GB
[1m[ SWAP ][0m Used: 0.0 GB (0.0%) | Free: 4.0 GB | Total: 4.0 GB
        [93mTop 5 RAM Processes (Logged 10):[0m
          1. code (PID 8588) - 672.32 MB (4.42%)
          2. code (PID 11526) - 670.11 MB (4.41%)
          3. code (PID 8252) - 661.21 MB (4.35%)
          4. chrome (PID 6354) - 537.88 MB (3.54%)
          5. chrome (PID 7112) - 526.21 MB (3.46%)
[96m------------------------------------------------------------[0m
[1m[ DISK ][0m Used: [92m24.07 GB (2.63%)[0m | Free: 891.76 GB | Total: 915.83 GB
         [93mI/O:[0m Read 0.0 MB/s | Write 0.61 MB/s | Activity: 0.43%
[96m------------------------------------------------------------[0m
[1m[ NET ][0m Upload: 0.01 MB/s | Download: 0.01 MB/s
[96m------------------------------------------------------------[0m
[1m[ BATTERY ][0m [92m99.28%[0m (Charging/Plugged in)
[1m[96m============================================================[0m
[1m[92mData logged to 2026_logs/2026-10-01.jsonl... (Press Ctrl+C to stop)[0m
[1m[96m============================================================[0m
[1mSYSTEM MONITOR V2[0m | Time: 2026-10-01 12:58:04
[96m------------------------------------------------------------[0m
[1m[ CPU ][0m Used: [92m10.5%[0m | Free: 89.5%
        [93mTop 5 (Logged 10):[0m code (3.45%), code (3.4%)
[96m------------------------------------------------------------[0m
[1m[ RAM ][0m Used: [92m7.89 GB (53.2%)[0m | Available: 6.95 GB | Total: 14.84 GB
[1m[ SWAP ][0m Used: 0.0 GB (0.0%) | Free: 4.0 GB | Total: 4.0 GB
        [93mTop 5 RAM Processes (Logged 10):[0m
          1. code (PID 8252) - 684.71 MB (4.5%)
          2. code (PID 8588) - 678.75 MB (4.47%)
          3. code (PID 11526) - 670.25 MB (4.41%)
          4. chrome (PID 6354) - 536.7 MB (3.53%)
          5. chrome (PID 7112) - 524.53 MB (3.45%)
[96m------------------------------------------------------------[0m
[1m[ DISK ][0m Used: [92m24.07 GB (2.63%)[0m | Free: 891.76 GB | Total: 915.83 GB
         [93mI/O:[0m Read 0.01 MB/s | Write 0.45 MB/s | Activity: 1.04%
[96m------------------------------------------------------------[0m
[1m[ NET ][0m Upload: 0.0 MB/s | Download: 0.0 MB/s
[96m------------------------------------------------------------[0m
[1m[ BATTERY ][0m [92m99.28%[0m (Charging/Plugged in)
[1m[96m============================================================[0m
[1m[92mData logged to 2026_logs/2026-10-01.jsonl... (Press Ctrl+C to stop)[0m
[1m[96m============================================================[0m
[1mSYSTEM MONITOR V2[0m | Time: 2026-10-01 12:58:09
[96m------------------------------------------------------------[0m
[1m[ CPU ][0m Used: [92m5.2%[0m | Free: 94.8%
[96m------------------------------------------------------------[0m
[1m[ RAM ][0m Used: [92m7.85 GB (52.9%)[0m | Available: 7.0 GB | Total: 14.84 GB
[1m[ SWAP ][0m Used: 0.0 GB (0.0%) | Free: 4.0 GB | Total: 4.0 GB
        [93mTop 5 RAM Processes (Logged 10):[0m
          1. code (PID 8252) - 673.71 MB (4.43%)
          2. code (PID 11526) - 669.57 MB (4.41%)
          3. code (PID 8588) - 645.17 MB (4.24%)
          4. chrome (PID 6354) - 536.7 MB (3.53%)
          5. chrome (PID 7112) - 524.53 MB (3.45%)
[96m------------------------------------------------------------[0m
[1m[ DISK ][0m Used: [92m24.07 GB (2.63%)[0m | Free: 891.76 GB | Total: 915.83 GB
         [93mI/O:[0m Read 0.0 MB/s | Write 0.01 MB/s | Activity: 0.92%
[96m------------------------------------------------------------[0m
[1m[ NET ][0m Upload: 0.0 MB/s | Download: 0.01 MB/s
[96m------------------------------------------------------------[0m
[1m[ BATTERY ][0m [92m99.28%[0m (Charging/Plugged in)
[1m[96m============================================================[0m
[1m[92mData logged to 2026_logs/2026-10-01.jsonl... (Press Ctrl+C to stop)[0m
[1m[96m============================================================[0m
[1mSYSTEM MONITOR V2[0m | Time: 2026-10-01 12:58:14
[96m------------------------------------------------------------[0m
[1m[ CPU ][0m Used: [92m7.5%[0m | Free: 92.5%
        [93mTop 5 (Logged 10):[0m code (3.15%)
[96m------------------------------------------------------------[0m
[1m[ RAM ][0m Used: [92m7.81 GB (52.6%)[0m | Available: 7.03 GB | Total: 14.84 GB
[1m[ SWAP ][0m Used: 0.0 GB (0.0%) | Free: 4.0 GB | Total: 4.0 GB
        [93mTop 5 RAM Processes (Logged 10):[0m
          1. code (PID 8252) - 682.84 MB (4.49%)
          2. code (PID 11526) - 669.71 MB (4.41%)
          3. code (PID 8588) - 650.74 MB (4.28%)
          4. chrome (PID 6354) - 537.6 MB (3.54%)
          5. chrome (PID 7112) - 524.53 MB (3.45%)
[96m------------------------------------------------------------[0m
[1m[ DISK ][0m Used: [92m24.07 GB (2.63%)[0m | Free: 891.76 GB | Total: 915.83 GB
         [93mI/O:[0m Read 0.0 MB/s | Write 0.01 MB/s | Activity: 0.84%
[96m------------------------------------------------------------[0m
[1m[ NET ][0m Upload: 0.0 MB/s | Download: 0.0 MB/s
[96m------------------------------------------------------------[0m
[1m[ BATTERY ][0m [92m99.28%[0m (Charging/Plugged in)
[1m[96m============================================================[0m
[1m[92mData logged to 2026_logs/2026-10-01.jsonl... (Press Ctrl+C to stop)[0m
[1m[96m============================================================[0m
[1mSYSTEM MONITOR V2[0m | Time: 2026-10-01 12:58:19
[96m------------------------------------------------------------[0m
[1m[ CPU ][0m Used: [92m6.6%[0m | Free: 93.4%
        [93mTop 5 (Logged 10):[0m code (2.34%), code (2.0%)
[96m------------------------------------------------------------[0m
[1m[ RAM ][0m Used: [92m7.83 GB (52.8%)[0m | Available: 7.01 GB | Total: 14.84 GB
[1m[ SWAP ][0m Used: 0.0 GB (0.0%) | Free: 4.0 GB | Total: 4.0 GB
        [93mTop 5 RAM Processes (Logged 10):[0m
          1. code (PID 8252) - 677.7 MB (4.46%)
          2. code (PID 11526) - 669.84 MB (4.41%)
          3. code (PID 8588) - 659.21 MB (4.34%)
          4. chrome (PID 6354) - 536.7 MB (3.53%)
          5. chrome (PID 7112) - 524.53 MB (3.45%)
[96m------------------------------------------------------------[0m
[1m[ DISK ][0m Used: [92m24.07 GB (2.63%)[0m | Free: 891.76 GB | Total: 915.83 GB
         [93mI/O:[0m Read 0.0 MB/s | Write 0.08 MB/s | Activity: 1.01%
[96m------------------------------------------------------------[0m
[1m[ NET ][0m Upload: 0.0 MB/s | Download: 0.0 MB/s
[96m------------------------------------------------------------[0m
[1m[ BATTERY ][0m [92m99.28%[0m (Charging/Plugged in)
[1m[96m============================================================[0m
[1m[92mData logged to 2026_logs/2026-10-01.jsonl... (Press Ctrl+C to stop)[0m
[1m[96m============================================================[0m
[1mSYSTEM MONITOR V2[0m | Time: 2026-10-01 12:58:24
[96m------------------------------------------------------------[0m
[1m[ CPU ][0m Used: [92m6.5%[0m | Free: 93.5%
[96m------------------------------------------------------------[0m
[1m[ RAM ][0m Used: [92m7.9 GB (53.2%)[0m | Available: 6.95 GB | Total: 14.84 GB
[1m[ SWAP ][0m Used: 0.0 GB (0.0%) | Free: 4.0 GB | Total: 4.0 GB
        [93mTop 5 RAM Processes (Logged 10):[0m
          1. code (PID 8252) - 694.76 MB (4.57%)
          2. code (PID 11526) - 669.96 MB (4.41%)
          3. code (PID 8588) - 660.23 MB (4.34%)
          4. chrome (PID 6354) - 536.76 MB (3.53%)
          5. chrome (PID 7112) - 524.72 MB (3.45%)
[96m------------------------------------------------------------[0m
[1m[ DISK ][0m Used: [92m24.07 GB (2.63%)[0m | Free: 891.76 GB | Total: 915.83 GB
         [93mI/O:[0m Read 0.0 MB/s | Write 0.07 MB/s | Activity: 1.06%
[96m------------------------------------------------------------[0m
[1m[ NET ][0m Upload: 0.01 MB/s | Download: 0.01 MB/s
[96m------------------------------------------------------------[0m
[1m[ BATTERY ][0m [92m99.28%[0m (Charging/Plugged in)
[1m[96m============================================================[0m
[1m[92mData logged to 2026_logs/2026-10-01.jsonl... (Press Ctrl+C to stop)[0m
[1m[96m============================================================[0m
[1mSYSTEM MONITOR V2[0m | Time: 2026-10-01 12:58:29
[96m------------------------------------------------------------[0m
[1m[ CPU ][0m Used: [92m8.7%[0m | Free: 91.3%
        [93mTop 5 (Logged 10):[0m code (2.95%), code (2.11%)
[96m------------------------------------------------------------[0m
[1m[ RAM ][0m Used: [92m7.86 GB (53.0%)[0m | Available: 6.98 GB | Total: 14.84 GB
[1m[ SWAP ][0m Used: 0.0 GB (0.0%) | Free: 4.0 GB | Total: 4.0 GB
        [93mTop 5 RAM Processes (Logged 10):[0m
          1. code (PID 8252) - 693.07 MB (4.56%)
          2. code (PID 11526) - 670.09 MB (4.41%)
          3. code (PID 8588) - 664.91 MB (4.37%)
          4. chrome (PID 6354) - 537.04 MB (3.53%)
          5. chrome (PID 7112) - 524.73 MB (3.45%)
[96m------------------------------------------------------------[0m
[1m[ DISK ][0m Used: [92m24.07 GB (2.63%)[0m | Free: 891.76 GB | Total: 915.83 GB
         [93mI/O:[0m Read 0.0 MB/s | Write 0.4 MB/s | Activity: 0.92%
[96m------------------------------------------------------------[0m
[1m[ NET ][0m Upload: 0.0 MB/s | Download: 0.0 MB/s
[96m------------------------------------------------------------[0m
[1m[ BATTERY ][0m [92m99.28%[0m (Charging/Plugged in)
[1m[96m============================================================[0m
[1m[92mData logged to 2026_logs/2026-10-01.jsonl... (Press Ctrl+C to stop)[0m
[1m[96m============================================================[0m
[1mSYSTEM MONITOR V2[0m | Time: 2026-10-01 12:58:35
[96m------------------------------------------------------------[0m
[1m[ CPU ][0m Used: [92m4.6%[0m | Free: 95.4%
[96m------------------------------------------------------------[0m
[1m[ RAM ][0m Used: [92m7.86 GB (52.9%)[0m | Available: 6.98 GB | Total: 14.84 GB
[1m[ SWAP ][0m Used: 0.0 GB (0.0%) | Free: 4.0 GB | Total: 4.0 GB
        [93mTop 5 RAM Processes (Logged 10):[0m
          1. code (PID 8252) - 701.57 MB (4.62%)
          2. code (PID 11526) - 670.27 MB (4.41%)
          3. code (PID 8588) - 655.57 MB (4.31%)
          4. chrome (PID 6354) - 538.52 MB (3.54%)
          5. chrome (PID 7112) - 524.73 MB (3.45%)
[96m------------------------------------------------------------[0m
[1m[ DISK ][0m Used: [92m24.07 GB (2.63%)[0m | Free: 891.76 GB | Total: 915.83 GB
         [93mI/O:[0m Read 0.0 MB/s | Write 2.39 MB/s | Activity: 1.85%
[96m------------------------------------------------------------[0m
[1m[ NET ][0m Upload: 0.01 MB/s | Download: 0.01 MB/s
[96m------------------------------------------------------------[0m
[1m[ BATTERY ][0m [92m99.28%[0m (Charging/Plugged in)
[1m[96m============================================================[0m
[1m[92mData logged to 2026_logs/2026-10-01.jsonl... (Press Ctrl+C to stop)[0m
[1m[96m============================================================[0m
[1mSYSTEM MONITOR V2[0m | Time: 2026-10-01 12:58:40
[96m------------------------------------------------------------[0m
[1m[ CPU ][0m Used: [92m5.6%[0m | Free: 94.4%
[96m------------------------------------------------------------[0m
[1m[ RAM ][0m Used: [92m7.85 GB (52.9%)[0m | Available: 7.0 GB | Total: 14.84 GB
[1m[ SWAP ][0m Used: 0.0 GB (0.0%) | Free: 4.0 GB | Total: 4.0 GB
        [93mTop 5 RAM Processes (Logged 10):[0m
          1. code (PID 8252) - 695.07 MB (4.57%)
          2. code (PID 11526) - 670.4 MB (4.41%)
          3. code (PID 8588) - 661.61 MB (4.35%)
          4. chrome (PID 6354) - 536.9 MB (3.53%)
          5. chrome (PID 7112) - 524.73 MB (3.45%)
[96m------------------------------------------------------------[0m
[1m[ DISK ][0m Used: [92m24.07 GB (2.63%)[0m | Free: 891.76 GB | Total: 915.83 GB
         [93mI/O:[0m Read 0.0 MB/s | Write 0.06 MB/s | Activity: 0.94%
[96m------------------------------------------------------------[0m
[1m[ NET ][0m Upload: 0.0 MB/s | Download: 0.0 MB/s
[96m------------------------------------------------------------[0m
[1m[ BATTERY ][0m [92m99.28%[0m (Charging/Plugged in)
[1m[96m============================================================[0m
[1m[92mData logged to 2026_logs/2026-10-01.jsonl... (Press Ctrl+C to stop)[0m
[1m[96m============================================================[0m
[1mSYSTEM MONITOR V2[0m | Time: 2026-10-01 12:58:45
[96m------------------------------------------------------------[0m
[1m[ CPU ][0m Used: [92m5.6%[0m | Free: 94.4%
        [93mTop 5 (Logged 10):[0m code (2.07%)
[96m------------------------------------------------------------[0m
[1m[ RAM ][0m Used: [92m7.86 GB (52.9%)[0m | Available: 6.98 GB | Total: 14.84 GB
[1m[ SWAP ][0m Used: 0.0 GB (0.0%) | Free: 4.0 GB | Total: 4.0 GB
        [93mTop 5 RAM Processes (Logged 10):[0m
          1. code (PID 8252) - 704.59 MB (4.64%)
          2. code (PID 11526) - 669.67 MB (4.41%)
          3. code (PID 8588) - 668.65 MB (4.4%)
          4. chrome (PID 6354) - 536.91 MB (3.53%)
          5. chrome (PID 7112) - 524.73 MB (3.45%)
[96m------------------------------------------------------------[0m
[1m[ DISK ][0m Used: [92m24.07 GB (2.63%)[0m | Free: 891.76 GB | Total: 915.83 GB
         [93mI/O:[0m Read 0.0 MB/s | Write 0.05 MB/s | Activity: 1.86%
[96m------------------------------------------------------------[0m
[1m[ NET ][0m Upload: 0.0 MB/s | Download: 0.0 MB/s
[96m------------------------------------------------------------[0m
[1m[ BATTERY ][0m [92m99.28%[0m (Charging/Plugged in)
[1m[96m============================================================[0m
[1m[92mData logged to 2026_logs/2026-10-01.jsonl... (Press Ctrl+C to stop)[0m
[1m[96m============================================================[0m
[1mSYSTEM MONITOR V2[0m | Time: 2026-10-01 12:58:50
[96m------------------------------------------------------------[0m
[1m[ CPU ][0m Used: [92m3.9%[0m | Free: 96.1%
[96m------------------------------------------------------------[0m
[1m[ RAM ][0m Used: [92m7.81 GB (52.6%)[0m | Available: 7.03 GB | Total: 14.84 GB
[1m[ SWAP ][0m Used: 0.0 GB (0.0%) | Free: 4.0 GB | Total: 4.0 GB
        [93mTop 5 RAM Processes (Logged 10):[0m
          1. code (PID 8252) - 692.85 MB (4.56%)
          2. code (PID 11526) - 669.8 MB (4.41%)
          3. code (PID 8588) - 647.89 MB (4.26%)
          4. chrome (PID 6354) - 536.89 MB (3.53%)
          5. chrome (PID 7112) - 524.73 MB (3.45%)
[96m------------------------------------------------------------[0m
[1m[ DISK ][0m Used: [92m24.07 GB (2.63%)[0m | Free: 891.76 GB | Total: 915.83 GB
         [93mI/O:[0m Read 0.0 MB/s | Write 0.36 MB/s | Activity: 0.93%
[96m------------------------------------------------------------[0m
[1m[ NET ][0m Upload: 0.0 MB/s | Download: 0.01 MB/s
[96m------------------------------------------------------------[0m
[1m[ BATTERY ][0m [92m99.28%[0m (Charging/Plugged in)
[1m[96m============================================================[0m
[1m[92mData logged to 2026_logs/2026-10-01.jsonl... (Press Ctrl+C to stop)[0m
[1m[96m============================================================[0m
[1mSYSTEM MONITOR V2[0m | Time: 2026-10-01 12:58:55
[96m------------------------------------------------------------[0m
[1m[ CPU ][0m Used: [92m5.0%[0m | Free: 95.0%
[96m------------------------------------------------------------[0m
[1m[ RAM ][0m Used: [92m7.85 GB (52.9%)[0m | Available: 7.0 GB | Total: 14.84 GB
[1m[ SWAP ][0m Used: 0.0 GB (0.0%) | Free: 4.0 GB | Total: 4.0 GB
        [93mTop 5 RAM Processes (Logged 10):[0m
          1. code (PID 8252) - 700.03 MB (4.61%)
          2. code (PID 11526) - 669.93 MB (4.41%)
          3. code (PID 8588) - 652.22 MB (4.29%)
          4. chrome (PID 6354) - 536.19 MB (3.53%)
          5. chrome (PID 7112) - 524.73 MB (3.45%)
[96m------------------------------------------------------------[0m
[1m[ DISK ][0m Used: [92m24.07 GB (2.63%)[0m | Free: 891.76 GB | Total: 915.83 GB
         [93mI/O:[0m Read 0.0 MB/s | Write 0.06 MB/s | Activity: 0.9%
[96m------------------------------------------------------------[0m
[1m[ NET ][0m Upload: 0.01 MB/s | Download: 0.01 MB/s
[96m------------------------------------------------------------[0m
[1m[ BATTERY ][0m [92m99.28%[0m (Charging/Plugged in)
[1m[96m============================================================[0m
[1m[92mData logged to 2026_logs/2026-10-01.jsonl... (Press Ctrl+C to stop)[0m
[1m[96m============================================================[0m
[1mSYSTEM MONITOR V2[0m | Time: 2026-10-01 12:59:00
[96m------------------------------------------------------------[0m
[1m[ CPU ][0m Used: [92m8.8%[0m | Free: 91.2%
        [93mTop 5 (Logged 10):[0m code (2.97%), code (2.5%)
[96m------------------------------------------------------------[0m
[1m[ RAM ][0m Used: [92m7.82 GB (52.7%)[0m | Available: 7.02 GB | Total: 14.84 GB
[1m[ SWAP ][0m Used: 0.0 GB (0.0%) | Free: 4.0 GB | Total: 4.0 GB
        [93mTop 5 RAM Processes (Logged 10):[0m
          1. code (PID 8252) - 690.27 MB (4.54%)
          2. code (PID 11526) - 670.05 MB (4.41%)
          3. code (PID 8588) - 659.55 MB (4.34%)
          4. chrome (PID 6354) - 536.19 MB (3.53%)
          5. chrome (PID 7112) - 524.73 MB (3.45%)
[96m------------------------------------------------------------[0m
[1m[ DISK ][0m Used: [92m24.07 GB (2.63%)[0m | Free: 891.76 GB | Total: 915.83 GB
         [93mI/O:[0m Read 0.0 MB/s | Write 0.41 MB/s | Activity: 0.93%
[96m------------------------------------------------------------[0m
[1m[ NET ][0m Upload: 0.0 MB/s | Download: 0.0 MB/s
[96m------------------------------------------------------------[0m
[1m[ BATTERY ][0m [92m99.28%[0m (Charging/Plugged in)
[1m[96m============================================================[0m
[1m[92mData logged to 2026_logs/2026-10-01.jsonl... (Press Ctrl+C to stop)[0m
[1m[96m============================================================[0m
[1mSYSTEM MONITOR V2[0m | Time: 2026-10-01 12:59:05
[96m------------------------------------------------------------[0m
[1m[ CPU ][0m Used: [92m6.9%[0m | Free: 93.1%
        [93mTop 5 (Logged 10):[0m code (2.21%)
[96m------------------------------------------------------------[0m
[1m[ RAM ][0m Used: [92m7.84 GB (52.8%)[0m | Available: 7.0 GB | Total: 14.84 GB
[1m[ SWAP ][0m Used: 0.0 GB (0.0%) | Free: 4.0 GB | Total: 4.0 GB
        [93mTop 5 RAM Processes (Logged 10):[0m
          1. code (PID 8252) - 691.6 MB (4.55%)
          2. code (PID 11526) - 670.18 MB (4.41%)
          3. code (PID 8588) - 668.13 MB (4.4%)
          4. chrome (PID 6354) - 535.72 MB (3.52%)
          5. chrome (PID 7112) - 523.8 MB (3.45%)
[96m------------------------------------------------------------[0m
[1m[ DISK ][0m Used: [92m24.07 GB (2.63%)[0m | Free: 891.76 GB | Total: 915.83 GB
         [93mI/O:[0m Read 0.0 MB/s | Write 0.03 MB/s | Activity: 0.94%
[96m------------------------------------------------------------[0m
[1m[ NET ][0m Upload: 0.0 MB/s | Download: 0.0 MB/s
[96m------------------------------------------------------------[0m
[1m[ BATTERY ][0m [92m99.28%[0m (Charging/Plugged in)
[1m[96m============================================================[0m
[1m[92mData logged to 2026_logs/2026-10-01.jsonl... (Press Ctrl+C to stop)[0m
[1m[96m============================================================[0m
[1mSYSTEM MONITOR V2[0m | Time: 2026-10-01 12:59:10
[96m------------------------------------------------------------[0m
[1m[ CPU ][0m Used: [92m4.7%[0m | Free: 95.3%
[96m------------------------------------------------------------[0m
[1m[ RAM ][0m Used: [92m7.82 GB (52.7%)[0m | Available: 7.03 GB | Total: 14.84 GB
[1m[ SWAP ][0m Used: 0.0 GB (0.0%) | Free: 4.0 GB | Total: 4.0 GB
        [93mTop 5 RAM Processes (Logged 10):[0m
          1. code (PID 8252) - 702.44 MB (4.62%)
          2. code (PID 11526) - 670.3 MB (4.41%)
          3. code (PID 8588) - 664.14 MB (4.37%)
          4. chrome (PID 6354) - 535.72 MB (3.52%)
          5. chrome (PID 7112) - 523.8 MB (3.45%)
[96m------------------------------------------------------------[0m
[1m[ DISK ][0m Used: [92m24.07 GB (2.63%)[0m | Free: 891.76 GB | Total: 915.83 GB
         [93mI/O:[0m Read 0.0 MB/s | Write 0.06 MB/s | Activity: 0.92%
[96m------------------------------------------------------------[0m
[1m[ NET ][0m Upload: 0.0 MB/s | Download: 0.0 MB/s
[96m------------------------------------------------------------[0m
[1m[ BATTERY ][0m [92m99.28%[0m (Charging/Plugged in)
[1m[96m============================================================[0m
[1m[92mData logged to 2026_logs/2026-10-01.jsonl... (Press Ctrl+C to stop)[0m
[1m[96m============================================================[0m
[1mSYSTEM MONITOR V2[0m | Time: 2026-10-01 12:59:15
[96m------------------------------------------------------------[0m
[1m[ CPU ][0m Used: [92m3.4%[0m | Free: 96.6%
[96m------------------------------------------------------------[0m
[1m[ RAM ][0m Used: [92m7.81 GB (52.6%)[0m | Available: 7.03 GB | Total: 14.84 GB
[1m[ SWAP ][0m Used: 0.0 GB (0.0%) | Free: 4.0 GB | Total: 4.0 GB
        [93mTop 5 RAM Processes (Logged 10):[0m
          1. code (PID 8252) - 711.73 MB (4.68%)
          2. code (PID 11526) - 670.45 MB (4.41%)
          3. code (PID 8588) - 656.27 MB (4.32%)
          4. chrome (PID 6354) - 535.71 MB (3.52%)
          5. chrome (PID 7112) - 523.8 MB (3.45%)
[96m------------------------------------------------------------[0m
[1m[ DISK ][0m Used: [92m24.07 GB (2.63%)[0m | Free: 891.76 GB | Total: 915.83 GB
         [93mI/O:[0m Read 0.0 MB/s | Write 0.1 MB/s | Activity: 0.81%
[96m------------------------------------------------------------[0m
[1m[ NET ][0m Upload: 0.0 MB/s | Download: 0.0 MB/s
[96m------------------------------------------------------------[0m
[1m[ BATTERY ][0m [92m99.28%[0m (Charging/Plugged in)
[1m[96m============================================================[0m
[1m[92mData logged to 2026_logs/2026-10-01.jsonl... (Press Ctrl+C to stop)[0m
[1m[96m============================================================[0m
[1mSYSTEM MONITOR V2[0m | Time: 2026-10-01 12:59:20
[96m------------------------------------------------------------[0m
[1m[ CPU ][0m Used: [92m8.4%[0m | Free: 91.6%
        [93mTop 5 (Logged 10):[0m code (2.81%), code (2.61%)
[96m------------------------------------------------------------[0m
[1m[ RAM ][0m Used: [92m7.83 GB (52.7%)[0m | Available: 7.02 GB | Total: 14.84 GB
[1m[ SWAP ][0m Used: 0.0 GB (0.0%) | Free: 4.0 GB | Total: 4.0 GB
        [93mTop 5 RAM Processes (Logged 10):[0m
          1. code (PID 8252) - 693.48 MB (4.56%)
          2. code (PID 11526) - 669.99 MB (4.41%)
          3. code (PID 8588) - 662.89 MB (4.36%)
          4. chrome (PID 6354) - 535.72 MB (3.52%)
          5. chrome (PID 7112) - 523.8 MB (3.45%)
[96m------------------------------------------------------------[0m
[1m[ DISK ][0m Used: [92m24.07 GB (2.63%)[0m | Free: 891.76 GB | Total: 915.83 GB
         [93mI/O:[0m Read 0.0 MB/s | Write 0.41 MB/s | Activity: 0.92%
[96m------------------------------------------------------------[0m
[1m[ NET ][0m Upload: 0.0 MB/s | Download: 0.0 MB/s
[96m------------------------------------------------------------[0m
[1m[ BATTERY ][0m [92m99.28%[0m (Charging/Plugged in)
[1m[96m============================================================[0m
[1m[92mData logged to 2026_logs/2026-10-01.jsonl... (Press Ctrl+C to stop)[0m
[1m[96m============================================================[0m
[1mSYSTEM MONITOR V2[0m | Time: 2026-10-01 12:59:25
[96m------------------------------------------------------------[0m
[1m[ CPU ][0m Used: [92m8.5%[0m | Free: 91.5%
        [93mTop 5 (Logged 10):[0m code (2.89%)
[96m------------------------------------------------------------[0m
[1m[ RAM ][0m Used: [92m7.88 GB (53.1%)[0m | Available: 6.96 GB | Total: 14.84 GB
[1m[ SWAP ][0m Used: 0.0 GB (0.0%) | Free: 4.0 GB | Total: 4.0 GB
        [93mTop 5 RAM Processes (Logged 10):[0m
          1. code (PID 8252) - 704.68 MB (4.64%)
          2. code (PID 11526) - 670.12 MB (4.41%)
          3. code (PID 8588) - 667.0 MB (4.39%)
          4. chrome (PID 6354) - 536.15 MB (3.53%)
          5. chrome (PID 7112) - 533.34 MB (3.51%)
[96m------------------------------------------------------------[0m
[1m[ DISK ][0m Used: [92m24.07 GB (2.63%)[0m | Free: 891.76 GB | Total: 915.83 GB
         [93mI/O:[0m Read 0.0 MB/s | Write 0.1 MB/s | Activity: 0.39%
[96m------------------------------------------------------------[0m
[1m[ NET ][0m Upload: 0.01 MB/s | Download: 0.01 MB/s
[96m------------------------------------------------------------[0m
[1m[ BATTERY ][0m [92m99.28%[0m (Charging/Plugged in)
[1m[96m============================================================[0m
[1m[92mData logged to 2026_logs/2026-10-01.jsonl... (Press Ctrl+C to stop)[0m
[1m[96m============================================================[0m
[1mSYSTEM MONITOR V2[0m | Time: 2026-10-01 12:59:30
[96m------------------------------------------------------------[0m
[1m[ CPU ][0m Used: [92m8.8%[0m | Free: 91.2%
        [93mTop 5 (Logged 10):[0m code (3.66%)
[96m------------------------------------------------------------[0m
[1m[ RAM ][0m Used: [92m7.86 GB (52.9%)[0m | Available: 6.98 GB | Total: 14.84 GB
[1m[ SWAP ][0m Used: 0.0 GB (0.0%) | Free: 4.0 GB | Total: 4.0 GB
        [93mTop 5 RAM Processes (Logged 10):[0m
          1. code (PID 8252) - 714.39 MB (4.7%)
          2. code (PID 11526) - 670.25 MB (4.41%)
          3. code (PID 8588) - 648.85 MB (4.27%)
          4. chrome (PID 6354) - 540.14 MB (3.55%)
          5. chrome (PID 7112) - 533.34 MB (3.51%)
[96m------------------------------------------------------------[0m
[1m[ DISK ][0m Used: [92m24.07 GB (2.63%)[0m | Free: 891.76 GB | Total: 915.83 GB
         [93mI/O:[0m Read 0.0 MB/s | Write 0.63 MB/s | Activity: 0.99%
[96m------------------------------------------------------------[0m
[1m[ NET ][0m Upload: 0.03 MB/s | Download: 0.0 MB/s
[96m------------------------------------------------------------[0m
[1m[ BATTERY ][0m [92m99.28%[0m (Charging/Plugged in)
[1m[96m============================================================[0m
[1m[92mData logged to 2026_logs/2026-10-01.jsonl... (Press Ctrl+C to stop)[0m
[1m[96m============================================================[0m
[1mSYSTEM MONITOR V2[0m | Time: 2026-10-01 12:59:35
[96m------------------------------------------------------------[0m
[1m[ CPU ][0m Used: [92m3.2%[0m | Free: 96.8%
[96m------------------------------------------------------------[0m
[1m[ RAM ][0m Used: [92m7.86 GB (53.0%)[0m | Available: 6.98 GB | Total: 14.84 GB
[1m[ SWAP ][0m Used: 0.0 GB (0.0%) | Free: 4.0 GB | Total: 4.0 GB
        [93mTop 5 RAM Processes (Logged 10):[0m
          1. code (PID 8252) - 721.27 MB (4.75%)
          2. code (PID 11526) - 670.37 MB (4.41%)
          3. code (PID 8588) - 662.01 MB (4.36%)
          4. chrome (PID 6354) - 539.38 MB (3.55%)
          5. chrome (PID 7112) - 533.34 MB (3.51%)
[96m------------------------------------------------------------[0m
[1m[ DISK ][0m Used: [92m24.07 GB (2.63%)[0m | Free: 891.76 GB | Total: 915.83 GB
         [93mI/O:[0m Read 0.0 MB/s | Write 0.02 MB/s | Activity: 0.84%
[96m------------------------------------------------------------[0m
[1m[ NET ][0m Upload: 0.01 MB/s | Download: 0.0 MB/s
[96m------------------------------------------------------------[0m
[1m[ BATTERY ][0m [92m99.28%[0m (Charging/Plugged in)
[1m[96m============================================================[0m
[1m[92mData logged to 2026_logs/2026-10-01.jsonl... (Press Ctrl+C to stop)[0m
[1m[96m============================================================[0m
[1mSYSTEM MONITOR V2[0m | Time: 2026-10-01 12:59:40
[96m------------------------------------------------------------[0m
[1m[ CPU ][0m Used: [92m3.6%[0m | Free: 96.4%
[96m------------------------------------------------------------[0m
[1m[ RAM ][0m Used: [92m7.84 GB (52.8%)[0m | Available: 7.0 GB | Total: 14.84 GB
[1m[ SWAP ][0m Used: 0.0 GB (0.0%) | Free: 4.0 GB | Total: 4.0 GB
        [93mTop 5 RAM Processes (Logged 10):[0m
          1. code (PID 8252) - 702.07 MB (4.62%)
          2. code (PID 11526) - 670.5 MB (4.41%)
          3. code (PID 8588) - 664.59 MB (4.37%)
          4. chrome (PID 6354) - 539.38 MB (3.55%)
          5. chrome (PID 7112) - 533.34 MB (3.51%)
[96m------------------------------------------------------------[0m
[1m[ DISK ][0m Used: [92m24.07 GB (2.63%)[0m | Free: 891.76 GB | Total: 915.83 GB
         [93mI/O:[0m Read 0.0 MB/s | Write 0.02 MB/s | Activity: 0.94%
[96m------------------------------------------------------------[0m
[1m[ NET ][0m Upload: 0.0 MB/s | Download: 0.0 MB/s
[96m------------------------------------------------------------[0m
[1m[ BATTERY ][0m [92m99.28%[0m (Charging/Plugged in)
[1m[96m============================================================[0m
[1m[92mData logged to 2026_logs/2026-10-01.jsonl... (Press Ctrl+C to stop)[0m
[1m[96m============================================================[0m
[1mSYSTEM MONITOR V2[0m | Time: 2026-10-01 12:59:45
[96m------------------------------------------------------------[0m
[1m[ CPU ][0m Used: [92m2.8%[0m | Free: 97.2%
[96m------------------------------------------------------------[0m
[1m[ RAM ][0m Used: [92m7.84 GB (52.8%)[0m | Available: 7.0 GB | Total: 14.84 GB
[1m[ SWAP ][0m Used: 0.0 GB (0.0%) | Free: 4.0 GB | Total: 4.0 GB
        [93mTop 5 RAM Processes (Logged 10):[0m
          1. code (PID 8252) - 707.0 MB (4.65%)
          2. code (PID 11526) - 668.94 MB (4.4%)
          3. code (PID 8588) - 667.08 MB (4.39%)
          4. chrome (PID 6354) - 539.25 MB (3.55%)
          5. chrome (PID 7112) - 533.34 MB (3.51%)
[96m------------------------------------------------------------[0m
[1m[ DISK ][0m Used: [92m24.07 GB (2.63%)[0m | Free: 891.76 GB | Total: 915.83 GB
         [93mI/O:[0m Read 0.0 MB/s | Write 0.17 MB/s | Activity: 1.73%
[96m------------------------------------------------------------[0m
[1m[ NET ][0m Upload: 0.0 MB/s | Download: 0.0 MB/s
[96m------------------------------------------------------------[0m
[1m[ BATTERY ][0m [92m99.28%[0m (Charging/Plugged in)
[1m[96m============================================================[0m
[1m[92mData logged to 2026_logs/2026-10-01.jsonl... (Press Ctrl+C to stop)[0m
[1m[96m============================================================[0m
[1mSYSTEM MONITOR V2[0m | Time: 2026-10-01 12:59:50
[96m------------------------------------------------------------[0m
[1m[ CPU ][0m Used: [92m3.1%[0m | Free: 96.9%
[96m------------------------------------------------------------[0m
[1m[ RAM ][0m Used: [92m7.84 GB (52.8%)[0m | Available: 7.0 GB | Total: 14.84 GB
[1m[ SWAP ][0m Used: 0.0 GB (0.0%) | Free: 4.0 GB | Total: 4.0 GB
        [93mTop 5 RAM Processes (Logged 10):[0m
          1. code (PID 8252) - 714.88 MB (4.7%)
          2. code (PID 8588) - 673.78 MB (4.43%)
          3. code (PID 11526) - 669.09 MB (4.4%)
          4. chrome (PID 6354) - 539.25 MB (3.55%)
          5. chrome (PID 7112) - 533.34 MB (3.51%)
[96m------------------------------------------------------------[0m
[1m[ DISK ][0m Used: [92m24.07 GB (2.63%)[0m | Free: 891.76 GB | Total: 915.83 GB
         [93mI/O:[0m Read 0.0 MB/s | Write 0.02 MB/s | Activity: 0.81%
[96m------------------------------------------------------------[0m
[1m[ NET ][0m Upload: 0.0 MB/s | Download: 0.0 MB/s
[96m------------------------------------------------------------[0m
[1m[ BATTERY ][0m [92m99.28%[0m (Charging/Plugged in)
[1m[96m============================================================[0m
[1m[92mData logged to 2026_logs/2026-10-01.jsonl... (Press Ctrl+C to stop)[0m
[1m[96m============================================================[0m
[1mSYSTEM MONITOR V2[0m | Time: 2026-10-01 12:59:55
[96m------------------------------------------------------------[0m
[1m[ CPU ][0m Used: [92m5.2%[0m | Free: 94.8%
        [93mTop 5 (Logged 10):[0m code (2.02%)
[96m------------------------------------------------------------[0m
[1m[ RAM ][0m Used: [92m7.87 GB (53.0%)[0m | Available: 6.97 GB | Total: 14.84 GB
[1m[ SWAP ][0m Used: 0.0 GB (0.0%) | Free: 4.0 GB | Total: 4.0 GB
        [93mTop 5 RAM Processes (Logged 10):[0m
          1. code (PID 8252) - 724.53 MB (4.77%)
          2. code (PID 8588) - 679.75 MB (4.47%)
          3. code (PID 11526) - 669.2 MB (4.4%)
          4. chrome (PID 6354) - 534.1 MB (3.51%)
          5. chrome (PID 7112) - 531.81 MB (3.5%)
[96m------------------------------------------------------------[0m
[1m[ DISK ][0m Used: [92m24.07 GB (2.63%)[0m | Free: 891.76 GB | Total: 915.83 GB
         [93mI/O:[0m Read 0.0 MB/s | Write 0.09 MB/s | Activity: 1.25%
[96m------------------------------------------------------------[0m
[1m[ NET ][0m Upload: 0.0 MB/s | Download: 0.0 MB/s
[96m------------------------------------------------------------[0m
[1m[ BATTERY ][0m [92m99.28%[0m (Charging/Plugged in)
[1m[96m============================================================[0m
[1m[92mData logged to 2026_logs/2026-10-01.jsonl... (Press Ctrl+C to stop)[0m
[1m[96m============================================================[0m
[1mSYSTEM MONITOR V2[0m | Time: 2026-10-01 13:00:01
[96m------------------------------------------------------------[0m
[1m[ CPU ][0m Used: [92m7.7%[0m | Free: 92.3%
        [93mTop 5 (Logged 10):[0m code (3.02%)
[96m------------------------------------------------------------[0m
[1m[ RAM ][0m Used: [92m7.83 GB (52.8%)[0m | Available: 7.01 GB | Total: 14.84 GB
[1m[ SWAP ][0m Used: 0.0 GB (0.0%) | Free: 4.0 GB | Total: 4.0 GB
        [93mTop 5 RAM Processes (Logged 10):[0m
          1. code (PID 8252) - 721.05 MB (4.74%)
          2. code (PID 11526) - 669.31 MB (4.4%)
          3. code (PID 8588) - 655.38 MB (4.31%)
          4. chrome (PID 6354) - 533.6 MB (3.51%)
          5. chrome (PID 7112) - 530.38 MB (3.49%)
[96m------------------------------------------------------------[0m
[1m[ DISK ][0m Used: [92m24.07 GB (2.63%)[0m | Free: 891.76 GB | Total: 915.83 GB
         [93mI/O:[0m Read 0.0 MB/s | Write 0.4 MB/s | Activity: 1.0%
[96m------------------------------------------------------------[0m
[1m[ NET ][0m Upload: 0.0 MB/s | Download: 0.0 MB/s
[96m------------------------------------------------------------[0m
[1m[ BATTERY ][0m [92m99.28%[0m (Charging/Plugged in)
[1m[96m============================================================[0m
[1m[92mData logged to 2026_logs/2026-10-01.jsonl... (Press Ctrl+C to stop)[0m
Initializing System Monitor V2...
[1m[96m============================================================[0m
[1mSYSTEM MONITOR V2[0m | Time: 2026-10-01 14:50:06
[96m------------------------------------------------------------[0m
[1m[ CPU ][0m Used: [92m6.1%[0m | Free: 93.9%
        [93mTop 5 (Logged 10):[0m chrome (2.14%)
[96m------------------------------------------------------------[0m
[1m[ RAM ][0m Used: [92m7.92 GB (53.3%)[0m | Available: 6.93 GB | Total: 14.84 GB
[1m[ SWAP ][0m Used: 0.0 GB (0.0%) | Free: 4.0 GB | Total: 4.0 GB
        [93mTop 5 RAM Processes (Logged 10):[0m
          1. chrome (PID 7112) - 833.42 MB (5.48%)
          2. code (PID 8588) - 695.86 MB (4.58%)
          3. code (PID 8252) - 569.18 MB (3.74%)
          4. code (PID 11526) - 548.79 MB (3.61%)
          5. chrome (PID 6354) - 541.77 MB (3.56%)
[96m------------------------------------------------------------[0m
[1m[ DISK ][0m Used: [92m24.1 GB (2.63%)[0m | Free: 891.73 GB | Total: 915.83 GB
         [93mI/O:[0m Read 0.0 MB/s | Write 0.06 MB/s | Activity: 1.0%
[96m------------------------------------------------------------[0m
[1m[ NET ][0m Upload: 0.0 MB/s | Download: 0.01 MB/s
[96m------------------------------------------------------------[0m
[1m[ BATTERY ][0m [92m99.23%[0m (Charging/Plugged in)
[1m[96m============================================================[0m
[1m[92mData logged to 2026_logs/2026-10-01.jsonl... (Press Ctrl+C to stop)[0m
[1m[96m============================================================[0m
[1mSYSTEM MONITOR V2[0m | Time: 2026-10-01 14:50:11
[96m------------------------------------------------------------[0m
[1m[ CPU ][0m Used: [92m6.2%[0m | Free: 93.8%
[96m------------------------------------------------------------[0m
[1m[ RAM ][0m Used: [92m7.92 GB (53.4%)[0m | Available: 6.92 GB | Total: 14.84 GB
[1m[ SWAP ][0m Used: 0.0 GB (0.0%) | Free: 4.0 GB | Total: 4.0 GB
        [93mTop 5 RAM Processes (Logged 10):[0m
          1. chrome (PID 7112) - 833.41 MB (5.48%)
          2. code (PID 8588) - 695.52 MB (4.58%)
          3. code (PID 8252) - 581.61 MB (3.83%)
          4. code (PID 11526) - 548.88 MB (3.61%)
          5. chrome (PID 6354) - 541.77 MB (3.56%)
[96m------------------------------------------------------------[0m
[1m[ DISK ][0m Used: [92m24.1 GB (2.63%)[0m | Free: 891.73 GB | Total: 915.83 GB
         [93mI/O:[0m Read 0.0 MB/s | Write 0.06 MB/s | Activity: 1.06%
[96m------------------------------------------------------------[0m
[1m[ NET ][0m Upload: 0.0 MB/s | Download: 0.0 MB/s
[96m------------------------------------------------------------[0m
[1m[ BATTERY ][0m [92m99.23%[0m (Charging/Plugged in)
[1m[96m============================================================[0m
[1m[92mData logged to 2026_logs/2026-10-01.jsonl... (Press Ctrl+C to stop)[0m
[1m[96m============================================================[0m
[1mSYSTEM MONITOR V2[0m | Time: 2026-10-01 14:50:16
[96m------------------------------------------------------------[0m
[1m[ CPU ][0m Used: [92m6.1%[0m | Free: 93.9%
[96m------------------------------------------------------------[0m
[1m[ RAM ][0m Used: [92m7.92 GB (53.4%)[0m | Available: 6.92 GB | Total: 14.84 GB
[1m[ SWAP ][0m Used: 0.0 GB (0.0%) | Free: 4.0 GB | Total: 4.0 GB
        [93mTop 5 RAM Processes (Logged 10):[0m
          1. chrome (PID 7112) - 828.27 MB (5.45%)
          2. code (PID 8588) - 699.99 MB (4.61%)
          3. code (PID 8252) - 596.77 MB (3.93%)
          4. code (PID 11526) - 548.96 MB (3.61%)
          5. chrome (PID 6354) - 541.77 MB (3.56%)
[96m------------------------------------------------------------[0m
[1m[ DISK ][0m Used: [92m24.1 GB (2.63%)[0m | Free: 891.73 GB | Total: 915.83 GB
         [93mI/O:[0m Read 0.0 MB/s | Write 0.12 MB/s | Activity: 1.03%
[96m------------------------------------------------------------[0m
[1m[ NET ][0m Upload: 0.0 MB/s | Download: 0.0 MB/s
[96m------------------------------------------------------------[0m
[1m[ BATTERY ][0m [92m99.23%[0m (Charging/Plugged in)
[1m[96m============================================================[0m
[1m[92mData logged to 2026_logs/2026-10-01.jsonl... (Press Ctrl+C to stop)[0m
[1m[96m============================================================[0m
[1mSYSTEM MONITOR V2[0m | Time: 2026-10-01 14:50:21
[96m------------------------------------------------------------[0m
[1m[ CPU ][0m Used: [92m6.6%[0m | Free: 93.4%
        [93mTop 5 (Logged 10):[0m code (2.16%)
[96m------------------------------------------------------------[0m
[1m[ RAM ][0m Used: [92m7.93 GB (53.4%)[0m | Available: 6.91 GB | Total: 14.84 GB
[1m[ SWAP ][0m Used: 0.0 GB (0.0%) | Free: 4.0 GB | Total: 4.0 GB
        [93mTop 5 RAM Processes (Logged 10):[0m
          1. chrome (PID 7112) - 834.04 MB (5.49%)
          2. code (PID 8588) - 691.32 MB (4.55%)
          3. code (PID 8252) - 593.78 MB (3.91%)
          4. code (PID 11526) - 549.04 MB (3.61%)
          5. chrome (PID 6354) - 541.94 MB (3.57%)
[96m------------------------------------------------------------[0m
[1m[ DISK ][0m Used: [92m24.1 GB (2.63%)[0m | Free: 891.73 GB | Total: 915.83 GB
         [93mI/O:[0m Read 0.0 MB/s | Write 0.35 MB/s | Activity: 0.96%
[96m------------------------------------------------------------[0m
[1m[ NET ][0m Upload: 0.0 MB/s | Download: 0.0 MB/s
[96m------------------------------------------------------------[0m
[1m[ BATTERY ][0m [92m99.23%[0m (Charging/Plugged in)
[1m[96m============================================================[0m
[1m[92mData logged to 2026_logs/2026-10-01.jsonl... (Press Ctrl+C to stop)[0m
[1m[96m============================================================[0m
[1mSYSTEM MONITOR V2[0m | Time: 2026-10-01 14:50:26
[96m------------------------------------------------------------[0m
[1m[ CPU ][0m Used: [92m6.1%[0m | Free: 93.9%
[96m------------------------------------------------------------[0m
[1m[ RAM ][0m Used: [92m7.99 GB (53.8%)[0m | Available: 6.85 GB | Total: 14.84 GB
[1m[ SWAP ][0m Used: 0.0 GB (0.0%) | Free: 4.0 GB | Total: 4.0 GB
        [93mTop 5 RAM Processes (Logged 10):[0m
          1. chrome (PID 7112) - 860.15 MB (5.66%)
          2. code (PID 8588) - 698.06 MB (4.59%)
          3. code (PID 8252) - 598.87 MB (3.94%)
          4. code (PID 11526) - 549.12 MB (3.61%)
          5. chrome (PID 6354) - 542.56 MB (3.57%)
[96m------------------------------------------------------------[0m
[1m[ DISK ][0m Used: [92m24.1 GB (2.63%)[0m | Free: 891.73 GB | Total: 915.83 GB
         [93mI/O:[0m Read 0.0 MB/s | Write 0.71 MB/s | Activity: 1.01%
[96m------------------------------------------------------------[0m
[1m[ NET ][0m Upload: 0.0 MB/s | Download: 0.0 MB/s
[96m------------------------------------------------------------[0m
[1m[ BATTERY ][0m [92m99.23%[0m (Charging/Plugged in)
[1m[96m============================================================[0m
[1m[92mData logged to 2026_logs/2026-10-01.jsonl... (Press Ctrl+C to stop)[0m
[1m[96m============================================================[0m
[1mSYSTEM MONITOR V2[0m | Time: 2026-10-01 14:50:31
[96m------------------------------------------------------------[0m
[1m[ CPU ][0m Used: [92m4.6%[0m | Free: 95.4%
[96m------------------------------------------------------------[0m
[1m[ RAM ][0m Used: [92m7.97 GB (53.7%)[0m | Available: 6.87 GB | Total: 14.84 GB
[1m[ SWAP ][0m Used: 0.0 GB (0.0%) | Free: 4.0 GB | Total: 4.0 GB
        [93mTop 5 RAM Processes (Logged 10):[0m
          1. chrome (PID 7112) - 859.7 MB (5.66%)
          2. code (PID 8588) - 699.05 MB (4.6%)
          3. code (PID 8252) - 599.55 MB (3.94%)
          4. code (PID 11526) - 549.2 MB (3.61%)
          5. chrome (PID 6354) - 542.41 MB (3.57%)
[96m------------------------------------------------------------[0m
[1m[ DISK ][0m Used: [92m24.1 GB (2.63%)[0m | Free: 891.73 GB | Total: 915.83 GB
         [93mI/O:[0m Read 0.0 MB/s | Write 0.02 MB/s | Activity: 0.92%
[96m------------------------------------------------------------[0m
[1m[ NET ][0m Upload: 0.0 MB/s | Download: 0.0 MB/s
[96m------------------------------------------------------------[0m
[1m[ BATTERY ][0m [92m99.23%[0m (Charging/Plugged in)
[1m[96m============================================================[0m
[1m[92mData logged to 2026_logs/2026-10-01.jsonl... (Press Ctrl+C to stop)[0m
[1m[96m============================================================[0m
[1mSYSTEM MONITOR V2[0m | Time: 2026-10-01 14:50:36
[96m------------------------------------------------------------[0m
[1m[ CPU ][0m Used: [92m6.0%[0m | Free: 94.0%
[96m------------------------------------------------------------[0m
[1m[ RAM ][0m Used: [92m7.97 GB (53.7%)[0m | Available: 6.87 GB | Total: 14.84 GB
[1m[ SWAP ][0m Used: 0.0 GB (0.0%) | Free: 4.0 GB | Total: 4.0 GB
        [93mTop 5 RAM Processes (Logged 10):[0m
          1. chrome (PID 7112) - 858.96 MB (5.65%)
          2. code (PID 8588) - 697.66 MB (4.59%)
          3. code (PID 8252) - 587.11 MB (3.86%)
          4. code (PID 11526) - 549.28 MB (3.61%)
          5. chrome (PID 6354) - 541.83 MB (3.56%)
[96m------------------------------------------------------------[0m
[1m[ DISK ][0m Used: [92m24.1 GB (2.63%)[0m | Free: 891.73 GB | Total: 915.83 GB
         [93mI/O:[0m Read 0.0 MB/s | Write 0.0 MB/s | Activity: 0.81%
[96m------------------------------------------------------------[0m
[1m[ NET ][0m Upload: 0.0 MB/s | Download: 0.0 MB/s
[96m------------------------------------------------------------[0m
[1m[ BATTERY ][0m [92m99.23%[0m (Charging/Plugged in)
[1m[96m============================================================[0m
[1m[92mData logged to 2026_logs/2026-10-01.jsonl... (Press Ctrl+C to stop)[0m
[1m[96m============================================================[0m
[1mSYSTEM MONITOR V2[0m | Time: 2026-10-01 14:50:41
[96m------------------------------------------------------------[0m
[1m[ CPU ][0m Used: [92m7.1%[0m | Free: 92.9%
        [93mTop 5 (Logged 10):[0m chrome (2.53%)
[96m------------------------------------------------------------[0m
[1m[ RAM ][0m Used: [92m7.98 GB (53.8%)[0m | Available: 6.86 GB | Total: 14.84 GB
[1m[ SWAP ][0m Used: 0.0 GB (0.0%) | Free: 4.0 GB | Total: 4.0 GB
        [93mTop 5 RAM Processes (Logged 10):[0m
          1. chrome (PID 7112) - 860.54 MB (5.66%)
          2. code (PID 8588) - 701.96 MB (4.62%)
          3. code (PID 8252) - 598.85 MB (3.94%)
          4. code (PID 11526) - 549.36 MB (3.61%)
          5. chrome (PID 6354) - 543.24 MB (3.57%)
[96m------------------------------------------------------------[0m
[1m[ DISK ][0m Used: [92m24.1 GB (2.63%)[0m | Free: 891.73 GB | Total: 915.83 GB
         [93mI/O:[0m Read 0.0 MB/s | Write 0.01 MB/s | Activity: 0.86%
[96m------------------------------------------------------------[0m
[1m[ NET ][0m Upload: 0.0 MB/s | Download: 0.0 MB/s
[96m------------------------------------------------------------[0m
[1m[ BATTERY ][0m [92m99.23%[0m (Charging/Plugged in)
[1m[96m============================================================[0m
[1m[92mData logged to 2026_logs/2026-10-01.jsonl... (Press Ctrl+C to stop)[0m
[1m[96m============================================================[0m
[1mSYSTEM MONITOR V2[0m | Time: 2026-10-01 14:50:46
[96m------------------------------------------------------------[0m
[1m[ CPU ][0m Used: [92m6.4%[0m | Free: 93.6%
[96m------------------------------------------------------------[0m
[1m[ RAM ][0m Used: [92m8.01 GB (54.0%)[0m | Available: 6.83 GB | Total: 14.84 GB
[1m[ SWAP ][0m Used: 0.0 GB (0.0%) | Free: 4.0 GB | Total: 4.0 GB
        [93mTop 5 RAM Processes (Logged 10):[0m
          1. chrome (PID 7112) - 865.7 MB (5.7%)
          2. code (PID 8588) - 675.4 MB (4.44%)
          3. code (PID 8252) - 601.07 MB (3.95%)
          4. code (PID 11526) - 549.44 MB (3.61%)
          5. chrome (PID 6354) - 544.62 MB (3.58%)
[96m------------------------------------------------------------[0m
[1m[ DISK ][0m Used: [92m24.1 GB (2.63%)[0m | Free: 891.73 GB | Total: 915.83 GB
         [93mI/O:[0m Read 0.0 MB/s | Write 0.12 MB/s | Activity: 0.86%
[96m------------------------------------------------------------[0m
[1m[ NET ][0m Upload: 0.01 MB/s | Download: 0.02 MB/s
[96m------------------------------------------------------------[0m
[1m[ BATTERY ][0m [92m99.23%[0m (Charging/Plugged in)
[1m[96m============================================================[0m
[1m[92mData logged to 2026_logs/2026-10-01.jsonl... (Press Ctrl+C to stop)[0m
[1m[96m============================================================[0m
[1mSYSTEM MONITOR V2[0m | Time: 2026-10-01 14:50:51
[96m------------------------------------------------------------[0m
[1m[ CPU ][0m Used: [92m6.8%[0m | Free: 93.2%
        [93mTop 5 (Logged 10):[0m code (2.32%)
[96m------------------------------------------------------------[0m
[1m[ RAM ][0m Used: [92m7.99 GB (53.8%)[0m | Available: 6.85 GB | Total: 14.84 GB
[1m[ SWAP ][0m Used: 0.0 GB (0.0%) | Free: 4.0 GB | Total: 4.0 GB
        [93mTop 5 RAM Processes (Logged 10):[0m
          1. chrome (PID 7112) - 859.84 MB (5.66%)
          2. code (PID 8588) - 679.14 MB (4.47%)
          3. code (PID 8252) - 594.94 MB (3.91%)
          4. code (PID 11526) - 549.52 MB (3.62%)
          5. chrome (PID 6354) - 543.33 MB (3.57%)
[96m------------------------------------------------------------[0m
[1m[ DISK ][0m Used: [92m24.1 GB (2.63%)[0m | Free: 891.73 GB | Total: 915.83 GB
         [93mI/O:[0m Read 0.0 MB/s | Write 0.54 MB/s | Activity: 2.01%
[96m------------------------------------------------------------[0m
[1m[ NET ][0m Upload: 0.0 MB/s | Download: 0.0 MB/s
[96m------------------------------------------------------------[0m
[1m[ BATTERY ][0m [92m99.23%[0m (Charging/Plugged in)
[1m[96m============================================================[0m
[1m[92mData logged to 2026_logs/2026-10-01.jsonl... (Press Ctrl+C to stop)[0m
[1m[96m============================================================[0m
[1mSYSTEM MONITOR V2[0m | Time: 2026-10-01 14:50:56
[96m------------------------------------------------------------[0m
[1m[ CPU ][0m Used: [92m5.5%[0m | Free: 94.5%
[96m------------------------------------------------------------[0m
[1m[ RAM ][0m Used: [92m7.96 GB (53.6%)[0m | Available: 6.88 GB | Total: 14.84 GB
[1m[ SWAP ][0m Used: 0.0 GB (0.0%) | Free: 4.0 GB | Total: 4.0 GB
        [93mTop 5 RAM Processes (Logged 10):[0m
          1. chrome (PID 7112) - 832.23 MB (5.48%)
          2. code (PID 8588) - 683.33 MB (4.5%)
          3. code (PID 8252) - 602.34 MB (3.96%)
          4. code (PID 11526) - 549.6 MB (3.62%)
          5. chrome (PID 6354) - 542.78 MB (3.57%)
[96m------------------------------------------------------------[0m
[1m[ DISK ][0m Used: [92m24.1 GB (2.63%)[0m | Free: 891.73 GB | Total: 915.83 GB
         [93mI/O:[0m Read 0.0 MB/s | Write 0.04 MB/s | Activity: 0.82%
[96m------------------------------------------------------------[0m
[1m[ NET ][0m Upload: 0.0 MB/s | Download: 0.0 MB/s
[96m------------------------------------------------------------[0m
[1m[ BATTERY ][0m [92m99.23%[0m (Charging/Plugged in)
[1m[96m============================================================[0m
[1m[92mData logged to 2026_logs/2026-10-01.jsonl... (Press Ctrl+C to stop)[0m
[1m[96m============================================================[0m
[1mSYSTEM MONITOR V2[0m | Time: 2026-10-01 14:51:01
[96m------------------------------------------------------------[0m
[1m[ CPU ][0m Used: [92m8.6%[0m | Free: 91.4%
        [93mTop 5 (Logged 10):[0m code (2.93%), code (2.78%)
[96m------------------------------------------------------------[0m
[1m[ RAM ][0m Used: [92m7.96 GB (53.6%)[0m | Available: 6.88 GB | Total: 14.84 GB
[1m[ SWAP ][0m Used: 0.0 GB (0.0%) | Free: 4.0 GB | Total: 4.0 GB
        [93mTop 5 RAM Processes (Logged 10):[0m
          1. chrome (PID 7112) - 830.8 MB (5.47%)
          2. code (PID 8588) - 669.93 MB (4.41%)
          3. code (PID 8252) - 612.27 MB (4.03%)
          4. code (PID 11526) - 549.68 MB (3.62%)
          5. chrome (PID 6354) - 542.96 MB (3.57%)
[96m------------------------------------------------------------[0m
[1m[ DISK ][0m Used: [92m24.1 GB (2.63%)[0m | Free: 891.73 GB | Total: 915.83 GB
         [93mI/O:[0m Read 0.0 MB/s | Write 0.15 MB/s | Activity: 1.15%
[96m------------------------------------------------------------[0m
[1m[ NET ][0m Upload: 0.0 MB/s | Download: 0.0 MB/s
[96m------------------------------------------------------------[0m
[1m[ BATTERY ][0m [92m99.23%[0m (Charging/Plugged in)
[1m[96m============================================================[0m
[1m[92mData logged to 2026_logs/2026-10-01.jsonl... (Press Ctrl+C to stop)[0m
[1m[96m============================================================[0m
[1mSYSTEM MONITOR V2[0m | Time: 2026-10-01 14:51:07
[96m------------------------------------------------------------[0m
[1m[ CPU ][0m Used: [92m6.2%[0m | Free: 93.8%
[96m------------------------------------------------------------[0m
[1m[ RAM ][0m Used: [92m7.98 GB (53.8%)[0m | Available: 6.86 GB | Total: 14.84 GB
[1m[ SWAP ][0m Used: 0.0 GB (0.0%) | Free: 4.0 GB | Total: 4.0 GB
        [93mTop 5 RAM Processes (Logged 10):[0m
          1. chrome (PID 7112) - 830.81 MB (5.47%)
          2. code (PID 8588) - 668.47 MB (4.4%)
          3. code (PID 8252) - 615.21 MB (4.05%)
          4. code (PID 11526) - 549.76 MB (3.62%)
          5. chrome (PID 6354) - 542.73 MB (3.57%)
[96m------------------------------------------------------------[0m
[1m[ DISK ][0m Used: [92m24.1 GB (2.63%)[0m | Free: 891.73 GB | Total: 915.83 GB
         [93mI/O:[0m Read 0.0 MB/s | Write 0.1 MB/s | Activity: 0.8%
[96m------------------------------------------------------------[0m
[1m[ NET ][0m Upload: 0.0 MB/s | Download: 0.0 MB/s
[96m------------------------------------------------------------[0m
[1m[ BATTERY ][0m [92m99.23%[0m (Charging/Plugged in)
[1m[96m============================================================[0m
[1m[92mData logged to 2026_logs/2026-10-01.jsonl... (Press Ctrl+C to stop)[0m
[1m[96m============================================================[0m
[1mSYSTEM MONITOR V2[0m | Time: 2026-10-01 14:51:12
[96m------------------------------------------------------------[0m
[1m[ CPU ][0m Used: [92m9.5%[0m | Free: 90.5%
        [93mTop 5 (Logged 10):[0m code (2.6%), code (2.37%), chrome (2.09%)
[96m------------------------------------------------------------[0m
[1m[ RAM ][0m Used: [92m7.96 GB (53.6%)[0m | Available: 6.88 GB | Total: 14.84 GB
[1m[ SWAP ][0m Used: 0.0 GB (0.0%) | Free: 4.0 GB | Total: 4.0 GB
        [93mTop 5 RAM Processes (Logged 10):[0m
          1. chrome (PID 7112) - 832.63 MB (5.48%)
          2. code (PID 8588) - 672.39 MB (4.42%)
          3. code (PID 8252) - 605.62 MB (3.98%)
          4. code (PID 11526) - 549.8 MB (3.62%)
          5. chrome (PID 6354) - 542.74 MB (3.57%)
[96m------------------------------------------------------------[0m
[1m[ DISK ][0m Used: [92m24.1 GB (2.63%)[0m | Free: 891.73 GB | Total: 915.83 GB
         [93mI/O:[0m Read 0.0 MB/s | Write 0.54 MB/s | Activity: 0.22%
[96m------------------------------------------------------------[0m
[1m[ NET ][0m Upload: 0.0 MB/s | Download: 0.0 MB/s
[96m------------------------------------------------------------[0m
[1m[ BATTERY ][0m [92m99.23%[0m (Charging/Plugged in)
[1m[96m============================================================[0m
[1m[92mData logged to 2026_logs/2026-10-01.jsonl... (Press Ctrl+C to stop)[0m
[1m[96m============================================================[0m
[1mSYSTEM MONITOR V2[0m | Time: 2026-10-01 14:51:17
[96m------------------------------------------------------------[0m
[1m[ CPU ][0m Used: [92m5.7%[0m | Free: 94.3%
[96m------------------------------------------------------------[0m
[1m[ RAM ][0m Used: [92m7.96 GB (53.6%)[0m | Available: 6.88 GB | Total: 14.84 GB
[1m[ SWAP ][0m Used: 0.0 GB (0.0%) | Free: 4.0 GB | Total: 4.0 GB
        [93mTop 5 RAM Processes (Logged 10):[0m
          1. chrome (PID 7112) - 830.05 MB (5.46%)
          2. code (PID 8588) - 676.45 MB (4.45%)
          3. code (PID 8252) - 617.97 MB (4.07%)
          4. code (PID 11526) - 545.54 MB (3.59%)
          5. chrome (PID 6354) - 542.74 MB (3.57%)
[96m------------------------------------------------------------[0m
[1m[ DISK ][0m Used: [92m24.1 GB (2.63%)[0m | Free: 891.73 GB | Total: 915.83 GB
         [93mI/O:[0m Read 0.0 MB/s | Write 0.06 MB/s | Activity: 1.55%
[96m------------------------------------------------------------[0m
[1m[ NET ][0m Upload: 0.0 MB/s | Download: 0.0 MB/s
[96m------------------------------------------------------------[0m
[1m[ BATTERY ][0m [92m99.23%[0m (Charging/Plugged in)
[1m[96m============================================================[0m
[1m[92mData logged to 2026_logs/2026-10-01.jsonl... (Press Ctrl+C to stop)[0m
[1m[96m============================================================[0m
[1mSYSTEM MONITOR V2[0m | Time: 2026-10-01 14:51:22
[96m------------------------------------------------------------[0m
[1m[ CPU ][0m Used: [92m8.6%[0m | Free: 91.4%
        [93mTop 5 (Logged 10):[0m code (2.38%), code (2.02%)
[96m------------------------------------------------------------[0m
[1m[ RAM ][0m Used: [92m8.02 GB (54.0%)[0m | Available: 6.82 GB | Total: 14.84 GB
[1m[ SWAP ][0m Used: 0.0 GB (0.0%) | Free: 4.0 GB | Total: 4.0 GB
        [93mTop 5 RAM Processes (Logged 10):[0m
          1. chrome (PID 7112) - 857.53 MB (5.64%)
          2. code (PID 8588) - 680.16 MB (4.47%)
          3. code (PID 8252) - 633.0 MB (4.16%)
          4. chrome (PID 6354) - 545.63 MB (3.59%)
          5. code (PID 11526) - 545.54 MB (3.59%)
[96m------------------------------------------------------------[0m
[1m[ DISK ][0m Used: [92m24.1 GB (2.63%)[0m | Free: 891.73 GB | Total: 915.83 GB
         [93mI/O:[0m Read 0.0 MB/s | Write 0.32 MB/s | Activity: 0.2%
[96m------------------------------------------------------------[0m
[1m[ NET ][0m Upload: 0.0 MB/s | Download: 0.0 MB/s
[96m------------------------------------------------------------[0m
[1m[ BATTERY ][0m [92m99.23%[0m (Charging/Plugged in)
[1m[96m============================================================[0m
[1m[92mData logged to 2026_logs/2026-10-01.jsonl... (Press Ctrl+C to stop)[0m
[1m[96m============================================================[0m
[1mSYSTEM MONITOR V2[0m | Time: 2026-10-01 14:51:27
[96m------------------------------------------------------------[0m
[1m[ CPU ][0m Used: [92m9.0%[0m | Free: 91.0%
        [93mTop 5 (Logged 10):[0m code (2.54%), code (2.24%)
[96m------------------------------------------------------------[0m
[1m[ RAM ][0m Used: [92m8.03 GB (54.1%)[0m | Available: 6.81 GB | Total: 14.84 GB
[1m[ SWAP ][0m Used: 0.0 GB (0.0%) | Free: 4.0 GB | Total: 4.0 GB
        [93mTop 5 RAM Processes (Logged 10):[0m
          1. chrome (PID 7112) - 862.25 MB (5.67%)
          2. code (PID 8588) - 686.12 MB (4.51%)
          3. code (PID 8252) - 631.47 MB (4.15%)
          4. code (PID 11526) - 545.54 MB (3.59%)
          5. chrome (PID 6354) - 544.36 MB (3.58%)
[96m------------------------------------------------------------[0m
[1m[ DISK ][0m Used: [92m24.1 GB (2.63%)[0m | Free: 891.73 GB | Total: 915.83 GB
         [93mI/O:[0m Read 0.0 MB/s | Write 0.06 MB/s | Activity: 1.75%
[96m------------------------------------------------------------[0m
[1m[ NET ][0m Upload: 0.0 MB/s | Download: 0.0 MB/s
[96m------------------------------------------------------------[0m
[1m[ BATTERY ][0m [92m99.23%[0m (Charging/Plugged in)
[1m[96m============================================================[0m
[1m[92mData logged to 2026_logs/2026-10-01.jsonl... (Press Ctrl+C to stop)[0m
[1m[96m============================================================[0m
[1mSYSTEM MONITOR V2[0m | Time: 2026-10-01 14:51:32
[96m------------------------------------------------------------[0m
[1m[ CPU ][0m Used: [92m4.3%[0m | Free: 95.7%
[96m------------------------------------------------------------[0m
[1m[ RAM ][0m Used: [92m8.03 GB (54.1%)[0m | Available: 6.82 GB | Total: 14.84 GB
[1m[ SWAP ][0m Used: 0.0 GB (0.0%) | Free: 4.0 GB | Total: 4.0 GB
        [93mTop 5 RAM Processes (Logged 10):[0m
          1. chrome (PID 7112) - 861.92 MB (5.67%)
          2. code (PID 8588) - 688.94 MB (4.53%)
          3. code (PID 8252) - 633.34 MB (4.17%)
          4. code (PID 11526) - 545.48 MB (3.59%)
          5. chrome (PID 6354) - 542.74 MB (3.57%)
[96m------------------------------------------------------------[0m
[1m[ DISK ][0m Used: [92m24.1 GB (2.63%)[0m | Free: 891.73 GB | Total: 915.83 GB
         [93mI/O:[0m Read 0.0 MB/s | Write 0.06 MB/s | Activity: 0.85%
[96m------------------------------------------------------------[0m
[1m[ NET ][0m Upload: 0.0 MB/s | Download: 0.0 MB/s
[96m------------------------------------------------------------[0m
[1m[ BATTERY ][0m [92m99.23%[0m (Charging/Plugged in)
[1m[96m============================================================[0m
[1m[92mData logged to 2026_logs/2026-10-01.jsonl... (Press Ctrl+C to stop)[0m
[1m[96m============================================================[0m
[1mSYSTEM MONITOR V2[0m | Time: 2026-10-01 14:51:37
[96m------------------------------------------------------------[0m
[1m[ CPU ][0m Used: [92m4.0%[0m | Free: 96.0%
[96m------------------------------------------------------------[0m
[1m[ RAM ][0m Used: [92m8.04 GB (54.1%)[0m | Available: 6.81 GB | Total: 14.84 GB
[1m[ SWAP ][0m Used: 0.0 GB (0.0%) | Free: 4.0 GB | Total: 4.0 GB
        [93mTop 5 RAM Processes (Logged 10):[0m
          1. chrome (PID 7112) - 861.42 MB (5.67%)
          2. code (PID 8588) - 693.43 MB (4.56%)
          3. code (PID 8252) - 638.5 MB (4.2%)
          4. code (PID 11526) - 545.48 MB (3.59%)
          5. chrome (PID 6354) - 542.74 MB (3.57%)
[96m------------------------------------------------------------[0m
[1m[ DISK ][0m Used: [92m24.1 GB (2.63%)[0m | Free: 891.73 GB | Total: 915.83 GB
         [93mI/O:[0m Read 0.0 MB/s | Write 0.0 MB/s | Activity: 0.0%
[96m------------------------------------------------------------[0m
[1m[ NET ][0m Upload: 0.0 MB/s | Download: 0.0 MB/s
[96m------------------------------------------------------------[0m
[1m[ BATTERY ][0m [92m99.23%[0m (Charging/Plugged in)
[1m[96m============================================================[0m
[1m[92mData logged to 2026_logs/2026-10-01.jsonl... (Press Ctrl+C to stop)[0m
[1m[96m============================================================[0m
[1mSYSTEM MONITOR V2[0m | Time: 2026-10-01 14:51:42
[96m------------------------------------------------------------[0m
[1m[ CPU ][0m Used: [92m5.9%[0m | Free: 94.1%
        [93mTop 5 (Logged 10):[0m chrome (2.18%)
[96m------------------------------------------------------------[0m
[1m[ RAM ][0m Used: [92m8.05 GB (54.3%)[0m | Available: 6.79 GB | Total: 14.84 GB
[1m[ SWAP ][0m Used: 0.0 GB (0.0%) | Free: 4.0 GB | Total: 4.0 GB
        [93mTop 5 RAM Processes (Logged 10):[0m
          1. chrome (PID 7112) - 863.3 MB (5.68%)
          2. code (PID 8588) - 696.52 MB (4.58%)
          3. code (PID 8252) - 645.87 MB (4.25%)
          4. code (PID 11526) - 545.48 MB (3.59%)
          5. chrome (PID 6354) - 542.85 MB (3.57%)
[96m------------------------------------------------------------[0m
[1m[ DISK ][0m Used: [92m24.1 GB (2.63%)[0m | Free: 891.73 GB | Total: 915.83 GB
         [93mI/O:[0m Read 0.0 MB/s | Write 0.43 MB/s | Activity: 1.79%
[96m------------------------------------------------------------[0m
[1m[ NET ][0m Upload: 0.0 MB/s | Download: 0.0 MB/s
[96m------------------------------------------------------------[0m
[1m[ BATTERY ][0m [92m99.23%[0m (Charging/Plugged in)
[1m[96m============================================================[0m
[1m[92mData logged to 2026_logs/2026-10-01.jsonl... (Press Ctrl+C to stop)[0m
[1m[96m============================================================[0m
[1mSYSTEM MONITOR V2[0m | Time: 2026-10-01 14:51:47
[96m------------------------------------------------------------[0m
[1m[ CPU ][0m Used: [92m4.7%[0m | Free: 95.3%
[96m------------------------------------------------------------[0m
[1m[ RAM ][0m Used: [92m8.01 GB (53.9%)[0m | Available: 6.84 GB | Total: 14.84 GB
[1m[ SWAP ][0m Used: 0.0 GB (0.0%) | Free: 4.0 GB | Total: 4.0 GB
        [93mTop 5 RAM Processes (Logged 10):[0m
          1. chrome (PID 7112) - 862.25 MB (5.67%)
          2. code (PID 8588) - 698.61 MB (4.6%)
          3. code (PID 8252) - 654.43 MB (4.31%)
          4. code (PID 11526) - 545.48 MB (3.59%)
          5. chrome (PID 6354) - 542.32 MB (3.57%)
[96m------------------------------------------------------------[0m
[1m[ DISK ][0m Used: [92m24.1 GB (2.63%)[0m | Free: 891.73 GB | Total: 915.83 GB
         [93mI/O:[0m Read 0.0 MB/s | Write 0.05 MB/s | Activity: 1.86%
[96m------------------------------------------------------------[0m
[1m[ NET ][0m Upload: 0.0 MB/s | Download: 0.0 MB/s
[96m------------------------------------------------------------[0m
[1m[ BATTERY ][0m [92m99.23%[0m (Charging/Plugged in)
[1m[96m============================================================[0m
[1m[92mData logged to 2026_logs/2026-10-01.jsonl... (Press Ctrl+C to stop)[0m
[1m[96m============================================================[0m
[1mSYSTEM MONITOR V2[0m | Time: 2026-10-01 14:51:52
[96m------------------------------------------------------------[0m
[1m[ CPU ][0m Used: [92m6.8%[0m | Free: 93.2%
[96m------------------------------------------------------------[0m
[1m[ RAM ][0m Used: [92m7.93 GB (53.4%)[0m | Available: 6.92 GB | Total: 14.84 GB
[1m[ SWAP ][0m Used: 0.0 GB (0.0%) | Free: 4.0 GB | Total: 4.0 GB
        [93mTop 5 RAM Processes (Logged 10):[0m
          1. chrome (PID 7112) - 853.17 MB (5.61%)
          2. code (PID 8588) - 654.89 MB (4.31%)
          3. code (PID 8252) - 632.78 MB (4.16%)
          4. code (PID 11526) - 545.48 MB (3.59%)
          5. chrome (PID 6354) - 542.28 MB (3.57%)
[96m------------------------------------------------------------[0m
[1m[ DISK ][0m Used: [92m24.1 GB (2.63%)[0m | Free: 891.73 GB | Total: 915.83 GB
         [93mI/O:[0m Read 0.0 MB/s | Write 0.64 MB/s | Activity: 1.93%
[96m------------------------------------------------------------[0m
[1m[ NET ][0m Upload: 0.0 MB/s | Download: 0.0 MB/s
[96m------------------------------------------------------------[0m
[1m[ BATTERY ][0m [92m99.23%[0m (Charging/Plugged in)
[1m[96m============================================================[0m
[1m[92mData logged to 2026_logs/2026-10-01.jsonl... (Press Ctrl+C to stop)[0m
[1m[96m============================================================[0m
[1mSYSTEM MONITOR V2[0m | Time: 2026-10-01 14:51:57
[96m------------------------------------------------------------[0m
[1m[ CPU ][0m Used: [92m4.4%[0m | Free: 95.6%
[96m------------------------------------------------------------[0m
[1m[ RAM ][0m Used: [92m7.93 GB (53.4%)[0m | Available: 6.92 GB | Total: 14.84 GB
[1m[ SWAP ][0m Used: 0.0 GB (0.0%) | Free: 4.0 GB | Total: 4.0 GB
        [93mTop 5 RAM Processes (Logged 10):[0m
          1. chrome (PID 7112) - 840.66 MB (5.53%)
          2. code (PID 8588) - 658.57 MB (4.33%)
          3. code (PID 8252) - 637.35 MB (4.19%)
          4. code (PID 11526) - 545.51 MB (3.59%)
          5. chrome (PID 6354) - 541.98 MB (3.57%)
[96m------------------------------------------------------------[0m
[1m[ DISK ][0m Used: [92m24.1 GB (2.63%)[0m | Free: 891.73 GB | Total: 915.83 GB
         [93mI/O:[0m Read 0.0 MB/s | Write 0.02 MB/s | Activity: 0.96%
[96m------------------------------------------------------------[0m
[1m[ NET ][0m Upload: 0.0 MB/s | Download: 0.0 MB/s
[96m------------------------------------------------------------[0m
[1m[ BATTERY ][0m [92m99.23%[0m (Charging/Plugged in)
[1m[96m============================================================[0m
[1m[92mData logged to 2026_logs/2026-10-01.jsonl... (Press Ctrl+C to stop)[0m
[1m[96m============================================================[0m
[1mSYSTEM MONITOR V2[0m | Time: 2026-10-01 14:52:02
[96m------------------------------------------------------------[0m
[1m[ CPU ][0m Used: [92m4.3%[0m | Free: 95.7%
[96m------------------------------------------------------------[0m
[1m[ RAM ][0m Used: [92m7.93 GB (53.5%)[0m | Available: 6.91 GB | Total: 14.84 GB
[1m[ SWAP ][0m Used: 0.0 GB (0.0%) | Free: 4.0 GB | Total: 4.0 GB
        [93mTop 5 RAM Processes (Logged 10):[0m
          1. chrome (PID 7112) - 839.38 MB (5.52%)
          2. code (PID 8588) - 662.86 MB (4.36%)
          3. code (PID 8252) - 644.89 MB (4.24%)
          4. code (PID 11526) - 544.58 MB (3.58%)
          5. chrome (PID 6354) - 542.0 MB (3.57%)
[96m------------------------------------------------------------[0m
[1m[ DISK ][0m Used: [92m24.1 GB (2.63%)[0m | Free: 891.73 GB | Total: 915.83 GB
         [93mI/O:[0m Read 0.0 MB/s | Write 0.0 MB/s | Activity: 0.0%
[96m------------------------------------------------------------[0m
[1m[ NET ][0m Upload: 0.0 MB/s | Download: 0.0 MB/s
[96m------------------------------------------------------------[0m
[1m[ BATTERY ][0m [92m99.23%[0m (Charging/Plugged in)
[1m[96m============================================================[0m
[1m[92mData logged to 2026_logs/2026-10-01.jsonl... (Press Ctrl+C to stop)[0m
[1m[96m============================================================[0m
[1mSYSTEM MONITOR V2[0m | Time: 2026-10-01 14:52:07
[96m------------------------------------------------------------[0m
[1m[ CPU ][0m Used: [92m4.1%[0m | Free: 95.9%
[96m------------------------------------------------------------[0m
[1m[ RAM ][0m Used: [92m7.93 GB (53.4%)[0m | Available: 6.91 GB | Total: 14.84 GB
[1m[ SWAP ][0m Used: 0.0 GB (0.0%) | Free: 4.0 GB | Total: 4.0 GB
        [93mTop 5 RAM Processes (Logged 10):[0m
          1. chrome (PID 7112) - 839.01 MB (5.52%)
          2. code (PID 8588) - 656.59 MB (4.32%)
          3. code (PID 8252) - 652.87 MB (4.3%)
          4. code (PID 11526) - 544.7 MB (3.58%)
          5. chrome (PID 6354) - 542.14 MB (3.57%)
[96m------------------------------------------------------------[0m
[1m[ DISK ][0m Used: [92m24.1 GB (2.63%)[0m | Free: 891.73 GB | Total: 915.83 GB
         [93mI/O:[0m Read 0.0 MB/s | Write 0.04 MB/s | Activity: 0.92%
[96m------------------------------------------------------------[0m
[1m[ NET ][0m Upload: 0.01 MB/s | Download: 0.0 MB/s
[96m------------------------------------------------------------[0m
[1m[ BATTERY ][0m [92m99.23%[0m (Charging/Plugged in)
[1m[96m============================================================[0m
[1m[92mData logged to 2026_logs/2026-10-01.jsonl... (Press Ctrl+C to stop)[0m
[1m[96m============================================================[0m
[1mSYSTEM MONITOR V2[0m | Time: 2026-10-01 14:52:13
[96m------------------------------------------------------------[0m
[1m[ CPU ][0m Used: [92m4.6%[0m | Free: 95.4%
[96m------------------------------------------------------------[0m
[1m[ RAM ][0m Used: [92m7.91 GB (53.3%)[0m | Available: 6.94 GB | Total: 14.84 GB
[1m[ SWAP ][0m Used: 0.0 GB (0.0%) | Free: 4.0 GB | Total: 4.0 GB
        [93mTop 5 RAM Processes (Logged 10):[0m
          1. chrome (PID 7112) - 834.37 MB (5.49%)
          2. code (PID 8588) - 652.81 MB (4.29%)
          3. code (PID 8252) - 630.73 MB (4.15%)
          4. code (PID 11526) - 544.78 MB (3.58%)
          5. chrome (PID 6354) - 542.2 MB (3.57%)
[96m------------------------------------------------------------[0m
[1m[ DISK ][0m Used: [92m24.1 GB (2.63%)[0m | Free: 891.73 GB | Total: 915.83 GB
         [93mI/O:[0m Read 0.0 MB/s | Write 0.06 MB/s | Activity: 0.94%
[96m------------------------------------------------------------[0m
[1m[ NET ][0m Upload: 0.0 MB/s | Download: 0.0 MB/s
[96m------------------------------------------------------------[0m
[1m[ BATTERY ][0m [92m99.23%[0m (Charging/Plugged in)
[1m[96m============================================================[0m
[1m[92mData logged to 2026_logs/2026-10-01.jsonl... (Press Ctrl+C to stop)[0m
[1m[96m============================================================[0m
[1mSYSTEM MONITOR V2[0m | Time: 2026-10-01 14:52:18
[96m------------------------------------------------------------[0m
[1m[ CPU ][0m Used: [92m4.4%[0m | Free: 95.6%
[96m------------------------------------------------------------[0m
[1m[ RAM ][0m Used: [92m7.91 GB (53.3%)[0m | Available: 6.94 GB | Total: 14.84 GB
[1m[ SWAP ][0m Used: 0.0 GB (0.0%) | Free: 4.0 GB | Total: 4.0 GB
        [93mTop 5 RAM Processes (Logged 10):[0m
          1. chrome (PID 7112) - 830.4 MB (5.46%)
          2. code (PID 8588) - 656.8 MB (4.32%)
          3. code (PID 8252) - 636.29 MB (4.19%)
          4. code (PID 11526) - 544.86 MB (3.58%)
          5. chrome (PID 6354) - 541.82 MB (3.56%)
[96m------------------------------------------------------------[0m
[1m[ DISK ][0m Used: [92m24.1 GB (2.63%)[0m | Free: 891.73 GB | Total: 915.83 GB
         [93mI/O:[0m Read 0.0 MB/s | Write 0.02 MB/s | Activity: 1.81%
[96m------------------------------------------------------------[0m
[1m[ NET ][0m Upload: 0.0 MB/s | Download: 0.0 MB/s
[96m------------------------------------------------------------[0m
[1m[ BATTERY ][0m [92m99.23%[0m (Charging/Plugged in)
[1m[96m============================================================[0m
[1m[92mData logged to 2026_logs/2026-10-01.jsonl... (Press Ctrl+C to stop)[0m
[1m[96m============================================================[0m
[1mSYSTEM MONITOR V2[0m | Time: 2026-10-01 14:52:23
[96m------------------------------------------------------------[0m
[1m[ CPU ][0m Used: [92m6.4%[0m | Free: 93.6%
        [93mTop 5 (Logged 10):[0m chrome (2.86%)
[96m------------------------------------------------------------[0m
[1m[ RAM ][0m Used: [92m7.98 GB (53.7%)[0m | Available: 6.87 GB | Total: 14.84 GB
[1m[ SWAP ][0m Used: 0.0 GB (0.0%) | Free: 4.0 GB | Total: 4.0 GB
        [93mTop 5 RAM Processes (Logged 10):[0m
          1. chrome (PID 7112) - 863.32 MB (5.68%)
          2. code (PID 8588) - 661.96 MB (4.36%)
          3. code (PID 8252) - 643.88 MB (4.24%)
          4. chrome (PID 6354) - 546.62 MB (3.6%)
          5. code (PID 11526) - 544.95 MB (3.59%)
[96m------------------------------------------------------------[0m
[1m[ DISK ][0m Used: [92m24.1 GB (2.63%)[0m | Free: 891.73 GB | Total: 915.83 GB
         [93mI/O:[0m Read 0.0 MB/s | Write 0.35 MB/s | Activity: 1.0%
[96m------------------------------------------------------------[0m
[1m[ NET ][0m Upload: 0.01 MB/s | Download: 0.01 MB/s
[96m------------------------------------------------------------[0m
[1m[ BATTERY ][0m [92m99.23%[0m (Charging/Plugged in)
[1m[96m============================================================[0m
[1m[92mData logged to 2026_logs/2026-10-01.jsonl... (Press Ctrl+C to stop)[0m
[1m[96m============================================================[0m
[1mSYSTEM MONITOR V2[0m | Time: 2026-10-01 14:52:28
[96m------------------------------------------------------------[0m
[1m[ CPU ][0m Used: [92m4.1%[0m | Free: 95.9%
[96m------------------------------------------------------------[0m
[1m[ RAM ][0m Used: [92m7.99 GB (53.9%)[0m | Available: 6.85 GB | Total: 14.84 GB
[1m[ SWAP ][0m Used: 0.0 GB (0.0%) | Free: 4.0 GB | Total: 4.0 GB
        [93mTop 5 RAM Processes (Logged 10):[0m
          1. chrome (PID 7112) - 861.41 MB (5.67%)
          2. code (PID 8588) - 665.46 MB (4.38%)
          3. code (PID 8252) - 651.1 MB (4.28%)
          4. code (PID 11526) - 545.04 MB (3.59%)
          5. chrome (PID 6354) - 542.75 MB (3.57%)
[96m------------------------------------------------------------[0m
[1m[ DISK ][0m Used: [92m24.1 GB (2.63%)[0m | Free: 891.73 GB | Total: 915.83 GB
         [93mI/O:[0m Read 0.0 MB/s | Write 0.45 MB/s | Activity: 1.85%
[96m------------------------------------------------------------[0m
[1m[ NET ][0m Upload: 0.0 MB/s | Download: 0.0 MB/s
[96m------------------------------------------------------------[0m
[1m[ BATTERY ][0m [92m99.23%[0m (Charging/Plugged in)
[1m[96m============================================================[0m
[1m[92mData logged to 2026_logs/2026-10-01.jsonl... (Press Ctrl+C to stop)[0m
[1m[96m============================================================[0m
[1mSYSTEM MONITOR V2[0m | Time: 2026-10-01 14:52:33
[96m------------------------------------------------------------[0m
[1m[ CPU ][0m Used: [92m4.4%[0m | Free: 95.6%
[96m------------------------------------------------------------[0m
[1m[ RAM ][0m Used: [92m7.98 GB (53.7%)[0m | Available: 6.87 GB | Total: 14.84 GB
[1m[ SWAP ][0m Used: 0.0 GB (0.0%) | Free: 4.0 GB | Total: 4.0 GB
        [93mTop 5 RAM Processes (Logged 10):[0m
          1. chrome (PID 7112) - 861.43 MB (5.67%)
          2. code (PID 8588) - 667.04 MB (4.39%)
          3. code (PID 8252) - 635.44 MB (4.18%)
          4. code (PID 11526) - 545.12 MB (3.59%)
          5. chrome (PID 6354) - 542.14 MB (3.57%)
[96m------------------------------------------------------------[0m
[1m[ DISK ][0m Used: [92m24.1 GB (2.63%)[0m | Free: 891.73 GB | Total: 915.83 GB
         [93mI/O:[0m Read 0.0 MB/s | Write 0.0 MB/s | Activity: 0.0%
[96m------------------------------------------------------------[0m
[1m[ NET ][0m Upload: 0.0 MB/s | Download: 0.0 MB/s
[96m------------------------------------------------------------[0m
[1m[ BATTERY ][0m [92m99.23%[0m (Charging/Plugged in)
[1m[96m============================================================[0m
[1m[92mData logged to 2026_logs/2026-10-01.jsonl... (Press Ctrl+C to stop)[0m
[1m[96m============================================================[0m
[1mSYSTEM MONITOR V2[0m | Time: 2026-10-01 14:52:38
[96m------------------------------------------------------------[0m
[1m[ CPU ][0m Used: [92m4.6%[0m | Free: 95.4%
[96m------------------------------------------------------------[0m
[1m[ RAM ][0m Used: [92m7.97 GB (53.7%)[0m | Available: 6.87 GB | Total: 14.84 GB
[1m[ SWAP ][0m Used: 0.0 GB (0.0%) | Free: 4.0 GB | Total: 4.0 GB
        [93mTop 5 RAM Processes (Logged 10):[0m
          1. chrome (PID 7112) - 861.46 MB (5.67%)
          2. code (PID 8588) - 671.94 MB (4.42%)
          3. code (PID 8252) - 641.09 MB (4.22%)
          4. code (PID 11526) - 545.21 MB (3.59%)
          5. chrome (PID 6354) - 542.11 MB (3.57%)
[96m------------------------------------------------------------[0m
[1m[ DISK ][0m Used: [92m24.1 GB (2.63%)[0m | Free: 891.73 GB | Total: 915.83 GB
         [93mI/O:[0m Read 0.0 MB/s | Write 0.06 MB/s | Activity: 0.99%
[96m------------------------------------------------------------[0m
[1m[ NET ][0m Upload: 0.0 MB/s | Download: 0.0 MB/s
[96m------------------------------------------------------------[0m
[1m[ BATTERY ][0m [92m99.23%[0m (Charging/Plugged in)
[1m[96m============================================================[0m
[1m[92mData logged to 2026_logs/2026-10-01.jsonl... (Press Ctrl+C to stop)[0m
[1m[96m============================================================[0m
[1mSYSTEM MONITOR V2[0m | Time: 2026-10-01 14:52:43
[96m------------------------------------------------------------[0m
[1m[ CPU ][0m Used: [92m5.1%[0m | Free: 94.9%
[96m------------------------------------------------------------[0m
[1m[ RAM ][0m Used: [92m7.94 GB (53.5%)[0m | Available: 6.9 GB | Total: 14.84 GB
[1m[ SWAP ][0m Used: 0.0 GB (0.0%) | Free: 4.0 GB | Total: 4.0 GB
        [93mTop 5 RAM Processes (Logged 10):[0m
          1. chrome (PID 7112) - 861.43 MB (5.67%)
          2. code (PID 8252) - 647.95 MB (4.26%)
          3. code (PID 8588) - 645.59 MB (4.25%)
          4. code (PID 11526) - 545.3 MB (3.59%)
          5. chrome (PID 6354) - 541.96 MB (3.57%)
[96m------------------------------------------------------------[0m
[1m[ DISK ][0m Used: [92m24.1 GB (2.63%)[0m | Free: 891.73 GB | Total: 915.83 GB
         [93mI/O:[0m Read 0.0 MB/s | Write 0.15 MB/s | Activity: 1.65%
[96m------------------------------------------------------------[0m
[1m[ NET ][0m Upload: 0.0 MB/s | Download: 0.0 MB/s
[96m------------------------------------------------------------[0m
[1m[ BATTERY ][0m [92m99.23%[0m (Charging/Plugged in)
[1m[96m============================================================[0m
[1m[92mData logged to 2026_logs/2026-10-01.jsonl... (Press Ctrl+C to stop)[0m
[1m[96m============================================================[0m
[1mSYSTEM MONITOR V2[0m | Time: 2026-10-01 14:52:48
[96m------------------------------------------------------------[0m
[1m[ CPU ][0m Used: [92m3.9%[0m | Free: 96.1%
[96m------------------------------------------------------------[0m
[1m[ RAM ][0m Used: [92m7.95 GB (53.5%)[0m | Available: 6.9 GB | Total: 14.84 GB
[1m[ SWAP ][0m Used: 0.0 GB (0.0%) | Free: 4.0 GB | Total: 4.0 GB
        [93mTop 5 RAM Processes (Logged 10):[0m
          1. chrome (PID 7112) - 861.39 MB (5.67%)
          2. code (PID 8252) - 654.91 MB (4.31%)
          3. code (PID 8588) - 649.54 MB (4.27%)
          4. code (PID 11526) - 544.61 MB (3.58%)
          5. chrome (PID 6354) - 541.89 MB (3.57%)
[96m------------------------------------------------------------[0m
[1m[ DISK ][0m Used: [92m24.1 GB (2.63%)[0m | Free: 891.73 GB | Total: 915.83 GB
         [93mI/O:[0m Read 0.0 MB/s | Write 0.02 MB/s | Activity: 0.93%
[96m------------------------------------------------------------[0m
[1m[ NET ][0m Upload: 0.0 MB/s | Download: 0.0 MB/s
[96m------------------------------------------------------------[0m
[1m[ BATTERY ][0m [92m99.23%[0m (Charging/Plugged in)
[1m[96m============================================================[0m
[1m[92mData logged to 2026_logs/2026-10-01.jsonl... (Press Ctrl+C to stop)[0m
[1m[96m============================================================[0m
[1mSYSTEM MONITOR V2[0m | Time: 2026-10-01 14:52:53
[96m------------------------------------------------------------[0m
[1m[ CPU ][0m Used: [92m4.7%[0m | Free: 95.3%
[96m------------------------------------------------------------[0m
[1m[ RAM ][0m Used: [92m7.92 GB (53.4%)[0m | Available: 6.92 GB | Total: 14.84 GB
[1m[ SWAP ][0m Used: 0.0 GB (0.0%) | Free: 4.0 GB | Total: 4.0 GB
        [93mTop 5 RAM Processes (Logged 10):[0m
          1. chrome (PID 7112) - 840.16 MB (5.53%)
          2. code (PID 8588) - 654.89 MB (4.31%)
          3. code (PID 8252) - 640.28 MB (4.21%)
          4. code (PID 11526) - 544.7 MB (3.58%)
          5. chrome (PID 6354) - 541.85 MB (3.56%)
[96m------------------------------------------------------------[0m
[1m[ DISK ][0m Used: [92m24.1 GB (2.63%)[0m | Free: 891.73 GB | Total: 915.83 GB
         [93mI/O:[0m Read 0.0 MB/s | Write 0.42 MB/s | Activity: 1.02%
[96m------------------------------------------------------------[0m
[1m[ NET ][0m Upload: 0.0 MB/s | Download: 0.0 MB/s
[96m------------------------------------------------------------[0m
[1m[ BATTERY ][0m [92m99.23%[0m (Charging/Plugged in)
[1m[96m============================================================[0m
[1m[92mData logged to 2026_logs/2026-10-01.jsonl... (Press Ctrl+C to stop)[0m
[1m[96m============================================================[0m
[1mSYSTEM MONITOR V2[0m | Time: 2026-10-01 14:52:58
[96m------------------------------------------------------------[0m
[1m[ CPU ][0m Used: [92m3.9%[0m | Free: 96.1%
[96m------------------------------------------------------------[0m
[1m[ RAM ][0m Used: [92m7.93 GB (53.4%)[0m | Available: 6.92 GB | Total: 14.84 GB
[1m[ SWAP ][0m Used: 0.0 GB (0.0%) | Free: 4.0 GB | Total: 4.0 GB
        [93mTop 5 RAM Processes (Logged 10):[0m
          1. chrome (PID 7112) - 839.07 MB (5.52%)
          2. code (PID 8588) - 655.68 MB (4.31%)
          3. code (PID 8252) - 646.41 MB (4.25%)
          4. code (PID 11526) - 544.78 MB (3.58%)
          5. chrome (PID 6354) - 541.92 MB (3.57%)
[96m------------------------------------------------------------[0m
[1m[ DISK ][0m Used: [92m24.1 GB (2.63%)[0m | Free: 891.73 GB | Total: 915.83 GB
         [93mI/O:[0m Read 0.0 MB/s | Write 0.48 MB/s | Activity: 0.97%
[96m------------------------------------------------------------[0m
[1m[ NET ][0m Upload: 0.0 MB/s | Download: 0.0 MB/s
[96m------------------------------------------------------------[0m
[1m[ BATTERY ][0m [92m99.23%[0m (Charging/Plugged in)
[1m[96m============================================================[0m
[1m[92mData logged to 2026_logs/2026-10-01.jsonl... (Press Ctrl+C to stop)[0m
[1m[96m============================================================[0m
[1mSYSTEM MONITOR V2[0m | Time: 2026-10-01 14:53:03
[96m------------------------------------------------------------[0m
[1m[ CPU ][0m Used: [92m5.7%[0m | Free: 94.3%
        [93mTop 5 (Logged 10):[0m chrome (2.62%)
[96m------------------------------------------------------------[0m
[1m[ RAM ][0m Used: [92m7.8 GB (52.6%)[0m | Available: 7.04 GB | Total: 14.84 GB
[1m[ SWAP ][0m Used: 0.0 GB (0.0%) | Free: 4.0 GB | Total: 4.0 GB
        [93mTop 5 RAM Processes (Logged 10):[0m
          1. chrome (PID 7112) - 829.25 MB (5.46%)
          2. code (PID 8588) - 654.52 MB (4.31%)
          3. code (PID 8252) - 647.02 MB (4.26%)
          4. code (PID 11526) - 544.86 MB (3.58%)
          5. chrome (PID 6354) - 542.09 MB (3.57%)
[96m------------------------------------------------------------[0m
[1m[ DISK ][0m Used: [92m24.1 GB (2.63%)[0m | Free: 891.73 GB | Total: 915.83 GB
         [93mI/O:[0m Read 0.0 MB/s | Write 0.01 MB/s | Activity: 0.9%
[96m------------------------------------------------------------[0m
[1m[ NET ][0m Upload: 0.0 MB/s | Download: 0.0 MB/s
[96m------------------------------------------------------------[0m
[1m[ BATTERY ][0m [92m99.23%[0m (Charging/Plugged in)
[1m[96m============================================================[0m
[1m[92mData logged to 2026_logs/2026-10-01.jsonl... (Press Ctrl+C to stop)[0m
[1m[96m============================================================[0m
[1mSYSTEM MONITOR V2[0m | Time: 2026-10-01 14:53:08
[96m------------------------------------------------------------[0m
[1m[ CPU ][0m Used: [92m7.5%[0m | Free: 92.5%
[96m------------------------------------------------------------[0m
[1m[ RAM ][0m Used: [92m8.11 GB (54.7%)[0m | Available: 6.73 GB | Total: 14.84 GB
[1m[ SWAP ][0m Used: 0.0 GB (0.0%) | Free: 4.0 GB | Total: 4.0 GB
        [93mTop 5 RAM Processes (Logged 10):[0m
          1. chrome (PID 7112) - 826.95 MB (5.44%)
          2. code (PID 8588) - 659.81 MB (4.34%)
          3. code (PID 8252) - 654.45 MB (4.31%)
          4. code (PID 11526) - 544.95 MB (3.59%)
          5. chrome (PID 6354) - 543.31 MB (3.57%)
[96m------------------------------------------------------------[0m
[1m[ DISK ][0m Used: [92m24.1 GB (2.63%)[0m | Free: 891.73 GB | Total: 915.83 GB
         [93mI/O:[0m Read 0.0 MB/s | Write 0.07 MB/s | Activity: 2.11%
[96m------------------------------------------------------------[0m
[1m[ NET ][0m Upload: 0.01 MB/s | Download: 0.0 MB/s
[96m------------------------------------------------------------[0m
[1m[ BATTERY ][0m [92m99.23%[0m (Charging/Plugged in)
[1m[96m============================================================[0m
[1m[92mData logged to 2026_logs/2026-10-01.jsonl... (Press Ctrl+C to stop)[0m
[1m[96m============================================================[0m
[1mSYSTEM MONITOR V2[0m | Time: 2026-10-01 14:53:13
[96m------------------------------------------------------------[0m
[1m[ CPU ][0m Used: [92m4.2%[0m | Free: 95.8%
[96m------------------------------------------------------------[0m
[1m[ RAM ][0m Used: [92m8.04 GB (54.2%)[0m | Available: 6.8 GB | Total: 14.84 GB
[1m[ SWAP ][0m Used: 0.0 GB (0.0%) | Free: 4.0 GB | Total: 4.0 GB
        [93mTop 5 RAM Processes (Logged 10):[0m
          1. chrome (PID 7112) - 826.14 MB (5.44%)
          2. code (PID 8588) - 662.05 MB (4.36%)
          3. code (PID 8252) - 644.57 MB (4.24%)
          4. code (PID 11526) - 545.04 MB (3.59%)
          5. chrome (PID 6354) - 543.28 MB (3.57%)
[96m------------------------------------------------------------[0m
[1m[ DISK ][0m Used: [92m24.1 GB (2.63%)[0m | Free: 891.73 GB | Total: 915.83 GB
         [93mI/O:[0m Read 0.0 MB/s | Write 0.0 MB/s | Activity: 0.76%
[96m------------------------------------------------------------[0m
[1m[ NET ][0m Upload: 0.0 MB/s | Download: 0.0 MB/s
[96m------------------------------------------------------------[0m
[1m[ BATTERY ][0m [92m99.23%[0m (Charging/Plugged in)
[1m[96m============================================================[0m
[1m[92mData logged to 2026_logs/2026-10-01.jsonl... (Press Ctrl+C to stop)[0m
[1m[96m============================================================[0m
[1mSYSTEM MONITOR V2[0m | Time: 2026-10-01 14:53:18
[96m------------------------------------------------------------[0m
[1m[ CPU ][0m Used: [92m4.5%[0m | Free: 95.5%
[96m------------------------------------------------------------[0m
[1m[ RAM ][0m Used: [92m8.01 GB (53.9%)[0m | Available: 6.84 GB | Total: 14.84 GB
[1m[ SWAP ][0m Used: 0.0 GB (0.0%) | Free: 4.0 GB | Total: 4.0 GB
        [93mTop 5 RAM Processes (Logged 10):[0m
          1. chrome (PID 7112) - 825.62 MB (5.43%)
          2. code (PID 8588) - 667.73 MB (4.39%)
          3. code (PID 8252) - 657.18 MB (4.32%)
          4. code (PID 11526) - 545.12 MB (3.59%)
          5. chrome (PID 6354) - 543.28 MB (3.57%)
[96m------------------------------------------------------------[0m
[1m[ DISK ][0m Used: [92m24.1 GB (2.63%)[0m | Free: 891.73 GB | Total: 915.83 GB
         [93mI/O:[0m Read 0.0 MB/s | Write 0.06 MB/s | Activity: 0.85%
[96m------------------------------------------------------------[0m
[1m[ NET ][0m Upload: 0.0 MB/s | Download: 0.0 MB/s
[96m------------------------------------------------------------[0m
[1m[ BATTERY ][0m [92m99.23%[0m (Charging/Plugged in)
[1m[96m============================================================[0m
[1m[92mData logged to 2026_logs/2026-10-01.jsonl... (Press Ctrl+C to stop)[0m
[1m[96m============================================================[0m
[1mSYSTEM MONITOR V2[0m | Time: 2026-10-01 14:53:24
[96m------------------------------------------------------------[0m
[1m[ CPU ][0m Used: [92m5.6%[0m | Free: 94.4%
[96m------------------------------------------------------------[0m
[1m[ RAM ][0m Used: [92m7.99 GB (53.8%)[0m | Available: 6.85 GB | Total: 14.84 GB
[1m[ SWAP ][0m Used: 0.0 GB (0.0%) | Free: 4.0 GB | Total: 4.0 GB
        [93mTop 5 RAM Processes (Logged 10):[0m
          1. chrome (PID 7112) - 861.07 MB (5.67%)
          2. code (PID 8588) - 672.28 MB (4.42%)
          3. code (PID 8252) - 649.58 MB (4.27%)
          4. chrome (PID 6354) - 548.31 MB (3.61%)
          5. code (PID 11526) - 545.24 MB (3.59%)
[96m------------------------------------------------------------[0m
[1m[ DISK ][0m Used: [92m24.1 GB (2.63%)[0m | Free: 891.73 GB | Total: 915.83 GB
         [93mI/O:[0m Read 0.0 MB/s | Write 0.5 MB/s | Activity: 1.75%
[96m------------------------------------------------------------[0m
[1m[ NET ][0m Upload: 0.0 MB/s | Download: 0.01 MB/s
[96m------------------------------------------------------------[0m
[1m[ BATTERY ][0m [92m99.23%[0m (Charging/Plugged in)
[1m[96m============================================================[0m
[1m[92mData logged to 2026_logs/2026-10-01.jsonl... (Press Ctrl+C to stop)[0m
[1m[96m============================================================[0m
[1mSYSTEM MONITOR V2[0m | Time: 2026-10-01 14:53:29
[96m------------------------------------------------------------[0m
[1m[ CPU ][0m Used: [92m6.8%[0m | Free: 93.2%
        [93mTop 5 (Logged 10):[0m chrome (2.12%)
[96m------------------------------------------------------------[0m
[1m[ RAM ][0m Used: [92m7.91 GB (53.3%)[0m | Available: 6.93 GB | Total: 14.84 GB
[1m[ SWAP ][0m Used: 0.0 GB (0.0%) | Free: 4.0 GB | Total: 4.0 GB
        [93mTop 5 RAM Processes (Logged 10):[0m
          1. chrome (PID 7112) - 860.79 MB (5.66%)
          2. code (PID 8588) - 679.07 MB (4.47%)
          3. code (PID 8252) - 558.48 MB (3.67%)
          4. code (PID 11526) - 545.33 MB (3.59%)
          5. chrome (PID 6354) - 543.54 MB (3.58%)
[96m------------------------------------------------------------[0m
[1m[ DISK ][0m Used: [92m24.1 GB (2.63%)[0m | Free: 891.73 GB | Total: 915.83 GB
         [93mI/O:[0m Read 0.0 MB/s | Write 0.03 MB/s | Activity: 0.9%
[96m------------------------------------------------------------[0m
[1m[ NET ][0m Upload: 0.0 MB/s | Download: 0.0 MB/s
[96m------------------------------------------------------------[0m
[1m[ BATTERY ][0m [92m99.23%[0m (Charging/Plugged in)
[1m[96m============================================================[0m
[1m[92mData logged to 2026_logs/2026-10-01.jsonl... (Press Ctrl+C to stop)[0m
[1m[96m============================================================[0m
[1mSYSTEM MONITOR V2[0m | Time: 2026-10-01 14:53:34
[96m------------------------------------------------------------[0m
[1m[ CPU ][0m Used: [92m4.2%[0m | Free: 95.8%
[96m------------------------------------------------------------[0m
[1m[ RAM ][0m Used: [92m7.89 GB (53.2%)[0m | Available: 6.95 GB | Total: 14.84 GB
[1m[ SWAP ][0m Used: 0.0 GB (0.0%) | Free: 4.0 GB | Total: 4.0 GB
        [93mTop 5 RAM Processes (Logged 10):[0m
          1. chrome (PID 7112) - 866.45 MB (5.7%)
          2. code (PID 8588) - 680.38 MB (4.48%)
          3. code (PID 8252) - 572.34 MB (3.77%)
          4. code (PID 11526) - 545.43 MB (3.59%)
          5. chrome (PID 6354) - 543.34 MB (3.57%)
[96m------------------------------------------------------------[0m
[1m[ DISK ][0m Used: [92m24.1 GB (2.63%)[0m | Free: 891.73 GB | Total: 915.83 GB
         [93mI/O:[0m Read 0.0 MB/s | Write 0.03 MB/s | Activity: 0.94%
[96m------------------------------------------------------------[0m
[1m[ NET ][0m Upload: 0.0 MB/s | Download: 0.0 MB/s
[96m------------------------------------------------------------[0m
[1m[ BATTERY ][0m [92m99.23%[0m (Charging/Plugged in)
[1m[96m============================================================[0m
[1m[92mData logged to 2026_logs/2026-10-01.jsonl... (Press Ctrl+C to stop)[0m
[1m[96m============================================================[0m
[1mSYSTEM MONITOR V2[0m | Time: 2026-10-01 14:53:39
[96m------------------------------------------------------------[0m
[1m[ CPU ][0m Used: [92m4.1%[0m | Free: 95.9%
[96m------------------------------------------------------------[0m
[1m[ RAM ][0m Used: [92m7.89 GB (53.1%)[0m | Available: 6.95 GB | Total: 14.84 GB
[1m[ SWAP ][0m Used: 0.0 GB (0.0%) | Free: 4.0 GB | Total: 4.0 GB
        [93mTop 5 RAM Processes (Logged 10):[0m
          1. chrome (PID 7112) - 869.46 MB (5.72%)
          2. code (PID 8588) - 682.84 MB (4.49%)
          3. code (PID 8252) - 581.86 MB (3.83%)
          4. code (PID 11526) - 544.66 MB (3.58%)
          5. chrome (PID 6354) - 543.79 MB (3.58%)
[96m------------------------------------------------------------[0m
[1m[ DISK ][0m Used: [92m24.1 GB (2.63%)[0m | Free: 891.73 GB | Total: 915.83 GB
         [93mI/O:[0m Read 0.0 MB/s | Write 0.11 MB/s | Activity: 1.02%
[96m------------------------------------------------------------[0m
[1m[ NET ][0m Upload: 0.0 MB/s | Download: 0.0 MB/s
[96m------------------------------------------------------------[0m
[1m[ BATTERY ][0m [92m99.23%[0m (Charging/Plugged in)
[1m[96m============================================================[0m
[1m[92mData logged to 2026_logs/2026-10-01.jsonl... (Press Ctrl+C to stop)[0m
[1m[96m============================================================[0m
[1mSYSTEM MONITOR V2[0m | Time: 2026-10-01 14:53:44
[96m------------------------------------------------------------[0m
[1m[ CPU ][0m Used: [92m7.2%[0m | Free: 92.8%
[96m------------------------------------------------------------[0m
[1m[ RAM ][0m Used: [92m7.88 GB (53.1%)[0m | Available: 6.96 GB | Total: 14.84 GB
[1m[ SWAP ][0m Used: 0.0 GB (0.0%) | Free: 4.0 GB | Total: 4.0 GB
        [93mTop 5 RAM Processes (Logged 10):[0m
          1. chrome (PID 7112) - 872.07 MB (5.74%)
          2. code (PID 8588) - 647.06 MB (4.26%)
          3. code (PID 8252) - 602.04 MB (3.96%)
          4. code (PID 11526) - 544.75 MB (3.58%)
          5. chrome (PID 6354) - 543.41 MB (3.58%)
[96m------------------------------------------------------------[0m
[1m[ DISK ][0m Used: [92m24.1 GB (2.63%)[0m | Free: 891.73 GB | Total: 915.83 GB
         [93mI/O:[0m Read 0.0 MB/s | Write 3.0 MB/s | Activity: 1.21%
[96m------------------------------------------------------------[0m
[1m[ NET ][0m Upload: 0.0 MB/s | Download: 0.0 MB/s
[96m------------------------------------------------------------[0m
[1m[ BATTERY ][0m [92m99.23%[0m (Charging/Plugged in)
[1m[96m============================================================[0m
[1m[92mData logged to 2026_logs/2026-10-01.jsonl... (Press Ctrl+C to stop)[0m
[1m[96m============================================================[0m
[1mSYSTEM MONITOR V2[0m | Time: 2026-10-01 14:53:49
[96m------------------------------------------------------------[0m
[1m[ CPU ][0m Used: [92m9.4%[0m | Free: 90.6%
        [93mTop 5 (Logged 10):[0m code (3.49%), code (2.67%)
[96m------------------------------------------------------------[0m
[1m[ RAM ][0m Used: [92m7.93 GB (53.5%)[0m | Available: 6.91 GB | Total: 14.84 GB
[1m[ SWAP ][0m Used: 0.0 GB (0.0%) | Free: 4.0 GB | Total: 4.0 GB
        [93mTop 5 RAM Processes (Logged 10):[0m
          1. chrome (PID 7112) - 872.85 MB (5.74%)
          2. code (PID 8588) - 650.63 MB (4.28%)
          3. code (PID 8252) - 630.27 MB (4.15%)
          4. code (PID 11526) - 544.83 MB (3.58%)
          5. chrome (PID 6354) - 543.34 MB (3.57%)
[96m------------------------------------------------------------[0m
[1m[ DISK ][0m Used: [92m24.1 GB (2.63%)[0m | Free: 891.73 GB | Total: 915.83 GB
         [93mI/O:[0m Read 0.0 MB/s | Write 0.02 MB/s | Activity: 0.92%
[96m------------------------------------------------------------[0m
[1m[ NET ][0m Upload: 0.01 MB/s | Download: 0.01 MB/s
[96m------------------------------------------------------------[0m
[1m[ BATTERY ][0m [92m99.23%[0m (Charging/Plugged in)
[1m[96m============================================================[0m
[1m[92mData logged to 2026_logs/2026-10-01.jsonl... (Press Ctrl+C to stop)[0m
[1m[96m============================================================[0m
[1mSYSTEM MONITOR V2[0m | Time: 2026-10-01 14:53:54
[96m------------------------------------------------------------[0m
[1m[ CPU ][0m Used: [92m9.8%[0m | Free: 90.2%
        [93mTop 5 (Logged 10):[0m code (3.23%), code (2.53%)
[96m------------------------------------------------------------[0m
[1m[ RAM ][0m Used: [92m7.92 GB (53.3%)[0m | Available: 6.93 GB | Total: 14.84 GB
[1m[ SWAP ][0m Used: 0.0 GB (0.0%) | Free: 4.0 GB | Total: 4.0 GB
        [93mTop 5 RAM Processes (Logged 10):[0m
          1. chrome (PID 7112) - 855.7 MB (5.63%)
          2. code (PID 8588) - 657.34 MB (4.32%)
          3. code (PID 8252) - 652.73 MB (4.29%)
          4. code (PID 11526) - 544.92 MB (3.59%)
          5. chrome (PID 6354) - 543.41 MB (3.58%)
[96m------------------------------------------------------------[0m
[1m[ DISK ][0m Used: [92m24.1 GB (2.63%)[0m | Free: 891.73 GB | Total: 915.83 GB
         [93mI/O:[0m Read 0.0 MB/s | Write 0.46 MB/s | Activity: 1.01%
[96m------------------------------------------------------------[0m
[1m[ NET ][0m Upload: 0.0 MB/s | Download: 0.0 MB/s
[96m------------------------------------------------------------[0m
[1m[ BATTERY ][0m [92m99.23%[0m (Charging/Plugged in)
[1m[96m============================================================[0m
[1m[92mData logged to 2026_logs/2026-10-01.jsonl... (Press Ctrl+C to stop)[0m
[1m[96m============================================================[0m
[1mSYSTEM MONITOR V2[0m | Time: 2026-10-01 14:53:59
[96m------------------------------------------------------------[0m
[1m[ CPU ][0m Used: [92m8.4%[0m | Free: 91.6%
        [93mTop 5 (Logged 10):[0m code (2.62%), code (2.5%)
[96m------------------------------------------------------------[0m
[1m[ RAM ][0m Used: [92m7.96 GB (53.6%)[0m | Available: 6.89 GB | Total: 14.84 GB
[1m[ SWAP ][0m Used: 0.0 GB (0.0%) | Free: 4.0 GB | Total: 4.0 GB
        [93mTop 5 RAM Processes (Logged 10):[0m
          1. chrome (PID 7112) - 855.7 MB (5.63%)
          2. code (PID 8588) - 663.76 MB (4.37%)
          3. code (PID 8252) - 648.84 MB (4.27%)
          4. code (PID 11526) - 545.01 MB (3.59%)
          5. chrome (PID 6354) - 543.5 MB (3.58%)
[96m------------------------------------------------------------[0m
[1m[ DISK ][0m Used: [92m24.1 GB (2.63%)[0m | Free: 891.73 GB | Total: 915.83 GB
         [93mI/O:[0m Read 0.0 MB/s | Write 0.03 MB/s | Activity: 0.9%
[96m------------------------------------------------------------[0m
[1m[ NET ][0m Upload: 0.0 MB/s | Download: 0.0 MB/s
[96m------------------------------------------------------------[0m
[1m[ BATTERY ][0m [92m99.23%[0m (Charging/Plugged in)
[1m[96m============================================================[0m
[1m[92mData logged to 2026_logs/2026-10-01.jsonl... (Press Ctrl+C to stop)[0m
[1m[96m============================================================[0m
[1mSYSTEM MONITOR V2[0m | Time: 2026-10-01 14:54:04
[96m------------------------------------------------------------[0m
[1m[ CPU ][0m Used: [92m8.0%[0m | Free: 92.0%
        [93mTop 5 (Logged 10):[0m code (2.92%), code (2.07%)
[96m------------------------------------------------------------[0m
[1m[ RAM ][0m Used: [92m7.94 GB (53.5%)[0m | Available: 6.9 GB | Total: 14.84 GB
[1m[ SWAP ][0m Used: 0.0 GB (0.0%) | Free: 4.0 GB | Total: 4.0 GB
        [93mTop 5 RAM Processes (Logged 10):[0m
          1. chrome (PID 7112) - 855.73 MB (5.63%)
          2. code (PID 8588) - 666.09 MB (4.38%)
          3. code (PID 8252) - 661.03 MB (4.35%)
          4. code (PID 11526) - 544.31 MB (3.58%)
          5. chrome (PID 6354) - 543.28 MB (3.57%)
[96m------------------------------------------------------------[0m
[1m[ DISK ][0m Used: [92m24.1 GB (2.63%)[0m | Free: 891.73 GB | Total: 915.83 GB
         [93mI/O:[0m Read 0.0 MB/s | Write 0.05 MB/s | Activity: 1.85%
[96m------------------------------------------------------------[0m
[1m[ NET ][0m Upload: 0.0 MB/s | Download: 0.0 MB/s
[96m------------------------------------------------------------[0m
[1m[ BATTERY ][0m [92m99.23%[0m (Charging/Plugged in)
[1m[96m============================================================[0m
[1m[92mData logged to 2026_logs/2026-10-01.jsonl... (Press Ctrl+C to stop)[0m
[1m[96m============================================================[0m
[1mSYSTEM MONITOR V2[0m | Time: 2026-10-01 14:54:09
[96m------------------------------------------------------------[0m
[1m[ CPU ][0m Used: [92m8.0%[0m | Free: 92.0%
        [93mTop 5 (Logged 10):[0m code (3.09%)
[96m------------------------------------------------------------[0m
[1m[ RAM ][0m Used: [92m7.99 GB (53.8%)[0m | Available: 6.86 GB | Total: 14.84 GB
[1m[ SWAP ][0m Used: 0.0 GB (0.0%) | Free: 4.0 GB | Total: 4.0 GB
        [93mTop 5 RAM Processes (Logged 10):[0m
          1. chrome (PID 7112) - 847.44 MB (5.58%)
          2. code (PID 8588) - 675.79 MB (4.45%)
          3. code (PID 8252) - 667.43 MB (4.39%)
          4. code (PID 11526) - 544.31 MB (3.58%)
          5. chrome (PID 6354) - 543.31 MB (3.57%)
[96m------------------------------------------------------------[0m
[1m[ DISK ][0m Used: [92m24.1 GB (2.63%)[0m | Free: 891.73 GB | Total: 915.83 GB
         [93mI/O:[0m Read 0.0 MB/s | Write 0.0 MB/s | Activity: 0.06%
[96m------------------------------------------------------------[0m
[1m[ NET ][0m Upload: 0.0 MB/s | Download: 0.0 MB/s
[96m------------------------------------------------------------[0m
[1m[ BATTERY ][0m [92m99.23%[0m (Charging/Plugged in)
[1m[96m============================================================[0m
[1m[92mData logged to 2026_logs/2026-10-01.jsonl... (Press Ctrl+C to stop)[0m
[1m[96m============================================================[0m
[1mSYSTEM MONITOR V2[0m | Time: 2026-10-01 14:54:14
[96m------------------------------------------------------------[0m
[1m[ CPU ][0m Used: [92m7.0%[0m | Free: 93.0%
        [93mTop 5 (Logged 10):[0m code (2.32%)
[96m------------------------------------------------------------[0m
[1m[ RAM ][0m Used: [92m7.96 GB (53.7%)[0m | Available: 6.88 GB | Total: 14.84 GB
[1m[ SWAP ][0m Used: 0.0 GB (0.0%) | Free: 4.0 GB | Total: 4.0 GB
        [93mTop 5 RAM Processes (Logged 10):[0m
          1. chrome (PID 7112) - 847.39 MB (5.58%)
          2. code (PID 8588) - 679.34 MB (4.47%)
          3. code (PID 8252) - 659.08 MB (4.34%)
          4. code (PID 11526) - 544.32 MB (3.58%)
          5. chrome (PID 6354) - 543.32 MB (3.57%)
[96m------------------------------------------------------------[0m
[1m[ DISK ][0m Used: [92m24.1 GB (2.63%)[0m | Free: 891.73 GB | Total: 915.83 GB
         [93mI/O:[0m Read 0.0 MB/s | Write 0.45 MB/s | Activity: 1.77%
[96m------------------------------------------------------------[0m
[1m[ NET ][0m Upload: 0.01 MB/s | Download: 0.0 MB/s
[96m------------------------------------------------------------[0m
[1m[ BATTERY ][0m [92m99.23%[0m (Charging/Plugged in)
[1m[96m============================================================[0m
[1m[92mData logged to 2026_logs/2026-10-01.jsonl... (Press Ctrl+C to stop)[0m
[1m[96m============================================================[0m
[1mSYSTEM MONITOR V2[0m | Time: 2026-10-01 14:54:19
[96m------------------------------------------------------------[0m
[1m[ CPU ][0m Used: [92m5.1%[0m | Free: 94.9%
[96m------------------------------------------------------------[0m
[1m[ RAM ][0m Used: [92m7.96 GB (53.6%)[0m | Available: 6.88 GB | Total: 14.84 GB
[1m[ SWAP ][0m Used: 0.0 GB (0.0%) | Free: 4.0 GB | Total: 4.0 GB
        [93mTop 5 RAM Processes (Logged 10):[0m
          1. chrome (PID 7112) - 846.79 MB (5.57%)
          2. code (PID 8588) - 683.87 MB (4.5%)
          3. code (PID 8252) - 669.23 MB (4.4%)
          4. code (PID 11526) - 544.36 MB (3.58%)
          5. chrome (PID 6354) - 543.42 MB (3.58%)
[96m------------------------------------------------------------[0m
[1m[ DISK ][0m Used: [92m24.1 GB (2.63%)[0m | Free: 891.73 GB | Total: 915.83 GB
         [93mI/O:[0m Read 0.0 MB/s | Write 0.14 MB/s | Activity: 1.0%
[96m------------------------------------------------------------[0m
[1m[ NET ][0m Upload: 0.0 MB/s | Download: 0.0 MB/s
[96m------------------------------------------------------------[0m
[1m[ BATTERY ][0m [92m99.23%[0m (Charging/Plugged in)
[1m[96m============================================================[0m
[1m[92mData logged to 2026_logs/2026-10-01.jsonl... (Press Ctrl+C to stop)[0m
[1m[96m============================================================[0m
[1mSYSTEM MONITOR V2[0m | Time: 2026-10-01 14:54:24
[96m------------------------------------------------------------[0m
[1m[ CPU ][0m Used: [92m9.7%[0m | Free: 90.3%
        [93mTop 5 (Logged 10):[0m code (2.59%), code (2.34%)
[96m------------------------------------------------------------[0m
[1m[ RAM ][0m Used: [92m8.01 GB (54.0%)[0m | Available: 6.83 GB | Total: 14.84 GB
[1m[ SWAP ][0m Used: 0.0 GB (0.0%) | Free: 4.0 GB | Total: 4.0 GB
        [93mTop 5 RAM Processes (Logged 10):[0m
          1. chrome (PID 7112) - 875.24 MB (5.76%)
          2. code (PID 8588) - 690.26 MB (4.54%)
          3. code (PID 8252) - 658.95 MB (4.34%)
          4. code (PID 11526) - 544.46 MB (3.58%)
          5. chrome (PID 6354) - 543.7 MB (3.58%)
[96m------------------------------------------------------------[0m
[1m[ DISK ][0m Used: [92m24.1 GB (2.63%)[0m | Free: 891.73 GB | Total: 915.83 GB
         [93mI/O:[0m Read 0.0 MB/s | Write 0.36 MB/s | Activity: 0.89%
[96m------------------------------------------------------------[0m
[1m[ NET ][0m Upload: 0.01 MB/s | Download: 0.0 MB/s
[96m------------------------------------------------------------[0m
[1m[ BATTERY ][0m [92m99.23%[0m (Charging/Plugged in)
[1m[96m============================================================[0m
[1m[92mData logged to 2026_logs/2026-10-01.jsonl... (Press Ctrl+C to stop)[0m
[1m[96m============================================================[0m
[1mSYSTEM MONITOR V2[0m | Time: 2026-10-01 14:54:29
[96m------------------------------------------------------------[0m
[1m[ CPU ][0m Used: [92m5.7%[0m | Free: 94.3%
[96m------------------------------------------------------------[0m
[1m[ RAM ][0m Used: [92m8.03 GB (54.1%)[0m | Available: 6.82 GB | Total: 14.84 GB
[1m[ SWAP ][0m Used: 0.0 GB (0.0%) | Free: 4.0 GB | Total: 4.0 GB
        [93mTop 5 RAM Processes (Logged 10):[0m
          1. chrome (PID 7112) - 873.7 MB (5.75%)
          2. code (PID 8588) - 697.49 MB (4.59%)
          3. code (PID 8252) - 674.62 MB (4.44%)
          4. chrome (PID 6354) - 543.93 MB (3.58%)
          5. code (PID 11526) - 543.72 MB (3.58%)
[96m------------------------------------------------------------[0m
[1m[ DISK ][0m Used: [92m24.1 GB (2.63%)[0m | Free: 891.73 GB | Total: 915.83 GB
         [93mI/O:[0m Read 0.0 MB/s | Write 0.06 MB/s | Activity: 0.92%
[96m------------------------------------------------------------[0m
[1m[ NET ][0m Upload: 0.0 MB/s | Download: 0.0 MB/s
[96m------------------------------------------------------------[0m
[1m[ BATTERY ][0m [92m99.23%[0m (Charging/Plugged in)
[1m[96m============================================================[0m
[1m[92mData logged to 2026_logs/2026-10-01.jsonl... (Press Ctrl+C to stop)[0m
[1m[96m============================================================[0m
[1mSYSTEM MONITOR V2[0m | Time: 2026-10-01 14:54:34
[96m------------------------------------------------------------[0m
[1m[ CPU ][0m Used: [92m6.6%[0m | Free: 93.4%
        [93mTop 5 (Logged 10):[0m code (2.12%)
[96m------------------------------------------------------------[0m
[1m[ RAM ][0m Used: [92m8.02 GB (54.1%)[0m | Available: 6.82 GB | Total: 14.84 GB
[1m[ SWAP ][0m Used: 0.0 GB (0.0%) | Free: 4.0 GB | Total: 4.0 GB
        [93mTop 5 RAM Processes (Logged 10):[0m
          1. chrome (PID 7112) - 873.73 MB (5.75%)
          2. code (PID 8588) - 691.62 MB (4.55%)
          3. code (PID 8252) - 678.82 MB (4.47%)
          4. code (PID 11526) - 543.81 MB (3.58%)
          5. chrome (PID 6354) - 543.66 MB (3.58%)
[96m------------------------------------------------------------[0m
[1m[ DISK ][0m Used: [92m24.1 GB (2.63%)[0m | Free: 891.73 GB | Total: 915.83 GB
         [93mI/O:[0m Read 0.0 MB/s | Write 0.0 MB/s | Activity: 0.82%
[96m------------------------------------------------------------[0m
[1m[ NET ][0m Upload: 0.0 MB/s | Download: 0.0 MB/s
[96m------------------------------------------------------------[0m
[1m[ BATTERY ][0m [92m99.23%[0m (Charging/Plugged in)
[1m[96m============================================================[0m
[1m[92mData logged to 2026_logs/2026-10-01.jsonl... (Press Ctrl+C to stop)[0m
[1m[96m============================================================[0m
[1mSYSTEM MONITOR V2[0m | Time: 2026-10-01 14:54:40
[96m------------------------------------------------------------[0m
[1m[ CPU ][0m Used: [92m8.8%[0m | Free: 91.2%
        [93mTop 5 (Logged 10):[0m code (3.22%), code (2.54%)
[96m------------------------------------------------------------[0m
[1m[ RAM ][0m Used: [92m8.01 GB (53.9%)[0m | Available: 6.84 GB | Total: 14.84 GB
[1m[ SWAP ][0m Used: 0.0 GB (0.0%) | Free: 4.0 GB | Total: 4.0 GB
        [93mTop 5 RAM Processes (Logged 10):[0m
          1. chrome (PID 7112) - 873.9 MB (5.75%)
          2. code (PID 8588) - 679.95 MB (4.47%)
          3. code (PID 8252) - 671.82 MB (4.42%)
          4. code (PID 11526) - 543.89 MB (3.58%)
          5. chrome (PID 6354) - 543.35 MB (3.57%)
[96m------------------------------------------------------------[0m
[1m[ DISK ][0m Used: [92m24.1 GB (2.63%)[0m | Free: 891.73 GB | Total: 915.83 GB
         [93mI/O:[0m Read 0.0 MB/s | Write 0.0 MB/s | Activity: 0.8%
[96m------------------------------------------------------------[0m
[1m[ NET ][0m Upload: 0.0 MB/s | Download: 0.0 MB/s
[96m------------------------------------------------------------[0m
[1m[ BATTERY ][0m [92m99.23%[0m (Charging/Plugged in)
[1m[96m============================================================[0m
[1m[92mData logged to 2026_logs/2026-10-01.jsonl... (Press Ctrl+C to stop)[0m
[1m[96m============================================================[0m
[1mSYSTEM MONITOR V2[0m | Time: 2026-10-01 14:54:45
[96m------------------------------------------------------------[0m
[1m[ CPU ][0m Used: [92m7.9%[0m | Free: 92.1%
        [93mTop 5 (Logged 10):[0m code (2.23%)
[96m------------------------------------------------------------[0m
[1m[ RAM ][0m Used: [92m7.97 GB (53.7%)[0m | Available: 6.87 GB | Total: 14.84 GB
[1m[ SWAP ][0m Used: 0.0 GB (0.0%) | Free: 4.0 GB | Total: 4.0 GB
        [93mTop 5 RAM Processes (Logged 10):[0m
          1. chrome (PID 7112) - 873.01 MB (5.74%)
          2. code (PID 8252) - 683.39 MB (4.5%)
          3. code (PID 8588) - 647.47 MB (4.26%)
          4. code (PID 11526) - 543.98 MB (3.58%)
          5. chrome (PID 6354) - 543.35 MB (3.57%)
[96m------------------------------------------------------------[0m
[1m[ DISK ][0m Used: [92m24.1 GB (2.63%)[0m | Free: 891.73 GB | Total: 915.83 GB
         [93mI/O:[0m Read 0.0 MB/s | Write 0.11 MB/s | Activity: 0.8%
[96m------------------------------------------------------------[0m
[1m[ NET ][0m Upload: 0.0 MB/s | Download: 0.0 MB/s
[96m------------------------------------------------------------[0m
[1m[ BATTERY ][0m [92m99.23%[0m (Charging/Plugged in)
[1m[96m============================================================[0m
[1m[92mData logged to 2026_logs/2026-10-01.jsonl... (Press Ctrl+C to stop)[0m
[1m[96m============================================================[0m
[1mSYSTEM MONITOR V2[0m | Time: 2026-10-01 14:54:50
[96m------------------------------------------------------------[0m
[1m[ CPU ][0m Used: [92m6.9%[0m | Free: 93.1%
        [93mTop 5 (Logged 10):[0m chrome (2.12%)
[96m------------------------------------------------------------[0m
[1m[ RAM ][0m Used: [92m7.98 GB (53.7%)[0m | Available: 6.87 GB | Total: 14.84 GB
[1m[ SWAP ][0m Used: 0.0 GB (0.0%) | Free: 4.0 GB | Total: 4.0 GB
        [93mTop 5 RAM Processes (Logged 10):[0m
          1. chrome (PID 7112) - 873.33 MB (5.75%)
          2. code (PID 8252) - 688.54 MB (4.53%)
          3. code (PID 8588) - 651.62 MB (4.29%)
          4. code (PID 11526) - 544.06 MB (3.58%)
          5. chrome (PID 6354) - 543.35 MB (3.57%)
[96m------------------------------------------------------------[0m
[1m[ DISK ][0m Used: [92m24.1 GB (2.63%)[0m | Free: 891.73 GB | Total: 915.83 GB
         [93mI/O:[0m Read 0.0 MB/s | Write 0.1 MB/s | Activity: 1.99%
[96m------------------------------------------------------------[0m
[1m[ NET ][0m Upload: 0.0 MB/s | Download: 0.0 MB/s
[96m------------------------------------------------------------[0m
[1m[ BATTERY ][0m [92m99.23%[0m (Charging/Plugged in)
[1m[96m============================================================[0m
[1m[92mData logged to 2026_logs/2026-10-01.jsonl... (Press Ctrl+C to stop)[0m
[1m[96m============================================================[0m
[1mSYSTEM MONITOR V2[0m | Time: 2026-10-01 14:54:55
[96m------------------------------------------------------------[0m
[1m[ CPU ][0m Used: [92m4.9%[0m | Free: 95.1%
[96m------------------------------------------------------------[0m
[1m[ RAM ][0m Used: [92m7.95 GB (53.6%)[0m | Available: 6.89 GB | Total: 14.84 GB
[1m[ SWAP ][0m Used: 0.0 GB (0.0%) | Free: 4.0 GB | Total: 4.0 GB
        [93mTop 5 RAM Processes (Logged 10):[0m
          1. chrome (PID 7112) - 851.0 MB (5.6%)
          2. code (PID 8252) - 671.76 MB (4.42%)
          3. code (PID 8588) - 658.09 MB (4.33%)
          4. code (PID 11526) - 544.15 MB (3.58%)
          5. chrome (PID 6354) - 543.37 MB (3.57%)
[96m------------------------------------------------------------[0m
[1m[ DISK ][0m Used: [92m24.1 GB (2.63%)[0m | Free: 891.73 GB | Total: 915.83 GB
         [93mI/O:[0m Read 0.0 MB/s | Write 0.38 MB/s | Activity: 0.37%
[96m------------------------------------------------------------[0m
[1m[ NET ][0m Upload: 0.0 MB/s | Download: 0.0 MB/s
[96m------------------------------------------------------------[0m
[1m[ BATTERY ][0m [92m99.23%[0m (Charging/Plugged in)
[1m[96m============================================================[0m
[1m[92mData logged to 2026_logs/2026-10-01.jsonl... (Press Ctrl+C to stop)[0m
[1m[96m============================================================[0m
[1mSYSTEM MONITOR V2[0m | Time: 2026-10-01 14:55:00
[96m------------------------------------------------------------[0m
[1m[ CPU ][0m Used: [92m5.1%[0m | Free: 94.9%
[96m------------------------------------------------------------[0m
[1m[ RAM ][0m Used: [92m7.97 GB (53.7%)[0m | Available: 6.87 GB | Total: 14.84 GB
[1m[ SWAP ][0m Used: 0.0 GB (0.0%) | Free: 4.0 GB | Total: 4.0 GB
        [93mTop 5 RAM Processes (Logged 10):[0m
          1. chrome (PID 7112) - 849.54 MB (5.59%)
          2. code (PID 8252) - 678.45 MB (4.46%)
          3. code (PID 8588) - 660.96 MB (4.35%)
          4. code (PID 11526) - 544.23 MB (3.58%)
          5. chrome (PID 6354) - 543.37 MB (3.57%)
[96m------------------------------------------------------------[0m
[1m[ DISK ][0m Used: [92m24.1 GB (2.63%)[0m | Free: 891.73 GB | Total: 915.83 GB
         [93mI/O:[0m Read 0.0 MB/s | Write 0.5 MB/s | Activity: 1.01%
[96m------------------------------------------------------------[0m
[1m[ NET ][0m Upload: 0.0 MB/s | Download: 0.0 MB/s
[96m------------------------------------------------------------[0m
[1m[ BATTERY ][0m [92m99.23%[0m (Charging/Plugged in)
[1m[96m============================================================[0m
[1m[92mData logged to 2026_logs/2026-10-01.jsonl... (Press Ctrl+C to stop)[0m
[1m[96m============================================================[0m
[1mSYSTEM MONITOR V2[0m | Time: 2026-10-01 14:55:05
[96m------------------------------------------------------------[0m
[1m[ CPU ][0m Used: [92m4.5%[0m | Free: 95.5%
[96m------------------------------------------------------------[0m
[1m[ RAM ][0m Used: [92m7.85 GB (52.9%)[0m | Available: 6.99 GB | Total: 14.84 GB
[1m[ SWAP ][0m Used: 0.0 GB (0.0%) | Free: 4.0 GB | Total: 4.0 GB
        [93mTop 5 RAM Processes (Logged 10):[0m
          1. chrome (PID 7112) - 849.65 MB (5.59%)
          2. code (PID 8252) - 684.66 MB (4.5%)
          3. code (PID 8588) - 665.12 MB (4.38%)
          4. code (PID 11526) - 544.32 MB (3.58%)
          5. chrome (PID 6354) - 543.11 MB (3.57%)
[96m------------------------------------------------------------[0m
[1m[ DISK ][0m Used: [92m24.1 GB (2.63%)[0m | Free: 891.73 GB | Total: 915.83 GB
         [93mI/O:[0m Read 0.0 MB/s | Write 0.06 MB/s | Activity: 0.94%
[96m------------------------------------------------------------[0m
[1m[ NET ][0m Upload: 0.0 MB/s | Download: 0.0 MB/s
[96m------------------------------------------------------------[0m
[1m[ BATTERY ][0m [92m99.23%[0m (Charging/Plugged in)
[1m[96m============================================================[0m
[1m[92mData logged to 2026_logs/2026-10-01.jsonl... (Press Ctrl+C to stop)[0m
[1m[96m============================================================[0m
[1mSYSTEM MONITOR V2[0m | Time: 2026-10-01 14:55:10
[96m------------------------------------------------------------[0m
[1m[ CPU ][0m Used: [92m4.7%[0m | Free: 95.3%
[96m------------------------------------------------------------[0m
[1m[ RAM ][0m Used: [92m7.84 GB (52.8%)[0m | Available: 7.01 GB | Total: 14.84 GB
[1m[ SWAP ][0m Used: 0.0 GB (0.0%) | Free: 4.0 GB | Total: 4.0 GB
        [93mTop 5 RAM Processes (Logged 10):[0m
          1. chrome (PID 7112) - 839.56 MB (5.52%)
          2. code (PID 8252) - 693.51 MB (4.56%)
          3. code (PID 8588) - 664.81 MB (4.37%)
          4. code (PID 11526) - 544.41 MB (3.58%)
          5. chrome (PID 6354) - 542.94 MB (3.57%)
[96m------------------------------------------------------------[0m
[1m[ DISK ][0m Used: [92m24.1 GB (2.63%)[0m | Free: 891.73 GB | Total: 915.83 GB
         [93mI/O:[0m Read 0.0 MB/s | Write 0.06 MB/s | Activity: 1.07%
[96m------------------------------------------------------------[0m
[1m[ NET ][0m Upload: 0.0 MB/s | Download: 0.0 MB/s
[96m------------------------------------------------------------[0m
[1m[ BATTERY ][0m [92m99.23%[0m (Charging/Plugged in)
[1m[96m============================================================[0m
[1m[92mData logged to 2026_logs/2026-10-01.jsonl... (Press Ctrl+C to stop)[0m
[1m[96m============================================================[0m
[1mSYSTEM MONITOR V2[0m | Time: 2026-10-01 14:55:15
[96m------------------------------------------------------------[0m
[1m[ CPU ][0m Used: [92m6.0%[0m | Free: 94.0%
        [93mTop 5 (Logged 10):[0m chrome (2.44%)
[96m------------------------------------------------------------[0m
[1m[ RAM ][0m Used: [92m7.85 GB (52.9%)[0m | Available: 7.0 GB | Total: 14.84 GB
[1m[ SWAP ][0m Used: 0.0 GB (0.0%) | Free: 4.0 GB | Total: 4.0 GB
        [93mTop 5 RAM Processes (Logged 10):[0m
          1. chrome (PID 7112) - 840.63 MB (5.53%)
          2. code (PID 8252) - 695.52 MB (4.58%)
          3. code (PID 8588) - 668.95 MB (4.4%)
          4. code (PID 11526) - 544.5 MB (3.58%)
          5. chrome (PID 6354) - 542.95 MB (3.57%)
[96m------------------------------------------------------------[0m
[1m[ DISK ][0m Used: [92m24.1 GB (2.63%)[0m | Free: 891.73 GB | Total: 915.83 GB
         [93mI/O:[0m Read 0.0 MB/s | Write 0.0 MB/s | Activity: 0.0%
[96m------------------------------------------------------------[0m
[1m[ NET ][0m Upload: 0.0 MB/s | Download: 0.0 MB/s
[96m------------------------------------------------------------[0m
[1m[ BATTERY ][0m [92m99.23%[0m (Charging/Plugged in)
[1m[96m============================================================[0m
[1m[92mData logged to 2026_logs/2026-10-01.jsonl... (Press Ctrl+C to stop)[0m
[1m[96m============================================================[0m
[1mSYSTEM MONITOR V2[0m | Time: 2026-10-01 14:55:20
[96m------------------------------------------------------------[0m
[1m[ CPU ][0m Used: [92m5.3%[0m | Free: 94.7%
[96m------------------------------------------------------------[0m
[1m[ RAM ][0m Used: [92m7.84 GB (52.8%)[0m | Available: 7.01 GB | Total: 14.84 GB
[1m[ SWAP ][0m Used: 0.0 GB (0.0%) | Free: 4.0 GB | Total: 4.0 GB
        [93mTop 5 RAM Processes (Logged 10):[0m
          1. chrome (PID 7112) - 839.75 MB (5.52%)
          2. code (PID 8252) - 674.89 MB (4.44%)
          3. code (PID 8588) - 674.85 MB (4.44%)
          4. code (PID 11526) - 543.77 MB (3.58%)
          5. chrome (PID 6354) - 542.94 MB (3.57%)
[96m------------------------------------------------------------[0m
[1m[ DISK ][0m Used: [92m24.1 GB (2.63%)[0m | Free: 891.73 GB | Total: 915.83 GB
         [93mI/O:[0m Read 0.0 MB/s | Write 0.02 MB/s | Activity: 1.59%
[96m------------------------------------------------------------[0m
[1m[ NET ][0m Upload: 0.0 MB/s | Download: 0.0 MB/s
[96m------------------------------------------------------------[0m
[1m[ BATTERY ][0m [92m99.23%[0m (Charging/Plugged in)
[1m[96m============================================================[0m
[1m[92mData logged to 2026_logs/2026-10-01.jsonl... (Press Ctrl+C to stop)[0m
[1m[96m============================================================[0m
[1mSYSTEM MONITOR V2[0m | Time: 2026-10-01 14:55:25
[96m------------------------------------------------------------[0m
[1m[ CPU ][0m Used: [92m8.5%[0m | Free: 91.5%
[96m------------------------------------------------------------[0m
[1m[ RAM ][0m Used: [92m8.3 GB (55.9%)[0m | Available: 6.55 GB | Total: 14.84 GB
[1m[ SWAP ][0m Used: 0.0 GB (0.0%) | Free: 4.0 GB | Total: 4.0 GB
        [93mTop 5 RAM Processes (Logged 10):[0m
          1. chrome (PID 7112) - 866.13 MB (5.7%)
          2. code (PID 8252) - 680.86 MB (4.48%)
          3. code (PID 8588) - 679.9 MB (4.47%)
          4. chrome (PID 6354) - 545.23 MB (3.59%)
          5. code (PID 11526) - 543.86 MB (3.58%)
[96m------------------------------------------------------------[0m
[1m[ DISK ][0m Used: [92m24.1 GB (2.63%)[0m | Free: 891.73 GB | Total: 915.83 GB
         [93mI/O:[0m Read 0.0 MB/s | Write 0.77 MB/s | Activity: 1.14%
[96m------------------------------------------------------------[0m
[1m[ NET ][0m Upload: 0.0 MB/s | Download: 0.0 MB/s
[96m------------------------------------------------------------[0m
[1m[ BATTERY ][0m [92m99.2%[0m (Charging/Plugged in)
[1m[96m============================================================[0m
[1m[92mData logged to 2026_logs/2026-10-01.jsonl... (Press Ctrl+C to stop)[0m
[1m[96m============================================================[0m
[1mSYSTEM MONITOR V2[0m | Time: 2026-10-01 14:55:30
[96m------------------------------------------------------------[0m
[1m[ CPU ][0m Used: [92m5.5%[0m | Free: 94.5%
[96m------------------------------------------------------------[0m
[1m[ RAM ][0m Used: [92m8.1 GB (54.6%)[0m | Available: 6.74 GB | Total: 14.84 GB
[1m[ SWAP ][0m Used: 0.0 GB (0.0%) | Free: 4.0 GB | Total: 4.0 GB
        [93mTop 5 RAM Processes (Logged 10):[0m
          1. chrome (PID 7112) - 871.71 MB (5.74%)
          2. code (PID 8252) - 687.14 MB (4.52%)
          3. code (PID 8588) - 649.57 MB (4.27%)
          4. chrome (PID 6354) - 545.21 MB (3.59%)
          5. code (PID 11526) - 543.94 MB (3.58%)
[96m------------------------------------------------------------[0m
[1m[ DISK ][0m Used: [92m24.1 GB (2.63%)[0m | Free: 891.73 GB | Total: 915.83 GB
         [93mI/O:[0m Read 0.0 MB/s | Write 0.03 MB/s | Activity: 1.71%
[96m------------------------------------------------------------[0m
[1m[ NET ][0m Upload: 0.0 MB/s | Download: 0.0 MB/s
[96m------------------------------------------------------------[0m
[1m[ BATTERY ][0m [92m99.2%[0m (Charging/Plugged in)
[1m[96m============================================================[0m
[1m[92mData logged to 2026_logs/2026-10-01.jsonl... (Press Ctrl+C to stop)[0m
[1m[96m============================================================[0m
[1mSYSTEM MONITOR V2[0m | Time: 2026-10-01 14:55:35
[96m------------------------------------------------------------[0m
[1m[ CPU ][0m Used: [92m4.0%[0m | Free: 96.0%
[96m------------------------------------------------------------[0m
[1m[ RAM ][0m Used: [92m8.02 GB (54.1%)[0m | Available: 6.82 GB | Total: 14.84 GB
[1m[ SWAP ][0m Used: 0.0 GB (0.0%) | Free: 4.0 GB | Total: 4.0 GB
        [93mTop 5 RAM Processes (Logged 10):[0m
          1. chrome (PID 7112) - 870.53 MB (5.73%)
          2. code (PID 8252) - 699.12 MB (4.6%)
          3. code (PID 8588) - 655.46 MB (4.31%)
          4. chrome (PID 6354) - 545.21 MB (3.59%)
          5. code (PID 11526) - 544.03 MB (3.58%)
[96m------------------------------------------------------------[0m
[1m[ DISK ][0m Used: [92m24.1 GB (2.63%)[0m | Free: 891.73 GB | Total: 915.83 GB
         [93mI/O:[0m Read 0.0 MB/s | Write 0.04 MB/s | Activity: 0.96%
[96m------------------------------------------------------------[0m
[1m[ NET ][0m Upload: 0.0 MB/s | Download: 0.0 MB/s
[96m------------------------------------------------------------[0m
[1m[ BATTERY ][0m [92m99.2%[0m (Charging/Plugged in)
[1m[96m============================================================[0m
[1m[92mData logged to 2026_logs/2026-10-01.jsonl... (Press Ctrl+C to stop)[0m
[1m[96m============================================================[0m
[1mSYSTEM MONITOR V2[0m | Time: 2026-10-01 14:55:40
[96m------------------------------------------------------------[0m
[1m[ CPU ][0m Used: [92m4.6%[0m | Free: 95.4%
[96m------------------------------------------------------------[0m
[1m[ RAM ][0m Used: [92m8.04 GB (54.1%)[0m | Available: 6.81 GB | Total: 14.84 GB
[1m[ SWAP ][0m Used: 0.0 GB (0.0%) | Free: 4.0 GB | Total: 4.0 GB
        [93mTop 5 RAM Processes (Logged 10):[0m
          1. chrome (PID 7112) - 870.61 MB (5.73%)
          2. code (PID 8252) - 713.32 MB (4.69%)
          3. code (PID 8588) - 659.84 MB (4.34%)
          4. chrome (PID 6354) - 545.94 MB (3.59%)
          5. code (PID 11526) - 544.11 MB (3.58%)
[96m------------------------------------------------------------[0m
[1m[ DISK ][0m Used: [92m24.1 GB (2.63%)[0m | Free: 891.73 GB | Total: 915.83 GB
         [93mI/O:[0m Read 0.0 MB/s | Write 0.05 MB/s | Activity: 0.88%
[96m------------------------------------------------------------[0m
[1m[ NET ][0m Upload: 0.0 MB/s | Download: 0.0 MB/s
[96m------------------------------------------------------------[0m
[1m[ BATTERY ][0m [92m99.2%[0m (Charging/Plugged in)
[1m[96m============================================================[0m
[1m[92mData logged to 2026_logs/2026-10-01.jsonl... (Press Ctrl+C to stop)[0m
[1m[96m============================================================[0m
[1mSYSTEM MONITOR V2[0m | Time: 2026-10-01 14:55:45
[96m------------------------------------------------------------[0m
[1m[ CPU ][0m Used: [92m7.4%[0m | Free: 92.6%
        [93mTop 5 (Logged 10):[0m chrome (2.11%)
[96m------------------------------------------------------------[0m
[1m[ RAM ][0m Used: [92m8.05 GB (54.2%)[0m | Available: 6.79 GB | Total: 14.84 GB
[1m[ SWAP ][0m Used: 0.0 GB (0.0%) | Free: 4.0 GB | Total: 4.0 GB
        [93mTop 5 RAM Processes (Logged 10):[0m
          1. chrome (PID 7112) - 877.57 MB (5.77%)
          2. code (PID 8252) - 690.45 MB (4.54%)
          3. code (PID 8588) - 668.44 MB (4.4%)
          4. code (PID 11526) - 544.2 MB (3.58%)
          5. chrome (PID 6354) - 543.63 MB (3.58%)
[96m------------------------------------------------------------[0m
[1m[ DISK ][0m Used: [92m24.1 GB (2.63%)[0m | Free: 891.73 GB | Total: 915.83 GB
         [93mI/O:[0m Read 0.0 MB/s | Write 0.44 MB/s | Activity: 1.76%
[96m------------------------------------------------------------[0m
[1m[ NET ][0m Upload: 0.0 MB/s | Download: 0.02 MB/s
[96m------------------------------------------------------------[0m
[1m[ BATTERY ][0m [92m99.2%[0m (Charging/Plugged in)
[1m[96m============================================================[0m
[1m[92mData logged to 2026_logs/2026-10-01.jsonl... (Press Ctrl+C to stop)[0m
[1m[96m============================================================[0m
[1mSYSTEM MONITOR V2[0m | Time: 2026-10-01 14:55:51
[96m------------------------------------------------------------[0m
[1m[ CPU ][0m Used: [92m6.8%[0m | Free: 93.2%
[96m------------------------------------------------------------[0m
[1m[ RAM ][0m Used: [92m8.08 GB (54.4%)[0m | Available: 6.76 GB | Total: 14.84 GB
[1m[ SWAP ][0m Used: 0.0 GB (0.0%) | Free: 4.0 GB | Total: 4.0 GB
        [93mTop 5 RAM Processes (Logged 10):[0m
          1. chrome (PID 7112) - 875.94 MB (5.76%)
          2. code (PID 8252) - 707.48 MB (4.65%)
          3. code (PID 8588) - 677.27 MB (4.46%)
          4. code (PID 11526) - 544.28 MB (3.58%)
          5. chrome (PID 6354) - 542.99 MB (3.57%)
[96m------------------------------------------------------------[0m
[1m[ DISK ][0m Used: [92m24.1 GB (2.63%)[0m | Free: 891.73 GB | Total: 915.83 GB
         [93mI/O:[0m Read 0.0 MB/s | Write 0.02 MB/s | Activity: 0.95%
[96m------------------------------------------------------------[0m
[1m[ NET ][0m Upload: 0.0 MB/s | Download: 0.0 MB/s
[96m------------------------------------------------------------[0m
[1m[ BATTERY ][0m [92m99.2%[0m (Charging/Plugged in)
[1m[96m============================================================[0m
[1m[92mData logged to 2026_logs/2026-10-01.jsonl... (Press Ctrl+C to stop)[0m
[1m[96m============================================================[0m
[1mSYSTEM MONITOR V2[0m | Time: 2026-10-01 14:55:56
[96m------------------------------------------------------------[0m
[1m[ CPU ][0m Used: [92m6.6%[0m | Free: 93.4%
[96m------------------------------------------------------------[0m
[1m[ RAM ][0m Used: [92m8.12 GB (54.7%)[0m | Available: 6.72 GB | Total: 14.84 GB
[1m[ SWAP ][0m Used: 0.0 GB (0.0%) | Free: 4.0 GB | Total: 4.0 GB
        [93mTop 5 RAM Processes (Logged 10):[0m
          1. chrome (PID 7112) - 858.98 MB (5.65%)
          2. code (PID 8588) - 767.22 MB (5.05%)
          3. code (PID 8252) - 692.17 MB (4.55%)
          4. code (PID 11526) - 544.36 MB (3.58%)
          5. chrome (PID 6354) - 542.99 MB (3.57%)
[96m------------------------------------------------------------[0m
[1m[ DISK ][0m Used: [92m24.1 GB (2.63%)[0m | Free: 891.73 GB | Total: 915.83 GB
         [93mI/O:[0m Read 0.0 MB/s | Write 2.96 MB/s | Activity: 1.3%
[96m------------------------------------------------------------[0m
[1m[ NET ][0m Upload: 0.01 MB/s | Download: 0.02 MB/s
[96m------------------------------------------------------------[0m
[1m[ BATTERY ][0m [92m99.2%[0m (Charging/Plugged in)
[1m[96m============================================================[0m
[1m[92mData logged to 2026_logs/2026-10-01.jsonl... (Press Ctrl+C to stop)[0m
[1m[96m============================================================[0m
[1mSYSTEM MONITOR V2[0m | Time: 2026-10-01 14:56:01
[96m------------------------------------------------------------[0m
[1m[ CPU ][0m Used: [92m7.7%[0m | Free: 92.3%
[96m------------------------------------------------------------[0m
[1m[ RAM ][0m Used: [92m8.12 GB (54.7%)[0m | Available: 6.72 GB | Total: 14.84 GB
[1m[ SWAP ][0m Used: 0.0 GB (0.0%) | Free: 4.0 GB | Total: 4.0 GB
        [93mTop 5 RAM Processes (Logged 10):[0m
          1. chrome (PID 7112) - 859.05 MB (5.65%)
          2. code (PID 8588) - 744.84 MB (4.9%)
          3. code (PID 8252) - 707.88 MB (4.66%)
          4. code (PID 11526) - 544.45 MB (3.58%)
          5. chrome (PID 6354) - 543.23 MB (3.57%)
[96m------------------------------------------------------------[0m
[1m[ DISK ][0m Used: [92m24.1 GB (2.63%)[0m | Free: 891.73 GB | Total: 915.83 GB
         [93mI/O:[0m Read 0.0 MB/s | Write 0.08 MB/s | Activity: 1.14%
[96m------------------------------------------------------------[0m
[1m[ NET ][0m Upload: 0.0 MB/s | Download: 0.0 MB/s
[96m------------------------------------------------------------[0m
[1m[ BATTERY ][0m [92m99.2%[0m (Charging/Plugged in)
[1m[96m============================================================[0m
[1m[92mData logged to 2026_logs/2026-10-01.jsonl... (Press Ctrl+C to stop)[0m
[1m[96m============================================================[0m
[1mSYSTEM MONITOR V2[0m | Time: 2026-10-01 14:56:06
[96m------------------------------------------------------------[0m
[1m[ CPU ][0m Used: [92m5.0%[0m | Free: 95.0%
[96m------------------------------------------------------------[0m
[1m[ RAM ][0m Used: [92m8.11 GB (54.6%)[0m | Available: 6.74 GB | Total: 14.84 GB
[1m[ SWAP ][0m Used: 0.0 GB (0.0%) | Free: 4.0 GB | Total: 4.0 GB
        [93mTop 5 RAM Processes (Logged 10):[0m
          1. chrome (PID 7112) - 859.17 MB (5.65%)
          2. code (PID 8588) - 750.37 MB (4.94%)
          3. code (PID 8252) - 709.43 MB (4.67%)
          4. code (PID 11526) - 544.55 MB (3.58%)
          5. chrome (PID 6354) - 543.07 MB (3.57%)
[96m------------------------------------------------------------[0m
[1m[ DISK ][0m Used: [92m24.1 GB (2.63%)[0m | Free: 891.73 GB | Total: 915.83 GB
         [93mI/O:[0m Read 0.0 MB/s | Write 0.04 MB/s | Activity: 0.06%
[96m------------------------------------------------------------[0m
[1m[ NET ][0m Upload: 0.0 MB/s | Download: 0.0 MB/s
[96m------------------------------------------------------------[0m
[1m[ BATTERY ][0m [92m99.2%[0m (Charging/Plugged in)
[1m[96m============================================================[0m
[1m[92mData logged to 2026_logs/2026-10-01.jsonl... (Press Ctrl+C to stop)[0m
[1m[96m============================================================[0m
[1mSYSTEM MONITOR V2[0m | Time: 2026-10-01 14:56:11
[96m------------------------------------------------------------[0m
[1m[ CPU ][0m Used: [92m9.9%[0m | Free: 90.1%
        [93mTop 5 (Logged 10):[0m chrome (2.5%)
[96m------------------------------------------------------------[0m
[1m[ RAM ][0m Used: [92m8.11 GB (54.6%)[0m | Available: 6.73 GB | Total: 14.84 GB
[1m[ SWAP ][0m Used: 0.0 GB (0.0%) | Free: 4.0 GB | Total: 4.0 GB
        [93mTop 5 RAM Processes (Logged 10):[0m
          1. chrome (PID 7112) - 851.09 MB (5.6%)
          2. code (PID 8588) - 741.83 MB (4.88%)
          3. code (PID 8252) - 711.24 MB (4.68%)
          4. code (PID 11526) - 543.81 MB (3.58%)
          5. chrome (PID 6354) - 543.05 MB (3.57%)
[96m------------------------------------------------------------[0m
[1m[ DISK ][0m Used: [92m24.1 GB (2.63%)[0m | Free: 891.73 GB | Total: 915.83 GB
         [93mI/O:[0m Read 0.0 MB/s | Write 0.04 MB/s | Activity: 1.78%
[96m------------------------------------------------------------[0m
[1m[ NET ][0m Upload: 0.0 MB/s | Download: 0.0 MB/s
[96m------------------------------------------------------------[0m
[1m[ BATTERY ][0m [92m99.2%[0m (Charging/Plugged in)
[1m[96m============================================================[0m
[1m[92mData logged to 2026_logs/2026-10-01.jsonl... (Press Ctrl+C to stop)[0m
[1m[96m============================================================[0m
[1mSYSTEM MONITOR V2[0m | Time: 2026-10-01 14:56:16
[96m------------------------------------------------------------[0m
[1m[ CPU ][0m Used: [92m5.0%[0m | Free: 95.0%
[96m------------------------------------------------------------[0m
[1m[ RAM ][0m Used: [92m8.09 GB (54.5%)[0m | Available: 6.76 GB | Total: 14.84 GB
[1m[ SWAP ][0m Used: 0.0 GB (0.0%) | Free: 4.0 GB | Total: 4.0 GB
        [93mTop 5 RAM Processes (Logged 10):[0m
          1. chrome (PID 7112) - 849.77 MB (5.59%)
          2. code (PID 8588) - 743.91 MB (4.89%)
          3. code (PID 8252) - 707.57 MB (4.66%)
          4. code (PID 11526) - 543.9 MB (3.58%)
          5. chrome (PID 6354) - 543.03 MB (3.57%)
[96m------------------------------------------------------------[0m
[1m[ DISK ][0m Used: [92m24.1 GB (2.63%)[0m | Free: 891.73 GB | Total: 915.83 GB
         [93mI/O:[0m Read 0.0 MB/s | Write 0.51 MB/s | Activity: 1.83%
[96m------------------------------------------------------------[0m
[1m[ NET ][0m Upload: 0.01 MB/s | Download: 0.01 MB/s
[96m------------------------------------------------------------[0m
[1m[ BATTERY ][0m [92m99.2%[0m (Charging/Plugged in)
[1m[96m============================================================[0m
[1m[92mData logged to 2026_logs/2026-10-01.jsonl... (Press Ctrl+C to stop)[0m
[1m[96m============================================================[0m
[1mSYSTEM MONITOR V2[0m | Time: 2026-10-01 14:56:21
[96m------------------------------------------------------------[0m
[1m[ CPU ][0m Used: [92m6.4%[0m | Free: 93.6%
        [93mTop 5 (Logged 10):[0m code (2.09%)
[96m------------------------------------------------------------[0m
[1m[ RAM ][0m Used: [92m8.09 GB (54.5%)[0m | Available: 6.76 GB | Total: 14.84 GB
[1m[ SWAP ][0m Used: 0.0 GB (0.0%) | Free: 4.0 GB | Total: 4.0 GB
        [93mTop 5 RAM Processes (Logged 10):[0m
          1. chrome (PID 7112) - 845.7 MB (5.56%)
          2. code (PID 8588) - 748.89 MB (4.93%)
          3. code (PID 8252) - 706.32 MB (4.65%)
          4. code (PID 11526) - 543.98 MB (3.58%)
          5. chrome (PID 6354) - 542.99 MB (3.57%)
[96m------------------------------------------------------------[0m
[1m[ DISK ][0m Used: [92m24.1 GB (2.63%)[0m | Free: 891.73 GB | Total: 915.83 GB
         [93mI/O:[0m Read 0.0 MB/s | Write 0.02 MB/s | Activity: 0.92%
[96m------------------------------------------------------------[0m
[1m[ NET ][0m Upload: 0.0 MB/s | Download: 0.0 MB/s
[96m------------------------------------------------------------[0m
[1m[ BATTERY ][0m [92m99.2%[0m (Charging/Plugged in)
[1m[96m============================================================[0m
[1m[92mData logged to 2026_logs/2026-10-01.jsonl... (Press Ctrl+C to stop)[0m
[1m[96m============================================================[0m
[1mSYSTEM MONITOR V2[0m | Time: 2026-10-01 14:56:26
[96m------------------------------------------------------------[0m
[1m[ CPU ][0m Used: [92m6.2%[0m | Free: 93.8%
[96m------------------------------------------------------------[0m
[1m[ RAM ][0m Used: [92m8.06 GB (54.3%)[0m | Available: 6.78 GB | Total: 14.84 GB
[1m[ SWAP ][0m Used: 0.0 GB (0.0%) | Free: 4.0 GB | Total: 4.0 GB
        [93mTop 5 RAM Processes (Logged 10):[0m
          1. chrome (PID 7112) - 879.7 MB (5.79%)
          2. code (PID 8252) - 694.35 MB (4.57%)
          3. code (PID 8588) - 687.7 MB (4.52%)
          4. code (PID 11526) - 544.07 MB (3.58%)
          5. chrome (PID 6354) - 543.93 MB (3.58%)
[96m------------------------------------------------------------[0m
[1m[ DISK ][0m Used: [92m24.1 GB (2.63%)[0m | Free: 891.73 GB | Total: 915.83 GB
         [93mI/O:[0m Read 0.0 MB/s | Write 0.35 MB/s | Activity: 0.97%
[96m------------------------------------------------------------[0m
[1m[ NET ][0m Upload: 0.0 MB/s | Download: 0.0 MB/s
[96m------------------------------------------------------------[0m
[1m[ BATTERY ][0m [92m99.2%[0m (Charging/Plugged in)
[1m[96m============================================================[0m
[1m[92mData logged to 2026_logs/2026-10-01.jsonl... (Press Ctrl+C to stop)[0m
[1m[96m============================================================[0m
[1mSYSTEM MONITOR V2[0m | Time: 2026-10-01 14:56:31
[96m------------------------------------------------------------[0m
[1m[ CPU ][0m Used: [92m6.8%[0m | Free: 93.2%
        [93mTop 5 (Logged 10):[0m code (2.06%)
[96m------------------------------------------------------------[0m
[1m[ RAM ][0m Used: [92m8.09 GB (54.5%)[0m | Available: 6.75 GB | Total: 14.84 GB
[1m[ SWAP ][0m Used: 0.0 GB (0.0%) | Free: 4.0 GB | Total: 4.0 GB
        [93mTop 5 RAM Processes (Logged 10):[0m
          1. chrome (PID 7112) - 879.69 MB (5.79%)
          2. code (PID 8252) - 707.41 MB (4.65%)
          3. code (PID 8588) - 693.68 MB (4.56%)
          4. code (PID 11526) - 544.15 MB (3.58%)
          5. chrome (PID 6354) - 543.27 MB (3.57%)
[96m------------------------------------------------------------[0m
[1m[ DISK ][0m Used: [92m24.1 GB (2.63%)[0m | Free: 891.73 GB | Total: 915.83 GB
         [93mI/O:[0m Read 0.0 MB/s | Write 0.0 MB/s | Activity: 0.77%
[96m------------------------------------------------------------[0m
[1m[ NET ][0m Upload: 0.0 MB/s | Download: 0.0 MB/s
[96m------------------------------------------------------------[0m
[1m[ BATTERY ][0m [92m99.2%[0m (Charging/Plugged in)
[1m[96m============================================================[0m
[1m[92mData logged to 2026_logs/2026-10-01.jsonl... (Press Ctrl+C to stop)[0m
[1m[96m============================================================[0m
[1mSYSTEM MONITOR V2[0m | Time: 2026-10-01 14:56:36
[96m------------------------------------------------------------[0m
[1m[ CPU ][0m Used: [92m6.0%[0m | Free: 94.0%
        [93mTop 5 (Logged 10):[0m chrome (2.07%)
[96m------------------------------------------------------------[0m
[1m[ RAM ][0m Used: [92m8.07 GB (54.4%)[0m | Available: 6.77 GB | Total: 14.84 GB
[1m[ SWAP ][0m Used: 0.0 GB (0.0%) | Free: 4.0 GB | Total: 4.0 GB
        [93mTop 5 RAM Processes (Logged 10):[0m
          1. chrome (PID 7112) - 881.74 MB (5.8%)
          2. code (PID 8588) - 699.46 MB (4.6%)
          3. code (PID 8252) - 695.92 MB (4.58%)
          4. code (PID 11526) - 544.23 MB (3.58%)
          5. chrome (PID 6354) - 542.99 MB (3.57%)
[96m------------------------------------------------------------[0m
[1m[ DISK ][0m Used: [92m24.1 GB (2.63%)[0m | Free: 891.73 GB | Total: 915.83 GB
         [93mI/O:[0m Read 0.0 MB/s | Write 0.04 MB/s | Activity: 1.03%
[96m------------------------------------------------------------[0m
[1m[ NET ][0m Upload: 0.0 MB/s | Download: 0.0 MB/s
[96m------------------------------------------------------------[0m
[1m[ BATTERY ][0m [92m99.2%[0m (Charging/Plugged in)
[1m[96m============================================================[0m
[1m[92mData logged to 2026_logs/2026-10-01.jsonl... (Press Ctrl+C to stop)[0m
[1m[96m============================================================[0m
[1mSYSTEM MONITOR V2[0m | Time: 2026-10-01 14:56:41
[96m------------------------------------------------------------[0m
[1m[ CPU ][0m Used: [92m8.0%[0m | Free: 92.0%
        [93mTop 5 (Logged 10):[0m code (2.38%), code (2.31%)
[96m------------------------------------------------------------[0m
[1m[ RAM ][0m Used: [92m8.12 GB (54.7%)[0m | Available: 6.72 GB | Total: 14.84 GB
[1m[ SWAP ][0m Used: 0.0 GB (0.0%) | Free: 4.0 GB | Total: 4.0 GB
        [93mTop 5 RAM Processes (Logged 10):[0m
          1. chrome (PID 7112) - 881.36 MB (5.8%)
          2. code (PID 8252) - 715.6 MB (4.71%)
          3. code (PID 8588) - 705.52 MB (4.64%)
          4. code (PID 11526) - 544.32 MB (3.58%)
          5. chrome (PID 6354) - 543.07 MB (3.57%)
[96m------------------------------------------------------------[0m
[1m[ DISK ][0m Used: [92m24.1 GB (2.63%)[0m | Free: 891.73 GB | Total: 915.83 GB
         [93mI/O:[0m Read 0.0 MB/s | Write 0.04 MB/s | Activity: 0.92%
[96m------------------------------------------------------------[0m
[1m[ NET ][0m Upload: 0.0 MB/s | Download: 0.0 MB/s
[96m------------------------------------------------------------[0m
[1m[ BATTERY ][0m [92m99.2%[0m (Charging/Plugged in)
[1m[96m============================================================[0m
[1m[92mData logged to 2026_logs/2026-10-01.jsonl... (Press Ctrl+C to stop)[0m
[1m[96m============================================================[0m
[1mSYSTEM MONITOR V2[0m | Time: 2026-10-01 14:56:46
[96m------------------------------------------------------------[0m
[1m[ CPU ][0m Used: [92m8.9%[0m | Free: 91.1%
        [93mTop 5 (Logged 10):[0m code (3.05%), code (2.27%)
[96m------------------------------------------------------------[0m
[1m[ RAM ][0m Used: [92m8.07 GB (54.3%)[0m | Available: 6.78 GB | Total: 14.84 GB
[1m[ SWAP ][0m Used: 0.0 GB (0.0%) | Free: 4.0 GB | Total: 4.0 GB
        [93mTop 5 RAM Processes (Logged 10):[0m
          1. chrome (PID 7112) - 879.24 MB (5.78%)
          2. code (PID 8588) - 713.16 MB (4.69%)
          3. code (PID 8252) - 706.82 MB (4.65%)
          4. code (PID 11526) - 544.41 MB (3.58%)
          5. chrome (PID 6354) - 542.26 MB (3.57%)
[96m------------------------------------------------------------[0m
[1m[ DISK ][0m Used: [92m24.1 GB (2.63%)[0m | Free: 891.73 GB | Total: 915.83 GB
         [93mI/O:[0m Read 0.0 MB/s | Write 0.04 MB/s | Activity: 0.9%
[96m------------------------------------------------------------[0m
[1m[ NET ][0m Upload: 0.0 MB/s | Download: 0.0 MB/s
[96m------------------------------------------------------------[0m
[1m[ BATTERY ][0m [92m99.2%[0m (Charging/Plugged in)
[1m[96m============================================================[0m
[1m[92mData logged to 2026_logs/2026-10-01.jsonl... (Press Ctrl+C to stop)[0m
[1m[96m============================================================[0m
[1mSYSTEM MONITOR V2[0m | Time: 2026-10-01 14:56:51
[96m------------------------------------------------------------[0m
[1m[ CPU ][0m Used: [92m7.3%[0m | Free: 92.7%
        [93mTop 5 (Logged 10):[0m code (2.33%)
[96m------------------------------------------------------------[0m
[1m[ RAM ][0m Used: [92m8.04 GB (54.2%)[0m | Available: 6.8 GB | Total: 14.84 GB
[1m[ SWAP ][0m Used: 0.0 GB (0.0%) | Free: 4.0 GB | Total: 4.0 GB
        [93mTop 5 RAM Processes (Logged 10):[0m
          1. chrome (PID 7112) - 878.9 MB (5.78%)
          2. code (PID 8252) - 712.95 MB (4.69%)
          3. code (PID 8588) - 702.05 MB (4.62%)
          4. code (PID 11526) - 544.5 MB (3.58%)
          5. chrome (PID 6354) - 542.55 MB (3.57%)
[96m------------------------------------------------------------[0m
[1m[ DISK ][0m Used: [92m24.1 GB (2.63%)[0m | Free: 891.73 GB | Total: 915.83 GB
         [93mI/O:[0m Read 0.0 MB/s | Write 0.05 MB/s | Activity: 0.9%
[96m------------------------------------------------------------[0m
[1m[ NET ][0m Upload: 0.01 MB/s | Download: 0.0 MB/s
[96m------------------------------------------------------------[0m
[1m[ BATTERY ][0m [92m99.2%[0m (Charging/Plugged in)
[1m[96m============================================================[0m
[1m[92mData logged to 2026_logs/2026-10-01.jsonl... (Press Ctrl+C to stop)[0m
[1m[96m============================================================[0m
[1mSYSTEM MONITOR V2[0m | Time: 2026-10-01 14:56:56
[96m------------------------------------------------------------[0m
[1m[ CPU ][0m Used: [92m6.2%[0m | Free: 93.8%
[96m------------------------------------------------------------[0m
[1m[ RAM ][0m Used: [92m8.05 GB (54.2%)[0m | Available: 6.79 GB | Total: 14.84 GB
[1m[ SWAP ][0m Used: 0.0 GB (0.0%) | Free: 4.0 GB | Total: 4.0 GB
        [93mTop 5 RAM Processes (Logged 10):[0m
          1. chrome (PID 7112) - 855.82 MB (5.63%)
          2. code (PID 8252) - 722.32 MB (4.75%)
          3. code (PID 8588) - 707.61 MB (4.66%)
          4. code (PID 11526) - 544.59 MB (3.58%)
          5. chrome (PID 6354) - 542.27 MB (3.57%)
[96m------------------------------------------------------------[0m
[1m[ DISK ][0m Used: [92m24.1 GB (2.63%)[0m | Free: 891.73 GB | Total: 915.83 GB
         [93mI/O:[0m Read 0.0 MB/s | Write 0.66 MB/s | Activity: 2.01%
[96m------------------------------------------------------------[0m
[1m[ NET ][0m Upload: 0.0 MB/s | Download: 0.0 MB/s
[96m------------------------------------------------------------[0m
[1m[ BATTERY ][0m [92m99.2%[0m (Charging/Plugged in)
[1m[96m============================================================[0m
[1m[92mData logged to 2026_logs/2026-10-01.jsonl... (Press Ctrl+C to stop)[0m
[1m[96m============================================================[0m
[1mSYSTEM MONITOR V2[0m | Time: 2026-10-01 14:57:02
[96m------------------------------------------------------------[0m
[1m[ CPU ][0m Used: [92m8.7%[0m | Free: 91.3%
        [93mTop 5 (Logged 10):[0m code (2.21%)
[96m------------------------------------------------------------[0m
[1m[ RAM ][0m Used: [92m8.03 GB (54.1%)[0m | Available: 6.82 GB | Total: 14.84 GB
[1m[ SWAP ][0m Used: 0.0 GB (0.0%) | Free: 4.0 GB | Total: 4.0 GB
        [93mTop 5 RAM Processes (Logged 10):[0m
          1. chrome (PID 7112) - 854.38 MB (5.62%)
          2. code (PID 8252) - 717.54 MB (4.72%)
          3. code (PID 8588) - 675.87 MB (4.45%)
          4. code (PID 11526) - 543.86 MB (3.58%)
          5. chrome (PID 6354) - 542.27 MB (3.57%)
[96m------------------------------------------------------------[0m
[1m[ DISK ][0m Used: [92m24.1 GB (2.63%)[0m | Free: 891.73 GB | Total: 915.83 GB
         [93mI/O:[0m Read 0.08 MB/s | Write 0.48 MB/s | Activity: 0.22%
[96m------------------------------------------------------------[0m
[1m[ NET ][0m Upload: 0.0 MB/s | Download: 0.0 MB/s
[96m------------------------------------------------------------[0m
[1m[ BATTERY ][0m [92m99.2%[0m (Charging/Plugged in)
[1m[96m============================================================[0m
[1m[92mData logged to 2026_logs/2026-10-01.jsonl... (Press Ctrl+C to stop)[0m
[1m[96m============================================================[0m
[1mSYSTEM MONITOR V2[0m | Time: 2026-10-01 14:57:07
[96m------------------------------------------------------------[0m
[1m[ CPU ][0m Used: [92m7.5%[0m | Free: 92.5%
[96m------------------------------------------------------------[0m
[1m[ RAM ][0m Used: [92m8.04 GB (54.2%)[0m | Available: 6.8 GB | Total: 14.84 GB
[1m[ SWAP ][0m Used: 0.0 GB (0.0%) | Free: 4.0 GB | Total: 4.0 GB
        [93mTop 5 RAM Processes (Logged 10):[0m
          1. chrome (PID 7112) - 855.75 MB (5.63%)
          2. code (PID 8252) - 717.04 MB (4.72%)
          3. code (PID 8588) - 696.75 MB (4.58%)
          4. code (PID 11526) - 543.94 MB (3.58%)
          5. chrome (PID 6354) - 542.27 MB (3.57%)
[96m------------------------------------------------------------[0m
[1m[ DISK ][0m Used: [92m24.1 GB (2.63%)[0m | Free: 891.73 GB | Total: 915.83 GB
         [93mI/O:[0m Read 0.0 MB/s | Write 0.02 MB/s | Activity: 0.87%
[96m------------------------------------------------------------[0m
[1m[ NET ][0m Upload: 0.01 MB/s | Download: 0.02 MB/s
[96m------------------------------------------------------------[0m
[1m[ BATTERY ][0m [92m99.2%[0m (Charging/Plugged in)
[1m[96m============================================================[0m
[1m[92mData logged to 2026_logs/2026-10-01.jsonl... (Press Ctrl+C to stop)[0m
[1m[96m============================================================[0m
[1mSYSTEM MONITOR V2[0m | Time: 2026-10-01 14:57:12
[96m------------------------------------------------------------[0m
[1m[ CPU ][0m Used: [92m5.1%[0m | Free: 94.9%
[96m------------------------------------------------------------[0m
[1m[ RAM ][0m Used: [92m8.05 GB (54.2%)[0m | Available: 6.8 GB | Total: 14.84 GB
[1m[ SWAP ][0m Used: 0.0 GB (0.0%) | Free: 4.0 GB | Total: 4.0 GB
        [93mTop 5 RAM Processes (Logged 10):[0m
          1. chrome (PID 7112) - 842.54 MB (5.54%)
          2. code (PID 8252) - 716.48 MB (4.71%)
          3. code (PID 8588) - 702.39 MB (4.62%)
          4. code (PID 11526) - 544.03 MB (3.58%)
          5. chrome (PID 6354) - 542.27 MB (3.57%)
[96m------------------------------------------------------------[0m
[1m[ DISK ][0m Used: [92m24.1 GB (2.63%)[0m | Free: 891.73 GB | Total: 915.83 GB
         [93mI/O:[0m Read 0.0 MB/s | Write 0.19 MB/s | Activity: 0.29%
[96m------------------------------------------------------------[0m
[1m[ NET ][0m Upload: 0.0 MB/s | Download: 0.0 MB/s
[96m------------------------------------------------------------[0m
[1m[ BATTERY ][0m [92m99.2%[0m (Charging/Plugged in)
[1m[96m============================================================[0m
[1m[92mData logged to 2026_logs/2026-10-01.jsonl... (Press Ctrl+C to stop)[0m
[1m[96m============================================================[0m
[1mSYSTEM MONITOR V2[0m | Time: 2026-10-01 14:57:17
[96m------------------------------------------------------------[0m
[1m[ CPU ][0m Used: [92m5.9%[0m | Free: 94.1%
[96m------------------------------------------------------------[0m
[1m[ RAM ][0m Used: [92m8.04 GB (54.2%)[0m | Available: 6.8 GB | Total: 14.84 GB
[1m[ SWAP ][0m Used: 0.0 GB (0.0%) | Free: 4.0 GB | Total: 4.0 GB
        [93mTop 5 RAM Processes (Logged 10):[0m
          1. chrome (PID 7112) - 842.1 MB (5.54%)
          2. code (PID 8252) - 719.5 MB (4.73%)
          3. code (PID 8588) - 708.5 MB (4.66%)
          4. code (PID 11526) - 544.11 MB (3.58%)
          5. chrome (PID 6354) - 542.42 MB (3.57%)
[96m------------------------------------------------------------[0m
[1m[ DISK ][0m Used: [92m24.1 GB (2.63%)[0m | Free: 891.73 GB | Total: 915.83 GB
         [93mI/O:[0m Read 0.0 MB/s | Write 0.02 MB/s | Activity: 0.93%
[96m------------------------------------------------------------[0m
[1m[ NET ][0m Upload: 0.0 MB/s | Download: 0.0 MB/s
[96m------------------------------------------------------------[0m
[1m[ BATTERY ][0m [92m99.2%[0m (Charging/Plugged in)
[1m[96m============================================================[0m
[1m[92mData logged to 2026_logs/2026-10-01.jsonl... (Press Ctrl+C to stop)[0m
[1m[96m============================================================[0m
[1mSYSTEM MONITOR V2[0m | Time: 2026-10-01 14:57:22
[96m------------------------------------------------------------[0m
[1m[ CPU ][0m Used: [92m8.0%[0m | Free: 92.0%
        [93mTop 5 (Logged 10):[0m code (2.88%)
[96m------------------------------------------------------------[0m
[1m[ RAM ][0m Used: [92m8.1 GB (54.6%)[0m | Available: 6.74 GB | Total: 14.84 GB
[1m[ SWAP ][0m Used: 0.0 GB (0.0%) | Free: 4.0 GB | Total: 4.0 GB
        [93mTop 5 RAM Processes (Logged 10):[0m
          1. chrome (PID 7112) - 868.24 MB (5.71%)
          2. code (PID 8588) - 714.64 MB (4.7%)
          3. code (PID 8252) - 706.43 MB (4.65%)
          4. chrome (PID 6354) - 545.21 MB (3.59%)
          5. code (PID 11526) - 544.2 MB (3.58%)
[96m------------------------------------------------------------[0m
[1m[ DISK ][0m Used: [92m24.1 GB (2.63%)[0m | Free: 891.73 GB | Total: 915.83 GB
         [93mI/O:[0m Read 0.0 MB/s | Write 0.07 MB/s | Activity: 0.86%
[96m------------------------------------------------------------[0m
[1m[ NET ][0m Upload: 0.01 MB/s | Download: 0.01 MB/s
[96m------------------------------------------------------------[0m
[1m[ BATTERY ][0m [92m99.2%[0m (Charging/Plugged in)
[1m[96m============================================================[0m
[1m[92mData logged to 2026_logs/2026-10-01.jsonl... (Press Ctrl+C to stop)[0m
[1m[96m============================================================[0m
[1mSYSTEM MONITOR V2[0m | Time: 2026-10-01 14:57:27
[96m------------------------------------------------------------[0m
[1m[ CPU ][0m Used: [92m4.4%[0m | Free: 95.6%
[96m------------------------------------------------------------[0m
[1m[ RAM ][0m Used: [92m8.07 GB (54.4%)[0m | Available: 6.78 GB | Total: 14.84 GB
[1m[ SWAP ][0m Used: 0.0 GB (0.0%) | Free: 4.0 GB | Total: 4.0 GB
        [93mTop 5 RAM Processes (Logged 10):[0m
          1. chrome (PID 7112) - 867.0 MB (5.7%)
          2. code (PID 8252) - 712.91 MB (4.69%)
          3. code (PID 8588) - 711.7 MB (4.68%)
          4. code (PID 11526) - 544.28 MB (3.58%)
          5. chrome (PID 6354) - 542.91 MB (3.57%)
[96m------------------------------------------------------------[0m
[1m[ DISK ][0m Used: [92m24.1 GB (2.63%)[0m | Free: 891.73 GB | Total: 915.83 GB
         [93mI/O:[0m Read 0.0 MB/s | Write 0.39 MB/s | Activity: 0.22%
[96m------------------------------------------------------------[0m
[1m[ NET ][0m Upload: 0.0 MB/s | Download: 0.0 MB/s
[96m------------------------------------------------------------[0m
[1m[ BATTERY ][0m [92m99.2%[0m (Charging/Plugged in)
[1m[96m============================================================[0m
[1m[92mData logged to 2026_logs/2026-10-01.jsonl... (Press Ctrl+C to stop)[0m
[1m[96m============================================================[0m
[1mSYSTEM MONITOR V2[0m | Time: 2026-10-01 14:57:32
[96m------------------------------------------------------------[0m
[1m[ CPU ][0m Used: [92m6.6%[0m | Free: 93.4%
[96m------------------------------------------------------------[0m
[1m[ RAM ][0m Used: [92m8.12 GB (54.7%)[0m | Available: 6.72 GB | Total: 14.84 GB
[1m[ SWAP ][0m Used: 0.0 GB (0.0%) | Free: 4.0 GB | Total: 4.0 GB
        [93mTop 5 RAM Processes (Logged 10):[0m
          1. chrome (PID 7112) - 865.91 MB (5.7%)
          2. code (PID 8588) - 717.84 MB (4.72%)
          3. code (PID 8252) - 715.4 MB (4.71%)
          4. code (PID 11526) - 544.37 MB (3.58%)
          5. chrome (PID 6354) - 542.23 MB (3.57%)
[96m------------------------------------------------------------[0m
[1m[ DISK ][0m Used: [92m24.1 GB (2.63%)[0m | Free: 891.73 GB | Total: 915.83 GB
         [93mI/O:[0m Read 0.0 MB/s | Write 0.48 MB/s | Activity: 0.91%
[96m------------------------------------------------------------[0m
[1m[ NET ][0m Upload: 0.0 MB/s | Download: 0.0 MB/s
[96m------------------------------------------------------------[0m
[1m[ BATTERY ][0m [92m99.2%[0m (Charging/Plugged in)
[1m[96m============================================================[0m
[1m[92mData logged to 2026_logs/2026-10-01.jsonl... (Press Ctrl+C to stop)[0m
[1m[96m============================================================[0m
[1mSYSTEM MONITOR V2[0m | Time: 2026-10-01 14:57:37
[96m------------------------------------------------------------[0m
[1m[ CPU ][0m Used: [92m7.3%[0m | Free: 92.7%
        [93mTop 5 (Logged 10):[0m code (2.72%)
[96m------------------------------------------------------------[0m
[1m[ RAM ][0m Used: [92m8.09 GB (54.5%)[0m | Available: 6.75 GB | Total: 14.84 GB
[1m[ SWAP ][0m Used: 0.0 GB (0.0%) | Free: 4.0 GB | Total: 4.0 GB
        [93mTop 5 RAM Processes (Logged 10):[0m
          1. chrome (PID 7112) - 865.93 MB (5.7%)
          2. code (PID 8588) - 724.06 MB (4.76%)
          3. code (PID 8252) - 711.02 MB (4.68%)
          4. code (PID 11526) - 544.46 MB (3.58%)
          5. chrome (PID 6354) - 542.23 MB (3.57%)
[96m------------------------------------------------------------[0m
[1m[ DISK ][0m Used: [92m24.1 GB (2.63%)[0m | Free: 891.73 GB | Total: 915.83 GB
         [93mI/O:[0m Read 0.0 MB/s | Write 0.02 MB/s | Activity: 0.9%
[96m------------------------------------------------------------[0m
[1m[ NET ][0m Upload: 0.0 MB/s | Download: 0.0 MB/s
[96m------------------------------------------------------------[0m
[1m[ BATTERY ][0m [92m99.2%[0m (Charging/Plugged in)
[1m[96m============================================================[0m
[1m[92mData logged to 2026_logs/2026-10-01.jsonl... (Press Ctrl+C to stop)[0m
[1m[96m============================================================[0m
[1mSYSTEM MONITOR V2[0m | Time: 2026-10-01 14:57:42
[96m------------------------------------------------------------[0m
[1m[ CPU ][0m Used: [92m5.2%[0m | Free: 94.8%
[96m------------------------------------------------------------[0m
[1m[ RAM ][0m Used: [92m8.05 GB (54.2%)[0m | Available: 6.8 GB | Total: 14.84 GB
[1m[ SWAP ][0m Used: 0.0 GB (0.0%) | Free: 4.0 GB | Total: 4.0 GB
        [93mTop 5 RAM Processes (Logged 10):[0m
          1. chrome (PID 7112) - 866.01 MB (5.7%)
          2. code (PID 8588) - 720.5 MB (4.74%)
          3. code (PID 8252) - 718.79 MB (4.73%)
          4. code (PID 11526) - 544.59 MB (3.58%)
          5. chrome (PID 6354) - 542.3 MB (3.57%)
[96m------------------------------------------------------------[0m
[1m[ DISK ][0m Used: [92m24.1 GB (2.63%)[0m | Free: 891.73 GB | Total: 915.83 GB
         [93mI/O:[0m Read 0.0 MB/s | Write 0.11 MB/s | Activity: 1.78%
[96m------------------------------------------------------------[0m
[1m[ NET ][0m Upload: 0.0 MB/s | Download: 0.0 MB/s
[96m------------------------------------------------------------[0m
[1m[ BATTERY ][0m [92m99.2%[0m (Charging/Plugged in)
[1m[96m============================================================[0m
[1m[92mData logged to 2026_logs/2026-10-01.jsonl... (Press Ctrl+C to stop)[0m
[1m[96m============================================================[0m
[1mSYSTEM MONITOR V2[0m | Time: 2026-10-01 14:57:47
[96m------------------------------------------------------------[0m
[1m[ CPU ][0m Used: [92m6.2%[0m | Free: 93.8%
[96m------------------------------------------------------------[0m
[1m[ RAM ][0m Used: [92m8.06 GB (54.3%)[0m | Available: 6.78 GB | Total: 14.84 GB
[1m[ SWAP ][0m Used: 0.0 GB (0.0%) | Free: 4.0 GB | Total: 4.0 GB
        [93mTop 5 RAM Processes (Logged 10):[0m
          1. chrome (PID 7112) - 866.08 MB (5.7%)
          2. code (PID 8588) - 726.68 MB (4.78%)
          3. code (PID 8252) - 720.26 MB (4.74%)
          4. code (PID 11526) - 543.9 MB (3.58%)
          5. chrome (PID 6354) - 542.23 MB (3.57%)
[96m------------------------------------------------------------[0m
[1m[ DISK ][0m Used: [92m24.1 GB (2.63%)[0m | Free: 891.73 GB | Total: 915.83 GB
         [93mI/O:[0m Read 0.0 MB/s | Write 0.05 MB/s | Activity: 0.96%
[96m------------------------------------------------------------[0m
[1m[ NET ][0m Upload: 0.0 MB/s | Download: 0.0 MB/s
[96m------------------------------------------------------------[0m
[1m[ BATTERY ][0m [92m99.2%[0m (Charging/Plugged in)
[1m[96m============================================================[0m
[1m[92mData logged to 2026_logs/2026-10-01.jsonl... (Press Ctrl+C to stop)[0m
[1m[96m============================================================[0m
[1mSYSTEM MONITOR V2[0m | Time: 2026-10-01 14:57:52
[96m------------------------------------------------------------[0m
[1m[ CPU ][0m Used: [92m8.2%[0m | Free: 91.8%
        [93mTop 5 (Logged 10):[0m code (3.0%)
[96m------------------------------------------------------------[0m
[1m[ RAM ][0m Used: [92m8.07 GB (54.4%)[0m | Available: 6.77 GB | Total: 14.84 GB
[1m[ SWAP ][0m Used: 0.0 GB (0.0%) | Free: 4.0 GB | Total: 4.0 GB
        [93mTop 5 RAM Processes (Logged 10):[0m
          1. chrome (PID 7112) - 854.99 MB (5.63%)
          2. code (PID 8588) - 732.86 MB (4.82%)
          3. code (PID 8252) - 710.46 MB (4.67%)
          4. code (PID 11526) - 543.98 MB (3.58%)
          5. chrome (PID 6354) - 542.12 MB (3.57%)
[96m------------------------------------------------------------[0m
[1m[ DISK ][0m Used: [92m24.1 GB (2.63%)[0m | Free: 891.73 GB | Total: 915.83 GB
         [93mI/O:[0m Read 0.0 MB/s | Write 0.09 MB/s | Activity: 1.03%
[96m------------------------------------------------------------[0m
[1m[ NET ][0m Upload: 0.01 MB/s | Download: 0.0 MB/s
[96m------------------------------------------------------------[0m
[1m[ BATTERY ][0m [92m99.2%[0m (Charging/Plugged in)
[1m[96m============================================================[0m
[1m[92mData logged to 2026_logs/2026-10-01.jsonl... (Press Ctrl+C to stop)[0m
[1m[96m============================================================[0m
[1mSYSTEM MONITOR V2[0m | Time: 2026-10-01 14:57:57
[96m------------------------------------------------------------[0m
[1m[ CPU ][0m Used: [92m9.4%[0m | Free: 90.6%
        [93mTop 5 (Logged 10):[0m code (2.91%), chrome (2.4%)
[96m------------------------------------------------------------[0m
[1m[ RAM ][0m Used: [92m8.04 GB (54.2%)[0m | Available: 6.8 GB | Total: 14.84 GB
[1m[ SWAP ][0m Used: 0.0 GB (0.0%) | Free: 4.0 GB | Total: 4.0 GB
        [93mTop 5 RAM Processes (Logged 10):[0m
          1. chrome (PID 7112) - 849.03 MB (5.59%)
          2. code (PID 8252) - 716.61 MB (4.71%)
          3. code (PID 8588) - 693.03 MB (4.56%)
          4. code (PID 11526) - 544.07 MB (3.58%)
          5. chrome (PID 6354) - 542.2 MB (3.57%)
[96m------------------------------------------------------------[0m
[1m[ DISK ][0m Used: [92m24.1 GB (2.63%)[0m | Free: 891.73 GB | Total: 915.83 GB
         [93mI/O:[0m Read 0.0 MB/s | Write 0.04 MB/s | Activity: 0.78%
[96m------------------------------------------------------------[0m
[1m[ NET ][0m Upload: 0.0 MB/s | Download: 0.0 MB/s
[96m------------------------------------------------------------[0m
[1m[ BATTERY ][0m [92m99.2%[0m (Charging/Plugged in)
[1m[96m============================================================[0m
[1m[92mData logged to 2026_logs/2026-10-01.jsonl... (Press Ctrl+C to stop)[0m
[1m[96m============================================================[0m
[1mSYSTEM MONITOR V2[0m | Time: 2026-10-01 14:58:02
[96m------------------------------------------------------------[0m
[1m[ CPU ][0m Used: [92m6.4%[0m | Free: 93.6%
[96m------------------------------------------------------------[0m
[1m[ RAM ][0m Used: [92m8.08 GB (54.5%)[0m | Available: 6.76 GB | Total: 14.84 GB
[1m[ SWAP ][0m Used: 0.0 GB (0.0%) | Free: 4.0 GB | Total: 4.0 GB
        [93mTop 5 RAM Processes (Logged 10):[0m
          1. chrome (PID 7112) - 849.73 MB (5.59%)
          2. code (PID 8252) - 725.14 MB (4.77%)
          3. code (PID 8588) - 698.72 MB (4.6%)
          4. code (PID 11526) - 544.15 MB (3.58%)
          5. chrome (PID 6354) - 542.14 MB (3.57%)
[96m------------------------------------------------------------[0m
[1m[ DISK ][0m Used: [92m24.1 GB (2.63%)[0m | Free: 891.73 GB | Total: 915.83 GB
         [93mI/O:[0m Read 0.0 MB/s | Write 0.31 MB/s | Activity: 0.08%
[96m------------------------------------------------------------[0m
[1m[ NET ][0m Upload: 0.0 MB/s | Download: 0.0 MB/s
[96m------------------------------------------------------------[0m
[1m[ BATTERY ][0m [92m99.2%[0m (Charging/Plugged in)
[1m[96m============================================================[0m
[1m[92mData logged to 2026_logs/2026-10-01.jsonl... (Press Ctrl+C to stop)[0m
[1m[96m============================================================[0m
[1mSYSTEM MONITOR V2[0m | Time: 2026-10-01 14:58:07
[96m------------------------------------------------------------[0m
[1m[ CPU ][0m Used: [92m7.6%[0m | Free: 92.4%
        [93mTop 5 (Logged 10):[0m code (3.38%)
[96m------------------------------------------------------------[0m
[1m[ RAM ][0m Used: [92m7.96 GB (53.6%)[0m | Available: 6.88 GB | Total: 14.84 GB
[1m[ SWAP ][0m Used: 0.0 GB (0.0%) | Free: 4.0 GB | Total: 4.0 GB
        [93mTop 5 RAM Processes (Logged 10):[0m
          1. chrome (PID 7112) - 849.57 MB (5.59%)
          2. code (PID 8588) - 707.88 MB (4.66%)
          3. code (PID 8252) - 603.51 MB (3.97%)
          4. code (PID 11526) - 544.27 MB (3.58%)
          5. chrome (PID 6354) - 542.17 MB (3.57%)
[96m------------------------------------------------------------[0m
[1m[ DISK ][0m Used: [92m24.1 GB (2.63%)[0m | Free: 891.73 GB | Total: 915.83 GB
         [93mI/O:[0m Read 0.0 MB/s | Write 0.02 MB/s | Activity: 1.67%
[96m------------------------------------------------------------[0m
[1m[ NET ][0m Upload: 0.0 MB/s | Download: 0.0 MB/s
[96m------------------------------------------------------------[0m
[1m[ BATTERY ][0m [92m99.2%[0m (Charging/Plugged in)
[1m[96m============================================================[0m
[1m[92mData logged to 2026_logs/2026-10-01.jsonl... (Press Ctrl+C to stop)[0m
[1m[96m============================================================[0m
[1mSYSTEM MONITOR V2[0m | Time: 2026-10-01 14:58:13
[96m------------------------------------------------------------[0m
[1m[ CPU ][0m Used: [92m7.8%[0m | Free: 92.2%
        [93mTop 5 (Logged 10):[0m code (3.31%)
[96m------------------------------------------------------------[0m
[1m[ RAM ][0m Used: [92m8.05 GB (54.2%)[0m | Available: 6.79 GB | Total: 14.84 GB
[1m[ SWAP ][0m Used: 0.0 GB (0.0%) | Free: 4.0 GB | Total: 4.0 GB
        [93mTop 5 RAM Processes (Logged 10):[0m
          1. chrome (PID 7112) - 849.62 MB (5.59%)
          2. code (PID 8588) - 714.1 MB (4.7%)
          3. code (PID 8252) - 635.82 MB (4.18%)
          4. code (PID 11526) - 544.36 MB (3.58%)
          5. chrome (PID 6354) - 542.17 MB (3.57%)
[96m------------------------------------------------------------[0m
[1m[ DISK ][0m Used: [92m24.1 GB (2.63%)[0m | Free: 891.73 GB | Total: 915.83 GB
         [93mI/O:[0m Read 0.0 MB/s | Write 0.47 MB/s | Activity: 1.19%
[96m------------------------------------------------------------[0m
[1m[ NET ][0m Upload: 0.0 MB/s | Download: 0.0 MB/s
[96m------------------------------------------------------------[0m
[1m[ BATTERY ][0m [92m99.2%[0m (Charging/Plugged in)
[1m[96m============================================================[0m
[1m[92mData logged to 2026_logs/2026-10-01.jsonl... (Press Ctrl+C to stop)[0m
[1m[96m============================================================[0m
[1mSYSTEM MONITOR V2[0m | Time: 2026-10-01 14:58:18
[96m------------------------------------------------------------[0m
[1m[ CPU ][0m Used: [92m6.9%[0m | Free: 93.1%
        [93mTop 5 (Logged 10):[0m code (2.04%)
[96m------------------------------------------------------------[0m
[1m[ RAM ][0m Used: [92m8.04 GB (54.2%)[0m | Available: 6.8 GB | Total: 14.84 GB
[1m[ SWAP ][0m Used: 0.0 GB (0.0%) | Free: 4.0 GB | Total: 4.0 GB
        [93mTop 5 RAM Processes (Logged 10):[0m
          1. chrome (PID 7112) - 849.61 MB (5.59%)
          2. code (PID 8588) - 720.64 MB (4.74%)
          3. code (PID 8252) - 645.75 MB (4.25%)
          4. code (PID 11526) - 544.45 MB (3.58%)
          5. chrome (PID 6354) - 542.12 MB (3.57%)
[96m------------------------------------------------------------[0m
[1m[ DISK ][0m Used: [92m24.1 GB (2.63%)[0m | Free: 891.73 GB | Total: 915.83 GB
         [93mI/O:[0m Read 0.0 MB/s | Write 0.06 MB/s | Activity: 0.94%
[96m------------------------------------------------------------[0m
[1m[ NET ][0m Upload: 0.0 MB/s | Download: 0.0 MB/s
[96m------------------------------------------------------------[0m
[1m[ BATTERY ][0m [92m99.2%[0m (Charging/Plugged in)
[1m[96m============================================================[0m
[1m[92mData logged to 2026_logs/2026-10-01.jsonl... (Press Ctrl+C to stop)[0m
[1m[96m============================================================[0m
[1mSYSTEM MONITOR V2[0m | Time: 2026-10-01 14:58:23
[96m------------------------------------------------------------[0m
[1m[ CPU ][0m Used: [92m8.5%[0m | Free: 91.5%
        [93mTop 5 (Logged 10):[0m code (2.33%)
[96m------------------------------------------------------------[0m
[1m[ RAM ][0m Used: [92m8.07 GB (54.4%)[0m | Available: 6.77 GB | Total: 14.84 GB
[1m[ SWAP ][0m Used: 0.0 GB (0.0%) | Free: 4.0 GB | Total: 4.0 GB
        [93mTop 5 RAM Processes (Logged 10):[0m
          1. chrome (PID 7112) - 876.27 MB (5.77%)
          2. code (PID 8588) - 704.28 MB (4.63%)
          3. code (PID 8252) - 660.09 MB (4.34%)
          4. chrome (PID 6354) - 545.84 MB (3.59%)
          5. code (PID 11526) - 544.53 MB (3.58%)
[96m------------------------------------------------------------[0m
[1m[ DISK ][0m Used: [92m24.1 GB (2.63%)[0m | Free: 891.73 GB | Total: 915.83 GB
         [93mI/O:[0m Read 0.0 MB/s | Write 0.12 MB/s | Activity: 0.87%
[96m------------------------------------------------------------[0m
[1m[ NET ][0m Upload: 0.01 MB/s | Download: 0.01 MB/s
[96m------------------------------------------------------------[0m
[1m[ BATTERY ][0m [92m99.2%[0m (Charging/Plugged in)
[1m[96m============================================================[0m
[1m[92mData logged to 2026_logs/2026-10-01.jsonl... (Press Ctrl+C to stop)[0m
[1m[96m============================================================[0m
[1mSYSTEM MONITOR V2[0m | Time: 2026-10-01 14:58:28
[96m------------------------------------------------------------[0m
[1m[ CPU ][0m Used: [92m7.2%[0m | Free: 92.8%
        [93mTop 5 (Logged 10):[0m code (2.9%)
[96m------------------------------------------------------------[0m
[1m[ RAM ][0m Used: [92m8.02 GB (54.0%)[0m | Available: 6.83 GB | Total: 14.84 GB
[1m[ SWAP ][0m Used: 0.0 GB (0.0%) | Free: 4.0 GB | Total: 4.0 GB
        [93mTop 5 RAM Processes (Logged 10):[0m
          1. chrome (PID 7112) - 876.22 MB (5.76%)
          2. code (PID 8588) - 678.58 MB (4.46%)
          3. code (PID 8252) - 654.75 MB (4.31%)
          4. code (PID 11526) - 544.85 MB (3.58%)
          5. chrome (PID 6354) - 543.0 MB (3.57%)
[96m------------------------------------------------------------[0m
[1m[ DISK ][0m Used: [92m24.1 GB (2.63%)[0m | Free: 891.73 GB | Total: 915.83 GB
         [93mI/O:[0m Read 0.0 MB/s | Write 0.02 MB/s | Activity: 0.92%
[96m------------------------------------------------------------[0m
[1m[ NET ][0m Upload: 0.01 MB/s | Download: 0.0 MB/s
[96m------------------------------------------------------------[0m
[1m[ BATTERY ][0m [92m99.2%[0m (Charging/Plugged in)
[1m[96m============================================================[0m
[1m[92mData logged to 2026_logs/2026-10-01.jsonl... (Press Ctrl+C to stop)[0m
[1m[96m============================================================[0m
[1mSYSTEM MONITOR V2[0m | Time: 2026-10-01 14:58:33
[96m------------------------------------------------------------[0m
[1m[ CPU ][0m Used: [92m9.4%[0m | Free: 90.6%
        [93mTop 5 (Logged 10):[0m chrome (2.47%), code (2.32%)
[96m------------------------------------------------------------[0m
[1m[ RAM ][0m Used: [92m8.08 GB (54.4%)[0m | Available: 6.77 GB | Total: 14.84 GB
[1m[ SWAP ][0m Used: 0.0 GB (0.0%) | Free: 4.0 GB | Total: 4.0 GB
        [93mTop 5 RAM Processes (Logged 10):[0m
          1. chrome (PID 7112) - 876.32 MB (5.77%)
          2. code (PID 8588) - 685.72 MB (4.51%)
          3. code (PID 8252) - 669.92 MB (4.41%)
          4. code (PID 11526) - 544.16 MB (3.58%)
          5. chrome (PID 6354) - 539.29 MB (3.55%)
[96m------------------------------------------------------------[0m
[1m[ DISK ][0m Used: [92m24.09 GB (2.63%)[0m | Free: 891.74 GB | Total: 915.83 GB
         [93mI/O:[0m Read 0.0 MB/s | Write 0.75 MB/s | Activity: 2.01%
[96m------------------------------------------------------------[0m
[1m[ NET ][0m Upload: 0.01 MB/s | Download: 0.01 MB/s
[96m------------------------------------------------------------[0m
[1m[ BATTERY ][0m [92m99.2%[0m (Charging/Plugged in)
[1m[96m============================================================[0m
[1m[92mData logged to 2026_logs/2026-10-01.jsonl... (Press Ctrl+C to stop)[0m
[1m[96m============================================================[0m
[1mSYSTEM MONITOR V2[0m | Time: 2026-10-01 14:58:38
[96m------------------------------------------------------------[0m
[1m[ CPU ][0m Used: [92m7.1%[0m | Free: 92.9%
[96m------------------------------------------------------------[0m
[1m[ RAM ][0m Used: [92m8.02 GB (54.0%)[0m | Available: 6.82 GB | Total: 14.84 GB
[1m[ SWAP ][0m Used: 0.0 GB (0.0%) | Free: 4.0 GB | Total: 4.0 GB
        [93mTop 5 RAM Processes (Logged 10):[0m
          1. chrome (PID 7112) - 876.5 MB (5.77%)
          2. code (PID 8252) - 688.94 MB (4.53%)
          3. code (PID 8588) - 663.34 MB (4.36%)
          4. code (PID 11526) - 544.25 MB (3.58%)
          5. chrome (PID 6354) - 538.25 MB (3.54%)
[96m------------------------------------------------------------[0m
[1m[ DISK ][0m Used: [92m24.09 GB (2.63%)[0m | Free: 891.74 GB | Total: 915.83 GB
         [93mI/O:[0m Read 0.0 MB/s | Write 0.09 MB/s | Activity: 1.0%
[96m------------------------------------------------------------[0m
[1m[ NET ][0m Upload: 0.01 MB/s | Download: 0.0 MB/s
[96m------------------------------------------------------------[0m
[1m[ BATTERY ][0m [92m99.2%[0m (Charging/Plugged in)
[1m[96m============================================================[0m
[1m[92mData logged to 2026_logs/2026-10-01.jsonl... (Press Ctrl+C to stop)[0m
[1m[96m============================================================[0m
[1mSYSTEM MONITOR V2[0m | Time: 2026-10-01 14:58:43
[96m------------------------------------------------------------[0m
[1m[ CPU ][0m Used: [92m8.5%[0m | Free: 91.5%
        [93mTop 5 (Logged 10):[0m code (3.84%)
[96m------------------------------------------------------------[0m
[1m[ RAM ][0m Used: [92m8.08 GB (54.4%)[0m | Available: 6.76 GB | Total: 14.84 GB
[1m[ SWAP ][0m Used: 0.0 GB (0.0%) | Free: 4.0 GB | Total: 4.0 GB
        [93mTop 5 RAM Processes (Logged 10):[0m
          1. chrome (PID 7112) - 875.57 MB (5.76%)
          2. code (PID 8252) - 693.8 MB (4.56%)
          3. code (PID 8588) - 668.24 MB (4.4%)
          4. code (PID 11526) - 544.33 MB (3.58%)
          5. chrome (PID 6354) - 538.36 MB (3.54%)
[96m------------------------------------------------------------[0m
[1m[ DISK ][0m Used: [92m24.09 GB (2.63%)[0m | Free: 891.74 GB | Total: 915.83 GB
         [93mI/O:[0m Read 0.0 MB/s | Write 0.2 MB/s | Activity: 1.12%
[96m------------------------------------------------------------[0m
[1m[ NET ][0m Upload: 0.0 MB/s | Download: 0.0 MB/s
[96m------------------------------------------------------------[0m
[1m[ BATTERY ][0m [92m99.2%[0m (Charging/Plugged in)
[1m[96m============================================================[0m
[1m[92mData logged to 2026_logs/2026-10-01.jsonl... (Press Ctrl+C to stop)[0m
[1m[96m============================================================[0m
[1mSYSTEM MONITOR V2[0m | Time: 2026-10-01 14:58:48
[96m------------------------------------------------------------[0m
[1m[ CPU ][0m Used: [92m7.4%[0m | Free: 92.6%
        [93mTop 5 (Logged 10):[0m code (2.73%)
[96m------------------------------------------------------------[0m
[1m[ RAM ][0m Used: [92m8.09 GB (54.5%)[0m | Available: 6.76 GB | Total: 14.84 GB
[1m[ SWAP ][0m Used: 0.0 GB (0.0%) | Free: 4.0 GB | Total: 4.0 GB
        [93mTop 5 RAM Processes (Logged 10):[0m
          1. chrome (PID 7112) - 874.5 MB (5.75%)
          2. code (PID 8252) - 694.28 MB (4.57%)
          3. code (PID 8588) - 674.57 MB (4.44%)
          4. code (PID 11526) - 544.41 MB (3.58%)
          5. chrome (PID 6354) - 538.41 MB (3.54%)
[96m------------------------------------------------------------[0m
[1m[ DISK ][0m Used: [92m24.09 GB (2.63%)[0m | Free: 891.74 GB | Total: 915.83 GB
         [93mI/O:[0m Read 0.0 MB/s | Write 0.71 MB/s | Activity: 1.89%
[96m------------------------------------------------------------[0m
[1m[ NET ][0m Upload: 0.0 MB/s | Download: 0.0 MB/s
[96m------------------------------------------------------------[0m
[1m[ BATTERY ][0m [92m99.2%[0m (Charging/Plugged in)
[1m[96m============================================================[0m
[1m[92mData logged to 2026_logs/2026-10-01.jsonl... (Press Ctrl+C to stop)[0m
[1m[96m============================================================[0m
[1mSYSTEM MONITOR V2[0m | Time: 2026-10-01 14:58:53
[96m------------------------------------------------------------[0m
[1m[ CPU ][0m Used: [92m6.6%[0m | Free: 93.4%
        [93mTop 5 (Logged 10):[0m code (2.31%)
[96m------------------------------------------------------------[0m
[1m[ RAM ][0m Used: [92m8.05 GB (54.2%)[0m | Available: 6.8 GB | Total: 14.84 GB
[1m[ SWAP ][0m Used: 0.0 GB (0.0%) | Free: 4.0 GB | Total: 4.0 GB
        [93mTop 5 RAM Processes (Logged 10):[0m
          1. chrome (PID 7112) - 857.89 MB (5.64%)
          2. code (PID 8252) - 711.73 MB (4.68%)
          3. code (PID 8588) - 669.81 MB (4.41%)
          4. code (PID 11526) - 544.5 MB (3.58%)
          5. chrome (PID 6354) - 538.29 MB (3.54%)
[96m------------------------------------------------------------[0m
[1m[ DISK ][0m Used: [92m24.09 GB (2.63%)[0m | Free: 891.74 GB | Total: 915.83 GB
         [93mI/O:[0m Read 0.0 MB/s | Write 0.05 MB/s | Activity: 1.0%
[96m------------------------------------------------------------[0m
[1m[ NET ][0m Upload: 0.0 MB/s | Download: 0.0 MB/s
[96m------------------------------------------------------------[0m
[1m[ BATTERY ][0m [92m99.2%[0m (Charging/Plugged in)
[1m[96m============================================================[0m
[1m[92mData logged to 2026_logs/2026-10-01.jsonl... (Press Ctrl+C to stop)[0m
[1m[96m============================================================[0m
[1mSYSTEM MONITOR V2[0m | Time: 2026-10-01 14:58:58
[96m------------------------------------------------------------[0m
[1m[ CPU ][0m Used: [92m6.2%[0m | Free: 93.8%
[96m------------------------------------------------------------[0m
[1m[ RAM ][0m Used: [92m8.02 GB (54.0%)[0m | Available: 6.82 GB | Total: 14.84 GB
[1m[ SWAP ][0m Used: 0.0 GB (0.0%) | Free: 4.0 GB | Total: 4.0 GB
        [93mTop 5 RAM Processes (Logged 10):[0m
          1. chrome (PID 7112) - 853.67 MB (5.62%)
          2. code (PID 8252) - 730.47 MB (4.81%)
          3. code (PID 8588) - 664.66 MB (4.37%)
          4. code (PID 11526) - 544.59 MB (3.58%)
          5. chrome (PID 6354) - 538.25 MB (3.54%)
[96m------------------------------------------------------------[0m
[1m[ DISK ][0m Used: [92m24.09 GB (2.63%)[0m | Free: 891.74 GB | Total: 915.83 GB
         [93mI/O:[0m Read 0.0 MB/s | Write 0.01 MB/s | Activity: 0.88%
[96m------------------------------------------------------------[0m
[1m[ NET ][0m Upload: 0.0 MB/s | Download: 0.0 MB/s
[96m------------------------------------------------------------[0m
[1m[ BATTERY ][0m [92m99.2%[0m (Charging/Plugged in)
[1m[96m============================================================[0m
[1m[92mData logged to 2026_logs/2026-10-01.jsonl... (Press Ctrl+C to stop)[0m
[1m[96m============================================================[0m
[1mSYSTEM MONITOR V2[0m | Time: 2026-10-01 14:59:03
[96m------------------------------------------------------------[0m
[1m[ CPU ][0m Used: [92m4.9%[0m | Free: 95.1%
[96m------------------------------------------------------------[0m
[1m[ RAM ][0m Used: [92m8.01 GB (54.0%)[0m | Available: 6.83 GB | Total: 14.84 GB
[1m[ SWAP ][0m Used: 0.0 GB (0.0%) | Free: 4.0 GB | Total: 4.0 GB
        [93mTop 5 RAM Processes (Logged 10):[0m
          1. chrome (PID 7112) - 842.96 MB (5.55%)
          2. code (PID 8252) - 736.64 MB (4.85%)
          3. code (PID 8588) - 672.02 MB (4.42%)
          4. code (PID 11526) - 544.67 MB (3.58%)
          5. chrome (PID 6354) - 538.19 MB (3.54%)
[96m------------------------------------------------------------[0m
[1m[ DISK ][0m Used: [92m24.09 GB (2.63%)[0m | Free: 891.74 GB | Total: 915.83 GB
         [93mI/O:[0m Read 0.0 MB/s | Write 0.47 MB/s | Activity: 1.1%
[96m------------------------------------------------------------[0m
[1m[ NET ][0m Upload: 0.0 MB/s | Download: 0.0 MB/s
[96m------------------------------------------------------------[0m
[1m[ BATTERY ][0m [92m99.2%[0m (Charging/Plugged in)
[1m[96m============================================================[0m
[1m[92mData logged to 2026_logs/2026-10-01.jsonl... (Press Ctrl+C to stop)[0m
[1m[96m============================================================[0m
[1mSYSTEM MONITOR V2[0m | Time: 2026-10-01 14:59:08
[96m------------------------------------------------------------[0m
[1m[ CPU ][0m Used: [92m7.2%[0m | Free: 92.8%
        [93mTop 5 (Logged 10):[0m code (2.0%)
[96m------------------------------------------------------------[0m
[1m[ RAM ][0m Used: [92m8.0 GB (53.9%)[0m | Available: 6.85 GB | Total: 14.84 GB
[1m[ SWAP ][0m Used: 0.0 GB (0.0%) | Free: 4.0 GB | Total: 4.0 GB
        [93mTop 5 RAM Processes (Logged 10):[0m
          1. chrome (PID 7112) - 841.54 MB (5.54%)
          2. code (PID 8252) - 732.34 MB (4.82%)
          3. code (PID 8588) - 676.57 MB (4.45%)
          4. code (PID 11526) - 544.75 MB (3.58%)
          5. chrome (PID 6354) - 538.24 MB (3.54%)
[96m------------------------------------------------------------[0m
[1m[ DISK ][0m Used: [92m24.09 GB (2.63%)[0m | Free: 891.74 GB | Total: 915.83 GB
         [93mI/O:[0m Read 0.0 MB/s | Write 0.02 MB/s | Activity: 0.9%
[96m------------------------------------------------------------[0m
[1m[ NET ][0m Upload: 0.0 MB/s | Download: 0.0 MB/s
[96m------------------------------------------------------------[0m
[1m[ BATTERY ][0m [92m99.2%[0m (Charging/Plugged in)
[1m[96m============================================================[0m
[1m[92mData logged to 2026_logs/2026-10-01.jsonl... (Press Ctrl+C to stop)[0m
[1m[96m============================================================[0m
[1mSYSTEM MONITOR V2[0m | Time: 2026-10-01 14:59:13
[96m------------------------------------------------------------[0m
[1m[ CPU ][0m Used: [92m7.6%[0m | Free: 92.4%
        [93mTop 5 (Logged 10):[0m chrome (2.6%), gnome-shell (2.3%)
[96m------------------------------------------------------------[0m
[1m[ RAM ][0m Used: [92m8.03 GB (54.1%)[0m | Available: 6.81 GB | Total: 14.84 GB
[1m[ SWAP ][0m Used: 0.0 GB (0.0%) | Free: 4.0 GB | Total: 4.0 GB
        [93mTop 5 RAM Processes (Logged 10):[0m
          1. chrome (PID 7112) - 841.86 MB (5.54%)
          2. code (PID 8252) - 741.61 MB (4.88%)
          3. code (PID 8588) - 681.59 MB (4.48%)
          4. code (PID 11526) - 544.84 MB (3.58%)
          5. chrome (PID 6354) - 538.24 MB (3.54%)
[96m------------------------------------------------------------[0m
[1m[ DISK ][0m Used: [92m24.09 GB (2.63%)[0m | Free: 891.74 GB | Total: 915.83 GB
         [93mI/O:[0m Read 0.0 MB/s | Write 0.02 MB/s | Activity: 0.1%
[96m------------------------------------------------------------[0m
[1m[ NET ][0m Upload: 0.0 MB/s | Download: 0.0 MB/s
[96m------------------------------------------------------------[0m
[1m[ BATTERY ][0m [92m99.2%[0m (Charging/Plugged in)
[1m[96m============================================================[0m
[1m[92mData logged to 2026_logs/2026-10-01.jsonl... (Press Ctrl+C to stop)[0m
[1m[96m============================================================[0m
[1mSYSTEM MONITOR V2[0m | Time: 2026-10-01 14:59:18
[96m------------------------------------------------------------[0m
[1m[ CPU ][0m Used: [92m9.5%[0m | Free: 90.5%
[96m------------------------------------------------------------[0m
[1m[ RAM ][0m Used: [92m8.11 GB (54.6%)[0m | Available: 6.73 GB | Total: 14.84 GB
[1m[ SWAP ][0m Used: 0.0 GB (0.0%) | Free: 4.0 GB | Total: 4.0 GB
        [93mTop 5 RAM Processes (Logged 10):[0m
          1. chrome (PID 7112) - 841.61 MB (5.54%)
          2. code (PID 8252) - 752.02 MB (4.95%)
          3. code (PID 8588) - 655.16 MB (4.31%)
          4. code (PID 11526) - 544.94 MB (3.59%)
          5. chrome (PID 6354) - 541.46 MB (3.56%)
[96m------------------------------------------------------------[0m
[1m[ DISK ][0m Used: [92m24.09 GB (2.63%)[0m | Free: 891.74 GB | Total: 915.83 GB
         [93mI/O:[0m Read 0.0 MB/s | Write 0.08 MB/s | Activity: 1.09%
[96m------------------------------------------------------------[0m
[1m[ NET ][0m Upload: 0.01 MB/s | Download: 0.01 MB/s
[96m------------------------------------------------------------[0m
[1m[ BATTERY ][0m [92m99.2%[0m (Charging/Plugged in)
[1m[96m============================================================[0m
[1m[92mData logged to 2026_logs/2026-10-01.jsonl... (Press Ctrl+C to stop)[0m
[1m[96m============================================================[0m
[1mSYSTEM MONITOR V2[0m | Time: 2026-10-01 14:59:23
[96m------------------------------------------------------------[0m
[1m[ CPU ][0m Used: [92m7.6%[0m | Free: 92.4%
[96m------------------------------------------------------------[0m
[1m[ RAM ][0m Used: [92m7.99 GB (53.8%)[0m | Available: 6.85 GB | Total: 14.84 GB
[1m[ SWAP ][0m Used: 0.0 GB (0.0%) | Free: 4.0 GB | Total: 4.0 GB
        [93mTop 5 RAM Processes (Logged 10):[0m
          1. code (PID 8252) - 736.41 MB (4.85%)
          2. code (PID 8588) - 663.63 MB (4.37%)
          3. chrome (PID 7112) - 587.14 MB (3.86%)
          4. code (PID 11526) - 544.21 MB (3.58%)
          5. chrome (PID 6354) - 542.99 MB (3.57%)
[96m------------------------------------------------------------[0m
[1m[ DISK ][0m Used: [92m24.09 GB (2.63%)[0m | Free: 891.74 GB | Total: 915.83 GB
         [93mI/O:[0m Read 0.0 MB/s | Write 0.56 MB/s | Activity: 0.16%
[96m------------------------------------------------------------[0m
[1m[ NET ][0m Upload: 0.01 MB/s | Download: 0.01 MB/s
[96m------------------------------------------------------------[0m
[1m[ BATTERY ][0m [92m99.2%[0m (Charging/Plugged in)
[1m[96m============================================================[0m
[1m[92mData logged to 2026_logs/2026-10-01.jsonl... (Press Ctrl+C to stop)[0m
[1m[96m============================================================[0m
[1mSYSTEM MONITOR V2[0m | Time: 2026-10-01 14:59:29
[96m------------------------------------------------------------[0m
[1m[ CPU ][0m Used: [92m3.7%[0m | Free: 96.3%
[96m------------------------------------------------------------[0m
[1m[ RAM ][0m Used: [92m7.99 GB (53.8%)[0m | Available: 6.86 GB | Total: 14.84 GB
[1m[ SWAP ][0m Used: 0.0 GB (0.0%) | Free: 4.0 GB | Total: 4.0 GB
        [93mTop 5 RAM Processes (Logged 10):[0m
          1. code (PID 8252) - 745.3 MB (4.9%)
          2. code (PID 8588) - 667.96 MB (4.39%)
          3. chrome (PID 7112) - 585.54 MB (3.85%)
          4. code (PID 11526) - 544.29 MB (3.58%)
          5. chrome (PID 6354) - 542.38 MB (3.57%)
[96m------------------------------------------------------------[0m
[1m[ DISK ][0m Used: [92m24.09 GB (2.63%)[0m | Free: 891.74 GB | Total: 915.83 GB
         [93mI/O:[0m Read 0.0 MB/s | Write 0.06 MB/s | Activity: 1.79%
[96m------------------------------------------------------------[0m
[1m[ NET ][0m Upload: 0.0 MB/s | Download: 0.0 MB/s
[96m------------------------------------------------------------[0m
[1m[ BATTERY ][0m [92m99.2%[0m (Charging/Plugged in)
[1m[96m============================================================[0m
[1m[92mData logged to 2026_logs/2026-10-01.jsonl... (Press Ctrl+C to stop)[0m
[1m[96m============================================================[0m
[1mSYSTEM MONITOR V2[0m | Time: 2026-10-01 14:59:34
[96m------------------------------------------------------------[0m
[1m[ CPU ][0m Used: [92m4.8%[0m | Free: 95.2%
[96m------------------------------------------------------------[0m
[1m[ RAM ][0m Used: [92m7.99 GB (53.8%)[0m | Available: 6.86 GB | Total: 14.84 GB
[1m[ SWAP ][0m Used: 0.0 GB (0.0%) | Free: 4.0 GB | Total: 4.0 GB
        [93mTop 5 RAM Processes (Logged 10):[0m
          1. code (PID 8252) - 752.91 MB (4.95%)
          2. code (PID 8588) - 682.03 MB (4.49%)
          3. chrome (PID 7112) - 585.57 MB (3.85%)
          4. code (PID 11526) - 544.38 MB (3.58%)
          5. chrome (PID 6354) - 542.78 MB (3.57%)
[96m------------------------------------------------------------[0m
[1m[ DISK ][0m Used: [92m24.09 GB (2.63%)[0m | Free: 891.74 GB | Total: 915.83 GB
         [93mI/O:[0m Read 0.0 MB/s | Write 0.69 MB/s | Activity: 1.88%
[96m------------------------------------------------------------[0m
[1m[ NET ][0m Upload: 0.03 MB/s | Download: 0.01 MB/s
[96m------------------------------------------------------------[0m
[1m[ BATTERY ][0m [92m99.2%[0m (Charging/Plugged in)
[1m[96m============================================================[0m
[1m[92mData logged to 2026_logs/2026-10-01.jsonl... (Press Ctrl+C to stop)[0m
[1m[96m============================================================[0m
[1mSYSTEM MONITOR V2[0m | Time: 2026-10-01 14:59:39
[96m------------------------------------------------------------[0m
[1m[ CPU ][0m Used: [92m5.0%[0m | Free: 95.0%
[96m------------------------------------------------------------[0m
[1m[ RAM ][0m Used: [92m7.97 GB (53.7%)[0m | Available: 6.87 GB | Total: 14.84 GB
[1m[ SWAP ][0m Used: 0.0 GB (0.0%) | Free: 4.0 GB | Total: 4.0 GB
        [93mTop 5 RAM Processes (Logged 10):[0m
          1. code (PID 8252) - 744.58 MB (4.9%)
          2. code (PID 8588) - 691.21 MB (4.55%)
          3. chrome (PID 7112) - 570.29 MB (3.75%)
          4. code (PID 11526) - 544.46 MB (3.58%)
          5. chrome (PID 6354) - 542.16 MB (3.57%)
[96m------------------------------------------------------------[0m
[1m[ DISK ][0m Used: [92m24.09 GB (2.63%)[0m | Free: 891.74 GB | Total: 915.83 GB
         [93mI/O:[0m Read 0.0 MB/s | Write 0.14 MB/s | Activity: 0.22%
[96m------------------------------------------------------------[0m
[1m[ NET ][0m Upload: 0.0 MB/s | Download: 0.0 MB/s
[96m------------------------------------------------------------[0m
[1m[ BATTERY ][0m [92m99.2%[0m (Charging/Plugged in)
[1m[96m============================================================[0m
[1m[92mData logged to 2026_logs/2026-10-01.jsonl... (Press Ctrl+C to stop)[0m
[1m[96m============================================================[0m
[1mSYSTEM MONITOR V2[0m | Time: 2026-10-01 14:59:44
[96m------------------------------------------------------------[0m
[1m[ CPU ][0m Used: [92m7.3%[0m | Free: 92.7%
[96m------------------------------------------------------------[0m
[1m[ RAM ][0m Used: [92m8.08 GB (54.4%)[0m | Available: 6.77 GB | Total: 14.84 GB
[1m[ SWAP ][0m Used: 0.0 GB (0.0%) | Free: 4.0 GB | Total: 4.0 GB
        [93mTop 5 RAM Processes (Logged 10):[0m
          1. code (PID 8252) - 748.06 MB (4.92%)
          2. code (PID 8588) - 688.7 MB (4.53%)
          3. chrome (PID 7112) - 570.36 MB (3.75%)
          4. code (PID 11526) - 544.55 MB (3.58%)
          5. chrome (PID 6354) - 543.75 MB (3.58%)
[96m------------------------------------------------------------[0m
[1m[ DISK ][0m Used: [92m24.09 GB (2.63%)[0m | Free: 891.74 GB | Total: 915.83 GB
         [93mI/O:[0m Read 0.0 MB/s | Write 0.17 MB/s | Activity: 1.3%
[96m------------------------------------------------------------[0m
[1m[ NET ][0m Upload: 0.0 MB/s | Download: 0.0 MB/s
[96m------------------------------------------------------------[0m
[1m[ BATTERY ][0m [92m99.2%[0m (Charging/Plugged in)
[1m[96m============================================================[0m
[1m[92mData logged to 2026_logs/2026-10-01.jsonl... (Press Ctrl+C to stop)[0m
[1m[96m============================================================[0m
[1mSYSTEM MONITOR V2[0m | Time: 2026-10-01 14:59:49
[96m------------------------------------------------------------[0m
[1m[ CPU ][0m Used: [92m6.2%[0m | Free: 93.8%
[96m------------------------------------------------------------[0m
[1m[ RAM ][0m Used: [92m8.09 GB (54.5%)[0m | Available: 6.75 GB | Total: 14.84 GB
[1m[ SWAP ][0m Used: 0.0 GB (0.0%) | Free: 4.0 GB | Total: 4.0 GB
        [93mTop 5 RAM Processes (Logged 10):[0m
          1. code (PID 8252) - 757.3 MB (4.98%)
          2. code (PID 8588) - 695.28 MB (4.57%)
          3. chrome (PID 7112) - 570.39 MB (3.75%)
          4. code (PID 11526) - 544.63 MB (3.58%)
          5. chrome (PID 6354) - 542.91 MB (3.57%)
[96m------------------------------------------------------------[0m
[1m[ DISK ][0m Used: [92m24.09 GB (2.63%)[0m | Free: 891.74 GB | Total: 915.83 GB
         [93mI/O:[0m Read 0.0 MB/s | Write 0.06 MB/s | Activity: 0.94%
[96m------------------------------------------------------------[0m
[1m[ NET ][0m Upload: 0.01 MB/s | Download: 0.0 MB/s
[96m------------------------------------------------------------[0m
[1m[ BATTERY ][0m [92m99.2%[0m (Charging/Plugged in)
[1m[96m============================================================[0m
[1m[92mData logged to 2026_logs/2026-10-01.jsonl... (Press Ctrl+C to stop)[0m
[1m[96m============================================================[0m
[1mSYSTEM MONITOR V2[0m | Time: 2026-10-01 14:59:54
[96m------------------------------------------------------------[0m
[1m[ CPU ][0m Used: [92m6.9%[0m | Free: 93.1%
[96m------------------------------------------------------------[0m
[1m[ RAM ][0m Used: [92m8.04 GB (54.2%)[0m | Available: 6.8 GB | Total: 14.84 GB
[1m[ SWAP ][0m Used: 0.0 GB (0.0%) | Free: 4.0 GB | Total: 4.0 GB
        [93mTop 5 RAM Processes (Logged 10):[0m
          1. code (PID 8252) - 742.71 MB (4.89%)
          2. code (PID 8588) - 704.78 MB (4.64%)
          3. chrome (PID 7112) - 573.61 MB (3.77%)
          4. code (PID 11526) - 544.71 MB (3.58%)
          5. chrome (PID 6354) - 542.91 MB (3.57%)
[96m------------------------------------------------------------[0m
[1m[ DISK ][0m Used: [92m24.09 GB (2.63%)[0m | Free: 891.74 GB | Total: 915.83 GB
         [93mI/O:[0m Read 0.0 MB/s | Write 0.06 MB/s | Activity: 0.92%
[96m------------------------------------------------------------[0m
[1m[ NET ][0m Upload: 0.0 MB/s | Download: 0.0 MB/s
[96m------------------------------------------------------------[0m
[1m[ BATTERY ][0m [92m99.2%[0m (Charging/Plugged in)
[1m[96m============================================================[0m
[1m[92mData logged to 2026_logs/2026-10-01.jsonl... (Press Ctrl+C to stop)[0m
[1m[96m============================================================[0m
[1mSYSTEM MONITOR V2[0m | Time: 2026-10-01 14:59:59
[96m------------------------------------------------------------[0m
[1m[ CPU ][0m Used: [92m9.7%[0m | Free: 90.3%
        [93mTop 5 (Logged 10):[0m code (2.12%)
[96m------------------------------------------------------------[0m
[1m[ RAM ][0m Used: [92m7.97 GB (53.7%)[0m | Available: 6.87 GB | Total: 14.84 GB
[1m[ SWAP ][0m Used: 0.0 GB (0.0%) | Free: 4.0 GB | Total: 4.0 GB
        [93mTop 5 RAM Processes (Logged 10):[0m
          1. code (PID 8588) - 701.61 MB (4.62%)
          2. code (PID 8252) - 604.81 MB (3.98%)
          3. chrome (PID 7112) - 569.93 MB (3.75%)
          4. code (PID 11526) - 544.8 MB (3.58%)
          5. chrome (PID 6354) - 541.32 MB (3.56%)
[96m------------------------------------------------------------[0m
[1m[ DISK ][0m Used: [92m24.09 GB (2.63%)[0m | Free: 891.74 GB | Total: 915.83 GB
         [93mI/O:[0m Read 0.0 MB/s | Write 0.01 MB/s | Activity: 0.48%
[96m------------------------------------------------------------[0m
[1m[ NET ][0m Upload: 0.01 MB/s | Download: 0.01 MB/s
[96m------------------------------------------------------------[0m
[1m[ BATTERY ][0m [92m99.2%[0m (Charging/Plugged in)
[1m[96m============================================================[0m
[1m[92mData logged to 2026_logs/2026-10-01.jsonl... (Press Ctrl+C to stop)[0m
[1m[96m============================================================[0m
[1mSYSTEM MONITOR V2[0m | Time: 2026-10-01 15:00:04
[96m------------------------------------------------------------[0m
[1m[ CPU ][0m Used: [92m10.3%[0m | Free: 89.7%
        [93mTop 5 (Logged 10):[0m chrome (2.82%)
[96m------------------------------------------------------------[0m
[1m[ RAM ][0m Used: [92m8.05 GB (54.3%)[0m | Available: 6.79 GB | Total: 14.84 GB
[1m[ SWAP ][0m Used: 0.0 GB (0.0%) | Free: 4.0 GB | Total: 4.0 GB
        [93mTop 5 RAM Processes (Logged 10):[0m
          1. code (PID 8588) - 707.98 MB (4.66%)
          2. code (PID 8252) - 623.33 MB (4.1%)
          3. chrome (PID 7112) - 596.82 MB (3.93%)
          4. code (PID 11526) - 544.89 MB (3.58%)
          5. chrome (PID 6354) - 540.14 MB (3.55%)
[96m------------------------------------------------------------[0m
[1m[ DISK ][0m Used: [92m24.09 GB (2.63%)[0m | Free: 891.74 GB | Total: 915.83 GB
         [93mI/O:[0m Read 0.0 MB/s | Write 0.5 MB/s | Activity: 0.8%
[96m------------------------------------------------------------[0m
[1m[ NET ][0m Upload: 0.0 MB/s | Download: 0.0 MB/s
[96m------------------------------------------------------------[0m
[1m[ BATTERY ][0m [92m99.2%[0m (Charging/Plugged in)
[1m[96m============================================================[0m
[1m[92mData logged to 2026_logs/2026-10-01.jsonl... (Press Ctrl+C to stop)[0m
[1m[96m============================================================[0m
[1mSYSTEM MONITOR V2[0m | Time: 2026-10-01 15:00:09
[96m------------------------------------------------------------[0m
[1m[ CPU ][0m Used: [92m7.2%[0m | Free: 92.8%
        [93mTop 5 (Logged 10):[0m chrome (2.81%)
[96m------------------------------------------------------------[0m
[1m[ RAM ][0m Used: [92m8.01 GB (53.9%)[0m | Available: 6.84 GB | Total: 14.84 GB
[1m[ SWAP ][0m Used: 0.0 GB (0.0%) | Free: 4.0 GB | Total: 4.0 GB
        [93mTop 5 RAM Processes (Logged 10):[0m
          1. code (PID 8588) - 714.54 MB (4.7%)
          2. code (PID 8252) - 622.6 MB (4.1%)
          3. chrome (PID 7112) - 619.63 MB (4.08%)
          4. code (PID 11526) - 544.98 MB (3.59%)
          5. chrome (PID 6354) - 537.97 MB (3.54%)
[96m------------------------------------------------------------[0m
[1m[ DISK ][0m Used: [92m24.09 GB (2.63%)[0m | Free: 891.74 GB | Total: 915.83 GB
         [93mI/O:[0m Read 0.0 MB/s | Write 0.62 MB/s | Activity: 0.37%
[96m------------------------------------------------------------[0m
[1m[ NET ][0m Upload: 0.0 MB/s | Download: 0.01 MB/s
[96m------------------------------------------------------------[0m
[1m[ BATTERY ][0m [92m99.2%[0m (Charging/Plugged in)
[1m[96m============================================================[0m
[1m[92mData logged to 2026_logs/2026-10-01.jsonl... (Press Ctrl+C to stop)[0m
[1m[96m============================================================[0m
[1mSYSTEM MONITOR V2[0m | Time: 2026-10-01 15:00:14
[96m------------------------------------------------------------[0m
[1m[ CPU ][0m Used: [92m7.5%[0m | Free: 92.5%
        [93mTop 5 (Logged 10):[0m chrome (3.68%)
[96m------------------------------------------------------------[0m
[1m[ RAM ][0m Used: [92m7.99 GB (53.8%)[0m | Available: 6.86 GB | Total: 14.84 GB
[1m[ SWAP ][0m Used: 0.0 GB (0.0%) | Free: 4.0 GB | Total: 4.0 GB
        [93mTop 5 RAM Processes (Logged 10):[0m
          1. code (PID 8588) - 721.12 MB (4.74%)
          2. chrome (PID 7112) - 637.76 MB (4.2%)
          3. code (PID 8252) - 629.88 MB (4.14%)
          4. code (PID 11526) - 544.25 MB (3.58%)
          5. chrome (PID 6354) - 538.63 MB (3.54%)
[96m------------------------------------------------------------[0m
[1m[ DISK ][0m Used: [92m24.09 GB (2.63%)[0m | Free: 891.74 GB | Total: 915.83 GB
         [93mI/O:[0m Read 0.0 MB/s | Write 0.06 MB/s | Activity: 0.24%
[96m------------------------------------------------------------[0m
[1m[ NET ][0m Upload: 0.0 MB/s | Download: 0.01 MB/s
[96m------------------------------------------------------------[0m
[1m[ BATTERY ][0m [92m99.2%[0m (Charging/Plugged in)
[1m[96m============================================================[0m
[1m[92mData logged to 2026_logs/2026-10-01.jsonl... (Press Ctrl+C to stop)[0m
[1m[96m============================================================[0m
[1mSYSTEM MONITOR V2[0m | Time: 2026-10-01 15:00:19
[96m------------------------------------------------------------[0m
[1m[ CPU ][0m Used: [92m6.4%[0m | Free: 93.6%
        [93mTop 5 (Logged 10):[0m chrome (2.62%)
[96m------------------------------------------------------------[0m
[1m[ RAM ][0m Used: [92m8.01 GB (54.0%)[0m | Available: 6.83 GB | Total: 14.84 GB
[1m[ SWAP ][0m Used: 0.0 GB (0.0%) | Free: 4.0 GB | Total: 4.0 GB
        [93mTop 5 RAM Processes (Logged 10):[0m
          1. code (PID 8588) - 727.72 MB (4.79%)
          2. code (PID 8252) - 641.35 MB (4.22%)
          3. chrome (PID 7112) - 635.11 MB (4.18%)
          4. code (PID 11526) - 544.33 MB (3.58%)
          5. chrome (PID 6354) - 538.03 MB (3.54%)
[96m------------------------------------------------------------[0m
[1m[ DISK ][0m Used: [92m24.09 GB (2.63%)[0m | Free: 891.74 GB | Total: 915.83 GB
         [93mI/O:[0m Read 0.0 MB/s | Write 0.44 MB/s | Activity: 1.12%
[96m------------------------------------------------------------[0m
[1m[ NET ][0m Upload: 0.0 MB/s | Download: 0.0 MB/s
[96m------------------------------------------------------------[0m
[1m[ BATTERY ][0m [92m99.2%[0m (Charging/Plugged in)
[1m[96m============================================================[0m
[1m[92mData logged to 2026_logs/2026-10-01.jsonl... (Press Ctrl+C to stop)[0m
[1m[96m============================================================[0m
[1mSYSTEM MONITOR V2[0m | Time: 2026-10-01 15:00:24
[96m------------------------------------------------------------[0m
[1m[ CPU ][0m Used: [92m8.3%[0m | Free: 91.7%
        [93mTop 5 (Logged 10):[0m chrome (2.93%)
[96m------------------------------------------------------------[0m
[1m[ RAM ][0m Used: [92m7.99 GB (53.8%)[0m | Available: 6.86 GB | Total: 14.84 GB
[1m[ SWAP ][0m Used: 0.0 GB (0.0%) | Free: 4.0 GB | Total: 4.0 GB
        [93mTop 5 RAM Processes (Logged 10):[0m
          1. code (PID 8588) - 674.34 MB (4.44%)
          2. chrome (PID 7112) - 660.38 MB (4.34%)
          3. code (PID 8252) - 640.14 MB (4.21%)
          4. code (PID 11526) - 544.42 MB (3.58%)
          5. chrome (PID 6354) - 538.17 MB (3.54%)
[96m------------------------------------------------------------[0m
[1m[ DISK ][0m Used: [92m24.09 GB (2.63%)[0m | Free: 891.74 GB | Total: 915.83 GB
         [93mI/O:[0m Read 0.0 MB/s | Write 0.11 MB/s | Activity: 0.26%
[96m------------------------------------------------------------[0m
[1m[ NET ][0m Upload: 0.01 MB/s | Download: 0.01 MB/s
[96m------------------------------------------------------------[0m
[1m[ BATTERY ][0m [92m99.2%[0m (Charging/Plugged in)
[1m[96m============================================================[0m
[1m[92mData logged to 2026_logs/2026-10-01.jsonl... (Press Ctrl+C to stop)[0m
[1m[96m============================================================[0m
[1mSYSTEM MONITOR V2[0m | Time: 2026-10-01 15:00:29
[96m------------------------------------------------------------[0m
[1m[ CPU ][0m Used: [92m7.5%[0m | Free: 92.5%
        [93mTop 5 (Logged 10):[0m chrome (3.84%)
[96m------------------------------------------------------------[0m
[1m[ RAM ][0m Used: [92m8.03 GB (54.1%)[0m | Available: 6.81 GB | Total: 14.84 GB
[1m[ SWAP ][0m Used: 0.0 GB (0.0%) | Free: 4.0 GB | Total: 4.0 GB
        [93mTop 5 RAM Processes (Logged 10):[0m
          1. code (PID 8588) - 695.28 MB (4.57%)
          2. chrome (PID 7112) - 671.06 MB (4.42%)
          3. code (PID 8252) - 654.54 MB (4.31%)
          4. code (PID 11526) - 544.5 MB (3.58%)
          5. chrome (PID 6354) - 538.08 MB (3.54%)
[96m------------------------------------------------------------[0m
[1m[ DISK ][0m Used: [92m24.09 GB (2.63%)[0m | Free: 891.74 GB | Total: 915.83 GB
         [93mI/O:[0m Read 0.0 MB/s | Write 0.04 MB/s | Activity: 0.08%
[96m------------------------------------------------------------[0m
[1m[ NET ][0m Upload: 0.01 MB/s | Download: 0.01 MB/s
[96m------------------------------------------------------------[0m
[1m[ BATTERY ][0m [92m99.2%[0m (Charging/Plugged in)
[1m[96m============================================================[0m
[1m[92mData logged to 2026_logs/2026-10-01.jsonl... (Press Ctrl+C to stop)[0m
[1m[96m============================================================[0m
[1mSYSTEM MONITOR V2[0m | Time: 2026-10-01 15:00:34
[96m------------------------------------------------------------[0m
[1m[ CPU ][0m Used: [92m8.2%[0m | Free: 91.8%
        [93mTop 5 (Logged 10):[0m chrome (3.47%)
[96m------------------------------------------------------------[0m
[1m[ RAM ][0m Used: [92m8.03 GB (54.1%)[0m | Available: 6.82 GB | Total: 14.84 GB
[1m[ SWAP ][0m Used: 0.0 GB (0.0%) | Free: 4.0 GB | Total: 4.0 GB
        [93mTop 5 RAM Processes (Logged 10):[0m
          1. code (PID 8588) - 701.38 MB (4.61%)
          2. chrome (PID 7112) - 672.13 MB (4.42%)
          3. code (PID 8252) - 668.57 MB (4.4%)
          4. code (PID 11526) - 544.59 MB (3.58%)
          5. chrome (PID 6354) - 536.79 MB (3.53%)
[96m------------------------------------------------------------[0m
[1m[ DISK ][0m Used: [92m24.09 GB (2.63%)[0m | Free: 891.74 GB | Total: 915.83 GB
         [93mI/O:[0m Read 0.0 MB/s | Write 4.11 MB/s | Activity: 1.03%
[96m------------------------------------------------------------[0m
[1m[ NET ][0m Upload: 0.0 MB/s | Download: 0.0 MB/s
[96m------------------------------------------------------------[0m
[1m[ BATTERY ][0m [92m99.2%[0m (Charging/Plugged in)
[1m[96m============================================================[0m
[1m[92mData logged to 2026_logs/2026-10-01.jsonl... (Press Ctrl+C to stop)[0m
[1m[96m============================================================[0m
[1mSYSTEM MONITOR V2[0m | Time: 2026-10-01 15:00:39
[96m------------------------------------------------------------[0m
[1m[ CPU ][0m Used: [92m8.3%[0m | Free: 91.7%
        [93mTop 5 (Logged 10):[0m chrome (4.4%)
[96m------------------------------------------------------------[0m
[1m[ RAM ][0m Used: [92m8.03 GB (54.1%)[0m | Available: 6.81 GB | Total: 14.84 GB
[1m[ SWAP ][0m Used: 0.0 GB (0.0%) | Free: 4.0 GB | Total: 4.0 GB
        [93mTop 5 RAM Processes (Logged 10):[0m
          1. code (PID 8588) - 708.16 MB (4.66%)
          2. chrome (PID 7112) - 672.71 MB (4.43%)
          3. code (PID 8252) - 671.41 MB (4.42%)
          4. code (PID 11526) - 544.67 MB (3.58%)
          5. chrome (PID 6354) - 536.77 MB (3.53%)
[96m------------------------------------------------------------[0m
[1m[ DISK ][0m Used: [92m24.09 GB (2.63%)[0m | Free: 891.74 GB | Total: 915.83 GB
         [93mI/O:[0m Read 0.0 MB/s | Write 0.02 MB/s | Activity: 1.69%
[96m------------------------------------------------------------[0m
[1m[ NET ][0m Upload: 0.0 MB/s | Download: 0.0 MB/s
[96m------------------------------------------------------------[0m
[1m[ BATTERY ][0m [92m99.2%[0m (Charging/Plugged in)
[1m[96m============================================================[0m
[1m[92mData logged to 2026_logs/2026-10-01.jsonl... (Press Ctrl+C to stop)[0m
[1m[96m============================================================[0m
[1mSYSTEM MONITOR V2[0m | Time: 2026-10-01 15:00:44
[96m------------------------------------------------------------[0m
[1m[ CPU ][0m Used: [92m8.8%[0m | Free: 91.2%
        [93mTop 5 (Logged 10):[0m chrome (3.62%)
[96m------------------------------------------------------------[0m
[1m[ RAM ][0m Used: [92m8.09 GB (54.5%)[0m | Available: 6.75 GB | Total: 14.84 GB
[1m[ SWAP ][0m Used: 0.0 GB (0.0%) | Free: 4.0 GB | Total: 4.0 GB
        [93mTop 5 RAM Processes (Logged 10):[0m
          1. code (PID 8588) - 717.79 MB (4.72%)
          2. chrome (PID 7112) - 677.57 MB (4.46%)
          3. code (PID 8252) - 672.27 MB (4.42%)
          4. code (PID 11526) - 544.75 MB (3.58%)
          5. chrome (PID 6354) - 536.25 MB (3.53%)
[96m------------------------------------------------------------[0m
[1m[ DISK ][0m Used: [92m24.09 GB (2.63%)[0m | Free: 891.74 GB | Total: 915.83 GB
         [93mI/O:[0m Read 0.0 MB/s | Write 0.01 MB/s | Activity: 0.83%
[96m------------------------------------------------------------[0m
[1m[ NET ][0m Upload: 0.0 MB/s | Download: 0.0 MB/s
[96m------------------------------------------------------------[0m
[1m[ BATTERY ][0m [92m99.2%[0m (Charging/Plugged in)
[1m[96m============================================================[0m
[1m[92mData logged to 2026_logs/2026-10-01.jsonl... (Press Ctrl+C to stop)[0m
[1m[96m============================================================[0m
[1mSYSTEM MONITOR V2[0m | Time: 2026-10-01 15:00:50
[96m------------------------------------------------------------[0m
[1m[ CPU ][0m Used: [92m10.4%[0m | Free: 89.6%
        [93mTop 5 (Logged 10):[0m chrome (5.08%)
[96m------------------------------------------------------------[0m
[1m[ RAM ][0m Used: [92m8.12 GB (54.7%)[0m | Available: 6.73 GB | Total: 14.84 GB
[1m[ SWAP ][0m Used: 0.0 GB (0.0%) | Free: 4.0 GB | Total: 4.0 GB
        [93mTop 5 RAM Processes (Logged 10):[0m
          1. code (PID 8588) - 727.48 MB (4.79%)
          2. chrome (PID 7112) - 685.59 MB (4.51%)
          3. code (PID 8252) - 675.95 MB (4.45%)
          4. code (PID 11526) - 544.84 MB (3.58%)
          5. chrome (PID 6354) - 536.36 MB (3.53%)
[96m------------------------------------------------------------[0m
[1m[ DISK ][0m Used: [92m24.09 GB (2.63%)[0m | Free: 891.74 GB | Total: 915.83 GB
         [93mI/O:[0m Read 0.0 MB/s | Write 0.5 MB/s | Activity: 1.84%
[96m------------------------------------------------------------[0m
[1m[ NET ][0m Upload: 0.0 MB/s | Download: 0.02 MB/s
[96m------------------------------------------------------------[0m
[1m[ BATTERY ][0m [92m99.2%[0m (Charging/Plugged in)
[1m[96m============================================================[0m
[1m[92mData logged to 2026_logs/2026-10-01.jsonl... (Press Ctrl+C to stop)[0m
[1m[96m============================================================[0m
[1mSYSTEM MONITOR V2[0m | Time: 2026-10-01 15:00:55
[96m------------------------------------------------------------[0m
[1m[ CPU ][0m Used: [92m11.1%[0m | Free: 88.9%
        [93mTop 5 (Logged 10):[0m chrome (3.07%)
[96m------------------------------------------------------------[0m
[1m[ RAM ][0m Used: [92m8.0 GB (53.9%)[0m | Available: 6.84 GB | Total: 14.84 GB
[1m[ SWAP ][0m Used: 0.0 GB (0.0%) | Free: 4.0 GB | Total: 4.0 GB
        [93mTop 5 RAM Processes (Logged 10):[0m
          1. code (PID 8588) - 716.5 MB (4.71%)
          2. code (PID 8252) - 678.77 MB (4.47%)
          3. chrome (PID 7112) - 663.28 MB (4.36%)
          4. code (PID 11526) - 544.93 MB (3.59%)
          5. chrome (PID 6354) - 539.44 MB (3.55%)
[96m------------------------------------------------------------[0m
[1m[ DISK ][0m Used: [92m24.09 GB (2.63%)[0m | Free: 891.74 GB | Total: 915.83 GB
         [93mI/O:[0m Read 0.0 MB/s | Write 0.22 MB/s | Activity: 0.46%
[96m------------------------------------------------------------[0m
[1m[ NET ][0m Upload: 0.01 MB/s | Download: 0.0 MB/s
[96m------------------------------------------------------------[0m
[1m[ BATTERY ][0m [92m99.2%[0m (Charging/Plugged in)
[1m[96m============================================================[0m
[1m[92mData logged to 2026_logs/2026-10-01.jsonl... (Press Ctrl+C to stop)[0m
[1m[96m============================================================[0m
[1mSYSTEM MONITOR V2[0m | Time: 2026-10-01 15:01:00
[96m------------------------------------------------------------[0m
[1m[ CPU ][0m Used: [92m8.6%[0m | Free: 91.4%
        [93mTop 5 (Logged 10):[0m chrome (2.28%)
[96m------------------------------------------------------------[0m
[1m[ RAM ][0m Used: [92m8.04 GB (54.2%)[0m | Available: 6.8 GB | Total: 14.84 GB
[1m[ SWAP ][0m Used: 0.0 GB (0.0%) | Free: 4.0 GB | Total: 4.0 GB
        [93mTop 5 RAM Processes (Logged 10):[0m
          1. code (PID 8588) - 722.97 MB (4.76%)
          2. code (PID 8252) - 675.3 MB (4.44%)
          3. chrome (PID 7112) - 663.08 MB (4.36%)
          4. code (PID 11526) - 545.02 MB (3.59%)
          5. chrome (PID 6354) - 539.24 MB (3.55%)
[96m------------------------------------------------------------[0m
[1m[ DISK ][0m Used: [92m24.09 GB (2.63%)[0m | Free: 891.74 GB | Total: 915.83 GB
         [93mI/O:[0m Read 0.0 MB/s | Write 0.02 MB/s | Activity: 0.92%
[96m------------------------------------------------------------[0m
[1m[ NET ][0m Upload: 0.0 MB/s | Download: 0.0 MB/s
[96m------------------------------------------------------------[0m
[1m[ BATTERY ][0m [92m99.2%[0m (Charging/Plugged in)
[1m[96m============================================================[0m
[1m[92mData logged to 2026_logs/2026-10-01.jsonl... (Press Ctrl+C to stop)[0m
[1m[96m============================================================[0m
[1mSYSTEM MONITOR V2[0m | Time: 2026-10-01 15:01:05
[96m------------------------------------------------------------[0m
[1m[ CPU ][0m Used: [92m6.8%[0m | Free: 93.2%
[96m------------------------------------------------------------[0m
[1m[ RAM ][0m Used: [92m8.02 GB (54.0%)[0m | Available: 6.82 GB | Total: 14.84 GB
[1m[ SWAP ][0m Used: 0.0 GB (0.0%) | Free: 4.0 GB | Total: 4.0 GB
        [93mTop 5 RAM Processes (Logged 10):[0m
          1. code (PID 8588) - 729.01 MB (4.8%)
          2. code (PID 8252) - 691.88 MB (4.55%)
          3. chrome (PID 7112) - 658.27 MB (4.33%)
          4. code (PID 11526) - 544.29 MB (3.58%)
          5. chrome (PID 6354) - 538.77 MB (3.54%)
[96m------------------------------------------------------------[0m
[1m[ DISK ][0m Used: [92m24.09 GB (2.63%)[0m | Free: 891.74 GB | Total: 915.83 GB
         [93mI/O:[0m Read 0.0 MB/s | Write 0.6 MB/s | Activity: 0.24%
[96m------------------------------------------------------------[0m
[1m[ NET ][0m Upload: 0.0 MB/s | Download: 0.0 MB/s
[96m------------------------------------------------------------[0m
[1m[ BATTERY ][0m [92m99.2%[0m (Charging/Plugged in)
[1m[96m============================================================[0m
[1m[92mData logged to 2026_logs/2026-10-01.jsonl... (Press Ctrl+C to stop)[0m
[1m[96m============================================================[0m
[1mSYSTEM MONITOR V2[0m | Time: 2026-10-01 15:01:10
[96m------------------------------------------------------------[0m
[1m[ CPU ][0m Used: [92m9.0%[0m | Free: 91.0%
[96m------------------------------------------------------------[0m
[1m[ RAM ][0m Used: [92m7.96 GB (53.7%)[0m | Available: 6.88 GB | Total: 14.84 GB
[1m[ SWAP ][0m Used: 0.0 GB (0.0%) | Free: 4.0 GB | Total: 4.0 GB
        [93mTop 5 RAM Processes (Logged 10):[0m
          1. code (PID 8252) - 684.46 MB (4.5%)
          2. code (PID 8588) - 660.98 MB (4.35%)
          3. chrome (PID 7112) - 659.41 MB (4.34%)
          4. code (PID 11526) - 544.38 MB (3.58%)
          5. chrome (PID 6354) - 541.33 MB (3.56%)
[96m------------------------------------------------------------[0m
[1m[ DISK ][0m Used: [92m24.09 GB (2.63%)[0m | Free: 891.74 GB | Total: 915.83 GB
         [93mI/O:[0m Read 0.0 MB/s | Write 0.08 MB/s | Activity: 0.25%
[96m------------------------------------------------------------[0m
[1m[ NET ][0m Upload: 0.0 MB/s | Download: 0.0 MB/s
[96m------------------------------------------------------------[0m
[1m[ BATTERY ][0m [92m99.2%[0m (Charging/Plugged in)
[1m[96m============================================================[0m
[1m[92mData logged to 2026_logs/2026-10-01.jsonl... (Press Ctrl+C to stop)[0m
[1m[96m============================================================[0m
[1mSYSTEM MONITOR V2[0m | Time: 2026-10-01 15:01:15
[96m------------------------------------------------------------[0m
[1m[ CPU ][0m Used: [92m7.6%[0m | Free: 92.4%
        [93mTop 5 (Logged 10):[0m chrome (3.95%)
[96m------------------------------------------------------------[0m
[1m[ RAM ][0m Used: [92m7.95 GB (53.5%)[0m | Available: 6.9 GB | Total: 14.84 GB
[1m[ SWAP ][0m Used: 0.0 GB (0.0%) | Free: 4.0 GB | Total: 4.0 GB
        [93mTop 5 RAM Processes (Logged 10):[0m
          1. code (PID 8252) - 693.09 MB (4.56%)
          2. code (PID 8588) - 666.63 MB (4.39%)
          3. chrome (PID 7112) - 656.85 MB (4.32%)
          4. code (PID 11526) - 544.46 MB (3.58%)
          5. chrome (PID 6354) - 538.81 MB (3.54%)
[96m------------------------------------------------------------[0m
[1m[ DISK ][0m Used: [92m24.09 GB (2.63%)[0m | Free: 891.74 GB | Total: 915.83 GB
         [93mI/O:[0m Read 0.0 MB/s | Write 0.04 MB/s | Activity: 0.99%
[96m------------------------------------------------------------[0m
[1m[ NET ][0m Upload: 0.0 MB/s | Download: 0.0 MB/s
[96m------------------------------------------------------------[0m
[1m[ BATTERY ][0m [92m99.2%[0m (Charging/Plugged in)
[1m[96m============================================================[0m
[1m[92mData logged to 2026_logs/2026-10-01.jsonl... (Press Ctrl+C to stop)[0m
[1m[96m============================================================[0m
[1mSYSTEM MONITOR V2[0m | Time: 2026-10-01 15:01:20
[96m------------------------------------------------------------[0m
[1m[ CPU ][0m Used: [92m7.4%[0m | Free: 92.6%
        [93mTop 5 (Logged 10):[0m chrome (4.13%)
[96m------------------------------------------------------------[0m
[1m[ RAM ][0m Used: [92m7.97 GB (53.7%)[0m | Available: 6.88 GB | Total: 14.84 GB
[1m[ SWAP ][0m Used: 0.0 GB (0.0%) | Free: 4.0 GB | Total: 4.0 GB
        [93mTop 5 RAM Processes (Logged 10):[0m
          1. code (PID 8252) - 701.07 MB (4.61%)
          2. code (PID 8588) - 673.3 MB (4.43%)
          3. chrome (PID 7112) - 672.16 MB (4.42%)
          4. code (PID 11526) - 544.54 MB (3.58%)
          5. chrome (PID 6354) - 538.62 MB (3.54%)
[96m------------------------------------------------------------[0m
[1m[ DISK ][0m Used: [92m24.09 GB (2.63%)[0m | Free: 891.74 GB | Total: 915.83 GB
         [93mI/O:[0m Read 0.0 MB/s | Write 0.49 MB/s | Activity: 0.94%
[96m------------------------------------------------------------[0m
[1m[ NET ][0m Upload: 0.0 MB/s | Download: 0.0 MB/s
[96m------------------------------------------------------------[0m
[1m[ BATTERY ][0m [92m99.2%[0m (Charging/Plugged in)
[1m[96m============================================================[0m
[1m[92mData logged to 2026_logs/2026-10-01.jsonl... (Press Ctrl+C to stop)[0m
[1m[96m============================================================[0m
[1mSYSTEM MONITOR V2[0m | Time: 2026-10-01 15:01:25
[96m------------------------------------------------------------[0m
[1m[ CPU ][0m Used: [92m14.8%[0m | Free: 85.2%
        [93mTop 5 (Logged 10):[0m chrome (11.03%)
[96m------------------------------------------------------------[0m
[1m[ RAM ][0m Used: [92m8.06 GB (54.3%)[0m | Available: 6.78 GB | Total: 14.84 GB
[1m[ SWAP ][0m Used: 0.0 GB (0.0%) | Free: 4.0 GB | Total: 4.0 GB
        [93mTop 5 RAM Processes (Logged 10):[0m
          1. chrome (PID 7112) - 747.97 MB (4.92%)
          2. code (PID 8252) - 699.04 MB (4.6%)
          3. code (PID 8588) - 681.02 MB (4.48%)
          4. code (PID 11526) - 544.63 MB (3.58%)
          5. chrome (PID 6354) - 538.87 MB (3.55%)
[96m------------------------------------------------------------[0m
[1m[ DISK ][0m Used: [92m24.09 GB (2.63%)[0m | Free: 891.74 GB | Total: 915.83 GB
         [93mI/O:[0m Read 0.0 MB/s | Write 0.09 MB/s | Activity: 1.09%
[96m------------------------------------------------------------[0m
[1m[ NET ][0m Upload: 0.01 MB/s | Download: 0.01 MB/s
[96m------------------------------------------------------------[0m
[1m[ BATTERY ][0m [92m99.2%[0m (Charging/Plugged in)
[1m[96m============================================================[0m
[1m[92mData logged to 2026_logs/2026-10-01.jsonl... (Press Ctrl+C to stop)[0m
[1m[96m============================================================[0m
[1mSYSTEM MONITOR V2[0m | Time: 2026-10-01 15:01:30
[96m------------------------------------------------------------[0m
[1m[ CPU ][0m Used: [92m7.8%[0m | Free: 92.2%
        [93mTop 5 (Logged 10):[0m chrome (4.8%)
[96m------------------------------------------------------------[0m
[1m[ RAM ][0m Used: [92m8.05 GB (54.2%)[0m | Available: 6.8 GB | Total: 14.84 GB
[1m[ SWAP ][0m Used: 0.0 GB (0.0%) | Free: 4.0 GB | Total: 4.0 GB
        [93mTop 5 RAM Processes (Logged 10):[0m
          1. chrome (PID 7112) - 746.06 MB (4.91%)
          2. code (PID 8252) - 703.68 MB (4.63%)
          3. code (PID 8588) - 690.15 MB (4.54%)
          4. code (PID 11526) - 544.71 MB (3.58%)
          5. chrome (PID 6354) - 538.39 MB (3.54%)
[96m------------------------------------------------------------[0m
[1m[ DISK ][0m Used: [92m24.09 GB (2.63%)[0m | Free: 891.74 GB | Total: 915.83 GB
         [93mI/O:[0m Read 0.0 MB/s | Write 0.13 MB/s | Activity: 0.98%
[96m------------------------------------------------------------[0m
[1m[ NET ][0m Upload: 0.0 MB/s | Download: 0.0 MB/s
[96m------------------------------------------------------------[0m
[1m[ BATTERY ][0m [92m99.2%[0m (Charging/Plugged in)
[1m[96m============================================================[0m
[1m[92mData logged to 2026_logs/2026-10-01.jsonl... (Press Ctrl+C to stop)[0m
[1m[96m============================================================[0m
[1mSYSTEM MONITOR V2[0m | Time: 2026-10-01 15:01:35
[96m------------------------------------------------------------[0m
[1m[ CPU ][0m Used: [92m8.1%[0m | Free: 91.9%
        [93mTop 5 (Logged 10):[0m chrome (4.15%)
[96m------------------------------------------------------------[0m
[1m[ RAM ][0m Used: [92m8.03 GB (54.1%)[0m | Available: 6.81 GB | Total: 14.84 GB
[1m[ SWAP ][0m Used: 0.0 GB (0.0%) | Free: 4.0 GB | Total: 4.0 GB
        [93mTop 5 RAM Processes (Logged 10):[0m
          1. chrome (PID 7112) - 750.52 MB (4.94%)
          2. code (PID 8252) - 711.29 MB (4.68%)
          3. code (PID 8588) - 699.91 MB (4.6%)
          4. code (PID 11526) - 544.8 MB (3.58%)
          5. chrome (PID 6354) - 538.84 MB (3.55%)
[96m------------------------------------------------------------[0m
[1m[ DISK ][0m Used: [92m24.09 GB (2.63%)[0m | Free: 891.74 GB | Total: 915.83 GB
         [93mI/O:[0m Read 0.0 MB/s | Write 0.53 MB/s | Activity: 1.86%
[96m------------------------------------------------------------[0m
[1m[ NET ][0m Upload: 0.0 MB/s | Download: 0.0 MB/s
[96m------------------------------------------------------------[0m
[1m[ BATTERY ][0m [92m99.2%[0m (Charging/Plugged in)
[1m[96m============================================================[0m
[1m[92mData logged to 2026_logs/2026-10-01.jsonl... (Press Ctrl+C to stop)[0m
[1m[96m============================================================[0m
[1mSYSTEM MONITOR V2[0m | Time: 2026-10-01 15:01:40
[96m------------------------------------------------------------[0m
[1m[ CPU ][0m Used: [92m7.6%[0m | Free: 92.4%
        [93mTop 5 (Logged 10):[0m chrome (2.97%)
[96m------------------------------------------------------------[0m
[1m[ RAM ][0m Used: [92m8.02 GB (54.0%)[0m | Available: 6.83 GB | Total: 14.84 GB
[1m[ SWAP ][0m Used: 0.0 GB (0.0%) | Free: 4.0 GB | Total: 4.0 GB
        [93mTop 5 RAM Processes (Logged 10):[0m
          1. chrome (PID 7112) - 749.57 MB (4.93%)
          2. code (PID 8252) - 702.0 MB (4.62%)
          3. code (PID 8588) - 691.81 MB (4.55%)
          4. code (PID 11526) - 544.88 MB (3.58%)
          5. chrome (PID 6354) - 538.6 MB (3.54%)
[96m------------------------------------------------------------[0m
[1m[ DISK ][0m Used: [92m24.09 GB (2.63%)[0m | Free: 891.74 GB | Total: 915.83 GB
         [93mI/O:[0m Read 0.0 MB/s | Write 0.0 MB/s | Activity: 0.76%
[96m------------------------------------------------------------[0m
[1m[ NET ][0m Upload: 0.0 MB/s | Download: 0.0 MB/s
[96m------------------------------------------------------------[0m
[1m[ BATTERY ][0m [92m99.2%[0m (Charging/Plugged in)
[1m[96m============================================================[0m
[1m[92mData logged to 2026_logs/2026-10-01.jsonl... (Press Ctrl+C to stop)[0m
[1m[96m============================================================[0m
[1mSYSTEM MONITOR V2[0m | Time: 2026-10-01 15:01:45
[96m------------------------------------------------------------[0m
[1m[ CPU ][0m Used: [92m5.6%[0m | Free: 94.4%
        [93mTop 5 (Logged 10):[0m chrome (2.5%)
[96m------------------------------------------------------------[0m
[1m[ RAM ][0m Used: [92m8.07 GB (54.4%)[0m | Available: 6.77 GB | Total: 14.84 GB
[1m[ SWAP ][0m Used: 0.0 GB (0.0%) | Free: 4.0 GB | Total: 4.0 GB
        [93mTop 5 RAM Processes (Logged 10):[0m
          1. chrome (PID 7112) - 749.43 MB (4.93%)
          2. code (PID 8252) - 709.46 MB (4.67%)
          3. code (PID 8588) - 685.12 MB (4.51%)
          4. code (PID 11526) - 544.97 MB (3.59%)
          5. chrome (PID 6354) - 535.76 MB (3.52%)
[96m------------------------------------------------------------[0m
[1m[ DISK ][0m Used: [92m24.09 GB (2.63%)[0m | Free: 891.74 GB | Total: 915.83 GB
         [93mI/O:[0m Read 0.0 MB/s | Write 0.02 MB/s | Activity: 1.57%
[96m------------------------------------------------------------[0m
[1m[ NET ][0m Upload: 0.0 MB/s | Download: 0.0 MB/s
[96m------------------------------------------------------------[0m
[1m[ BATTERY ][0m [92m99.2%[0m (Charging/Plugged in)
[1m[96m============================================================[0m
[1m[92mData logged to 2026_logs/2026-10-01.jsonl... (Press Ctrl+C to stop)[0m
[1m[96m============================================================[0m
[1mSYSTEM MONITOR V2[0m | Time: 2026-10-01 15:01:50
[96m------------------------------------------------------------[0m
[1m[ CPU ][0m Used: [92m6.8%[0m | Free: 93.2%
        [93mTop 5 (Logged 10):[0m chrome (2.88%)
[96m------------------------------------------------------------[0m
[1m[ RAM ][0m Used: [92m8.1 GB (54.6%)[0m | Available: 6.74 GB | Total: 14.84 GB
[1m[ SWAP ][0m Used: 0.0 GB (0.0%) | Free: 4.0 GB | Total: 4.0 GB
        [93mTop 5 RAM Processes (Logged 10):[0m
          1. chrome (PID 7112) - 744.96 MB (4.9%)
          2. code (PID 8252) - 715.51 MB (4.71%)
          3. code (PID 8588) - 692.04 MB (4.55%)
          4. code (PID 11526) - 545.07 MB (3.59%)
          5. chrome (PID 6354) - 536.28 MB (3.53%)
[96m------------------------------------------------------------[0m
[1m[ DISK ][0m Used: [92m24.09 GB (2.63%)[0m | Free: 891.74 GB | Total: 915.83 GB
         [93mI/O:[0m Read 0.0 MB/s | Write 0.47 MB/s | Activity: 1.66%
[96m------------------------------------------------------------[0m
[1m[ NET ][0m Upload: 0.01 MB/s | Download: 0.01 MB/s
[96m------------------------------------------------------------[0m
[1m[ BATTERY ][0m [92m99.2%[0m (Charging/Plugged in)
[1m[96m============================================================[0m
[1m[92mData logged to 2026_logs/2026-10-01.jsonl... (Press Ctrl+C to stop)[0m
[1m[96m============================================================[0m
[1mSYSTEM MONITOR V2[0m | Time: 2026-10-01 15:01:55
[96m------------------------------------------------------------[0m
[1m[ CPU ][0m Used: [92m7.3%[0m | Free: 92.7%
        [93mTop 5 (Logged 10):[0m chrome (3.12%)
[96m------------------------------------------------------------[0m
[1m[ RAM ][0m Used: [92m8.05 GB (54.2%)[0m | Available: 6.79 GB | Total: 14.84 GB
[1m[ SWAP ][0m Used: 0.0 GB (0.0%) | Free: 4.0 GB | Total: 4.0 GB
        [93mTop 5 RAM Processes (Logged 10):[0m
          1. chrome (PID 7112) - 732.76 MB (4.82%)
          2. code (PID 8252) - 714.72 MB (4.7%)
          3. code (PID 8588) - 657.02 MB (4.32%)
          4. code (PID 11526) - 544.55 MB (3.58%)
          5. chrome (PID 6354) - 535.95 MB (3.53%)
[96m------------------------------------------------------------[0m
[1m[ DISK ][0m Used: [92m24.09 GB (2.63%)[0m | Free: 891.74 GB | Total: 915.83 GB
         [93mI/O:[0m Read 0.0 MB/s | Write 0.05 MB/s | Activity: 1.02%
[96m------------------------------------------------------------[0m
[1m[ NET ][0m Upload: 0.0 MB/s | Download: 0.0 MB/s
[96m------------------------------------------------------------[0m
[1m[ BATTERY ][0m [92m99.2%[0m (Charging/Plugged in)
[1m[96m============================================================[0m
[1m[92mData logged to 2026_logs/2026-10-01.jsonl... (Press Ctrl+C to stop)[0m
[1m[96m============================================================[0m
[1mSYSTEM MONITOR V2[0m | Time: 2026-10-01 15:02:00
[96m------------------------------------------------------------[0m
[1m[ CPU ][0m Used: [92m6.5%[0m | Free: 93.5%
        [93mTop 5 (Logged 10):[0m chrome (2.68%)
[96m------------------------------------------------------------[0m
[1m[ RAM ][0m Used: [92m8.03 GB (54.1%)[0m | Available: 6.81 GB | Total: 14.84 GB
[1m[ SWAP ][0m Used: 0.0 GB (0.0%) | Free: 4.0 GB | Total: 4.0 GB
        [93mTop 5 RAM Processes (Logged 10):[0m
          1. chrome (PID 7112) - 731.02 MB (4.81%)
          2. code (PID 8252) - 720.22 MB (4.74%)
          3. code (PID 8588) - 662.37 MB (4.36%)
          4. code (PID 11526) - 544.64 MB (3.58%)
          5. chrome (PID 6354) - 535.59 MB (3.52%)
[96m------------------------------------------------------------[0m
[1m[ DISK ][0m Used: [92m24.09 GB (2.63%)[0m | Free: 891.74 GB | Total: 915.83 GB
         [93mI/O:[0m Read 0.0 MB/s | Write 0.0 MB/s | Activity: 0.78%
[96m------------------------------------------------------------[0m
[1m[ NET ][0m Upload: 0.01 MB/s | Download: 0.0 MB/s
[96m------------------------------------------------------------[0m
[1m[ BATTERY ][0m [92m99.2%[0m (Charging/Plugged in)
[1m[96m============================================================[0m
[1m[92mData logged to 2026_logs/2026-10-01.jsonl... (Press Ctrl+C to stop)[0m
[1m[96m============================================================[0m
[1mSYSTEM MONITOR V2[0m | Time: 2026-10-01 15:02:06
[96m------------------------------------------------------------[0m
[1m[ CPU ][0m Used: [92m6.1%[0m | Free: 93.9%
        [93mTop 5 (Logged 10):[0m chrome (2.62%)
[96m------------------------------------------------------------[0m
[1m[ RAM ][0m Used: [92m8.06 GB (54.3%)[0m | Available: 6.78 GB | Total: 14.84 GB
[1m[ SWAP ][0m Used: 0.0 GB (0.0%) | Free: 4.0 GB | Total: 4.0 GB
        [93mTop 5 RAM Processes (Logged 10):[0m
          1. code (PID 8252) - 727.09 MB (4.78%)
          2. chrome (PID 7112) - 720.88 MB (4.74%)
          3. code (PID 8588) - 672.21 MB (4.42%)
          4. code (PID 11526) - 544.76 MB (3.58%)
          5. chrome (PID 6354) - 535.84 MB (3.53%)
[96m------------------------------------------------------------[0m
[1m[ DISK ][0m Used: [92m24.09 GB (2.63%)[0m | Free: 891.74 GB | Total: 915.83 GB
         [93mI/O:[0m Read 0.0 MB/s | Write 0.62 MB/s | Activity: 0.9%
[96m------------------------------------------------------------[0m
[1m[ NET ][0m Upload: 0.0 MB/s | Download: 0.0 MB/s
[96m------------------------------------------------------------[0m
[1m[ BATTERY ][0m [92m99.2%[0m (Charging/Plugged in)
[1m[96m============================================================[0m
[1m[92mData logged to 2026_logs/2026-10-01.jsonl... (Press Ctrl+C to stop)[0m
[1m[96m============================================================[0m
[1mSYSTEM MONITOR V2[0m | Time: 2026-10-01 15:02:11
[96m------------------------------------------------------------[0m
[1m[ CPU ][0m Used: [92m8.0%[0m | Free: 92.0%
        [93mTop 5 (Logged 10):[0m chrome (3.79%)
[96m------------------------------------------------------------[0m
[1m[ RAM ][0m Used: [92m8.05 GB (54.2%)[0m | Available: 6.8 GB | Total: 14.84 GB
[1m[ SWAP ][0m Used: 0.0 GB (0.0%) | Free: 4.0 GB | Total: 4.0 GB
        [93mTop 5 RAM Processes (Logged 10):[0m
          1. chrome (PID 7112) - 720.0 MB (4.74%)
          2. code (PID 8252) - 707.38 MB (4.65%)
          3. code (PID 8588) - 671.88 MB (4.42%)
          4. code (PID 11526) - 544.84 MB (3.58%)
          5. chrome (PID 6354) - 535.77 MB (3.52%)
[96m------------------------------------------------------------[0m
[1m[ DISK ][0m Used: [92m24.09 GB (2.63%)[0m | Free: 891.74 GB | Total: 915.83 GB
         [93mI/O:[0m Read 0.0 MB/s | Write 0.07 MB/s | Activity: 1.17%
[96m------------------------------------------------------------[0m
[1m[ NET ][0m Upload: 0.0 MB/s | Download: 0.0 MB/s
[96m------------------------------------------------------------[0m
[1m[ BATTERY ][0m [92m99.2%[0m (Charging/Plugged in)
[1m[96m============================================================[0m
[1m[92mData logged to 2026_logs/2026-10-01.jsonl... (Press Ctrl+C to stop)[0m
[1m[96m============================================================[0m
[1mSYSTEM MONITOR V2[0m | Time: 2026-10-01 15:02:16
[96m------------------------------------------------------------[0m
[1m[ CPU ][0m Used: [92m7.9%[0m | Free: 92.1%
        [93mTop 5 (Logged 10):[0m chrome (2.57%)
[96m------------------------------------------------------------[0m
[1m[ RAM ][0m Used: [92m7.95 GB (53.5%)[0m | Available: 6.9 GB | Total: 14.84 GB
[1m[ SWAP ][0m Used: 0.0 GB (0.0%) | Free: 4.0 GB | Total: 4.0 GB
        [93mTop 5 RAM Processes (Logged 10):[0m
          1. chrome (PID 7112) - 715.08 MB (4.7%)
          2. code (PID 8588) - 674.23 MB (4.44%)
          3. code (PID 8252) - 612.37 MB (4.03%)
          4. code (PID 11526) - 544.93 MB (3.59%)
          5. chrome (PID 6354) - 535.44 MB (3.52%)
[96m------------------------------------------------------------[0m
[1m[ DISK ][0m Used: [92m24.09 GB (2.63%)[0m | Free: 891.74 GB | Total: 915.83 GB
         [93mI/O:[0m Read 0.0 MB/s | Write 0.03 MB/s | Activity: 1.75%
[96m------------------------------------------------------------[0m
[1m[ NET ][0m Upload: 0.0 MB/s | Download: 0.0 MB/s
[96m------------------------------------------------------------[0m
[1m[ BATTERY ][0m [92m99.2%[0m (Charging/Plugged in)
[1m[96m============================================================[0m
[1m[92mData logged to 2026_logs/2026-10-01.jsonl... (Press Ctrl+C to stop)[0m
[1m[96m============================================================[0m
[1mSYSTEM MONITOR V2[0m | Time: 2026-10-01 15:02:21
[96m------------------------------------------------------------[0m
[1m[ CPU ][0m Used: [92m7.2%[0m | Free: 92.8%
        [93mTop 5 (Logged 10):[0m chrome (2.52%)
[96m------------------------------------------------------------[0m
[1m[ RAM ][0m Used: [92m7.94 GB (53.5%)[0m | Available: 6.9 GB | Total: 14.84 GB
[1m[ SWAP ][0m Used: 0.0 GB (0.0%) | Free: 4.0 GB | Total: 4.0 GB
        [93mTop 5 RAM Processes (Logged 10):[0m
          1. chrome (PID 7112) - 714.8 MB (4.7%)
          2. code (PID 8588) - 680.91 MB (4.48%)
          3. code (PID 8252) - 625.89 MB (4.12%)
          4. code (PID 11526) - 545.01 MB (3.59%)
          5. chrome (PID 6354) - 535.44 MB (3.52%)
[96m------------------------------------------------------------[0m
[1m[ DISK ][0m Used: [92m24.09 GB (2.63%)[0m | Free: 891.74 GB | Total: 915.83 GB
         [93mI/O:[0m Read 0.0 MB/s | Write 0.43 MB/s | Activity: 1.79%
[96m------------------------------------------------------------[0m
[1m[ NET ][0m Upload: 0.0 MB/s | Download: 0.0 MB/s
[96m------------------------------------------------------------[0m
[1m[ BATTERY ][0m [92m99.2%[0m (Charging/Plugged in)
[1m[96m============================================================[0m
[1m[92mData logged to 2026_logs/2026-10-01.jsonl... (Press Ctrl+C to stop)[0m
[1m[96m============================================================[0m
[1mSYSTEM MONITOR V2[0m | Time: 2026-10-01 15:02:26
[96m------------------------------------------------------------[0m
[1m[ CPU ][0m Used: [92m8.6%[0m | Free: 91.4%
        [93mTop 5 (Logged 10):[0m chrome (2.81%)
[96m------------------------------------------------------------[0m
[1m[ RAM ][0m Used: [92m7.99 GB (53.8%)[0m | Available: 6.86 GB | Total: 14.84 GB
[1m[ SWAP ][0m Used: 0.0 GB (0.0%) | Free: 4.0 GB | Total: 4.0 GB
        [93mTop 5 RAM Processes (Logged 10):[0m
          1. chrome (PID 7112) - 740.73 MB (4.87%)
          2. code (PID 8588) - 695.42 MB (4.58%)
          3. code (PID 8252) - 621.29 MB (4.09%)
          4. code (PID 11526) - 545.1 MB (3.59%)
          5. chrome (PID 6354) - 535.58 MB (3.52%)
[96m------------------------------------------------------------[0m
[1m[ DISK ][0m Used: [92m24.09 GB (2.63%)[0m | Free: 891.74 GB | Total: 915.83 GB
         [93mI/O:[0m Read 0.0 MB/s | Write 0.07 MB/s | Activity: 1.02%
[96m------------------------------------------------------------[0m
[1m[ NET ][0m Upload: 0.01 MB/s | Download: 0.01 MB/s
[96m------------------------------------------------------------[0m
[1m[ BATTERY ][0m [92m99.2%[0m (Charging/Plugged in)
[1m[96m============================================================[0m
[1m[92mData logged to 2026_logs/2026-10-01.jsonl... (Press Ctrl+C to stop)[0m
[1m[96m============================================================[0m
[1mSYSTEM MONITOR V2[0m | Time: 2026-10-01 15:02:31
[96m------------------------------------------------------------[0m
[1m[ CPU ][0m Used: [92m11.0%[0m | Free: 89.0%
        [93mTop 5 (Logged 10):[0m chrome (6.48%)
[96m------------------------------------------------------------[0m
[1m[ RAM ][0m Used: [92m7.99 GB (53.8%)[0m | Available: 6.85 GB | Total: 14.84 GB
[1m[ SWAP ][0m Used: 0.0 GB (0.0%) | Free: 4.0 GB | Total: 4.0 GB
        [93mTop 5 RAM Processes (Logged 10):[0m
          1. chrome (PID 7112) - 743.43 MB (4.89%)
          2. code (PID 8588) - 667.25 MB (4.39%)
          3. code (PID 8252) - 632.65 MB (4.16%)
          4. code (PID 11526) - 545.18 MB (3.59%)
          5. chrome (PID 6354) - 535.96 MB (3.53%)
[96m------------------------------------------------------------[0m
[1m[ DISK ][0m Used: [92m24.09 GB (2.63%)[0m | Free: 891.74 GB | Total: 915.83 GB
         [93mI/O:[0m Read 0.0 MB/s | Write 0.0 MB/s | Activity: 0.0%
[96m------------------------------------------------------------[0m
[1m[ NET ][0m Upload: 0.01 MB/s | Download: 0.01 MB/s
[96m------------------------------------------------------------[0m
[1m[ BATTERY ][0m [92m99.2%[0m (Charging/Plugged in)
[1m[96m============================================================[0m
[1m[92mData logged to 2026_logs/2026-10-01.jsonl... (Press Ctrl+C to stop)[0m
[1m[96m============================================================[0m
[1mSYSTEM MONITOR V2[0m | Time: 2026-10-01 15:02:36
[96m------------------------------------------------------------[0m
[1m[ CPU ][0m Used: [92m6.6%[0m | Free: 93.4%
[96m------------------------------------------------------------[0m
[1m[ RAM ][0m Used: [92m8.0 GB (53.9%)[0m | Available: 6.84 GB | Total: 14.84 GB
[1m[ SWAP ][0m Used: 0.0 GB (0.0%) | Free: 4.0 GB | Total: 4.0 GB
        [93mTop 5 RAM Processes (Logged 10):[0m
          1. chrome (PID 7112) - 743.12 MB (4.89%)
          2. code (PID 8588) - 674.17 MB (4.44%)
          3. code (PID 8252) - 630.87 MB (4.15%)
          4. code (PID 11526) - 545.28 MB (3.59%)
          5. chrome (PID 6354) - 535.57 MB (3.52%)
[96m------------------------------------------------------------[0m
[1m[ DISK ][0m Used: [92m24.09 GB (2.63%)[0m | Free: 891.74 GB | Total: 915.83 GB
         [93mI/O:[0m Read 0.0 MB/s | Write 0.44 MB/s | Activity: 0.94%
[96m------------------------------------------------------------[0m
[1m[ NET ][0m Upload: 0.0 MB/s | Download: 0.0 MB/s
[96m------------------------------------------------------------[0m
[1m[ BATTERY ][0m [92m99.2%[0m (Charging/Plugged in)
[1m[96m============================================================[0m
[1m[92mData logged to 2026_logs/2026-10-01.jsonl... (Press Ctrl+C to stop)[0m
[1m[96m============================================================[0m
[1mSYSTEM MONITOR V2[0m | Time: 2026-10-01 15:02:41
[96m------------------------------------------------------------[0m
[1m[ CPU ][0m Used: [92m5.0%[0m | Free: 95.0%
[96m------------------------------------------------------------[0m
[1m[ RAM ][0m Used: [92m7.98 GB (53.8%)[0m | Available: 6.86 GB | Total: 14.84 GB
[1m[ SWAP ][0m Used: 0.0 GB (0.0%) | Free: 4.0 GB | Total: 4.0 GB
        [93mTop 5 RAM Processes (Logged 10):[0m
          1. chrome (PID 7112) - 746.64 MB (4.91%)
          2. code (PID 8588) - 681.06 MB (4.48%)
          3. code (PID 8252) - 642.11 MB (4.22%)
          4. code (PID 11526) - 544.59 MB (3.58%)
          5. chrome (PID 6354) - 535.52 MB (3.52%)
[96m------------------------------------------------------------[0m
[1m[ DISK ][0m Used: [92m24.09 GB (2.63%)[0m | Free: 891.74 GB | Total: 915.83 GB
         [93mI/O:[0m Read 0.0 MB/s | Write 0.07 MB/s | Activity: 1.03%
[96m------------------------------------------------------------[0m
[1m[ NET ][0m Upload: 0.0 MB/s | Download: 0.0 MB/s
[96m------------------------------------------------------------[0m
[1m[ BATTERY ][0m [92m99.2%[0m (Charging/Plugged in)
[1m[96m============================================================[0m
[1m[92mData logged to 2026_logs/2026-10-01.jsonl... (Press Ctrl+C to stop)[0m
[1m[96m============================================================[0m
[1mSYSTEM MONITOR V2[0m | Time: 2026-10-01 15:02:46
[96m------------------------------------------------------------[0m
[1m[ CPU ][0m Used: [92m6.8%[0m | Free: 93.2%
[96m------------------------------------------------------------[0m
[1m[ RAM ][0m Used: [92m8.0 GB (53.9%)[0m | Available: 6.84 GB | Total: 14.84 GB
[1m[ SWAP ][0m Used: 0.0 GB (0.0%) | Free: 4.0 GB | Total: 4.0 GB
        [93mTop 5 RAM Processes (Logged 10):[0m
          1. chrome (PID 7112) - 747.16 MB (4.92%)
          2. code (PID 8588) - 681.11 MB (4.48%)
          3. code (PID 8252) - 650.42 MB (4.28%)
          4. code (PID 11526) - 544.67 MB (3.58%)
          5. chrome (PID 6354) - 536.85 MB (3.53%)
[96m------------------------------------------------------------[0m
[1m[ DISK ][0m Used: [92m24.09 GB (2.63%)[0m | Free: 891.74 GB | Total: 915.83 GB
         [93mI/O:[0m Read 0.0 MB/s | Write 0.47 MB/s | Activity: 0.94%
[96m------------------------------------------------------------[0m
[1m[ NET ][0m Upload: 0.0 MB/s | Download: 0.0 MB/s
[96m------------------------------------------------------------[0m
[1m[ BATTERY ][0m [92m99.2%[0m (Charging/Plugged in)
[1m[96m============================================================[0m
[1m[92mData logged to 2026_logs/2026-10-01.jsonl... (Press Ctrl+C to stop)[0m
[1m[96m============================================================[0m
[1mSYSTEM MONITOR V2[0m | Time: 2026-10-01 15:02:51
[96m------------------------------------------------------------[0m
[1m[ CPU ][0m Used: [92m9.6%[0m | Free: 90.4%
[96m------------------------------------------------------------[0m
[1m[ RAM ][0m Used: [92m8.11 GB (54.7%)[0m | Available: 6.73 GB | Total: 14.84 GB
[1m[ SWAP ][0m Used: 0.0 GB (0.0%) | Free: 4.0 GB | Total: 4.0 GB
        [93mTop 5 RAM Processes (Logged 10):[0m
          1. chrome (PID 7112) - 747.21 MB (4.92%)
          2. code (PID 8588) - 691.06 MB (4.55%)
          3. code (PID 8252) - 659.36 MB (4.34%)
          4. code (PID 11526) - 544.75 MB (3.58%)
          5. chrome (PID 6354) - 536.76 MB (3.53%)
[96m------------------------------------------------------------[0m
[1m[ DISK ][0m Used: [92m24.09 GB (2.63%)[0m | Free: 891.74 GB | Total: 915.83 GB
         [93mI/O:[0m Read 0.0 MB/s | Write 0.08 MB/s | Activity: 1.02%
[96m------------------------------------------------------------[0m
[1m[ NET ][0m Upload: 0.01 MB/s | Download: 0.0 MB/s
[96m------------------------------------------------------------[0m
[1m[ BATTERY ][0m [92m99.2%[0m (Charging/Plugged in)
[1m[96m============================================================[0m
[1m[92mData logged to 2026_logs/2026-10-01.jsonl... (Press Ctrl+C to stop)[0m
[1m[96m============================================================[0m
[1mSYSTEM MONITOR V2[0m | Time: 2026-10-01 15:02:56
[96m------------------------------------------------------------[0m
[1m[ CPU ][0m Used: [92m4.3%[0m | Free: 95.7%
[96m------------------------------------------------------------[0m
[1m[ RAM ][0m Used: [92m8.14 GB (54.9%)[0m | Available: 6.7 GB | Total: 14.84 GB
[1m[ SWAP ][0m Used: 0.0 GB (0.0%) | Free: 4.0 GB | Total: 4.0 GB
        [93mTop 5 RAM Processes (Logged 10):[0m
          1. chrome (PID 7112) - 726.78 MB (4.78%)
          2. code (PID 8588) - 694.5 MB (4.57%)
          3. code (PID 8252) - 671.2 MB (4.42%)
          4. code (PID 11526) - 544.9 MB (3.59%)
          5. chrome (PID 6354) - 536.54 MB (3.53%)
[96m------------------------------------------------------------[0m
[1m[ DISK ][0m Used: [92m24.09 GB (2.63%)[0m | Free: 891.74 GB | Total: 915.83 GB
         [93mI/O:[0m Read 0.0 MB/s | Write 0.04 MB/s | Activity: 1.07%
[96m------------------------------------------------------------[0m
[1m[ NET ][0m Upload: 0.0 MB/s | Download: 0.0 MB/s
[96m------------------------------------------------------------[0m
[1m[ BATTERY ][0m [92m99.2%[0m (Charging/Plugged in)
[1m[96m============================================================[0m
[1m[92mData logged to 2026_logs/2026-10-01.jsonl... (Press Ctrl+C to stop)[0m
[1m[96m============================================================[0m
[1mSYSTEM MONITOR V2[0m | Time: 2026-10-01 15:03:01
[96m------------------------------------------------------------[0m
[1m[ CPU ][0m Used: [92m3.5%[0m | Free: 96.5%
[96m------------------------------------------------------------[0m
[1m[ RAM ][0m Used: [92m8.14 GB (54.8%)[0m | Available: 6.71 GB | Total: 14.84 GB
[1m[ SWAP ][0m Used: 0.0 GB (0.0%) | Free: 4.0 GB | Total: 4.0 GB
        [93mTop 5 RAM Processes (Logged 10):[0m
          1. chrome (PID 7112) - 720.96 MB (4.74%)
          2. code (PID 8588) - 700.77 MB (4.61%)
          3. code (PID 8252) - 673.32 MB (4.43%)
          4. code (PID 11526) - 544.98 MB (3.59%)
          5. chrome (PID 6354) - 536.49 MB (3.53%)
[96m------------------------------------------------------------[0m
[1m[ DISK ][0m Used: [92m24.09 GB (2.63%)[0m | Free: 891.74 GB | Total: 915.83 GB
         [93mI/O:[0m Read 0.0 MB/s | Write 0.09 MB/s | Activity: 1.04%
[96m------------------------------------------------------------[0m
[1m[ NET ][0m Upload: 0.0 MB/s | Download: 0.0 MB/s
[96m------------------------------------------------------------[0m
[1m[ BATTERY ][0m [92m99.2%[0m (Charging/Plugged in)
[1m[96m============================================================[0m
[1m[92mData logged to 2026_logs/2026-10-01.jsonl... (Press Ctrl+C to stop)[0m
[1m[96m============================================================[0m
[1mSYSTEM MONITOR V2[0m | Time: 2026-10-01 15:03:06
[96m------------------------------------------------------------[0m
[1m[ CPU ][0m Used: [92m4.3%[0m | Free: 95.7%
[96m------------------------------------------------------------[0m
[1m[ RAM ][0m Used: [92m8.13 GB (54.8%)[0m | Available: 6.71 GB | Total: 14.84 GB
[1m[ SWAP ][0m Used: 0.0 GB (0.0%) | Free: 4.0 GB | Total: 4.0 GB
        [93mTop 5 RAM Processes (Logged 10):[0m
          1. chrome (PID 7112) - 720.96 MB (4.74%)
          2. code (PID 8588) - 700.3 MB (4.61%)
          3. code (PID 8252) - 656.33 MB (4.32%)
          4. code (PID 11526) - 545.07 MB (3.59%)
          5. chrome (PID 6354) - 536.5 MB (3.53%)
[96m------------------------------------------------------------[0m
[1m[ DISK ][0m Used: [92m24.09 GB (2.63%)[0m | Free: 891.74 GB | Total: 915.83 GB
         [93mI/O:[0m Read 0.0 MB/s | Write 0.87 MB/s | Activity: 1.79%
[96m------------------------------------------------------------[0m
[1m[ NET ][0m Upload: 0.0 MB/s | Download: 0.0 MB/s
[96m------------------------------------------------------------[0m
[1m[ BATTERY ][0m [92m99.2%[0m (Charging/Plugged in)
[1m[96m============================================================[0m
[1m[92mData logged to 2026_logs/2026-10-01.jsonl... (Press Ctrl+C to stop)[0m
[1m[96m============================================================[0m
[1mSYSTEM MONITOR V2[0m | Time: 2026-10-01 15:03:11
[96m------------------------------------------------------------[0m
[1m[ CPU ][0m Used: [92m4.5%[0m | Free: 95.5%
[96m------------------------------------------------------------[0m
[1m[ RAM ][0m Used: [92m8.06 GB (54.3%)[0m | Available: 6.78 GB | Total: 14.84 GB
[1m[ SWAP ][0m Used: 0.0 GB (0.0%) | Free: 4.0 GB | Total: 4.0 GB
        [93mTop 5 RAM Processes (Logged 10):[0m
          1. code (PID 8588) - 707.25 MB (4.65%)
          2. chrome (PID 7112) - 699.59 MB (4.6%)
          3. code (PID 8252) - 665.3 MB (4.38%)
          4. code (PID 11526) - 545.15 MB (3.59%)
          5. chrome (PID 6354) - 535.91 MB (3.53%)
[96m------------------------------------------------------------[0m
[1m[ DISK ][0m Used: [92m24.09 GB (2.63%)[0m | Free: 891.74 GB | Total: 915.83 GB
         [93mI/O:[0m Read 0.0 MB/s | Write 0.15 MB/s | Activity: 1.71%
[96m------------------------------------------------------------[0m
[1m[ NET ][0m Upload: 0.0 MB/s | Download: 0.0 MB/s
[96m------------------------------------------------------------[0m
[1m[ BATTERY ][0m [92m99.2%[0m (Charging/Plugged in)
[1m[96m============================================================[0m
[1m[92mData logged to 2026_logs/2026-10-01.jsonl... (Press Ctrl+C to stop)[0m
[1m[96m============================================================[0m
[1mSYSTEM MONITOR V2[0m | Time: 2026-10-01 15:03:16
[96m------------------------------------------------------------[0m
[1m[ CPU ][0m Used: [92m4.9%[0m | Free: 95.1%
[96m------------------------------------------------------------[0m
[1m[ RAM ][0m Used: [92m8.1 GB (54.6%)[0m | Available: 6.74 GB | Total: 14.84 GB
[1m[ SWAP ][0m Used: 0.0 GB (0.0%) | Free: 4.0 GB | Total: 4.0 GB
        [93mTop 5 RAM Processes (Logged 10):[0m
          1. code (PID 8588) - 717.16 MB (4.72%)
          2. chrome (PID 7112) - 699.59 MB (4.6%)
          3. code (PID 8252) - 681.82 MB (4.49%)
          4. code (PID 11526) - 545.23 MB (3.59%)
          5. chrome (PID 6354) - 536.19 MB (3.53%)
[96m------------------------------------------------------------[0m
[1m[ DISK ][0m Used: [92m24.09 GB (2.63%)[0m | Free: 891.74 GB | Total: 915.83 GB
         [93mI/O:[0m Read 0.0 MB/s | Write 0.07 MB/s | Activity: 0.14%
[96m------------------------------------------------------------[0m
[1m[ NET ][0m Upload: 0.0 MB/s | Download: 0.0 MB/s
[96m------------------------------------------------------------[0m
[1m[ BATTERY ][0m [92m99.2%[0m (Charging/Plugged in)
[1m[96m============================================================[0m
[1m[92mData logged to 2026_logs/2026-10-01.jsonl... (Press Ctrl+C to stop)[0m
[1m[96m============================================================[0m
[1mSYSTEM MONITOR V2[0m | Time: 2026-10-01 15:03:22
[96m------------------------------------------------------------[0m
[1m[ CPU ][0m Used: [92m5.4%[0m | Free: 94.6%
[96m------------------------------------------------------------[0m
[1m[ RAM ][0m Used: [92m8.13 GB (54.7%)[0m | Available: 6.72 GB | Total: 14.84 GB
[1m[ SWAP ][0m Used: 0.0 GB (0.0%) | Free: 4.0 GB | Total: 4.0 GB
        [93mTop 5 RAM Processes (Logged 10):[0m
          1. code (PID 8588) - 727.22 MB (4.78%)
          2. chrome (PID 7112) - 706.05 MB (4.65%)
          3. code (PID 8252) - 685.38 MB (4.51%)
          4. code (PID 11526) - 545.32 MB (3.59%)
          5. chrome (PID 6354) - 538.46 MB (3.54%)
[96m------------------------------------------------------------[0m
[1m[ DISK ][0m Used: [92m24.09 GB (2.63%)[0m | Free: 891.74 GB | Total: 915.83 GB
         [93mI/O:[0m Read 0.0 MB/s | Write 0.03 MB/s | Activity: 1.08%
[96m------------------------------------------------------------[0m
[1m[ NET ][0m Upload: 0.0 MB/s | Download: 0.0 MB/s
[96m------------------------------------------------------------[0m
[1m[ BATTERY ][0m [92m99.2%[0m (Charging/Plugged in)
[1m[96m============================================================[0m
[1m[92mData logged to 2026_logs/2026-10-01.jsonl... (Press Ctrl+C to stop)[0m
[1m[96m============================================================[0m
[1mSYSTEM MONITOR V2[0m | Time: 2026-10-01 15:03:27
[96m------------------------------------------------------------[0m
[1m[ CPU ][0m Used: [92m4.6%[0m | Free: 95.4%
[96m------------------------------------------------------------[0m
[1m[ RAM ][0m Used: [92m8.11 GB (54.7%)[0m | Available: 6.73 GB | Total: 14.84 GB
[1m[ SWAP ][0m Used: 0.0 GB (0.0%) | Free: 4.0 GB | Total: 4.0 GB
        [93mTop 5 RAM Processes (Logged 10):[0m
          1. chrome (PID 7112) - 706.05 MB (4.65%)
          2. code (PID 8252) - 692.79 MB (4.56%)
          3. code (PID 8588) - 677.82 MB (4.46%)
          4. code (PID 11526) - 545.41 MB (3.59%)
          5. chrome (PID 6354) - 536.06 MB (3.53%)
[96m------------------------------------------------------------[0m
[1m[ DISK ][0m Used: [92m24.09 GB (2.63%)[0m | Free: 891.74 GB | Total: 915.83 GB
         [93mI/O:[0m Read 0.0 MB/s | Write 0.03 MB/s | Activity: 0.99%
[96m------------------------------------------------------------[0m
[1m[ NET ][0m Upload: 0.0 MB/s | Download: 0.0 MB/s
[96m------------------------------------------------------------[0m
[1m[ BATTERY ][0m [92m99.2%[0m (Charging/Plugged in)
[1m[96m============================================================[0m
[1m[92mData logged to 2026_logs/2026-10-01.jsonl... (Press Ctrl+C to stop)[0m
[1m[96m============================================================[0m
[1mSYSTEM MONITOR V2[0m | Time: 2026-10-01 15:03:32
[96m------------------------------------------------------------[0m
[1m[ CPU ][0m Used: [92m3.8%[0m | Free: 96.2%
[96m------------------------------------------------------------[0m
[1m[ RAM ][0m Used: [92m8.14 GB (54.9%)[0m | Available: 6.7 GB | Total: 14.84 GB
[1m[ SWAP ][0m Used: 0.0 GB (0.0%) | Free: 4.0 GB | Total: 4.0 GB
        [93mTop 5 RAM Processes (Logged 10):[0m
          1. code (PID 8252) - 708.81 MB (4.66%)
          2. chrome (PID 7112) - 702.66 MB (4.62%)
          3. code (PID 8588) - 684.14 MB (4.5%)
          4. code (PID 11526) - 544.68 MB (3.58%)
          5. chrome (PID 6354) - 535.51 MB (3.52%)
[96m------------------------------------------------------------[0m
[1m[ DISK ][0m Used: [92m24.09 GB (2.63%)[0m | Free: 891.74 GB | Total: 915.83 GB
         [93mI/O:[0m Read 0.0 MB/s | Write 0.04 MB/s | Activity: 1.71%
[96m------------------------------------------------------------[0m
[1m[ NET ][0m Upload: 0.0 MB/s | Download: 0.0 MB/s
[96m------------------------------------------------------------[0m
[1m[ BATTERY ][0m [92m99.2%[0m (Charging/Plugged in)
[1m[96m============================================================[0m
[1m[92mData logged to 2026_logs/2026-10-01.jsonl... (Press Ctrl+C to stop)[0m
[1m[96m============================================================[0m
[1mSYSTEM MONITOR V2[0m | Time: 2026-10-01 15:03:37
[96m------------------------------------------------------------[0m
[1m[ CPU ][0m Used: [92m7.9%[0m | Free: 92.1%
[96m------------------------------------------------------------[0m
[1m[ RAM ][0m Used: [92m8.05 GB (54.2%)[0m | Available: 6.79 GB | Total: 14.84 GB
[1m[ SWAP ][0m Used: 0.0 GB (0.0%) | Free: 4.0 GB | Total: 4.0 GB
        [93mTop 5 RAM Processes (Logged 10):[0m
          1. code (PID 8252) - 717.47 MB (4.72%)
          2. chrome (PID 7112) - 701.64 MB (4.62%)
          3. code (PID 8588) - 691.23 MB (4.55%)
          4. code (PID 11526) - 544.77 MB (3.58%)
          5. chrome (PID 6354) - 535.43 MB (3.52%)
[96m------------------------------------------------------------[0m
[1m[ DISK ][0m Used: [92m24.09 GB (2.63%)[0m | Free: 891.74 GB | Total: 915.83 GB
         [93mI/O:[0m Read 0.0 MB/s | Write 1.01 MB/s | Activity: 0.97%
[96m------------------------------------------------------------[0m
[1m[ NET ][0m Upload: 0.0 MB/s | Download: 0.01 MB/s
[96m------------------------------------------------------------[0m
[1m[ BATTERY ][0m [92m99.2%[0m (Charging/Plugged in)
[1m[96m============================================================[0m
[1m[92mData logged to 2026_logs/2026-10-01.jsonl... (Press Ctrl+C to stop)[0m
[1m[96m============================================================[0m
[1mSYSTEM MONITOR V2[0m | Time: 2026-10-01 15:03:42
[96m------------------------------------------------------------[0m
[1m[ CPU ][0m Used: [92m7.8%[0m | Free: 92.2%
        [93mTop 5 (Logged 10):[0m code (2.55%)
[96m------------------------------------------------------------[0m
[1m[ RAM ][0m Used: [92m8.2 GB (55.3%)[0m | Available: 6.64 GB | Total: 14.84 GB
[1m[ SWAP ][0m Used: 0.0 GB (0.0%) | Free: 4.0 GB | Total: 4.0 GB
        [93mTop 5 RAM Processes (Logged 10):[0m
          1. code (PID 8252) - 749.85 MB (4.93%)
          2. chrome (PID 7112) - 701.64 MB (4.62%)
          3. code (PID 8588) - 698.39 MB (4.59%)
          4. code (PID 11526) - 544.85 MB (3.58%)
          5. chrome (PID 6354) - 535.5 MB (3.52%)
[96m------------------------------------------------------------[0m
[1m[ DISK ][0m Used: [92m24.09 GB (2.63%)[0m | Free: 891.74 GB | Total: 915.83 GB
         [93mI/O:[0m Read 0.0 MB/s | Write 0.11 MB/s | Activity: 1.71%
[96m------------------------------------------------------------[0m
[1m[ NET ][0m Upload: 0.0 MB/s | Download: 0.0 MB/s
[96m------------------------------------------------------------[0m
[1m[ BATTERY ][0m [92m99.17%[0m (Charging/Plugged in)
[1m[96m============================================================[0m
[1m[92mData logged to 2026_logs/2026-10-01.jsonl... (Press Ctrl+C to stop)[0m
[1m[96m============================================================[0m
[1mSYSTEM MONITOR V2[0m | Time: 2026-10-01 15:03:47
[96m------------------------------------------------------------[0m
[1m[ CPU ][0m Used: [92m7.0%[0m | Free: 93.0%
        [93mTop 5 (Logged 10):[0m code (2.34%)
[96m------------------------------------------------------------[0m
[1m[ RAM ][0m Used: [92m8.12 GB (54.7%)[0m | Available: 6.72 GB | Total: 14.84 GB
[1m[ SWAP ][0m Used: 0.0 GB (0.0%) | Free: 4.0 GB | Total: 4.0 GB
        [93mTop 5 RAM Processes (Logged 10):[0m
          1. code (PID 8252) - 739.37 MB (4.86%)
          2. code (PID 8588) - 706.26 MB (4.65%)
          3. chrome (PID 7112) - 701.64 MB (4.62%)
          4. code (PID 11526) - 544.93 MB (3.59%)
          5. chrome (PID 6354) - 535.44 MB (3.52%)
[96m------------------------------------------------------------[0m
[1m[ DISK ][0m Used: [92m24.09 GB (2.63%)[0m | Free: 891.74 GB | Total: 915.83 GB
         [93mI/O:[0m Read 0.0 MB/s | Write 0.18 MB/s | Activity: 0.58%
[96m------------------------------------------------------------[0m
[1m[ NET ][0m Upload: 0.01 MB/s | Download: 0.0 MB/s
[96m------------------------------------------------------------[0m
[1m[ BATTERY ][0m [92m99.17%[0m (Charging/Plugged in)
[1m[96m============================================================[0m
[1m[92mData logged to 2026_logs/2026-10-01.jsonl... (Press Ctrl+C to stop)[0m
[1m[96m============================================================[0m
[1mSYSTEM MONITOR V2[0m | Time: 2026-10-01 15:03:52
[96m------------------------------------------------------------[0m
[1m[ CPU ][0m Used: [92m7.9%[0m | Free: 92.1%
        [93mTop 5 (Logged 10):[0m code (2.31%), code (2.07%)
[96m------------------------------------------------------------[0m
[1m[ RAM ][0m Used: [92m8.17 GB (55.0%)[0m | Available: 6.67 GB | Total: 14.84 GB
[1m[ SWAP ][0m Used: 0.0 GB (0.0%) | Free: 4.0 GB | Total: 4.0 GB
        [93mTop 5 RAM Processes (Logged 10):[0m
          1. code (PID 8252) - 753.38 MB (4.96%)
          2. code (PID 8588) - 728.38 MB (4.79%)
          3. chrome (PID 7112) - 695.8 MB (4.58%)
          4. code (PID 11526) - 545.02 MB (3.59%)
          5. chrome (PID 6354) - 535.46 MB (3.52%)
[96m------------------------------------------------------------[0m
[1m[ DISK ][0m Used: [92m24.09 GB (2.63%)[0m | Free: 891.74 GB | Total: 915.83 GB
         [93mI/O:[0m Read 0.0 MB/s | Write 0.12 MB/s | Activity: 1.81%
[96m------------------------------------------------------------[0m
[1m[ NET ][0m Upload: 0.01 MB/s | Download: 0.02 MB/s
[96m------------------------------------------------------------[0m
[1m[ BATTERY ][0m [92m99.17%[0m (Charging/Plugged in)
[1m[96m============================================================[0m
[1m[92mData logged to 2026_logs/2026-10-01.jsonl... (Press Ctrl+C to stop)[0m
[1m[96m============================================================[0m
[1mSYSTEM MONITOR V2[0m | Time: 2026-10-01 15:03:57
[96m------------------------------------------------------------[0m
[1m[ CPU ][0m Used: [92m7.6%[0m | Free: 92.4%
        [93mTop 5 (Logged 10):[0m code (2.67%), code (2.53%)
[96m------------------------------------------------------------[0m
[1m[ RAM ][0m Used: [92m8.13 GB (54.8%)[0m | Available: 6.71 GB | Total: 14.84 GB
[1m[ SWAP ][0m Used: 0.0 GB (0.0%) | Free: 4.0 GB | Total: 4.0 GB
        [93mTop 5 RAM Processes (Logged 10):[0m
          1. code (PID 8252) - 770.26 MB (5.07%)
          2. code (PID 8588) - 735.62 MB (4.84%)
          3. chrome (PID 7112) - 695.44 MB (4.58%)
          4. code (PID 11526) - 545.1 MB (3.59%)
          5. chrome (PID 6354) - 535.53 MB (3.52%)
[96m------------------------------------------------------------[0m
[1m[ DISK ][0m Used: [92m24.09 GB (2.63%)[0m | Free: 891.74 GB | Total: 915.83 GB
         [93mI/O:[0m Read 0.0 MB/s | Write 0.0 MB/s | Activity: 0.76%
[96m------------------------------------------------------------[0m
[1m[ NET ][0m Upload: 0.0 MB/s | Download: 0.0 MB/s
[96m------------------------------------------------------------[0m
[1m[ BATTERY ][0m [92m99.17%[0m (Charging/Plugged in)
[1m[96m============================================================[0m
[1m[92mData logged to 2026_logs/2026-10-01.jsonl... (Press Ctrl+C to stop)[0m
[1m[96m============================================================[0m
[1mSYSTEM MONITOR V2[0m | Time: 2026-10-01 15:04:02
[96m------------------------------------------------------------[0m
[1m[ CPU ][0m Used: [92m7.9%[0m | Free: 92.1%
        [93mTop 5 (Logged 10):[0m code (3.38%), code (2.11%)
[96m------------------------------------------------------------[0m
[1m[ RAM ][0m Used: [92m8.14 GB (54.8%)[0m | Available: 6.71 GB | Total: 14.84 GB
[1m[ SWAP ][0m Used: 0.0 GB (0.0%) | Free: 4.0 GB | Total: 4.0 GB
        [93mTop 5 RAM Processes (Logged 10):[0m
          1. code (PID 8252) - 767.49 MB (5.05%)
          2. code (PID 8588) - 744.86 MB (4.9%)
          3. chrome (PID 7112) - 694.27 MB (4.57%)
          4. code (PID 11526) - 545.22 MB (3.59%)
          5. chrome (PID 6354) - 535.46 MB (3.52%)
[96m------------------------------------------------------------[0m
[1m[ DISK ][0m Used: [92m24.09 GB (2.63%)[0m | Free: 891.74 GB | Total: 915.83 GB
         [93mI/O:[0m Read 0.0 MB/s | Write 0.04 MB/s | Activity: 1.74%
[96m------------------------------------------------------------[0m
[1m[ NET ][0m Upload: 0.0 MB/s | Download: 0.0 MB/s
[96m------------------------------------------------------------[0m
[1m[ BATTERY ][0m [92m99.17%[0m (Charging/Plugged in)
[1m[96m============================================================[0m
[1m[92mData logged to 2026_logs/2026-10-01.jsonl... (Press Ctrl+C to stop)[0m
[1m[96m============================================================[0m
[1mSYSTEM MONITOR V2[0m | Time: 2026-10-01 15:04:07
[96m------------------------------------------------------------[0m
[1m[ CPU ][0m Used: [92m9.9%[0m | Free: 90.1%
        [93mTop 5 (Logged 10):[0m code (4.6%), code (2.33%)
[96m------------------------------------------------------------[0m
[1m[ RAM ][0m Used: [92m8.14 GB (54.9%)[0m | Available: 6.7 GB | Total: 14.84 GB
[1m[ SWAP ][0m Used: 0.0 GB (0.0%) | Free: 4.0 GB | Total: 4.0 GB
        [93mTop 5 RAM Processes (Logged 10):[0m
          1. code (PID 8252) - 775.59 MB (5.1%)
          2. code (PID 8588) - 750.85 MB (4.94%)
          3. chrome (PID 7112) - 694.27 MB (4.57%)
          4. code (PID 11526) - 545.3 MB (3.59%)
          5. chrome (PID 6354) - 535.54 MB (3.52%)
[96m------------------------------------------------------------[0m
[1m[ DISK ][0m Used: [92m24.09 GB (2.63%)[0m | Free: 891.74 GB | Total: 915.83 GB
         [93mI/O:[0m Read 0.0 MB/s | Write 0.36 MB/s | Activity: 0.97%
[96m------------------------------------------------------------[0m
[1m[ NET ][0m Upload: 0.0 MB/s | Download: 0.0 MB/s
[96m------------------------------------------------------------[0m
[1m[ BATTERY ][0m [92m99.17%[0m (Charging/Plugged in)
[1m[96m============================================================[0m
[1m[92mData logged to 2026_logs/2026-10-01.jsonl... (Press Ctrl+C to stop)[0m
[1m[96m============================================================[0m
[1mSYSTEM MONITOR V2[0m | Time: 2026-10-01 15:04:12
[96m------------------------------------------------------------[0m
[1m[ CPU ][0m Used: [92m8.1%[0m | Free: 91.9%
        [93mTop 5 (Logged 10):[0m code (3.4%), code (2.13%)
[96m------------------------------------------------------------[0m
[1m[ RAM ][0m Used: [92m8.14 GB (54.8%)[0m | Available: 6.71 GB | Total: 14.84 GB
[1m[ SWAP ][0m Used: 0.0 GB (0.0%) | Free: 4.0 GB | Total: 4.0 GB
        [93mTop 5 RAM Processes (Logged 10):[0m
          1. code (PID 8252) - 780.95 MB (5.14%)
          2. code (PID 8588) - 757.38 MB (4.98%)
          3. chrome (PID 7112) - 692.59 MB (4.56%)
          4. code (PID 11526) - 545.4 MB (3.59%)
          5. chrome (PID 6354) - 535.64 MB (3.52%)
[96m------------------------------------------------------------[0m
[1m[ DISK ][0m Used: [92m24.09 GB (2.63%)[0m | Free: 891.74 GB | Total: 915.83 GB
         [93mI/O:[0m Read 0.0 MB/s | Write 0.05 MB/s | Activity: 1.8%
[96m------------------------------------------------------------[0m
[1m[ NET ][0m Upload: 0.0 MB/s | Download: 0.0 MB/s
[96m------------------------------------------------------------[0m
[1m[ BATTERY ][0m [92m99.17%[0m (Charging/Plugged in)
[1m[96m============================================================[0m
[1m[92mData logged to 2026_logs/2026-10-01.jsonl... (Press Ctrl+C to stop)[0m
[1m[96m============================================================[0m
[1mSYSTEM MONITOR V2[0m | Time: 2026-10-01 15:04:17
[96m------------------------------------------------------------[0m
[1m[ CPU ][0m Used: [92m5.8%[0m | Free: 94.2%
        [93mTop 5 (Logged 10):[0m code (2.02%)
[96m------------------------------------------------------------[0m
[1m[ RAM ][0m Used: [92m8.17 GB (55.0%)[0m | Available: 6.67 GB | Total: 14.84 GB
[1m[ SWAP ][0m Used: 0.0 GB (0.0%) | Free: 4.0 GB | Total: 4.0 GB
        [93mTop 5 RAM Processes (Logged 10):[0m
          1. code (PID 8252) - 782.85 MB (5.15%)
          2. code (PID 8588) - 764.54 MB (5.03%)
          3. chrome (PID 7112) - 692.25 MB (4.55%)
          4. code (PID 11526) - 545.49 MB (3.59%)
          5. chrome (PID 6354) - 535.36 MB (3.52%)
[96m------------------------------------------------------------[0m
[1m[ DISK ][0m Used: [92m24.09 GB (2.63%)[0m | Free: 891.74 GB | Total: 915.83 GB
         [93mI/O:[0m Read 0.0 MB/s | Write 0.05 MB/s | Activity: 0.1%
[96m------------------------------------------------------------[0m
[1m[ NET ][0m Upload: 0.0 MB/s | Download: 0.0 MB/s
[96m------------------------------------------------------------[0m
[1m[ BATTERY ][0m [92m99.17%[0m (Charging/Plugged in)
[1m[96m============================================================[0m
[1m[92mData logged to 2026_logs/2026-10-01.jsonl... (Press Ctrl+C to stop)[0m
[1m[96m============================================================[0m
[1mSYSTEM MONITOR V2[0m | Time: 2026-10-01 15:04:22
[96m------------------------------------------------------------[0m
[1m[ CPU ][0m Used: [92m6.0%[0m | Free: 94.0%
[96m------------------------------------------------------------[0m
[1m[ RAM ][0m Used: [92m8.17 GB (55.1%)[0m | Available: 6.67 GB | Total: 14.84 GB
[1m[ SWAP ][0m Used: 0.0 GB (0.0%) | Free: 4.0 GB | Total: 4.0 GB
        [93mTop 5 RAM Processes (Logged 10):[0m
          1. code (PID 8252) - 779.36 MB (5.13%)
          2. code (PID 8588) - 771.72 MB (5.08%)
          3. chrome (PID 7112) - 696.55 MB (4.58%)
          4. code (PID 11526) - 544.72 MB (3.58%)
          5. chrome (PID 6354) - 539.08 MB (3.55%)
[96m------------------------------------------------------------[0m
[1m[ DISK ][0m Used: [92m24.09 GB (2.63%)[0m | Free: 891.74 GB | Total: 915.83 GB
         [93mI/O:[0m Read 0.0 MB/s | Write 0.51 MB/s | Activity: 1.81%
[96m------------------------------------------------------------[0m
[1m[ NET ][0m Upload: 0.01 MB/s | Download: 0.0 MB/s
[96m------------------------------------------------------------[0m
[1m[ BATTERY ][0m [92m99.17%[0m (Charging/Plugged in)
[1m[96m============================================================[0m
[1m[92mData logged to 2026_logs/2026-10-01.jsonl... (Press Ctrl+C to stop)[0m
[1m[96m============================================================[0m
[1mSYSTEM MONITOR V2[0m | Time: 2026-10-01 15:04:27
[96m------------------------------------------------------------[0m
[1m[ CPU ][0m Used: [92m5.2%[0m | Free: 94.8%
[96m------------------------------------------------------------[0m
[1m[ RAM ][0m Used: [92m8.15 GB (54.9%)[0m | Available: 6.69 GB | Total: 14.84 GB
[1m[ SWAP ][0m Used: 0.0 GB (0.0%) | Free: 4.0 GB | Total: 4.0 GB
        [93mTop 5 RAM Processes (Logged 10):[0m
          1. code (PID 8252) - 787.23 MB (5.18%)
          2. code (PID 8588) - 715.89 MB (4.71%)
          3. chrome (PID 7112) - 696.55 MB (4.58%)
          4. code (PID 11526) - 544.81 MB (3.58%)
          5. chrome (PID 6354) - 536.23 MB (3.53%)
[96m------------------------------------------------------------[0m
[1m[ DISK ][0m Used: [92m24.09 GB (2.63%)[0m | Free: 891.74 GB | Total: 915.83 GB
         [93mI/O:[0m Read 0.0 MB/s | Write 0.02 MB/s | Activity: 0.9%
[96m------------------------------------------------------------[0m
[1m[ NET ][0m Upload: 0.0 MB/s | Download: 0.0 MB/s
[96m------------------------------------------------------------[0m
[1m[ BATTERY ][0m [92m99.17%[0m (Charging/Plugged in)
[1m[96m============================================================[0m
[1m[92mData logged to 2026_logs/2026-10-01.jsonl... (Press Ctrl+C to stop)[0m
[1m[96m============================================================[0m
[1mSYSTEM MONITOR V2[0m | Time: 2026-10-01 15:04:33
[96m------------------------------------------------------------[0m
[1m[ CPU ][0m Used: [92m5.8%[0m | Free: 94.2%
        [93mTop 5 (Logged 10):[0m code (2.1%)
[96m------------------------------------------------------------[0m
[1m[ RAM ][0m Used: [92m8.15 GB (54.9%)[0m | Available: 6.7 GB | Total: 14.84 GB
[1m[ SWAP ][0m Used: 0.0 GB (0.0%) | Free: 4.0 GB | Total: 4.0 GB
        [93mTop 5 RAM Processes (Logged 10):[0m
          1. code (PID 8252) - 782.12 MB (5.15%)
          2. code (PID 8588) - 723.02 MB (4.76%)
          3. chrome (PID 7112) - 696.55 MB (4.58%)
          4. code (PID 11526) - 544.89 MB (3.58%)
          5. chrome (PID 6354) - 535.62 MB (3.52%)
[96m------------------------------------------------------------[0m
[1m[ DISK ][0m Used: [92m24.09 GB (2.63%)[0m | Free: 891.74 GB | Total: 915.83 GB
         [93mI/O:[0m Read 0.0 MB/s | Write 0.04 MB/s | Activity: 0.91%
[96m------------------------------------------------------------[0m
[1m[ NET ][0m Upload: 0.0 MB/s | Download: 0.0 MB/s
[96m------------------------------------------------------------[0m
[1m[ BATTERY ][0m [92m99.17%[0m (Charging/Plugged in)
[1m[96m============================================================[0m
[1m[92mData logged to 2026_logs/2026-10-01.jsonl... (Press Ctrl+C to stop)[0m
[1m[96m============================================================[0m
[1mSYSTEM MONITOR V2[0m | Time: 2026-10-01 15:04:38
[96m------------------------------------------------------------[0m
[1m[ CPU ][0m Used: [92m7.6%[0m | Free: 92.4%
        [93mTop 5 (Logged 10):[0m code (2.47%), code (2.16%)
[96m------------------------------------------------------------[0m
[1m[ RAM ][0m Used: [92m8.17 GB (55.1%)[0m | Available: 6.67 GB | Total: 14.84 GB
[1m[ SWAP ][0m Used: 0.0 GB (0.0%) | Free: 4.0 GB | Total: 4.0 GB
        [93mTop 5 RAM Processes (Logged 10):[0m
          1. code (PID 8252) - 781.67 MB (5.14%)
          2. code (PID 8588) - 730.09 MB (4.8%)
          3. chrome (PID 7112) - 693.56 MB (4.56%)
          4. code (PID 11526) - 544.98 MB (3.59%)
          5. chrome (PID 6354) - 535.42 MB (3.52%)
[96m------------------------------------------------------------[0m
[1m[ DISK ][0m Used: [92m24.09 GB (2.63%)[0m | Free: 891.74 GB | Total: 915.83 GB
         [93mI/O:[0m Read 0.0 MB/s | Write 0.38 MB/s | Activity: 0.88%
[96m------------------------------------------------------------[0m
[1m[ NET ][0m Upload: 0.0 MB/s | Download: 0.0 MB/s
[96m------------------------------------------------------------[0m
[1m[ BATTERY ][0m [92m99.17%[0m (Charging/Plugged in)
[1m[96m============================================================[0m
[1m[92mData logged to 2026_logs/2026-10-01.jsonl... (Press Ctrl+C to stop)[0m
[1m[96m============================================================[0m
[1mSYSTEM MONITOR V2[0m | Time: 2026-10-01 15:04:43
[96m------------------------------------------------------------[0m
[1m[ CPU ][0m Used: [92m9.4%[0m | Free: 90.6%
        [93mTop 5 (Logged 10):[0m code (3.52%), code (3.23%)
[96m------------------------------------------------------------[0m
[1m[ RAM ][0m Used: [92m8.16 GB (55.0%)[0m | Available: 6.68 GB | Total: 14.84 GB
[1m[ SWAP ][0m Used: 0.0 GB (0.0%) | Free: 4.0 GB | Total: 4.0 GB
        [93mTop 5 RAM Processes (Logged 10):[0m
          1. code (PID 8252) - 772.67 MB (5.08%)
          2. code (PID 8588) - 737.26 MB (4.85%)
          3. chrome (PID 7112) - 693.56 MB (4.56%)
          4. code (PID 11526) - 545.06 MB (3.59%)
          5. chrome (PID 6354) - 535.49 MB (3.52%)
[96m------------------------------------------------------------[0m
[1m[ DISK ][0m Used: [92m24.09 GB (2.63%)[0m | Free: 891.74 GB | Total: 915.83 GB
         [93mI/O:[0m Read 0.0 MB/s | Write 0.05 MB/s | Activity: 0.99%
[96m------------------------------------------------------------[0m
[1m[ NET ][0m Upload: 0.0 MB/s | Download: 0.0 MB/s
[96m------------------------------------------------------------[0m
[1m[ BATTERY ][0m [92m99.17%[0m (Charging/Plugged in)
[1m[96m============================================================[0m
[1m[92mData logged to 2026_logs/2026-10-01.jsonl... (Press Ctrl+C to stop)[0m
[1m[96m============================================================[0m
[1mSYSTEM MONITOR V2[0m | Time: 2026-10-01 15:04:48
[96m------------------------------------------------------------[0m
[1m[ CPU ][0m Used: [92m7.9%[0m | Free: 92.1%
        [93mTop 5 (Logged 10):[0m code (2.86%), code (2.35%)
[96m------------------------------------------------------------[0m
[1m[ RAM ][0m Used: [92m8.17 GB (55.0%)[0m | Available: 6.67 GB | Total: 14.84 GB
[1m[ SWAP ][0m Used: 0.0 GB (0.0%) | Free: 4.0 GB | Total: 4.0 GB
        [93mTop 5 RAM Processes (Logged 10):[0m
          1. code (PID 8252) - 780.15 MB (5.13%)
          2. code (PID 8588) - 744.42 MB (4.9%)
          3. chrome (PID 7112) - 693.56 MB (4.56%)
          4. code (PID 11526) - 545.14 MB (3.59%)
          5. chrome (PID 6354) - 535.42 MB (3.52%)
[96m------------------------------------------------------------[0m
[1m[ DISK ][0m Used: [92m24.09 GB (2.63%)[0m | Free: 891.74 GB | Total: 915.83 GB
         [93mI/O:[0m Read 0.0 MB/s | Write 0.11 MB/s | Activity: 0.82%
[96m------------------------------------------------------------[0m
[1m[ NET ][0m Upload: 0.0 MB/s | Download: 0.0 MB/s
[96m------------------------------------------------------------[0m
[1m[ BATTERY ][0m [92m99.17%[0m (Charging/Plugged in)
[1m[96m============================================================[0m
[1m[92mData logged to 2026_logs/2026-10-01.jsonl... (Press Ctrl+C to stop)[0m
[1m[96m============================================================[0m
[1mSYSTEM MONITOR V2[0m | Time: 2026-10-01 15:04:53
[96m------------------------------------------------------------[0m
[1m[ CPU ][0m Used: [92m7.9%[0m | Free: 92.1%
        [93mTop 5 (Logged 10):[0m code (2.58%), code (2.53%)
[96m------------------------------------------------------------[0m
[1m[ RAM ][0m Used: [92m8.14 GB (54.9%)[0m | Available: 6.7 GB | Total: 14.84 GB
[1m[ SWAP ][0m Used: 0.0 GB (0.0%) | Free: 4.0 GB | Total: 4.0 GB
        [93mTop 5 RAM Processes (Logged 10):[0m
          1. code (PID 8252) - 791.82 MB (5.21%)
          2. code (PID 8588) - 730.0 MB (4.8%)
          3. chrome (PID 7112) - 693.56 MB (4.56%)
          4. code (PID 11526) - 545.23 MB (3.59%)
          5. chrome (PID 6354) - 535.42 MB (3.52%)
[96m------------------------------------------------------------[0m
[1m[ DISK ][0m Used: [92m24.09 GB (2.63%)[0m | Free: 891.74 GB | Total: 915.83 GB
         [93mI/O:[0m Read 0.0 MB/s | Write 0.09 MB/s | Activity: 0.89%
[96m------------------------------------------------------------[0m
[1m[ NET ][0m Upload: 0.0 MB/s | Download: 0.01 MB/s
[96m------------------------------------------------------------[0m
[1m[ BATTERY ][0m [92m99.17%[0m (Charging/Plugged in)
[1m[96m============================================================[0m
[1m[92mData logged to 2026_logs/2026-10-01.jsonl... (Press Ctrl+C to stop)[0m
[1m[96m============================================================[0m
[1mSYSTEM MONITOR V2[0m | Time: 2026-10-01 15:04:58
[96m------------------------------------------------------------[0m
[1m[ CPU ][0m Used: [92m7.1%[0m | Free: 92.9%
        [93mTop 5 (Logged 10):[0m code (2.55%)
[96m------------------------------------------------------------[0m
[1m[ RAM ][0m Used: [92m8.13 GB (54.8%)[0m | Available: 6.72 GB | Total: 14.84 GB
[1m[ SWAP ][0m Used: 0.0 GB (0.0%) | Free: 4.0 GB | Total: 4.0 GB
        [93mTop 5 RAM Processes (Logged 10):[0m
          1. code (PID 8252) - 803.49 MB (5.29%)
          2. chrome (PID 7112) - 692.54 MB (4.56%)
          3. code (PID 8588) - 689.59 MB (4.54%)
          4. code (PID 11526) - 545.32 MB (3.59%)
          5. chrome (PID 6354) - 535.54 MB (3.52%)
[96m------------------------------------------------------------[0m
[1m[ DISK ][0m Used: [92m24.09 GB (2.63%)[0m | Free: 891.74 GB | Total: 915.83 GB
         [93mI/O:[0m Read 0.0 MB/s | Write 0.02 MB/s | Activity: 0.92%
[96m------------------------------------------------------------[0m
[1m[ NET ][0m Upload: 0.0 MB/s | Download: 0.0 MB/s
[96m------------------------------------------------------------[0m
[1m[ BATTERY ][0m [92m99.17%[0m (Charging/Plugged in)
[1m[96m============================================================[0m
[1m[92mData logged to 2026_logs/2026-10-01.jsonl... (Press Ctrl+C to stop)[0m
[1m[96m============================================================[0m
[1mSYSTEM MONITOR V2[0m | Time: 2026-10-01 15:05:03
[96m------------------------------------------------------------[0m
[1m[ CPU ][0m Used: [92m8.9%[0m | Free: 91.1%
        [93mTop 5 (Logged 10):[0m code (3.37%), code (3.07%)
[96m------------------------------------------------------------[0m
[1m[ RAM ][0m Used: [92m8.08 GB (54.5%)[0m | Available: 6.76 GB | Total: 14.84 GB
[1m[ SWAP ][0m Used: 0.0 GB (0.0%) | Free: 4.0 GB | Total: 4.0 GB
        [93mTop 5 RAM Processes (Logged 10):[0m
          1. code (PID 8252) - 788.13 MB (5.19%)
          2. code (PID 8588) - 694.65 MB (4.57%)
          3. chrome (PID 7112) - 692.54 MB (4.56%)
          4. code (PID 11526) - 545.41 MB (3.59%)
          5. chrome (PID 6354) - 535.36 MB (3.52%)
[96m------------------------------------------------------------[0m
[1m[ DISK ][0m Used: [92m24.09 GB (2.63%)[0m | Free: 891.74 GB | Total: 915.83 GB
         [93mI/O:[0m Read 0.0 MB/s | Write 0.05 MB/s | Activity: 0.95%
[96m------------------------------------------------------------[0m
[1m[ NET ][0m Upload: 0.0 MB/s | Download: 0.0 MB/s
[96m------------------------------------------------------------[0m
[1m[ BATTERY ][0m [92m99.17%[0m (Charging/Plugged in)
[1m[96m============================================================[0m
[1m[92mData logged to 2026_logs/2026-10-01.jsonl... (Press Ctrl+C to stop)[0m
[1m[96m============================================================[0m
[1mSYSTEM MONITOR V2[0m | Time: 2026-10-01 15:05:08
[96m------------------------------------------------------------[0m
[1m[ CPU ][0m Used: [92m4.1%[0m | Free: 95.9%
[96m------------------------------------------------------------[0m
[1m[ RAM ][0m Used: [92m8.09 GB (54.5%)[0m | Available: 6.75 GB | Total: 14.84 GB
[1m[ SWAP ][0m Used: 0.0 GB (0.0%) | Free: 4.0 GB | Total: 4.0 GB
        [93mTop 5 RAM Processes (Logged 10):[0m
          1. code (PID 8252) - 793.96 MB (5.22%)
          2. code (PID 8588) - 704.62 MB (4.64%)
          3. chrome (PID 7112) - 692.54 MB (4.56%)
          4. code (PID 11526) - 545.5 MB (3.59%)
          5. chrome (PID 6354) - 535.36 MB (3.52%)
[96m------------------------------------------------------------[0m
[1m[ DISK ][0m Used: [92m24.09 GB (2.63%)[0m | Free: 891.74 GB | Total: 915.83 GB
         [93mI/O:[0m Read 0.0 MB/s | Write 0.72 MB/s | Activity: 0.96%
[96m------------------------------------------------------------[0m
[1m[ NET ][0m Upload: 0.0 MB/s | Download: 0.0 MB/s
[96m------------------------------------------------------------[0m
[1m[ BATTERY ][0m [92m99.17%[0m (Charging/Plugged in)
[1m[96m============================================================[0m
[1m[92mData logged to 2026_logs/2026-10-01.jsonl... (Press Ctrl+C to stop)[0m
[1m[96m============================================================[0m
[1mSYSTEM MONITOR V2[0m | Time: 2026-10-01 15:05:13
[96m------------------------------------------------------------[0m
[1m[ CPU ][0m Used: [92m7.0%[0m | Free: 93.0%
        [93mTop 5 (Logged 10):[0m code (2.25%), code (2.12%)
[96m------------------------------------------------------------[0m
[1m[ RAM ][0m Used: [92m8.1 GB (54.6%)[0m | Available: 6.74 GB | Total: 14.84 GB
[1m[ SWAP ][0m Used: 0.0 GB (0.0%) | Free: 4.0 GB | Total: 4.0 GB
        [93mTop 5 RAM Processes (Logged 10):[0m
          1. code (PID 8252) - 803.35 MB (5.29%)
          2. code (PID 8588) - 708.57 MB (4.66%)
          3. chrome (PID 7112) - 692.54 MB (4.56%)
          4. code (PID 11526) - 544.77 MB (3.58%)
          5. chrome (PID 6354) - 535.36 MB (3.52%)
[96m------------------------------------------------------------[0m
[1m[ DISK ][0m Used: [92m24.09 GB (2.63%)[0m | Free: 891.74 GB | Total: 915.83 GB
         [93mI/O:[0m Read 0.0 MB/s | Write 0.05 MB/s | Activity: 1.03%
[96m------------------------------------------------------------[0m
[1m[ NET ][0m Upload: 0.0 MB/s | Download: 0.0 MB/s
[96m------------------------------------------------------------[0m
[1m[ BATTERY ][0m [92m99.17%[0m (Charging/Plugged in)
[1m[96m============================================================[0m
[1m[92mData logged to 2026_logs/2026-10-01.jsonl... (Press Ctrl+C to stop)[0m
[1m[96m============================================================[0m
[1mSYSTEM MONITOR V2[0m | Time: 2026-10-01 15:05:18
[96m------------------------------------------------------------[0m
[1m[ CPU ][0m Used: [92m9.2%[0m | Free: 90.8%
        [93mTop 5 (Logged 10):[0m code (2.88%), code (2.7%)
[96m------------------------------------------------------------[0m
[1m[ RAM ][0m Used: [92m8.07 GB (54.4%)[0m | Available: 6.77 GB | Total: 14.84 GB
[1m[ SWAP ][0m Used: 0.0 GB (0.0%) | Free: 4.0 GB | Total: 4.0 GB
        [93mTop 5 RAM Processes (Logged 10):[0m
          1. code (PID 8252) - 791.63 MB (5.21%)
          2. chrome (PID 7112) - 692.54 MB (4.56%)
          3. code (PID 8588) - 671.25 MB (4.42%)
          4. code (PID 11526) - 544.85 MB (3.58%)
          5. chrome (PID 6354) - 535.36 MB (3.52%)
[96m------------------------------------------------------------[0m
[1m[ DISK ][0m Used: [92m24.09 GB (2.63%)[0m | Free: 891.74 GB | Total: 915.83 GB
         [93mI/O:[0m Read 0.0 MB/s | Write 0.12 MB/s | Activity: 1.71%
[96m------------------------------------------------------------[0m
[1m[ NET ][0m Upload: 0.0 MB/s | Download: 0.0 MB/s
[96m------------------------------------------------------------[0m
[1m[ BATTERY ][0m [92m99.17%[0m (Charging/Plugged in)
[1m[96m============================================================[0m
[1m[92mData logged to 2026_logs/2026-10-01.jsonl... (Press Ctrl+C to stop)[0m
[1m[96m============================================================[0m
[1mSYSTEM MONITOR V2[0m | Time: 2026-10-01 15:05:23
[96m------------------------------------------------------------[0m
[1m[ CPU ][0m Used: [92m8.4%[0m | Free: 91.6%
        [93mTop 5 (Logged 10):[0m code (2.37%)
[96m------------------------------------------------------------[0m
[1m[ RAM ][0m Used: [92m8.16 GB (55.0%)[0m | Available: 6.69 GB | Total: 14.84 GB
[1m[ SWAP ][0m Used: 0.0 GB (0.0%) | Free: 4.0 GB | Total: 4.0 GB
        [93mTop 5 RAM Processes (Logged 10):[0m
          1. code (PID 8252) - 802.62 MB (5.28%)
          2. chrome (PID 7112) - 707.19 MB (4.65%)
          3. code (PID 8588) - 677.3 MB (4.46%)
          4. code (PID 11526) - 544.94 MB (3.59%)
          5. chrome (PID 6354) - 538.79 MB (3.54%)
[96m------------------------------------------------------------[0m
[1m[ DISK ][0m Used: [92m24.09 GB (2.63%)[0m | Free: 891.74 GB | Total: 915.83 GB
         [93mI/O:[0m Read 0.0 MB/s | Write 0.03 MB/s | Activity: 0.98%
[96m------------------------------------------------------------[0m
[1m[ NET ][0m Upload: 0.01 MB/s | Download: 0.01 MB/s
[96m------------------------------------------------------------[0m
[1m[ BATTERY ][0m [92m99.17%[0m (Charging/Plugged in)
[1m[96m============================================================[0m
[1m[92mData logged to 2026_logs/2026-10-01.jsonl... (Press Ctrl+C to stop)[0m
[1m[96m============================================================[0m
[1mSYSTEM MONITOR V2[0m | Time: 2026-10-01 15:05:28
[96m------------------------------------------------------------[0m
[1m[ CPU ][0m Used: [92m5.3%[0m | Free: 94.7%
[96m------------------------------------------------------------[0m
[1m[ RAM ][0m Used: [92m8.12 GB (54.7%)[0m | Available: 6.73 GB | Total: 14.84 GB
[1m[ SWAP ][0m Used: 0.0 GB (0.0%) | Free: 4.0 GB | Total: 4.0 GB
        [93mTop 5 RAM Processes (Logged 10):[0m
          1. code (PID 8252) - 794.61 MB (5.23%)
          2. chrome (PID 7112) - 707.19 MB (4.65%)
          3. code (PID 8588) - 683.95 MB (4.5%)
          4. code (PID 11526) - 545.02 MB (3.59%)
          5. chrome (PID 6354) - 536.0 MB (3.53%)
[96m------------------------------------------------------------[0m
[1m[ DISK ][0m Used: [92m24.09 GB (2.63%)[0m | Free: 891.74 GB | Total: 915.83 GB
         [93mI/O:[0m Read 0.0 MB/s | Write 0.05 MB/s | Activity: 0.83%
[96m------------------------------------------------------------[0m
[1m[ NET ][0m Upload: 0.0 MB/s | Download: 0.0 MB/s
[96m------------------------------------------------------------[0m
[1m[ BATTERY ][0m [92m99.17%[0m (Charging/Plugged in)
[1m[96m============================================================[0m
[1m[92mData logged to 2026_logs/2026-10-01.jsonl... (Press Ctrl+C to stop)[0m
[1m[96m============================================================[0m
[1mSYSTEM MONITOR V2[0m | Time: 2026-10-01 15:05:33
[96m------------------------------------------------------------[0m
[1m[ CPU ][0m Used: [92m5.4%[0m | Free: 94.6%
[96m------------------------------------------------------------[0m
[1m[ RAM ][0m Used: [92m8.02 GB (54.0%)[0m | Available: 6.82 GB | Total: 14.84 GB
[1m[ SWAP ][0m Used: 0.0 GB (0.0%) | Free: 4.0 GB | Total: 4.0 GB
        [93mTop 5 RAM Processes (Logged 10):[0m
          1. code (PID 8252) - 803.66 MB (5.29%)
          2. code (PID 8588) - 691.51 MB (4.55%)
          3. chrome (PID 7112) - 578.31 MB (3.8%)
          4. code (PID 11526) - 545.11 MB (3.59%)
          5. chrome (PID 6354) - 535.74 MB (3.52%)
[96m------------------------------------------------------------[0m
[1m[ DISK ][0m Used: [92m24.09 GB (2.63%)[0m | Free: 891.74 GB | Total: 915.83 GB
         [93mI/O:[0m Read 0.0 MB/s | Write 0.04 MB/s | Activity: 0.94%
[96m------------------------------------------------------------[0m
[1m[ NET ][0m Upload: 0.0 MB/s | Download: 0.0 MB/s
[96m------------------------------------------------------------[0m
[1m[ BATTERY ][0m [92m99.17%[0m (Charging/Plugged in)
[1m[96m============================================================[0m
[1m[92mData logged to 2026_logs/2026-10-01.jsonl... (Press Ctrl+C to stop)[0m
[1m[96m============================================================[0m
[1mSYSTEM MONITOR V2[0m | Time: 2026-10-01 15:05:38
[96m------------------------------------------------------------[0m
[1m[ CPU ][0m Used: [92m7.3%[0m | Free: 92.7%
        [93mTop 5 (Logged 10):[0m code (2.63%), code (2.13%)
[96m------------------------------------------------------------[0m
[1m[ RAM ][0m Used: [92m7.97 GB (53.7%)[0m | Available: 6.87 GB | Total: 14.84 GB
[1m[ SWAP ][0m Used: 0.0 GB (0.0%) | Free: 4.0 GB | Total: 4.0 GB
        [93mTop 5 RAM Processes (Logged 10):[0m
          1. code (PID 8252) - 789.45 MB (5.19%)
          2. code (PID 8588) - 685.33 MB (4.51%)
          3. chrome (PID 7112) - 578.31 MB (3.8%)
          4. code (PID 11526) - 545.19 MB (3.59%)
          5. chrome (PID 6354) - 535.43 MB (3.52%)
[96m------------------------------------------------------------[0m
[1m[ DISK ][0m Used: [92m24.09 GB (2.63%)[0m | Free: 891.74 GB | Total: 915.83 GB
         [93mI/O:[0m Read 0.0 MB/s | Write 0.43 MB/s | Activity: 0.93%
[96m------------------------------------------------------------[0m
[1m[ NET ][0m Upload: 0.0 MB/s | Download: 0.0 MB/s
[96m------------------------------------------------------------[0m
[1m[ BATTERY ][0m [92m99.17%[0m (Charging/Plugged in)
[1m[96m============================================================[0m
[1m[92mData logged to 2026_logs/2026-10-01.jsonl... (Press Ctrl+C to stop)[0m
[1m[96m============================================================[0m
[1mSYSTEM MONITOR V2[0m | Time: 2026-10-01 15:05:44
[96m------------------------------------------------------------[0m
[1m[ CPU ][0m Used: [92m5.5%[0m | Free: 94.5%
[96m------------------------------------------------------------[0m
[1m[ RAM ][0m Used: [92m8.05 GB (54.2%)[0m | Available: 6.8 GB | Total: 14.84 GB
[1m[ SWAP ][0m Used: 0.0 GB (0.0%) | Free: 4.0 GB | Total: 4.0 GB
        [93mTop 5 RAM Processes (Logged 10):[0m
          1. code (PID 8252) - 798.22 MB (5.25%)
          2. code (PID 8588) - 678.78 MB (4.47%)
          3. chrome (PID 7112) - 578.34 MB (3.81%)
          4. code (PID 11526) - 545.28 MB (3.59%)
          5. chrome (PID 6354) - 537.97 MB (3.54%)
[96m------------------------------------------------------------[0m
[1m[ DISK ][0m Used: [92m24.09 GB (2.63%)[0m | Free: 891.74 GB | Total: 915.83 GB
         [93mI/O:[0m Read 0.0 MB/s | Write 0.4 MB/s | Activity: 0.1%
[96m------------------------------------------------------------[0m
[1m[ NET ][0m Upload: 0.0 MB/s | Download: 0.0 MB/s
[96m------------------------------------------------------------[0m
[1m[ BATTERY ][0m [92m99.17%[0m (Charging/Plugged in)
[1m[96m============================================================[0m
[1m[92mData logged to 2026_logs/2026-10-01.jsonl... (Press Ctrl+C to stop)[0m
[1m[96m============================================================[0m
[1mSYSTEM MONITOR V2[0m | Time: 2026-10-01 15:05:49
[96m------------------------------------------------------------[0m
[1m[ CPU ][0m Used: [92m8.0%[0m | Free: 92.0%
        [93mTop 5 (Logged 10):[0m code (2.32%)
[96m------------------------------------------------------------[0m
[1m[ RAM ][0m Used: [92m8.02 GB (54.1%)[0m | Available: 6.82 GB | Total: 14.84 GB
[1m[ SWAP ][0m Used: 0.0 GB (0.0%) | Free: 4.0 GB | Total: 4.0 GB
        [93mTop 5 RAM Processes (Logged 10):[0m
          1. code (PID 8252) - 802.89 MB (5.28%)
          2. code (PID 8588) - 685.47 MB (4.51%)
          3. chrome (PID 7112) - 578.34 MB (3.81%)
          4. code (PID 11526) - 545.36 MB (3.59%)
          5. chrome (PID 6354) - 537.57 MB (3.54%)
[96m------------------------------------------------------------[0m
[1m[ DISK ][0m Used: [92m24.09 GB (2.63%)[0m | Free: 891.74 GB | Total: 915.83 GB
         [93mI/O:[0m Read 0.0 MB/s | Write 0.05 MB/s | Activity: 1.93%
[96m------------------------------------------------------------[0m
[1m[ NET ][0m Upload: 0.0 MB/s | Download: 0.02 MB/s
[96m------------------------------------------------------------[0m
[1m[ BATTERY ][0m [92m99.17%[0m (Charging/Plugged in)
[1m[96m============================================================[0m
[1m[92mData logged to 2026_logs/2026-10-01.jsonl... (Press Ctrl+C to stop)[0m
[1m[96m============================================================[0m
[1mSYSTEM MONITOR V2[0m | Time: 2026-10-01 15:05:54
[96m------------------------------------------------------------[0m
[1m[ CPU ][0m Used: [92m9.4%[0m | Free: 90.6%
        [93mTop 5 (Logged 10):[0m chrome (4.12%)
[96m------------------------------------------------------------[0m
[1m[ RAM ][0m Used: [92m8.1 GB (54.6%)[0m | Available: 6.75 GB | Total: 14.84 GB
[1m[ SWAP ][0m Used: 0.0 GB (0.0%) | Free: 4.0 GB | Total: 4.0 GB
        [93mTop 5 RAM Processes (Logged 10):[0m
          1. code (PID 8252) - 788.81 MB (5.19%)
          2. code (PID 8588) - 695.15 MB (4.57%)
          3. chrome (PID 7112) - 630.12 MB (4.15%)
          4. code (PID 11526) - 545.45 MB (3.59%)
          5. chrome (PID 6354) - 537.2 MB (3.53%)
[96m------------------------------------------------------------[0m
[1m[ DISK ][0m Used: [92m24.09 GB (2.63%)[0m | Free: 891.74 GB | Total: 915.83 GB
         [93mI/O:[0m Read 0.0 MB/s | Write 0.13 MB/s | Activity: 0.35%
[96m------------------------------------------------------------[0m
[1m[ NET ][0m Upload: 0.01 MB/s | Download: 0.01 MB/s
[96m------------------------------------------------------------[0m
[1m[ BATTERY ][0m [92m99.17%[0m (Charging/Plugged in)
[1m[96m============================================================[0m
[1m[92mData logged to 2026_logs/2026-10-01.jsonl... (Press Ctrl+C to stop)[0m
[1m[96m============================================================[0m
[1mSYSTEM MONITOR V2[0m | Time: 2026-10-01 15:05:59
[96m------------------------------------------------------------[0m
[1m[ CPU ][0m Used: [92m7.9%[0m | Free: 92.1%
        [93mTop 5 (Logged 10):[0m chrome (4.02%)
[96m------------------------------------------------------------[0m
[1m[ RAM ][0m Used: [92m8.08 GB (54.4%)[0m | Available: 6.76 GB | Total: 14.84 GB
[1m[ SWAP ][0m Used: 0.0 GB (0.0%) | Free: 4.0 GB | Total: 4.0 GB
        [93mTop 5 RAM Processes (Logged 10):[0m
          1. code (PID 8252) - 797.74 MB (5.25%)
          2. code (PID 8588) - 662.89 MB (4.36%)
          3. chrome (PID 7112) - 650.5 MB (4.28%)
          4. code (PID 11526) - 545.54 MB (3.59%)
          5. chrome (PID 6354) - 536.91 MB (3.53%)
[96m------------------------------------------------------------[0m
[1m[ DISK ][0m Used: [92m24.09 GB (2.63%)[0m | Free: 891.74 GB | Total: 915.83 GB
         [93mI/O:[0m Read 0.0 MB/s | Write 0.03 MB/s | Activity: 0.89%
[96m------------------------------------------------------------[0m
[1m[ NET ][0m Upload: 0.0 MB/s | Download: 0.0 MB/s
[96m------------------------------------------------------------[0m
[1m[ BATTERY ][0m [92m99.17%[0m (Charging/Plugged in)
[1m[96m============================================================[0m
[1m[92mData logged to 2026_logs/2026-10-01.jsonl... (Press Ctrl+C to stop)[0m
[1m[96m============================================================[0m
[1mSYSTEM MONITOR V2[0m | Time: 2026-10-01 15:06:04
[96m------------------------------------------------------------[0m
[1m[ CPU ][0m Used: [92m6.1%[0m | Free: 93.9%
        [93mTop 5 (Logged 10):[0m chrome (2.73%)
[96m------------------------------------------------------------[0m
[1m[ RAM ][0m Used: [92m8.06 GB (54.3%)[0m | Available: 6.78 GB | Total: 14.84 GB
[1m[ SWAP ][0m Used: 0.0 GB (0.0%) | Free: 4.0 GB | Total: 4.0 GB
        [93mTop 5 RAM Processes (Logged 10):[0m
          1. code (PID 8252) - 806.97 MB (5.31%)
          2. code (PID 8588) - 670.33 MB (4.41%)
          3. chrome (PID 7112) - 651.89 MB (4.29%)
          4. code (PID 11526) - 544.81 MB (3.58%)
          5. chrome (PID 6354) - 536.98 MB (3.53%)
[96m------------------------------------------------------------[0m
[1m[ DISK ][0m Used: [92m24.09 GB (2.63%)[0m | Free: 891.74 GB | Total: 915.83 GB
         [93mI/O:[0m Read 0.0 MB/s | Write 0.16 MB/s | Activity: 1.92%
[96m------------------------------------------------------------[0m
[1m[ NET ][0m Upload: 0.0 MB/s | Download: 0.0 MB/s
[96m------------------------------------------------------------[0m
[1m[ BATTERY ][0m [92m99.17%[0m (Charging/Plugged in)
[1m[96m============================================================[0m
[1m[92mData logged to 2026_logs/2026-10-01.jsonl... (Press Ctrl+C to stop)[0m
[1m[96m============================================================[0m
[1mSYSTEM MONITOR V2[0m | Time: 2026-10-01 15:06:09
[96m------------------------------------------------------------[0m
[1m[ CPU ][0m Used: [92m7.4%[0m | Free: 92.6%
        [93mTop 5 (Logged 10):[0m chrome (3.82%)
[96m------------------------------------------------------------[0m
[1m[ RAM ][0m Used: [92m8.09 GB (54.5%)[0m | Available: 6.76 GB | Total: 14.84 GB
[1m[ SWAP ][0m Used: 0.0 GB (0.0%) | Free: 4.0 GB | Total: 4.0 GB
        [93mTop 5 RAM Processes (Logged 10):[0m
          1. code (PID 8252) - 815.61 MB (5.37%)
          2. code (PID 8588) - 678.75 MB (4.47%)
          3. chrome (PID 7112) - 657.59 MB (4.33%)
          4. code (PID 11526) - 544.89 MB (3.58%)
          5. chrome (PID 6354) - 537.0 MB (3.53%)
[96m------------------------------------------------------------[0m
[1m[ DISK ][0m Used: [92m24.09 GB (2.63%)[0m | Free: 891.74 GB | Total: 915.83 GB
         [93mI/O:[0m Read 0.0 MB/s | Write 0.0 MB/s | Activity: 0.81%
[96m------------------------------------------------------------[0m
[1m[ NET ][0m Upload: 0.0 MB/s | Download: 0.0 MB/s
[96m------------------------------------------------------------[0m
[1m[ BATTERY ][0m [92m99.17%[0m (Charging/Plugged in)
[1m[96m============================================================[0m
[1m[92mData logged to 2026_logs/2026-10-01.jsonl... (Press Ctrl+C to stop)[0m
[1m[96m============================================================[0m
[1mSYSTEM MONITOR V2[0m | Time: 2026-10-01 15:06:14
[96m------------------------------------------------------------[0m
[1m[ CPU ][0m Used: [92m6.9%[0m | Free: 93.1%
        [93mTop 5 (Logged 10):[0m chrome (2.78%)
[96m------------------------------------------------------------[0m
[1m[ RAM ][0m Used: [92m8.04 GB (54.2%)[0m | Available: 6.8 GB | Total: 14.84 GB
[1m[ SWAP ][0m Used: 0.0 GB (0.0%) | Free: 4.0 GB | Total: 4.0 GB
        [93mTop 5 RAM Processes (Logged 10):[0m
          1. code (PID 8252) - 797.42 MB (5.25%)
          2. code (PID 8588) - 678.38 MB (4.46%)
          3. chrome (PID 7112) - 658.2 MB (4.33%)
          4. code (PID 11526) - 544.98 MB (3.59%)
          5. chrome (PID 6354) - 537.04 MB (3.53%)
[96m------------------------------------------------------------[0m
[1m[ DISK ][0m Used: [92m24.09 GB (2.63%)[0m | Free: 891.74 GB | Total: 915.83 GB
         [93mI/O:[0m Read 0.0 MB/s | Write 0.53 MB/s | Activity: 0.16%
[96m------------------------------------------------------------[0m
[1m[ NET ][0m Upload: 0.0 MB/s | Download: 0.0 MB/s
[96m------------------------------------------------------------[0m
[1m[ BATTERY ][0m [92m99.17%[0m (Charging/Plugged in)
[1m[96m============================================================[0m
[1m[92mData logged to 2026_logs/2026-10-01.jsonl... (Press Ctrl+C to stop)[0m
[1m[96m============================================================[0m
[1mSYSTEM MONITOR V2[0m | Time: 2026-10-01 15:06:19
[96m------------------------------------------------------------[0m
[1m[ CPU ][0m Used: [92m6.0%[0m | Free: 94.0%
        [93mTop 5 (Logged 10):[0m chrome (2.83%)
[96m------------------------------------------------------------[0m
[1m[ RAM ][0m Used: [92m8.05 GB (54.3%)[0m | Available: 6.79 GB | Total: 14.84 GB
[1m[ SWAP ][0m Used: 0.0 GB (0.0%) | Free: 4.0 GB | Total: 4.0 GB
        [93mTop 5 RAM Processes (Logged 10):[0m
          1. code (PID 8252) - 800.23 MB (5.26%)
          2. code (PID 8588) - 688.87 MB (4.53%)
          3. chrome (PID 7112) - 658.75 MB (4.33%)
          4. code (PID 11526) - 545.06 MB (3.59%)
          5. chrome (PID 6354) - 536.73 MB (3.53%)
[96m------------------------------------------------------------[0m
[1m[ DISK ][0m Used: [92m24.09 GB (2.63%)[0m | Free: 891.74 GB | Total: 915.83 GB
         [93mI/O:[0m Read 0.0 MB/s | Write 0.08 MB/s | Activity: 1.05%
[96m------------------------------------------------------------[0m
[1m[ NET ][0m Upload: 0.0 MB/s | Download: 0.0 MB/s
[96m------------------------------------------------------------[0m
[1m[ BATTERY ][0m [92m99.17%[0m (Charging/Plugged in)
[1m[96m============================================================[0m
[1m[92mData logged to 2026_logs/2026-10-01.jsonl... (Press Ctrl+C to stop)[0m
[1m[96m============================================================[0m
[1mSYSTEM MONITOR V2[0m | Time: 2026-10-01 15:06:24
[96m------------------------------------------------------------[0m
[1m[ CPU ][0m Used: [92m11.1%[0m | Free: 88.9%
        [93mTop 5 (Logged 10):[0m chrome (6.73%)
[96m------------------------------------------------------------[0m
[1m[ RAM ][0m Used: [92m8.1 GB (54.6%)[0m | Available: 6.74 GB | Total: 14.84 GB
[1m[ SWAP ][0m Used: 0.0 GB (0.0%) | Free: 4.0 GB | Total: 4.0 GB
        [93mTop 5 RAM Processes (Logged 10):[0m
          1. code (PID 8252) - 807.97 MB (5.32%)
          2. chrome (PID 7112) - 732.18 MB (4.82%)
          3. code (PID 8588) - 697.49 MB (4.59%)
          4. code (PID 11526) - 545.15 MB (3.59%)
          5. chrome (PID 6354) - 539.3 MB (3.55%)
[96m------------------------------------------------------------[0m
[1m[ DISK ][0m Used: [92m24.09 GB (2.63%)[0m | Free: 891.74 GB | Total: 915.83 GB
         [93mI/O:[0m Read 0.0 MB/s | Write 0.54 MB/s | Activity: 1.92%
[96m------------------------------------------------------------[0m
[1m[ NET ][0m Upload: 0.01 MB/s | Download: 0.01 MB/s
[96m------------------------------------------------------------[0m
[1m[ BATTERY ][0m [92m99.17%[0m (Charging/Plugged in)
[1m[96m============================================================[0m
[1m[92mData logged to 2026_logs/2026-10-01.jsonl... (Press Ctrl+C to stop)[0m
[1m[96m============================================================[0m
[1mSYSTEM MONITOR V2[0m | Time: 2026-10-01 15:06:29
[96m------------------------------------------------------------[0m
[1m[ CPU ][0m Used: [92m12.7%[0m | Free: 87.3%
        [93mTop 5 (Logged 10):[0m chrome (8.93%)
[96m------------------------------------------------------------[0m
[1m[ RAM ][0m Used: [92m8.17 GB (55.0%)[0m | Available: 6.68 GB | Total: 14.84 GB
[1m[ SWAP ][0m Used: 0.0 GB (0.0%) | Free: 4.0 GB | Total: 4.0 GB
        [93mTop 5 RAM Processes (Logged 10):[0m
          1. code (PID 8252) - 819.11 MB (5.39%)
          2. chrome (PID 7112) - 758.05 MB (4.99%)
          3. code (PID 8588) - 702.83 MB (4.62%)
          4. code (PID 11526) - 545.23 MB (3.59%)
          5. chrome (PID 6354) - 536.64 MB (3.53%)
[96m------------------------------------------------------------[0m
[1m[ DISK ][0m Used: [92m24.09 GB (2.63%)[0m | Free: 891.74 GB | Total: 915.83 GB
         [93mI/O:[0m Read 0.0 MB/s | Write 0.03 MB/s | Activity: 0.97%
[96m------------------------------------------------------------[0m
[1m[ NET ][0m Upload: 0.0 MB/s | Download: 0.0 MB/s
[96m------------------------------------------------------------[0m
[1m[ BATTERY ][0m [92m99.17%[0m (Charging/Plugged in)
[1m[96m============================================================[0m
[1m[92mData logged to 2026_logs/2026-10-01.jsonl... (Press Ctrl+C to stop)[0m
[1m[96m============================================================[0m
[1mSYSTEM MONITOR V2[0m | Time: 2026-10-01 15:06:34
[96m------------------------------------------------------------[0m
[1m[ CPU ][0m Used: [92m10.3%[0m | Free: 89.7%
        [93mTop 5 (Logged 10):[0m chrome (6.34%)
[96m------------------------------------------------------------[0m
[1m[ RAM ][0m Used: [92m8.17 GB (55.0%)[0m | Available: 6.68 GB | Total: 14.84 GB
[1m[ SWAP ][0m Used: 0.0 GB (0.0%) | Free: 4.0 GB | Total: 4.0 GB
        [93mTop 5 RAM Processes (Logged 10):[0m
          1. code (PID 8252) - 800.32 MB (5.27%)
          2. chrome (PID 7112) - 769.16 MB (5.06%)
          3. code (PID 8588) - 714.84 MB (4.7%)
          4. code (PID 11526) - 545.32 MB (3.59%)
          5. chrome (PID 6354) - 536.38 MB (3.53%)
[96m------------------------------------------------------------[0m
[1m[ DISK ][0m Used: [92m24.09 GB (2.63%)[0m | Free: 891.74 GB | Total: 915.83 GB
         [93mI/O:[0m Read 0.0 MB/s | Write 0.01 MB/s | Activity: 0.9%
[96m------------------------------------------------------------[0m
[1m[ NET ][0m Upload: 0.0 MB/s | Download: 0.0 MB/s
[96m------------------------------------------------------------[0m
[1m[ BATTERY ][0m [92m99.17%[0m (Charging/Plugged in)
[1m[96m============================================================[0m
[1m[92mData logged to 2026_logs/2026-10-01.jsonl... (Press Ctrl+C to stop)[0m
[1m[96m============================================================[0m
[1mSYSTEM MONITOR V2[0m | Time: 2026-10-01 15:06:39
[96m------------------------------------------------------------[0m
[1m[ CPU ][0m Used: [92m7.4%[0m | Free: 92.6%
        [93mTop 5 (Logged 10):[0m chrome (3.12%)
[96m------------------------------------------------------------[0m
[1m[ RAM ][0m Used: [92m8.17 GB (55.1%)[0m | Available: 6.67 GB | Total: 14.84 GB
[1m[ SWAP ][0m Used: 0.0 GB (0.0%) | Free: 4.0 GB | Total: 4.0 GB
        [93mTop 5 RAM Processes (Logged 10):[0m
          1. code (PID 8252) - 805.79 MB (5.3%)
          2. chrome (PID 7112) - 772.97 MB (5.09%)
          3. code (PID 8588) - 725.21 MB (4.77%)
          4. code (PID 11526) - 545.4 MB (3.59%)
          5. chrome (PID 6354) - 537.04 MB (3.53%)
[96m------------------------------------------------------------[0m
[1m[ DISK ][0m Used: [92m24.09 GB (2.63%)[0m | Free: 891.74 GB | Total: 915.83 GB
         [93mI/O:[0m Read 0.0 MB/s | Write 0.09 MB/s | Activity: 1.85%
[96m------------------------------------------------------------[0m
[1m[ NET ][0m Upload: 0.01 MB/s | Download: 0.0 MB/s
[96m------------------------------------------------------------[0m
[1m[ BATTERY ][0m [92m99.17%[0m (Charging/Plugged in)
[1m[96m============================================================[0m
[1m[92mData logged to 2026_logs/2026-10-01.jsonl... (Press Ctrl+C to stop)[0m
[1m[96m============================================================[0m
[1mSYSTEM MONITOR V2[0m | Time: 2026-10-01 15:06:44
[96m------------------------------------------------------------[0m
[1m[ CPU ][0m Used: [92m8.0%[0m | Free: 92.0%
        [93mTop 5 (Logged 10):[0m chrome (3.04%)
[96m------------------------------------------------------------[0m
[1m[ RAM ][0m Used: [92m8.11 GB (54.7%)[0m | Available: 6.73 GB | Total: 14.84 GB
[1m[ SWAP ][0m Used: 0.0 GB (0.0%) | Free: 4.0 GB | Total: 4.0 GB
        [93mTop 5 RAM Processes (Logged 10):[0m
          1. code (PID 8252) - 816.02 MB (5.37%)
          2. chrome (PID 7112) - 773.26 MB (5.09%)
          3. code (PID 8588) - 678.47 MB (4.46%)
          4. code (PID 11526) - 545.49 MB (3.59%)
          5. chrome (PID 6354) - 535.98 MB (3.53%)
[96m------------------------------------------------------------[0m
[1m[ DISK ][0m Used: [92m24.09 GB (2.63%)[0m | Free: 891.74 GB | Total: 915.83 GB
         [93mI/O:[0m Read 0.0 MB/s | Write 0.51 MB/s | Activity: 1.86%
[96m------------------------------------------------------------[0m
[1m[ NET ][0m Upload: 0.0 MB/s | Download: 0.0 MB/s
[96m------------------------------------------------------------[0m
[1m[ BATTERY ][0m [92m99.17%[0m (Charging/Plugged in)
[1m[96m============================================================[0m
[1m[92mData logged to 2026_logs/2026-10-01.jsonl... (Press Ctrl+C to stop)[0m
[1m[96m============================================================[0m
[1mSYSTEM MONITOR V2[0m | Time: 2026-10-01 15:06:50
[96m------------------------------------------------------------[0m
[1m[ CPU ][0m Used: [92m9.3%[0m | Free: 90.7%
        [93mTop 5 (Logged 10):[0m chrome (5.66%)
[96m------------------------------------------------------------[0m
[1m[ RAM ][0m Used: [92m8.07 GB (54.4%)[0m | Available: 6.77 GB | Total: 14.84 GB
[1m[ SWAP ][0m Used: 0.0 GB (0.0%) | Free: 4.0 GB | Total: 4.0 GB
        [93mTop 5 RAM Processes (Logged 10):[0m
          1. code (PID 8252) - 812.29 MB (5.34%)
          2. chrome (PID 7112) - 770.95 MB (5.07%)
          3. code (PID 8588) - 685.84 MB (4.51%)
          4. code (PID 11526) - 545.59 MB (3.59%)
          5. chrome (PID 6354) - 535.64 MB (3.52%)
[96m------------------------------------------------------------[0m
[1m[ DISK ][0m Used: [92m24.09 GB (2.63%)[0m | Free: 891.74 GB | Total: 915.83 GB
         [93mI/O:[0m Read 0.0 MB/s | Write 0.01 MB/s | Activity: 0.79%
[96m------------------------------------------------------------[0m
[1m[ NET ][0m Upload: 0.0 MB/s | Download: 0.01 MB/s
[96m------------------------------------------------------------[0m
[1m[ BATTERY ][0m [92m99.17%[0m (Charging/Plugged in)
[1m[96m============================================================[0m
[1m[92mData logged to 2026_logs/2026-10-01.jsonl... (Press Ctrl+C to stop)[0m
[1m[96m============================================================[0m
[1mSYSTEM MONITOR V2[0m | Time: 2026-10-01 15:06:55
[96m------------------------------------------------------------[0m
[1m[ CPU ][0m Used: [92m6.2%[0m | Free: 93.8%
[96m------------------------------------------------------------[0m
[1m[ RAM ][0m Used: [92m8.11 GB (54.6%)[0m | Available: 6.73 GB | Total: 14.84 GB
[1m[ SWAP ][0m Used: 0.0 GB (0.0%) | Free: 4.0 GB | Total: 4.0 GB
        [93mTop 5 RAM Processes (Logged 10):[0m
          1. code (PID 8252) - 816.91 MB (5.37%)
          2. chrome (PID 7112) - 756.5 MB (4.98%)
          3. code (PID 8588) - 693.34 MB (4.56%)
          4. code (PID 11526) - 544.85 MB (3.58%)
          5. chrome (PID 6354) - 535.74 MB (3.52%)
[96m------------------------------------------------------------[0m
[1m[ DISK ][0m Used: [92m24.09 GB (2.63%)[0m | Free: 891.74 GB | Total: 915.83 GB
         [93mI/O:[0m Read 0.0 MB/s | Write 0.45 MB/s | Activity: 1.07%
[96m------------------------------------------------------------[0m
[1m[ NET ][0m Upload: 0.0 MB/s | Download: 0.0 MB/s
[96m------------------------------------------------------------[0m
[1m[ BATTERY ][0m [92m99.17%[0m (Charging/Plugged in)
[1m[96m============================================================[0m
[1m[92mData logged to 2026_logs/2026-10-01.jsonl... (Press Ctrl+C to stop)[0m
[1m[96m============================================================[0m
[1mSYSTEM MONITOR V2[0m | Time: 2026-10-01 15:07:00
[96m------------------------------------------------------------[0m
[1m[ CPU ][0m Used: [92m5.3%[0m | Free: 94.7%
[96m------------------------------------------------------------[0m
[1m[ RAM ][0m Used: [92m8.11 GB (54.6%)[0m | Available: 6.73 GB | Total: 14.84 GB
[1m[ SWAP ][0m Used: 0.0 GB (0.0%) | Free: 4.0 GB | Total: 4.0 GB
        [93mTop 5 RAM Processes (Logged 10):[0m
          1. code (PID 8252) - 827.4 MB (5.44%)
          2. chrome (PID 7112) - 741.9 MB (4.88%)
          3. code (PID 8588) - 700.84 MB (4.61%)
          4. code (PID 11526) - 544.94 MB (3.59%)
          5. chrome (PID 6354) - 535.84 MB (3.53%)
[96m------------------------------------------------------------[0m
[1m[ DISK ][0m Used: [92m24.09 GB (2.63%)[0m | Free: 891.74 GB | Total: 915.83 GB
         [93mI/O:[0m Read 1.09 MB/s | Write 0.19 MB/s | Activity: 2.53%
[96m------------------------------------------------------------[0m
[1m[ NET ][0m Upload: 0.0 MB/s | Download: 0.0 MB/s
[96m------------------------------------------------------------[0m
[1m[ BATTERY ][0m [92m99.17%[0m (Charging/Plugged in)
[1m[96m============================================================[0m
[1m[92mData logged to 2026_logs/2026-10-01.jsonl... (Press Ctrl+C to stop)[0m
[1m[96m============================================================[0m
[1mSYSTEM MONITOR V2[0m | Time: 2026-10-01 15:07:05
[96m------------------------------------------------------------[0m
[1m[ CPU ][0m Used: [92m5.8%[0m | Free: 94.2%
[96m------------------------------------------------------------[0m
[1m[ RAM ][0m Used: [92m8.08 GB (54.4%)[0m | Available: 6.77 GB | Total: 14.84 GB
[1m[ SWAP ][0m Used: 0.0 GB (0.0%) | Free: 4.0 GB | Total: 4.0 GB
        [93mTop 5 RAM Processes (Logged 10):[0m
          1. code (PID 8252) - 801.0 MB (5.27%)
          2. chrome (PID 7112) - 740.71 MB (4.87%)
          3. code (PID 8588) - 708.36 MB (4.66%)
          4. code (PID 11526) - 545.02 MB (3.59%)
          5. chrome (PID 6354) - 535.77 MB (3.52%)
[96m------------------------------------------------------------[0m
[1m[ DISK ][0m Used: [92m24.09 GB (2.63%)[0m | Free: 891.74 GB | Total: 915.83 GB
         [93mI/O:[0m Read 0.0 MB/s | Write 0.04 MB/s | Activity: 0.85%
[96m------------------------------------------------------------[0m
[1m[ NET ][0m Upload: 0.0 MB/s | Download: 0.0 MB/s
[96m------------------------------------------------------------[0m
[1m[ BATTERY ][0m [92m99.17%[0m (Charging/Plugged in)
[1m[96m============================================================[0m
[1m[92mData logged to 2026_logs/2026-10-01.jsonl... (Press Ctrl+C to stop)[0m
[1m[96m============================================================[0m
[1mSYSTEM MONITOR V2[0m | Time: 2026-10-01 15:07:10
[96m------------------------------------------------------------[0m
[1m[ CPU ][0m Used: [92m7.6%[0m | Free: 92.4%
[96m------------------------------------------------------------[0m
[1m[ RAM ][0m Used: [92m7.92 GB (53.3%)[0m | Available: 6.92 GB | Total: 14.84 GB
[1m[ SWAP ][0m Used: 0.0 GB (0.0%) | Free: 4.0 GB | Total: 4.0 GB
        [93mTop 5 RAM Processes (Logged 10):[0m
          1. chrome (PID 7112) - 739.02 MB (4.86%)
          2. code (PID 8588) - 696.11 MB (4.58%)
          3. code (PID 8252) - 637.33 MB (4.19%)
          4. code (PID 11526) - 545.11 MB (3.59%)
          5. chrome (PID 6354) - 536.61 MB (3.53%)
[96m------------------------------------------------------------[0m
[1m[ DISK ][0m Used: [92m24.09 GB (2.63%)[0m | Free: 891.74 GB | Total: 915.83 GB
         [93mI/O:[0m Read 0.0 MB/s | Write 0.15 MB/s | Activity: 0.16%
[96m------------------------------------------------------------[0m
[1m[ NET ][0m Upload: 0.0 MB/s | Download: 0.0 MB/s
[96m------------------------------------------------------------[0m
[1m[ BATTERY ][0m [92m99.17%[0m (Charging/Plugged in)
[1m[96m============================================================[0m
[1m[92mData logged to 2026_logs/2026-10-01.jsonl... (Press Ctrl+C to stop)[0m
[1m[96m============================================================[0m
[1mSYSTEM MONITOR V2[0m | Time: 2026-10-01 15:07:15
[96m------------------------------------------------------------[0m
[1m[ CPU ][0m Used: [92m7.5%[0m | Free: 92.5%
        [93mTop 5 (Logged 10):[0m chrome (4.08%)
[96m------------------------------------------------------------[0m
[1m[ RAM ][0m Used: [92m7.92 GB (53.3%)[0m | Available: 6.93 GB | Total: 14.84 GB
[1m[ SWAP ][0m Used: 0.0 GB (0.0%) | Free: 4.0 GB | Total: 4.0 GB
        [93mTop 5 RAM Processes (Logged 10):[0m
          1. chrome (PID 7112) - 737.32 MB (4.85%)
          2. code (PID 8588) - 683.03 MB (4.49%)
          3. code (PID 8252) - 652.94 MB (4.3%)
          4. code (PID 11526) - 545.19 MB (3.59%)
          5. chrome (PID 6354) - 535.82 MB (3.53%)
[96m------------------------------------------------------------[0m
[1m[ DISK ][0m Used: [92m24.09 GB (2.63%)[0m | Free: 891.74 GB | Total: 915.83 GB
         [93mI/O:[0m Read 0.0 MB/s | Write 0.73 MB/s | Activity: 1.85%
[96m------------------------------------------------------------[0m
[1m[ NET ][0m Upload: 0.0 MB/s | Download: 0.0 MB/s
[96m------------------------------------------------------------[0m
[1m[ BATTERY ][0m [92m99.17%[0m (Charging/Plugged in)
[1m[96m============================================================[0m
[1m[92mData logged to 2026_logs/2026-10-01.jsonl... (Press Ctrl+C to stop)[0m
[1m[96m============================================================[0m
[1mSYSTEM MONITOR V2[0m | Time: 2026-10-01 15:07:20
[96m------------------------------------------------------------[0m
[1m[ CPU ][0m Used: [92m7.8%[0m | Free: 92.2%
        [93mTop 5 (Logged 10):[0m chrome (4.35%)
[96m------------------------------------------------------------[0m
[1m[ RAM ][0m Used: [92m7.91 GB (53.3%)[0m | Available: 6.93 GB | Total: 14.84 GB
[1m[ SWAP ][0m Used: 0.0 GB (0.0%) | Free: 4.0 GB | Total: 4.0 GB
        [93mTop 5 RAM Processes (Logged 10):[0m
          1. chrome (PID 7112) - 735.28 MB (4.84%)
          2. code (PID 8588) - 692.91 MB (4.56%)
          3. code (PID 8252) - 654.07 MB (4.3%)
          4. code (PID 11526) - 545.28 MB (3.59%)
          5. chrome (PID 6354) - 535.88 MB (3.53%)
[96m------------------------------------------------------------[0m
[1m[ DISK ][0m Used: [92m24.09 GB (2.63%)[0m | Free: 891.74 GB | Total: 915.83 GB
         [93mI/O:[0m Read 0.0 MB/s | Write 0.03 MB/s | Activity: 0.86%
[96m------------------------------------------------------------[0m
[1m[ NET ][0m Upload: 0.0 MB/s | Download: 0.0 MB/s
[96m------------------------------------------------------------[0m
[1m[ BATTERY ][0m [92m99.17%[0m (Charging/Plugged in)
[1m[96m============================================================[0m
[1m[92mData logged to 2026_logs/2026-10-01.jsonl... (Press Ctrl+C to stop)[0m
[1m[96m============================================================[0m
[1mSYSTEM MONITOR V2[0m | Time: 2026-10-01 15:07:25
[96m------------------------------------------------------------[0m
[1m[ CPU ][0m Used: [92m10.4%[0m | Free: 89.6%
        [93mTop 5 (Logged 10):[0m chrome (6.33%)
[96m------------------------------------------------------------[0m
[1m[ RAM ][0m Used: [92m7.99 GB (53.8%)[0m | Available: 6.86 GB | Total: 14.84 GB
[1m[ SWAP ][0m Used: 0.0 GB (0.0%) | Free: 4.0 GB | Total: 4.0 GB
        [93mTop 5 RAM Processes (Logged 10):[0m
          1. chrome (PID 7112) - 767.86 MB (5.05%)
          2. code (PID 8588) - 699.08 MB (4.6%)
          3. code (PID 8252) - 665.35 MB (4.38%)
          4. code (PID 11526) - 545.36 MB (3.59%)
          5. chrome (PID 6354) - 535.56 MB (3.52%)
[96m------------------------------------------------------------[0m
[1m[ DISK ][0m Used: [92m24.09 GB (2.63%)[0m | Free: 891.74 GB | Total: 915.83 GB
         [93mI/O:[0m Read 0.0 MB/s | Write 0.03 MB/s | Activity: 0.24%
[96m------------------------------------------------------------[0m
[1m[ NET ][0m Upload: 0.01 MB/s | Download: 0.01 MB/s
[96m------------------------------------------------------------[0m
[1m[ BATTERY ][0m [92m99.17%[0m (Charging/Plugged in)
[1m[96m============================================================[0m
[1m[92mData logged to 2026_logs/2026-10-01.jsonl... (Press Ctrl+C to stop)[0m
[1m[96m============================================================[0m
[1mSYSTEM MONITOR V2[0m | Time: 2026-10-01 15:07:30
[96m------------------------------------------------------------[0m
[1m[ CPU ][0m Used: [92m15.2%[0m | Free: 84.8%
        [93mTop 5 (Logged 10):[0m chrome (7.4%)
[96m------------------------------------------------------------[0m
[1m[ RAM ][0m Used: [92m7.94 GB (53.5%)[0m | Available: 6.9 GB | Total: 14.84 GB
[1m[ SWAP ][0m Used: 0.0 GB (0.0%) | Free: 4.0 GB | Total: 4.0 GB
        [93mTop 5 RAM Processes (Logged 10):[0m
          1. chrome (PID 7112) - 776.81 MB (5.11%)
          2. code (PID 8588) - 667.38 MB (4.39%)
          3. code (PID 8252) - 665.79 MB (4.38%)
          4. code (PID 11526) - 545.59 MB (3.59%)
          5. chrome (PID 6354) - 535.63 MB (3.52%)
[96m------------------------------------------------------------[0m
[1m[ DISK ][0m Used: [92m24.09 GB (2.63%)[0m | Free: 891.74 GB | Total: 915.83 GB
         [93mI/O:[0m Read 0.0 MB/s | Write 0.02 MB/s | Activity: 0.92%
[96m------------------------------------------------------------[0m
[1m[ NET ][0m Upload: 0.0 MB/s | Download: 0.0 MB/s
[96m------------------------------------------------------------[0m
[1m[ BATTERY ][0m [92m99.17%[0m (Charging/Plugged in)
[1m[96m============================================================[0m
[1m[92mData logged to 2026_logs/2026-10-01.jsonl... (Press Ctrl+C to stop)[0m
[1m[96m============================================================[0m
[1mSYSTEM MONITOR V2[0m | Time: 2026-10-01 15:07:35
[96m------------------------------------------------------------[0m
[1m[ CPU ][0m Used: [92m10.4%[0m | Free: 89.6%
        [93mTop 5 (Logged 10):[0m chrome (7.32%)
[96m------------------------------------------------------------[0m
[1m[ RAM ][0m Used: [92m7.97 GB (53.7%)[0m | Available: 6.88 GB | Total: 14.84 GB
[1m[ SWAP ][0m Used: 0.0 GB (0.0%) | Free: 4.0 GB | Total: 4.0 GB
        [93mTop 5 RAM Processes (Logged 10):[0m
          1. chrome (PID 7112) - 783.38 MB (5.15%)
          2. code (PID 8252) - 683.39 MB (4.5%)
          3. code (PID 8588) - 674.26 MB (4.44%)
          4. code (PID 11526) - 545.68 MB (3.59%)
          5. chrome (PID 6354) - 535.6 MB (3.52%)
[96m------------------------------------------------------------[0m
[1m[ DISK ][0m Used: [92m24.09 GB (2.63%)[0m | Free: 891.74 GB | Total: 915.83 GB
         [93mI/O:[0m Read 0.0 MB/s | Write 0.03 MB/s | Activity: 0.98%
[96m------------------------------------------------------------[0m
[1m[ NET ][0m Upload: 0.0 MB/s | Download: 0.0 MB/s
[96m------------------------------------------------------------[0m
[1m[ BATTERY ][0m [92m99.17%[0m (Charging/Plugged in)
[1m[96m============================================================[0m
[1m[92mData logged to 2026_logs/2026-10-01.jsonl... (Press Ctrl+C to stop)[0m
[1m[96m============================================================[0m
[1mSYSTEM MONITOR V2[0m | Time: 2026-10-01 15:07:40
[96m------------------------------------------------------------[0m
[1m[ CPU ][0m Used: [92m6.1%[0m | Free: 93.9%
        [93mTop 5 (Logged 10):[0m chrome (2.79%)
[96m------------------------------------------------------------[0m
[1m[ RAM ][0m Used: [92m7.96 GB (53.6%)[0m | Available: 6.89 GB | Total: 14.84 GB
[1m[ SWAP ][0m Used: 0.0 GB (0.0%) | Free: 4.0 GB | Total: 4.0 GB
        [93mTop 5 RAM Processes (Logged 10):[0m
          1. chrome (PID 7112) - 782.21 MB (5.15%)
          2. code (PID 8252) - 690.09 MB (4.54%)
          3. code (PID 8588) - 682.8 MB (4.49%)
          4. code (PID 11526) - 545.77 MB (3.59%)
          5. chrome (PID 6354) - 535.6 MB (3.52%)
[96m------------------------------------------------------------[0m
[1m[ DISK ][0m Used: [92m24.09 GB (2.63%)[0m | Free: 891.74 GB | Total: 915.83 GB
         [93mI/O:[0m Read 0.0 MB/s | Write 0.49 MB/s | Activity: 1.0%
[96m------------------------------------------------------------[0m
[1m[ NET ][0m Upload: 0.0 MB/s | Download: 0.0 MB/s
[96m------------------------------------------------------------[0m
[1m[ BATTERY ][0m [92m99.17%[0m (Charging/Plugged in)
[1m[96m============================================================[0m
[1m[92mData logged to 2026_logs/2026-10-01.jsonl... (Press Ctrl+C to stop)[0m
[1m[96m============================================================[0m
[1mSYSTEM MONITOR V2[0m | Time: 2026-10-01 15:07:45
[96m------------------------------------------------------------[0m
[1m[ CPU ][0m Used: [92m5.7%[0m | Free: 94.3%
        [93mTop 5 (Logged 10):[0m chrome (3.04%)
[96m------------------------------------------------------------[0m
[1m[ RAM ][0m Used: [92m7.95 GB (53.5%)[0m | Available: 6.9 GB | Total: 14.84 GB
[1m[ SWAP ][0m Used: 0.0 GB (0.0%) | Free: 4.0 GB | Total: 4.0 GB
        [93mTop 5 RAM Processes (Logged 10):[0m
          1. chrome (PID 7112) - 785.73 MB (5.17%)
          2. code (PID 8252) - 698.49 MB (4.6%)
          3. code (PID 8588) - 682.36 MB (4.49%)
          4. code (PID 11526) - 545.86 MB (3.59%)
          5. chrome (PID 6354) - 535.43 MB (3.52%)
[96m------------------------------------------------------------[0m
[1m[ DISK ][0m Used: [92m24.09 GB (2.63%)[0m | Free: 891.74 GB | Total: 915.83 GB
         [93mI/O:[0m Read 0.0 MB/s | Write 0.57 MB/s | Activity: 1.84%
[96m------------------------------------------------------------[0m
[1m[ NET ][0m Upload: 0.0 MB/s | Download: 0.0 MB/s
[96m------------------------------------------------------------[0m
[1m[ BATTERY ][0m [92m99.17%[0m (Charging/Plugged in)
[1m[96m============================================================[0m
[1m[92mData logged to 2026_logs/2026-10-01.jsonl... (Press Ctrl+C to stop)[0m
[1m[96m============================================================[0m
[1mSYSTEM MONITOR V2[0m | Time: 2026-10-01 15:07:50
[96m------------------------------------------------------------[0m
[1m[ CPU ][0m Used: [92m7.3%[0m | Free: 92.7%
        [93mTop 5 (Logged 10):[0m chrome (3.74%)
[96m------------------------------------------------------------[0m
[1m[ RAM ][0m Used: [92m7.96 GB (53.6%)[0m | Available: 6.88 GB | Total: 14.84 GB
[1m[ SWAP ][0m Used: 0.0 GB (0.0%) | Free: 4.0 GB | Total: 4.0 GB
        [93mTop 5 RAM Processes (Logged 10):[0m
          1. chrome (PID 7112) - 783.27 MB (5.15%)
          2. code (PID 8252) - 691.3 MB (4.55%)
          3. code (PID 8588) - 690.94 MB (4.55%)
          4. code (PID 11526) - 545.95 MB (3.59%)
          5. chrome (PID 6354) - 535.43 MB (3.52%)
[96m------------------------------------------------------------[0m
[1m[ DISK ][0m Used: [92m24.09 GB (2.63%)[0m | Free: 891.74 GB | Total: 915.83 GB
         [93mI/O:[0m Read 0.0 MB/s | Write 0.01 MB/s | Activity: 0.9%
[96m------------------------------------------------------------[0m
[1m[ NET ][0m Upload: 0.0 MB/s | Download: 0.0 MB/s
[96m------------------------------------------------------------[0m
[1m[ BATTERY ][0m [92m99.17%[0m (Charging/Plugged in)
[1m[96m============================================================[0m
[1m[92mData logged to 2026_logs/2026-10-01.jsonl... (Press Ctrl+C to stop)[0m
[1m[96m============================================================[0m
[1mSYSTEM MONITOR V2[0m | Time: 2026-10-01 15:07:55
[96m------------------------------------------------------------[0m
[1m[ CPU ][0m Used: [92m8.4%[0m | Free: 91.6%
        [93mTop 5 (Logged 10):[0m chrome (3.14%)
[96m------------------------------------------------------------[0m
[1m[ RAM ][0m Used: [92m7.98 GB (53.8%)[0m | Available: 6.86 GB | Total: 14.84 GB
[1m[ SWAP ][0m Used: 0.0 GB (0.0%) | Free: 4.0 GB | Total: 4.0 GB
        [93mTop 5 RAM Processes (Logged 10):[0m
          1. chrome (PID 7112) - 768.42 MB (5.06%)
          2. code (PID 8588) - 701.64 MB (4.62%)
          3. code (PID 8252) - 678.01 MB (4.46%)
          4. code (PID 11526) - 546.03 MB (3.59%)
          5. chrome (PID 6354) - 535.52 MB (3.52%)
[96m------------------------------------------------------------[0m
[1m[ DISK ][0m Used: [92m24.09 GB (2.63%)[0m | Free: 891.74 GB | Total: 915.83 GB
         [93mI/O:[0m Read 0.0 MB/s | Write 0.04 MB/s | Activity: 1.05%
[96m------------------------------------------------------------[0m
[1m[ NET ][0m Upload: 0.0 MB/s | Download: 0.0 MB/s
[96m------------------------------------------------------------[0m
[1m[ BATTERY ][0m [92m99.17%[0m (Charging/Plugged in)
[1m[96m============================================================[0m
[1m[92mData logged to 2026_logs/2026-10-01.jsonl... (Press Ctrl+C to stop)[0m
[1m[96m============================================================[0m
[1mSYSTEM MONITOR V2[0m | Time: 2026-10-01 15:08:01
[96m------------------------------------------------------------[0m
[1m[ CPU ][0m Used: [92m6.1%[0m | Free: 93.9%
        [93mTop 5 (Logged 10):[0m chrome (2.73%)
[96m------------------------------------------------------------[0m
[1m[ RAM ][0m Used: [92m7.93 GB (53.4%)[0m | Available: 6.91 GB | Total: 14.84 GB
[1m[ SWAP ][0m Used: 0.0 GB (0.0%) | Free: 4.0 GB | Total: 4.0 GB
        [93mTop 5 RAM Processes (Logged 10):[0m
          1. chrome (PID 7112) - 768.04 MB (5.05%)
          2. code (PID 8588) - 698.89 MB (4.6%)
          3. code (PID 8252) - 687.61 MB (4.52%)
          4. code (PID 11526) - 546.07 MB (3.59%)
          5. chrome (PID 6354) - 535.32 MB (3.52%)
[96m------------------------------------------------------------[0m
[1m[ DISK ][0m Used: [92m24.09 GB (2.63%)[0m | Free: 891.74 GB | Total: 915.83 GB
         [93mI/O:[0m Read 0.0 MB/s | Write 0.0 MB/s | Activity: 0.0%
[96m------------------------------------------------------------[0m
[1m[ NET ][0m Upload: 0.0 MB/s | Download: 0.0 MB/s
[96m------------------------------------------------------------[0m
[1m[ BATTERY ][0m [92m99.17%[0m (Charging/Plugged in)
[1m[96m============================================================[0m
[1m[92mData logged to 2026_logs/2026-10-01.jsonl... (Press Ctrl+C to stop)[0m
[1m[96m============================================================[0m
[1mSYSTEM MONITOR V2[0m | Time: 2026-10-01 15:08:06
[96m------------------------------------------------------------[0m
[1m[ CPU ][0m Used: [92m6.9%[0m | Free: 93.1%
        [93mTop 5 (Logged 10):[0m chrome (3.77%)
[96m------------------------------------------------------------[0m
[1m[ RAM ][0m Used: [92m7.94 GB (53.5%)[0m | Available: 6.9 GB | Total: 14.84 GB
[1m[ SWAP ][0m Used: 0.0 GB (0.0%) | Free: 4.0 GB | Total: 4.0 GB
        [93mTop 5 RAM Processes (Logged 10):[0m
          1. chrome (PID 7112) - 760.08 MB (5.0%)
          2. code (PID 8588) - 706.58 MB (4.65%)
          3. code (PID 8252) - 703.02 MB (4.63%)
          4. code (PID 11526) - 546.08 MB (3.59%)
          5. chrome (PID 6354) - 535.32 MB (3.52%)
[96m------------------------------------------------------------[0m
[1m[ DISK ][0m Used: [92m24.09 GB (2.63%)[0m | Free: 891.74 GB | Total: 915.83 GB
         [93mI/O:[0m Read 0.0 MB/s | Write 0.04 MB/s | Activity: 1.63%
[96m------------------------------------------------------------[0m
[1m[ NET ][0m Upload: 0.0 MB/s | Download: 0.0 MB/s
[96m------------------------------------------------------------[0m
[1m[ BATTERY ][0m [92m99.17%[0m (Charging/Plugged in)
[1m[96m============================================================[0m
[1m[92mData logged to 2026_logs/2026-10-01.jsonl... (Press Ctrl+C to stop)[0m
[1m[96m============================================================[0m
[1mSYSTEM MONITOR V2[0m | Time: 2026-10-01 15:08:11
[96m------------------------------------------------------------[0m
[1m[ CPU ][0m Used: [92m6.4%[0m | Free: 93.6%
        [93mTop 5 (Logged 10):[0m chrome (2.87%)
[96m------------------------------------------------------------[0m
[1m[ RAM ][0m Used: [92m8.01 GB (53.9%)[0m | Available: 6.84 GB | Total: 14.84 GB
[1m[ SWAP ][0m Used: 0.0 GB (0.0%) | Free: 4.0 GB | Total: 4.0 GB
        [93mTop 5 RAM Processes (Logged 10):[0m
          1. chrome (PID 7112) - 763.12 MB (5.02%)
          2. code (PID 8588) - 715.22 MB (4.71%)
          3. code (PID 8252) - 709.43 MB (4.67%)
          4. code (PID 11526) - 546.09 MB (3.59%)
          5. chrome (PID 6354) - 535.79 MB (3.53%)
[96m------------------------------------------------------------[0m
[1m[ DISK ][0m Used: [92m24.09 GB (2.63%)[0m | Free: 891.74 GB | Total: 915.83 GB
         [93mI/O:[0m Read 0.0 MB/s | Write 0.04 MB/s | Activity: 1.15%
[96m------------------------------------------------------------[0m
[1m[ NET ][0m Upload: 0.0 MB/s | Download: 0.0 MB/s
[96m------------------------------------------------------------[0m
[1m[ BATTERY ][0m [92m99.17%[0m (Charging/Plugged in)
[1m[96m============================================================[0m
[1m[92mData logged to 2026_logs/2026-10-01.jsonl... (Press Ctrl+C to stop)[0m
[1m[96m============================================================[0m
[1mSYSTEM MONITOR V2[0m | Time: 2026-10-01 15:08:16
[96m------------------------------------------------------------[0m
[1m[ CPU ][0m Used: [92m6.7%[0m | Free: 93.3%
        [93mTop 5 (Logged 10):[0m chrome (3.11%)
[96m------------------------------------------------------------[0m
[1m[ RAM ][0m Used: [92m7.96 GB (53.7%)[0m | Available: 6.88 GB | Total: 14.84 GB
[1m[ SWAP ][0m Used: 0.0 GB (0.0%) | Free: 4.0 GB | Total: 4.0 GB
        [93mTop 5 RAM Processes (Logged 10):[0m
          1. chrome (PID 7112) - 762.22 MB (5.01%)
          2. code (PID 8588) - 726.09 MB (4.78%)
          3. code (PID 8252) - 715.4 MB (4.71%)
          4. code (PID 11526) - 546.09 MB (3.59%)
          5. chrome (PID 6354) - 535.45 MB (3.52%)
[96m------------------------------------------------------------[0m
[1m[ DISK ][0m Used: [92m24.09 GB (2.63%)[0m | Free: 891.74 GB | Total: 915.83 GB
         [93mI/O:[0m Read 0.0 MB/s | Write 0.86 MB/s | Activity: 1.06%
[96m------------------------------------------------------------[0m
[1m[ NET ][0m Upload: 0.0 MB/s | Download: 0.0 MB/s
[96m------------------------------------------------------------[0m
[1m[ BATTERY ][0m [92m99.17%[0m (Charging/Plugged in)
[1m[96m============================================================[0m
[1m[92mData logged to 2026_logs/2026-10-01.jsonl... (Press Ctrl+C to stop)[0m
[1m[96m============================================================[0m
[1mSYSTEM MONITOR V2[0m | Time: 2026-10-01 15:08:21
[96m------------------------------------------------------------[0m
[1m[ CPU ][0m Used: [92m7.7%[0m | Free: 92.3%
        [93mTop 5 (Logged 10):[0m chrome (3.13%)
[96m------------------------------------------------------------[0m
[1m[ RAM ][0m Used: [92m7.94 GB (53.5%)[0m | Available: 6.9 GB | Total: 14.84 GB
[1m[ SWAP ][0m Used: 0.0 GB (0.0%) | Free: 4.0 GB | Total: 4.0 GB
        [93mTop 5 RAM Processes (Logged 10):[0m
          1. chrome (PID 7112) - 762.74 MB (5.02%)
          2. code (PID 8252) - 735.31 MB (4.84%)
          3. code (PID 8588) - 676.36 MB (4.45%)
          4. code (PID 11526) - 546.1 MB (3.59%)
          5. chrome (PID 6354) - 535.38 MB (3.52%)
[96m------------------------------------------------------------[0m
[1m[ DISK ][0m Used: [92m24.09 GB (2.63%)[0m | Free: 891.74 GB | Total: 915.83 GB
         [93mI/O:[0m Read 0.0 MB/s | Write 0.03 MB/s | Activity: 0.1%
[96m------------------------------------------------------------[0m
[1m[ NET ][0m Upload: 0.0 MB/s | Download: 0.0 MB/s
[96m------------------------------------------------------------[0m
[1m[ BATTERY ][0m [92m99.17%[0m (Charging/Plugged in)
[1m[96m============================================================[0m
[1m[92mData logged to 2026_logs/2026-10-01.jsonl... (Press Ctrl+C to stop)[0m
[1m[96m============================================================[0m
[1mSYSTEM MONITOR V2[0m | Time: 2026-10-01 15:08:26
[96m------------------------------------------------------------[0m
[1m[ CPU ][0m Used: [92m7.9%[0m | Free: 92.1%
        [93mTop 5 (Logged 10):[0m chrome (4.37%)
[96m------------------------------------------------------------[0m
[1m[ RAM ][0m Used: [92m8.0 GB (53.9%)[0m | Available: 6.84 GB | Total: 14.84 GB
[1m[ SWAP ][0m Used: 0.0 GB (0.0%) | Free: 4.0 GB | Total: 4.0 GB
        [93mTop 5 RAM Processes (Logged 10):[0m
          1. chrome (PID 7112) - 785.72 MB (5.17%)
          2. code (PID 8252) - 739.0 MB (4.86%)
          3. code (PID 8588) - 684.09 MB (4.5%)
          4. code (PID 11526) - 546.11 MB (3.59%)
          5. chrome (PID 6354) - 535.73 MB (3.52%)
[96m------------------------------------------------------------[0m
[1m[ DISK ][0m Used: [92m24.09 GB (2.63%)[0m | Free: 891.74 GB | Total: 915.83 GB
         [93mI/O:[0m Read 0.0 MB/s | Write 0.07 MB/s | Activity: 1.75%
[96m------------------------------------------------------------[0m
[1m[ NET ][0m Upload: 0.01 MB/s | Download: 0.0 MB/s
[96m------------------------------------------------------------[0m
[1m[ BATTERY ][0m [92m99.17%[0m (Charging/Plugged in)
[1m[96m============================================================[0m
[1m[92mData logged to 2026_logs/2026-10-01.jsonl... (Press Ctrl+C to stop)[0m
[1m[96m============================================================[0m
[1mSYSTEM MONITOR V2[0m | Time: 2026-10-01 15:08:31
[96m------------------------------------------------------------[0m
[1m[ CPU ][0m Used: [92m5.9%[0m | Free: 94.1%
        [93mTop 5 (Logged 10):[0m chrome (2.78%)
[96m------------------------------------------------------------[0m
[1m[ RAM ][0m Used: [92m8.01 GB (54.0%)[0m | Available: 6.83 GB | Total: 14.84 GB
[1m[ SWAP ][0m Used: 0.0 GB (0.0%) | Free: 4.0 GB | Total: 4.0 GB
        [93mTop 5 RAM Processes (Logged 10):[0m
          1. chrome (PID 7112) - 790.13 MB (5.2%)
          2. code (PID 8252) - 747.98 MB (4.92%)
          3. code (PID 8588) - 691.86 MB (4.55%)
          4. code (PID 11526) - 546.12 MB (3.59%)
          5. chrome (PID 6354) - 535.95 MB (3.53%)
[96m------------------------------------------------------------[0m
[1m[ DISK ][0m Used: [92m24.09 GB (2.63%)[0m | Free: 891.74 GB | Total: 915.83 GB
         [93mI/O:[0m Read 0.0 MB/s | Write 0.02 MB/s | Activity: 0.89%
[96m------------------------------------------------------------[0m
[1m[ NET ][0m Upload: 0.0 MB/s | Download: 0.0 MB/s
[96m------------------------------------------------------------[0m
[1m[ BATTERY ][0m [92m99.17%[0m (Charging/Plugged in)
[1m[96m============================================================[0m
[1m[92mData logged to 2026_logs/2026-10-01.jsonl... (Press Ctrl+C to stop)[0m
[1m[96m============================================================[0m
[1mSYSTEM MONITOR V2[0m | Time: 2026-10-01 15:08:36
[96m------------------------------------------------------------[0m
[1m[ CPU ][0m Used: [92m9.2%[0m | Free: 90.8%
        [93mTop 5 (Logged 10):[0m chrome (5.63%)
[96m------------------------------------------------------------[0m
[1m[ RAM ][0m Used: [92m8.0 GB (53.9%)[0m | Available: 6.84 GB | Total: 14.84 GB
[1m[ SWAP ][0m Used: 0.0 GB (0.0%) | Free: 4.0 GB | Total: 4.0 GB
        [93mTop 5 RAM Processes (Logged 10):[0m
          1. chrome (PID 7112) - 792.11 MB (5.21%)
          2. code (PID 8252) - 724.12 MB (4.76%)
          3. code (PID 8588) - 699.66 MB (4.6%)
          4. code (PID 11526) - 545.19 MB (3.59%)
          5. chrome (PID 6354) - 536.93 MB (3.53%)
[96m------------------------------------------------------------[0m
[1m[ DISK ][0m Used: [92m24.09 GB (2.63%)[0m | Free: 891.74 GB | Total: 915.83 GB
         [93mI/O:[0m Read 0.0 MB/s | Write 0.02 MB/s | Activity: 0.8%
[96m------------------------------------------------------------[0m
[1m[ NET ][0m Upload: 0.0 MB/s | Download: 0.0 MB/s
[96m------------------------------------------------------------[0m
[1m[ BATTERY ][0m [92m99.17%[0m (Charging/Plugged in)
[1m[96m============================================================[0m
[1m[92mData logged to 2026_logs/2026-10-01.jsonl... (Press Ctrl+C to stop)[0m
[1m[96m============================================================[0m
[1mSYSTEM MONITOR V2[0m | Time: 2026-10-01 15:08:41
[96m------------------------------------------------------------[0m
[1m[ CPU ][0m Used: [92m9.2%[0m | Free: 90.8%
        [93mTop 5 (Logged 10):[0m chrome (3.2%)
[96m------------------------------------------------------------[0m
[1m[ RAM ][0m Used: [92m8.1 GB (54.6%)[0m | Available: 6.75 GB | Total: 14.84 GB
[1m[ SWAP ][0m Used: 0.0 GB (0.0%) | Free: 4.0 GB | Total: 4.0 GB
        [93mTop 5 RAM Processes (Logged 10):[0m
          1. chrome (PID 7112) - 788.0 MB (5.18%)
          2. code (PID 8252) - 755.0 MB (4.97%)
          3. code (PID 8588) - 707.59 MB (4.66%)
          4. code (PID 11526) - 545.28 MB (3.59%)
          5. chrome (PID 6354) - 537.08 MB (3.53%)
[96m------------------------------------------------------------[0m
[1m[ DISK ][0m Used: [92m24.09 GB (2.63%)[0m | Free: 891.74 GB | Total: 915.83 GB
         [93mI/O:[0m Read 0.0 MB/s | Write 0.08 MB/s | Activity: 1.95%
[96m------------------------------------------------------------[0m
[1m[ NET ][0m Upload: 0.0 MB/s | Download: 0.01 MB/s
[96m------------------------------------------------------------[0m
[1m[ BATTERY ][0m [92m99.17%[0m (Charging/Plugged in)
[1m[96m============================================================[0m
[1m[92mData logged to 2026_logs/2026-10-01.jsonl... (Press Ctrl+C to stop)[0m
[1m[96m============================================================[0m
[1mSYSTEM MONITOR V2[0m | Time: 2026-10-01 15:08:46
[96m------------------------------------------------------------[0m
[1m[ CPU ][0m Used: [92m13.8%[0m | Free: 86.2%
        [93mTop 5 (Logged 10):[0m chrome (9.81%)
[96m------------------------------------------------------------[0m
[1m[ RAM ][0m Used: [92m8.06 GB (54.3%)[0m | Available: 6.79 GB | Total: 14.84 GB
[1m[ SWAP ][0m Used: 0.0 GB (0.0%) | Free: 4.0 GB | Total: 4.0 GB
        [93mTop 5 RAM Processes (Logged 10):[0m
          1. chrome (PID 7112) - 804.75 MB (5.29%)
          2. code (PID 8252) - 736.1 MB (4.84%)
          3. code (PID 8588) - 695.71 MB (4.58%)
          4. code (PID 11526) - 545.37 MB (3.59%)
          5. chrome (PID 6354) - 536.02 MB (3.53%)
[96m------------------------------------------------------------[0m
[1m[ DISK ][0m Used: [92m24.09 GB (2.63%)[0m | Free: 891.74 GB | Total: 915.83 GB
         [93mI/O:[0m Read 0.0 MB/s | Write 0.51 MB/s | Activity: 0.22%
[96m------------------------------------------------------------[0m
[1m[ NET ][0m Upload: 0.0 MB/s | Download: 0.0 MB/s
[96m------------------------------------------------------------[0m
[1m[ BATTERY ][0m [92m99.17%[0m (Charging/Plugged in)
[1m[96m============================================================[0m
[1m[92mData logged to 2026_logs/2026-10-01.jsonl... (Press Ctrl+C to stop)[0m
[1m[96m============================================================[0m
[1mSYSTEM MONITOR V2[0m | Time: 2026-10-01 15:08:51
[96m------------------------------------------------------------[0m
[1m[ CPU ][0m Used: [92m10.0%[0m | Free: 90.0%
        [93mTop 5 (Logged 10):[0m chrome (5.32%)
[96m------------------------------------------------------------[0m
[1m[ RAM ][0m Used: [92m8.05 GB (54.3%)[0m | Available: 6.79 GB | Total: 14.84 GB
[1m[ SWAP ][0m Used: 0.0 GB (0.0%) | Free: 4.0 GB | Total: 4.0 GB
        [93mTop 5 RAM Processes (Logged 10):[0m
          1. chrome (PID 7112) - 802.6 MB (5.28%)
          2. code (PID 8252) - 743.69 MB (4.89%)
          3. code (PID 8588) - 685.15 MB (4.51%)
          4. code (PID 11526) - 545.46 MB (3.59%)
          5. chrome (PID 6354) - 537.11 MB (3.53%)
[96m------------------------------------------------------------[0m
[1m[ DISK ][0m Used: [92m24.09 GB (2.63%)[0m | Free: 891.74 GB | Total: 915.83 GB
         [93mI/O:[0m Read 0.0 MB/s | Write 0.05 MB/s | Activity: 0.02%
[96m------------------------------------------------------------[0m
[1m[ NET ][0m Upload: 0.0 MB/s | Download: 0.0 MB/s
[96m------------------------------------------------------------[0m
[1m[ BATTERY ][0m [92m99.17%[0m (Charging/Plugged in)
[1m[96m============================================================[0m
[1m[92mData logged to 2026_logs/2026-10-01.jsonl... (Press Ctrl+C to stop)[0m
[1m[96m============================================================[0m
[1mSYSTEM MONITOR V2[0m | Time: 2026-10-01 15:08:56
[96m------------------------------------------------------------[0m
[1m[ CPU ][0m Used: [92m6.0%[0m | Free: 94.0%
[96m------------------------------------------------------------[0m
[1m[ RAM ][0m Used: [92m8.04 GB (54.1%)[0m | Available: 6.81 GB | Total: 14.84 GB
[1m[ SWAP ][0m Used: 0.0 GB (0.0%) | Free: 4.0 GB | Total: 4.0 GB
        [93mTop 5 RAM Processes (Logged 10):[0m
          1. chrome (PID 7112) - 785.02 MB (5.16%)
          2. code (PID 8252) - 754.06 MB (4.96%)
          3. code (PID 8588) - 695.15 MB (4.57%)
          4. code (PID 11526) - 545.54 MB (3.59%)
          5. chrome (PID 6354) - 536.21 MB (3.53%)
[96m------------------------------------------------------------[0m
[1m[ DISK ][0m Used: [92m24.09 GB (2.63%)[0m | Free: 891.74 GB | Total: 915.83 GB
         [93mI/O:[0m Read 0.01 MB/s | Write 0.46 MB/s | Activity: 1.96%
[96m------------------------------------------------------------[0m
[1m[ NET ][0m Upload: 0.0 MB/s | Download: 0.0 MB/s
[96m------------------------------------------------------------[0m
[1m[ BATTERY ][0m [92m99.17%[0m (Charging/Plugged in)
[1m[96m============================================================[0m
[1m[92mData logged to 2026_logs/2026-10-01.jsonl... (Press Ctrl+C to stop)[0m
[1m[96m============================================================[0m
[1mSYSTEM MONITOR V2[0m | Time: 2026-10-01 15:09:01
[96m------------------------------------------------------------[0m
[1m[ CPU ][0m Used: [92m7.3%[0m | Free: 92.7%
[96m------------------------------------------------------------[0m
[1m[ RAM ][0m Used: [92m8.02 GB (54.0%)[0m | Available: 6.83 GB | Total: 14.84 GB
[1m[ SWAP ][0m Used: 0.0 GB (0.0%) | Free: 4.0 GB | Total: 4.0 GB
        [93mTop 5 RAM Processes (Logged 10):[0m
          1. chrome (PID 7112) - 775.18 MB (5.1%)
          2. code (PID 8252) - 751.5 MB (4.94%)
          3. code (PID 8588) - 665.75 MB (4.38%)
          4. code (PID 11526) - 545.63 MB (3.59%)
          5. chrome (PID 6354) - 535.91 MB (3.53%)
[96m------------------------------------------------------------[0m
[1m[ DISK ][0m Used: [92m24.09 GB (2.63%)[0m | Free: 891.74 GB | Total: 915.83 GB
         [93mI/O:[0m Read 0.0 MB/s | Write 0.12 MB/s | Activity: 1.94%
[96m------------------------------------------------------------[0m
[1m[ NET ][0m Upload: 0.0 MB/s | Download: 0.0 MB/s
[96m------------------------------------------------------------[0m
[1m[ BATTERY ][0m [92m99.17%[0m (Charging/Plugged in)
[1m[96m============================================================[0m
[1m[92mData logged to 2026_logs/2026-10-01.jsonl... (Press Ctrl+C to stop)[0m
[1m[96m============================================================[0m
[1mSYSTEM MONITOR V2[0m | Time: 2026-10-01 15:09:06
[96m------------------------------------------------------------[0m
[1m[ CPU ][0m Used: [92m6.7%[0m | Free: 93.3%
        [93mTop 5 (Logged 10):[0m chrome (2.14%)
[96m------------------------------------------------------------[0m
[1m[ RAM ][0m Used: [92m8.02 GB (54.0%)[0m | Available: 6.82 GB | Total: 14.84 GB
[1m[ SWAP ][0m Used: 0.0 GB (0.0%) | Free: 4.0 GB | Total: 4.0 GB
        [93mTop 5 RAM Processes (Logged 10):[0m
          1. chrome (PID 7112) - 773.03 MB (5.09%)
          2. code (PID 8252) - 756.2 MB (4.98%)
          3. code (PID 8588) - 673.26 MB (4.43%)
          4. code (PID 11526) - 545.72 MB (3.59%)
          5. chrome (PID 6354) - 535.75 MB (3.52%)
[96m------------------------------------------------------------[0m
[1m[ DISK ][0m Used: [92m24.09 GB (2.63%)[0m | Free: 891.74 GB | Total: 915.83 GB
         [93mI/O:[0m Read 0.0 MB/s | Write 0.0 MB/s | Activity: 0.78%
[96m------------------------------------------------------------[0m
[1m[ NET ][0m Upload: 0.0 MB/s | Download: 0.0 MB/s
[96m------------------------------------------------------------[0m
[1m[ BATTERY ][0m [92m99.17%[0m (Charging/Plugged in)
[1m[96m============================================================[0m
[1m[92mData logged to 2026_logs/2026-10-01.jsonl... (Press Ctrl+C to stop)[0m
[1m[96m============================================================[0m
[1mSYSTEM MONITOR V2[0m | Time: 2026-10-01 15:09:11
[96m------------------------------------------------------------[0m
[1m[ CPU ][0m Used: [92m5.3%[0m | Free: 94.7%
[96m------------------------------------------------------------[0m
[1m[ RAM ][0m Used: [92m8.04 GB (54.2%)[0m | Available: 6.8 GB | Total: 14.84 GB
[1m[ SWAP ][0m Used: 0.0 GB (0.0%) | Free: 4.0 GB | Total: 4.0 GB
        [93mTop 5 RAM Processes (Logged 10):[0m
          1. chrome (PID 7112) - 767.9 MB (5.05%)
          2. code (PID 8252) - 765.14 MB (5.03%)
          3. code (PID 8588) - 682.18 MB (4.49%)
          4. code (PID 11526) - 545.81 MB (3.59%)
          5. chrome (PID 6354) - 535.62 MB (3.52%)
[96m------------------------------------------------------------[0m
[1m[ DISK ][0m Used: [92m24.09 GB (2.63%)[0m | Free: 891.74 GB | Total: 915.83 GB
         [93mI/O:[0m Read 0.0 MB/s | Write 0.15 MB/s | Activity: 1.79%
[96m------------------------------------------------------------[0m
[1m[ NET ][0m Upload: 0.0 MB/s | Download: 0.0 MB/s
[96m------------------------------------------------------------[0m
[1m[ BATTERY ][0m [92m99.17%[0m (Charging/Plugged in)
[1m[96m============================================================[0m
[1m[92mData logged to 2026_logs/2026-10-01.jsonl... (Press Ctrl+C to stop)[0m
[1m[96m============================================================[0m
[1mSYSTEM MONITOR V2[0m | Time: 2026-10-01 15:09:16
[96m------------------------------------------------------------[0m
[1m[ CPU ][0m Used: [92m9.7%[0m | Free: 90.3%
        [93mTop 5 (Logged 10):[0m chrome (4.54%)
[96m------------------------------------------------------------[0m
[1m[ RAM ][0m Used: [92m8.0 GB (53.9%)[0m | Available: 6.84 GB | Total: 14.84 GB
[1m[ SWAP ][0m Used: 0.0 GB (0.0%) | Free: 4.0 GB | Total: 4.0 GB
        [93mTop 5 RAM Processes (Logged 10):[0m
          1. chrome (PID 7112) - 773.73 MB (5.09%)
          2. code (PID 8252) - 747.3 MB (4.92%)
          3. code (PID 8588) - 680.93 MB (4.48%)
          4. code (PID 11526) - 545.9 MB (3.59%)
          5. chrome (PID 6354) - 537.12 MB (3.53%)
[96m------------------------------------------------------------[0m
[1m[ DISK ][0m Used: [92m24.09 GB (2.63%)[0m | Free: 891.74 GB | Total: 915.83 GB
         [93mI/O:[0m Read 0.0 MB/s | Write 0.42 MB/s | Activity: 1.04%
[96m------------------------------------------------------------[0m
[1m[ NET ][0m Upload: 0.0 MB/s | Download: 0.0 MB/s
[96m------------------------------------------------------------[0m
[1m[ BATTERY ][0m [92m99.17%[0m (Charging/Plugged in)
[1m[96m============================================================[0m
[1m[92mData logged to 2026_logs/2026-10-01.jsonl... (Press Ctrl+C to stop)[0m
[1m[96m============================================================[0m
[1mSYSTEM MONITOR V2[0m | Time: 2026-10-01 15:09:22
[96m------------------------------------------------------------[0m
[1m[ CPU ][0m Used: [92m14.9%[0m | Free: 85.1%
        [93mTop 5 (Logged 10):[0m chrome (9.15%)
[96m------------------------------------------------------------[0m
[1m[ RAM ][0m Used: [92m8.05 GB (54.2%)[0m | Available: 6.79 GB | Total: 14.84 GB
[1m[ SWAP ][0m Used: 0.0 GB (0.0%) | Free: 4.0 GB | Total: 4.0 GB
        [93mTop 5 RAM Processes (Logged 10):[0m
          1. chrome (PID 7112) - 803.72 MB (5.29%)
          2. code (PID 8252) - 754.88 MB (4.97%)
          3. code (PID 8588) - 692.0 MB (4.55%)
          4. code (PID 11526) - 546.0 MB (3.59%)
          5. chrome (PID 6354) - 539.62 MB (3.55%)
[96m------------------------------------------------------------[0m
[1m[ DISK ][0m Used: [92m24.09 GB (2.63%)[0m | Free: 891.74 GB | Total: 915.83 GB
         [93mI/O:[0m Read 0.0 MB/s | Write 0.04 MB/s | Activity: 0.08%
[96m------------------------------------------------------------[0m
[1m[ NET ][0m Upload: 0.02 MB/s | Download: 0.01 MB/s
[96m------------------------------------------------------------[0m
[1m[ BATTERY ][0m [92m99.17%[0m (Charging/Plugged in)
[1m[96m============================================================[0m
[1m[92mData logged to 2026_logs/2026-10-01.jsonl... (Press Ctrl+C to stop)[0m
[1m[96m============================================================[0m
[1mSYSTEM MONITOR V2[0m | Time: 2026-10-01 15:09:27
[96m------------------------------------------------------------[0m
[1m[ CPU ][0m Used: [92m13.8%[0m | Free: 86.2%
        [93mTop 5 (Logged 10):[0m chrome (5.98%)
[96m------------------------------------------------------------[0m
[1m[ RAM ][0m Used: [92m8.07 GB (54.4%)[0m | Available: 6.77 GB | Total: 14.84 GB
[1m[ SWAP ][0m Used: 0.0 GB (0.0%) | Free: 4.0 GB | Total: 4.0 GB
        [93mTop 5 RAM Processes (Logged 10):[0m
          1. code (PID 8252) - 763.47 MB (5.02%)
          2. code (PID 8588) - 703.09 MB (4.63%)
          3. chrome (PID 7112) - 683.18 MB (4.49%)
          4. code (PID 11526) - 545.21 MB (3.59%)
          5. chrome (PID 6354) - 537.94 MB (3.54%)
[96m------------------------------------------------------------[0m
[1m[ DISK ][0m Used: [92m24.09 GB (2.63%)[0m | Free: 891.74 GB | Total: 915.83 GB
         [93mI/O:[0m Read 0.0 MB/s | Write 0.59 MB/s | Activity: 2.7%
[96m------------------------------------------------------------[0m
[1m[ NET ][0m Upload: 0.01 MB/s | Download: 0.01 MB/s
[96m------------------------------------------------------------[0m
[1m[ BATTERY ][0m [92m99.15%[0m (Charging/Plugged in)
[1m[96m============================================================[0m
[1m[92mData logged to 2026_logs/2026-10-01.jsonl... (Press Ctrl+C to stop)[0m
[1m[96m============================================================[0m
[1mSYSTEM MONITOR V2[0m | Time: 2026-10-01 15:09:32
[96m------------------------------------------------------------[0m
[1m[ CPU ][0m Used: [92m6.6%[0m | Free: 93.4%
        [93mTop 5 (Logged 10):[0m chrome (2.35%)
[96m------------------------------------------------------------[0m
[1m[ RAM ][0m Used: [92m8.07 GB (54.4%)[0m | Available: 6.77 GB | Total: 14.84 GB
[1m[ SWAP ][0m Used: 0.0 GB (0.0%) | Free: 4.0 GB | Total: 4.0 GB
        [93mTop 5 RAM Processes (Logged 10):[0m
          1. code (PID 8252) - 753.24 MB (4.96%)
          2. code (PID 8588) - 700.59 MB (4.61%)
          3. chrome (PID 7112) - 680.53 MB (4.48%)
          4. code (PID 11526) - 545.3 MB (3.59%)
          5. chrome (PID 6354) - 536.63 MB (3.53%)
[96m------------------------------------------------------------[0m
[1m[ DISK ][0m Used: [92m24.09 GB (2.63%)[0m | Free: 891.74 GB | Total: 915.83 GB
         [93mI/O:[0m Read 0.0 MB/s | Write 0.04 MB/s | Activity: 0.06%
[96m------------------------------------------------------------[0m
[1m[ NET ][0m Upload: 0.0 MB/s | Download: 0.0 MB/s
[96m------------------------------------------------------------[0m
[1m[ BATTERY ][0m [92m99.15%[0m (Charging/Plugged in)
[1m[96m============================================================[0m
[1m[92mData logged to 2026_logs/2026-10-01.jsonl... (Press Ctrl+C to stop)[0m
[1m[96m============================================================[0m
[1mSYSTEM MONITOR V2[0m | Time: 2026-10-01 15:09:37
[96m------------------------------------------------------------[0m
[1m[ CPU ][0m Used: [92m6.4%[0m | Free: 93.6%
[96m------------------------------------------------------------[0m
[1m[ RAM ][0m Used: [92m8.03 GB (54.1%)[0m | Available: 6.81 GB | Total: 14.84 GB
[1m[ SWAP ][0m Used: 0.0 GB (0.0%) | Free: 4.0 GB | Total: 4.0 GB
        [93mTop 5 RAM Processes (Logged 10):[0m
          1. code (PID 8252) - 759.39 MB (5.0%)
          2. code (PID 8588) - 708.5 MB (4.66%)
          3. chrome (PID 7112) - 638.36 MB (4.2%)
          4. code (PID 11526) - 545.39 MB (3.59%)
          5. chrome (PID 6354) - 536.41 MB (3.53%)
[96m------------------------------------------------------------[0m
[1m[ DISK ][0m Used: [92m24.09 GB (2.63%)[0m | Free: 891.74 GB | Total: 915.83 GB
         [93mI/O:[0m Read 0.0 MB/s | Write 0.04 MB/s | Activity: 0.93%
[96m------------------------------------------------------------[0m
[1m[ NET ][0m Upload: 0.0 MB/s | Download: 0.0 MB/s
[96m------------------------------------------------------------[0m
[1m[ BATTERY ][0m [92m99.15%[0m (Charging/Plugged in)
[1m[96m============================================================[0m
[1m[92mData logged to 2026_logs/2026-10-01.jsonl... (Press Ctrl+C to stop)[0m
[1m[96m============================================================[0m
[1mSYSTEM MONITOR V2[0m | Time: 2026-10-01 15:09:42
[96m------------------------------------------------------------[0m
[1m[ CPU ][0m Used: [92m5.7%[0m | Free: 94.3%
[96m------------------------------------------------------------[0m
[1m[ RAM ][0m Used: [92m8.06 GB (54.3%)[0m | Available: 6.79 GB | Total: 14.84 GB
[1m[ SWAP ][0m Used: 0.0 GB (0.0%) | Free: 4.0 GB | Total: 4.0 GB
        [93mTop 5 RAM Processes (Logged 10):[0m
          1. code (PID 8252) - 768.98 MB (5.06%)
          2. code (PID 8588) - 717.12 MB (4.72%)
          3. chrome (PID 7112) - 638.65 MB (4.2%)
          4. code (PID 11526) - 545.48 MB (3.59%)
          5. chrome (PID 6354) - 536.21 MB (3.53%)
[96m------------------------------------------------------------[0m
[1m[ DISK ][0m Used: [92m24.09 GB (2.63%)[0m | Free: 891.74 GB | Total: 915.83 GB
         [93mI/O:[0m Read 0.0 MB/s | Write 0.2 MB/s | Activity: 1.02%
[96m------------------------------------------------------------[0m
[1m[ NET ][0m Upload: 0.01 MB/s | Download: 0.0 MB/s
[96m------------------------------------------------------------[0m
[1m[ BATTERY ][0m [92m99.15%[0m (Charging/Plugged in)
[1m[96m============================================================[0m
[1m[92mData logged to 2026_logs/2026-10-01.jsonl... (Press Ctrl+C to stop)[0m
[1m[96m============================================================[0m
[1mSYSTEM MONITOR V2[0m | Time: 2026-10-01 15:09:47
[96m------------------------------------------------------------[0m
[1m[ CPU ][0m Used: [92m7.6%[0m | Free: 92.4%
[96m------------------------------------------------------------[0m
[1m[ RAM ][0m Used: [92m8.01 GB (53.9%)[0m | Available: 6.84 GB | Total: 14.84 GB
[1m[ SWAP ][0m Used: 0.0 GB (0.0%) | Free: 4.0 GB | Total: 4.0 GB
        [93mTop 5 RAM Processes (Logged 10):[0m
          1. code (PID 8252) - 749.07 MB (4.93%)
          2. code (PID 8588) - 728.32 MB (4.79%)
          3. chrome (PID 7112) - 626.45 MB (4.12%)
          4. code (PID 11526) - 545.57 MB (3.59%)
          5. chrome (PID 6354) - 538.83 MB (3.55%)
[96m------------------------------------------------------------[0m
[1m[ DISK ][0m Used: [92m24.09 GB (2.63%)[0m | Free: 891.74 GB | Total: 915.83 GB
         [93mI/O:[0m Read 0.0 MB/s | Write 0.58 MB/s | Activity: 0.87%
[96m------------------------------------------------------------[0m
[1m[ NET ][0m Upload: 0.0 MB/s | Download: 0.0 MB/s
[96m------------------------------------------------------------[0m
[1m[ BATTERY ][0m [92m99.15%[0m (Charging/Plugged in)
[1m[96m============================================================[0m
[1m[92mData logged to 2026_logs/2026-10-01.jsonl... (Press Ctrl+C to stop)[0m
[1m[96m============================================================[0m
[1mSYSTEM MONITOR V2[0m | Time: 2026-10-01 15:09:52
[96m------------------------------------------------------------[0m
[1m[ CPU ][0m Used: [92m11.3%[0m | Free: 88.7%
        [93mTop 5 (Logged 10):[0m chrome (4.46%)
[96m------------------------------------------------------------[0m
[1m[ RAM ][0m Used: [92m7.97 GB (53.7%)[0m | Available: 6.87 GB | Total: 14.84 GB
[1m[ SWAP ][0m Used: 0.0 GB (0.0%) | Free: 4.0 GB | Total: 4.0 GB
        [93mTop 5 RAM Processes (Logged 10):[0m
          1. code (PID 8252) - 758.02 MB (4.99%)
          2. code (PID 8588) - 678.17 MB (4.46%)
          3. chrome (PID 7112) - 660.35 MB (4.34%)
          4. code (PID 11526) - 545.66 MB (3.59%)
          5. chrome (PID 6354) - 536.95 MB (3.53%)
[96m------------------------------------------------------------[0m
[1m[ DISK ][0m Used: [92m24.09 GB (2.63%)[0m | Free: 891.74 GB | Total: 915.83 GB
         [93mI/O:[0m Read 0.0 MB/s | Write 0.14 MB/s | Activity: 1.1%
[96m------------------------------------------------------------[0m
[1m[ NET ][0m Upload: 0.0 MB/s | Download: 0.01 MB/s
[96m------------------------------------------------------------[0m
[1m[ BATTERY ][0m [92m99.15%[0m (Charging/Plugged in)
[1m[96m============================================================[0m
[1m[92mData logged to 2026_logs/2026-10-01.jsonl... (Press Ctrl+C to stop)[0m
[1m[96m============================================================[0m
[1mSYSTEM MONITOR V2[0m | Time: 2026-10-01 15:09:57
[96m------------------------------------------------------------[0m
[1m[ CPU ][0m Used: [92m6.3%[0m | Free: 93.7%
        [93mTop 5 (Logged 10):[0m chrome (2.73%)
[96m------------------------------------------------------------[0m
[1m[ RAM ][0m Used: [92m8.0 GB (53.9%)[0m | Available: 6.84 GB | Total: 14.84 GB
[1m[ SWAP ][0m Used: 0.0 GB (0.0%) | Free: 4.0 GB | Total: 4.0 GB
        [93mTop 5 RAM Processes (Logged 10):[0m
          1. code (PID 8252) - 766.29 MB (5.04%)
          2. code (PID 8588) - 686.11 MB (4.51%)
          3. chrome (PID 7112) - 675.38 MB (4.44%)
          4. code (PID 11526) - 545.75 MB (3.59%)
          5. chrome (PID 6354) - 536.48 MB (3.53%)
[96m------------------------------------------------------------[0m
[1m[ DISK ][0m Used: [92m24.09 GB (2.63%)[0m | Free: 891.74 GB | Total: 915.83 GB
         [93mI/O:[0m Read 0.0 MB/s | Write 0.01 MB/s | Activity: 0.79%
[96m------------------------------------------------------------[0m
[1m[ NET ][0m Upload: 0.0 MB/s | Download: 0.0 MB/s
[96m------------------------------------------------------------[0m
[1m[ BATTERY ][0m [92m99.15%[0m (Charging/Plugged in)
[1m[96m============================================================[0m
[1m[92mData logged to 2026_logs/2026-10-01.jsonl... (Press Ctrl+C to stop)[0m
[1m[96m============================================================[0m
[1mSYSTEM MONITOR V2[0m | Time: 2026-10-01 15:10:02
[96m------------------------------------------------------------[0m
[1m[ CPU ][0m Used: [92m7.5%[0m | Free: 92.5%
        [93mTop 5 (Logged 10):[0m chrome (3.99%)
[96m------------------------------------------------------------[0m
[1m[ RAM ][0m Used: [92m7.98 GB (53.7%)[0m | Available: 6.87 GB | Total: 14.84 GB
[1m[ SWAP ][0m Used: 0.0 GB (0.0%) | Free: 4.0 GB | Total: 4.0 GB
        [93mTop 5 RAM Processes (Logged 10):[0m
          1. code (PID 8252) - 764.5 MB (5.03%)
          2. code (PID 8588) - 694.07 MB (4.57%)
          3. chrome (PID 7112) - 676.4 MB (4.45%)
          4. code (PID 11526) - 545.84 MB (3.59%)
          5. chrome (PID 6354) - 536.92 MB (3.53%)
[96m------------------------------------------------------------[0m
[1m[ DISK ][0m Used: [92m24.09 GB (2.63%)[0m | Free: 891.74 GB | Total: 915.83 GB
         [93mI/O:[0m Read 0.0 MB/s | Write 0.09 MB/s | Activity: 1.73%
[96m------------------------------------------------------------[0m
[1m[ NET ][0m Upload: 0.0 MB/s | Download: 0.0 MB/s
[96m------------------------------------------------------------[0m
[1m[ BATTERY ][0m [92m99.15%[0m (Charging/Plugged in)
[1m[96m============================================================[0m
[1m[92mData logged to 2026_logs/2026-10-01.jsonl... (Press Ctrl+C to stop)[0m
[1m[96m============================================================[0m
[1mSYSTEM MONITOR V2[0m | Time: 2026-10-01 15:10:07
[96m------------------------------------------------------------[0m
[1m[ CPU ][0m Used: [92m6.4%[0m | Free: 93.6%
        [93mTop 5 (Logged 10):[0m chrome (2.95%)
[96m------------------------------------------------------------[0m
[1m[ RAM ][0m Used: [92m7.99 GB (53.8%)[0m | Available: 6.86 GB | Total: 14.84 GB
[1m[ SWAP ][0m Used: 0.0 GB (0.0%) | Free: 4.0 GB | Total: 4.0 GB
        [93mTop 5 RAM Processes (Logged 10):[0m
          1. code (PID 8252) - 770.71 MB (5.07%)
          2. code (PID 8588) - 702.03 MB (4.62%)
          3. chrome (PID 7112) - 676.39 MB (4.45%)
          4. code (PID 11526) - 545.93 MB (3.59%)
          5. chrome (PID 6354) - 536.31 MB (3.53%)
[96m------------------------------------------------------------[0m
[1m[ DISK ][0m Used: [92m24.09 GB (2.63%)[0m | Free: 891.74 GB | Total: 915.83 GB
         [93mI/O:[0m Read 0.0 MB/s | Write 0.01 MB/s | Activity: 0.8%
[96m------------------------------------------------------------[0m
[1m[ NET ][0m Upload: 0.0 MB/s | Download: 0.0 MB/s
[96m------------------------------------------------------------[0m
[1m[ BATTERY ][0m [92m99.15%[0m (Charging/Plugged in)
[1m[96m============================================================[0m
[1m[92mData logged to 2026_logs/2026-10-01.jsonl... (Press Ctrl+C to stop)[0m
[1m[96m============================================================[0m
[1mSYSTEM MONITOR V2[0m | Time: 2026-10-01 15:10:12
[96m------------------------------------------------------------[0m
[1m[ CPU ][0m Used: [92m6.8%[0m | Free: 93.2%
        [93mTop 5 (Logged 10):[0m chrome (3.23%)
[96m------------------------------------------------------------[0m
[1m[ RAM ][0m Used: [92m8.04 GB (54.2%)[0m | Available: 6.8 GB | Total: 14.84 GB
[1m[ SWAP ][0m Used: 0.0 GB (0.0%) | Free: 4.0 GB | Total: 4.0 GB
        [93mTop 5 RAM Processes (Logged 10):[0m
          1. code (PID 8252) - 771.13 MB (5.07%)
          2. code (PID 8588) - 710.31 MB (4.67%)
          3. chrome (PID 7112) - 684.91 MB (4.51%)
          4. code (PID 11526) - 546.06 MB (3.59%)
          5. chrome (PID 6354) - 536.84 MB (3.53%)
[96m------------------------------------------------------------[0m
[1m[ DISK ][0m Used: [92m24.09 GB (2.63%)[0m | Free: 891.74 GB | Total: 915.83 GB
         [93mI/O:[0m Read 0.0 MB/s | Write 0.57 MB/s | Activity: 1.79%
[96m------------------------------------------------------------[0m
[1m[ NET ][0m Upload: 0.0 MB/s | Download: 0.0 MB/s
[96m------------------------------------------------------------[0m
[1m[ BATTERY ][0m [92m99.15%[0m (Charging/Plugged in)
[1m[96m============================================================[0m
[1m[92mData logged to 2026_logs/2026-10-01.jsonl... (Press Ctrl+C to stop)[0m
[1m[96m============================================================[0m
[1mSYSTEM MONITOR V2[0m | Time: 2026-10-01 15:10:17
[96m------------------------------------------------------------[0m
[1m[ CPU ][0m Used: [92m8.5%[0m | Free: 91.5%
        [93mTop 5 (Logged 10):[0m chrome (5.08%)
[96m------------------------------------------------------------[0m
[1m[ RAM ][0m Used: [92m8.02 GB (54.0%)[0m | Available: 6.82 GB | Total: 14.84 GB
[1m[ SWAP ][0m Used: 0.0 GB (0.0%) | Free: 4.0 GB | Total: 4.0 GB
        [93mTop 5 RAM Processes (Logged 10):[0m
          1. code (PID 8252) - 768.34 MB (5.06%)
          2. code (PID 8588) - 698.68 MB (4.6%)
          3. chrome (PID 7112) - 690.23 MB (4.54%)
          4. code (PID 11526) - 545.3 MB (3.59%)
          5. chrome (PID 6354) - 536.25 MB (3.53%)
[96m------------------------------------------------------------[0m
[1m[ DISK ][0m Used: [92m24.09 GB (2.63%)[0m | Free: 891.74 GB | Total: 915.83 GB
         [93mI/O:[0m Read 0.0 MB/s | Write 0.5 MB/s | Activity: 0.95%
[96m------------------------------------------------------------[0m
[1m[ NET ][0m Upload: 0.0 MB/s | Download: 0.0 MB/s
[96m------------------------------------------------------------[0m
[1m[ BATTERY ][0m [92m99.15%[0m (Charging/Plugged in)
[1m[96m============================================================[0m
[1m[92mData logged to 2026_logs/2026-10-01.jsonl... (Press Ctrl+C to stop)[0m
[1m[96m============================================================[0m
[1mSYSTEM MONITOR V2[0m | Time: 2026-10-01 15:10:22
[96m------------------------------------------------------------[0m
[1m[ CPU ][0m Used: [92m11.5%[0m | Free: 88.5%
        [93mTop 5 (Logged 10):[0m chrome (7.08%)
[96m------------------------------------------------------------[0m
[1m[ RAM ][0m Used: [92m8.03 GB (54.1%)[0m | Available: 6.82 GB | Total: 14.84 GB
[1m[ SWAP ][0m Used: 0.0 GB (0.0%) | Free: 4.0 GB | Total: 4.0 GB
        [93mTop 5 RAM Processes (Logged 10):[0m
          1. code (PID 8252) - 778.35 MB (5.12%)
          2. chrome (PID 7112) - 735.18 MB (4.84%)
          3. code (PID 8588) - 688.08 MB (4.53%)
          4. code (PID 11526) - 545.39 MB (3.59%)
          5. chrome (PID 6354) - 539.99 MB (3.55%)
[96m------------------------------------------------------------[0m
[1m[ DISK ][0m Used: [92m24.09 GB (2.63%)[0m | Free: 891.74 GB | Total: 915.83 GB
         [93mI/O:[0m Read 0.0 MB/s | Write 0.1 MB/s | Activity: 1.16%
[96m------------------------------------------------------------[0m
[1m[ NET ][0m Upload: 0.01 MB/s | Download: 0.01 MB/s
[96m------------------------------------------------------------[0m
[1m[ BATTERY ][0m [92m99.15%[0m (Charging/Plugged in)
[1m[96m============================================================[0m
[1m[92mData logged to 2026_logs/2026-10-01.jsonl... (Press Ctrl+C to stop)[0m
[1m[96m============================================================[0m
[1mSYSTEM MONITOR V2[0m | Time: 2026-10-01 15:10:27
[96m------------------------------------------------------------[0m
[1m[ CPU ][0m Used: [92m13.2%[0m | Free: 86.8%
        [93mTop 5 (Logged 10):[0m chrome (8.62%)
[96m------------------------------------------------------------[0m
[1m[ RAM ][0m Used: [92m8.02 GB (54.0%)[0m | Available: 6.83 GB | Total: 14.84 GB
[1m[ SWAP ][0m Used: 0.0 GB (0.0%) | Free: 4.0 GB | Total: 4.0 GB
        [93mTop 5 RAM Processes (Logged 10):[0m
          1. chrome (PID 7112) - 755.38 MB (4.97%)
          2. code (PID 8252) - 751.82 MB (4.95%)
          3. code (PID 8588) - 697.71 MB (4.59%)
          4. code (PID 11526) - 545.48 MB (3.59%)
          5. chrome (PID 6354) - 536.46 MB (3.53%)
[96m------------------------------------------------------------[0m
[1m[ DISK ][0m Used: [92m24.09 GB (2.63%)[0m | Free: 891.74 GB | Total: 915.83 GB
         [93mI/O:[0m Read 0.0 MB/s | Write 0.02 MB/s | Activity: 1.01%
[96m------------------------------------------------------------[0m
[1m[ NET ][0m Upload: 0.0 MB/s | Download: 0.0 MB/s
[96m------------------------------------------------------------[0m
[1m[ BATTERY ][0m [92m99.15%[0m (Charging/Plugged in)
[1m[96m============================================================[0m
[1m[92mData logged to 2026_logs/2026-10-01.jsonl... (Press Ctrl+C to stop)[0m
[1m[96m============================================================[0m
[1mSYSTEM MONITOR V2[0m | Time: 2026-10-01 15:10:33
[96m------------------------------------------------------------[0m
[1m[ CPU ][0m Used: [92m13.0%[0m | Free: 87.0%
        [93mTop 5 (Logged 10):[0m chrome (6.16%)
[96m------------------------------------------------------------[0m
[1m[ RAM ][0m Used: [92m7.93 GB (53.5%)[0m | Available: 6.91 GB | Total: 14.84 GB
[1m[ SWAP ][0m Used: 0.0 GB (0.0%) | Free: 4.0 GB | Total: 4.0 GB
        [93mTop 5 RAM Processes (Logged 10):[0m
          1. chrome (PID 7112) - 758.93 MB (4.99%)
          2. code (PID 8588) - 668.13 MB (4.4%)
          3. code (PID 8252) - 651.88 MB (4.29%)
          4. code (PID 11526) - 545.57 MB (3.59%)
          5. chrome (PID 6354) - 536.02 MB (3.53%)
[96m------------------------------------------------------------[0m
[1m[ DISK ][0m Used: [92m24.09 GB (2.63%)[0m | Free: 891.74 GB | Total: 915.83 GB
         [93mI/O:[0m Read 0.0 MB/s | Write 0.03 MB/s | Activity: 0.85%
[96m------------------------------------------------------------[0m
[1m[ NET ][0m Upload: 0.01 MB/s | Download: 0.0 MB/s
[96m------------------------------------------------------------[0m
[1m[ BATTERY ][0m [92m99.15%[0m (Charging/Plugged in)
[1m[96m============================================================[0m
[1m[92mData logged to 2026_logs/2026-10-01.jsonl... (Press Ctrl+C to stop)[0m
[1m[96m============================================================[0m
[1mSYSTEM MONITOR V2[0m | Time: 2026-10-01 15:10:38
[96m------------------------------------------------------------[0m
[1m[ CPU ][0m Used: [92m6.9%[0m | Free: 93.1%
        [93mTop 5 (Logged 10):[0m chrome (3.1%)
[96m------------------------------------------------------------[0m
[1m[ RAM ][0m Used: [92m7.91 GB (53.3%)[0m | Available: 6.93 GB | Total: 14.84 GB
[1m[ SWAP ][0m Used: 0.0 GB (0.0%) | Free: 4.0 GB | Total: 4.0 GB
        [93mTop 5 RAM Processes (Logged 10):[0m
          1. chrome (PID 7112) - 763.2 MB (5.02%)
          2. code (PID 8588) - 673.6 MB (4.43%)
          3. code (PID 8252) - 666.23 MB (4.38%)
          4. code (PID 11526) - 545.66 MB (3.59%)
          5. chrome (PID 6354) - 535.83 MB (3.53%)
[96m------------------------------------------------------------[0m
[1m[ DISK ][0m Used: [92m24.09 GB (2.63%)[0m | Free: 891.74 GB | Total: 915.83 GB
         [93mI/O:[0m Read 0.0 MB/s | Write 0.12 MB/s | Activity: 1.05%
[96m------------------------------------------------------------[0m
[1m[ NET ][0m Upload: 0.0 MB/s | Download: 0.0 MB/s
[96m------------------------------------------------------------[0m
[1m[ BATTERY ][0m [92m99.15%[0m (Charging/Plugged in)
[1m[96m============================================================[0m
[1m[92mData logged to 2026_logs/2026-10-01.jsonl... (Press Ctrl+C to stop)[0m
[1m[96m============================================================[0m
[1mSYSTEM MONITOR V2[0m | Time: 2026-10-01 15:10:43
[96m------------------------------------------------------------[0m
[1m[ CPU ][0m Used: [92m10.2%[0m | Free: 89.8%
        [93mTop 5 (Logged 10):[0m chrome (4.82%)
[96m------------------------------------------------------------[0m
[1m[ RAM ][0m Used: [92m7.99 GB (53.8%)[0m | Available: 6.86 GB | Total: 14.84 GB
[1m[ SWAP ][0m Used: 0.0 GB (0.0%) | Free: 4.0 GB | Total: 4.0 GB
        [93mTop 5 RAM Processes (Logged 10):[0m
          1. chrome (PID 7112) - 768.8 MB (5.06%)
          2. code (PID 8588) - 688.18 MB (4.53%)
          3. code (PID 8252) - 669.64 MB (4.41%)
          4. code (PID 11526) - 545.75 MB (3.59%)
          5. chrome (PID 6354) - 538.0 MB (3.54%)
[96m------------------------------------------------------------[0m
[1m[ DISK ][0m Used: [92m24.09 GB (2.63%)[0m | Free: 891.74 GB | Total: 915.83 GB
         [93mI/O:[0m Read 0.0 MB/s | Write 0.02 MB/s | Activity: 0.86%
[96m------------------------------------------------------------[0m
[1m[ NET ][0m Upload: 0.01 MB/s | Download: 0.0 MB/s
[96m------------------------------------------------------------[0m
[1m[ BATTERY ][0m [92m99.15%[0m (Charging/Plugged in)
[1m[96m============================================================[0m
[1m[92mData logged to 2026_logs/2026-10-01.jsonl... (Press Ctrl+C to stop)[0m
[1m[96m============================================================[0m
[1mSYSTEM MONITOR V2[0m | Time: 2026-10-01 15:10:48
[96m------------------------------------------------------------[0m
[1m[ CPU ][0m Used: [92m9.1%[0m | Free: 90.9%
        [93mTop 5 (Logged 10):[0m chrome (5.81%)
[96m------------------------------------------------------------[0m
[1m[ RAM ][0m Used: [92m8.0 GB (53.9%)[0m | Available: 6.84 GB | Total: 14.84 GB
[1m[ SWAP ][0m Used: 0.0 GB (0.0%) | Free: 4.0 GB | Total: 4.0 GB
        [93mTop 5 RAM Processes (Logged 10):[0m
          1. chrome (PID 7112) - 771.7 MB (5.08%)
          2. code (PID 8588) - 684.79 MB (4.51%)
          3. code (PID 8252) - 679.53 MB (4.47%)
          4. code (PID 11526) - 545.84 MB (3.59%)
          5. chrome (PID 6354) - 537.36 MB (3.54%)
[96m------------------------------------------------------------[0m
[1m[ DISK ][0m Used: [92m24.09 GB (2.63%)[0m | Free: 891.74 GB | Total: 915.83 GB
         [93mI/O:[0m Read 0.0 MB/s | Write 1.01 MB/s | Activity: 0.27%
[96m------------------------------------------------------------[0m
[1m[ NET ][0m Upload: 0.01 MB/s | Download: 0.02 MB/s
[96m------------------------------------------------------------[0m
[1m[ BATTERY ][0m [92m99.15%[0m (Charging/Plugged in)
[1m[96m============================================================[0m
[1m[92mData logged to 2026_logs/2026-10-01.jsonl... (Press Ctrl+C to stop)[0m
[1m[96m============================================================[0m
[1mSYSTEM MONITOR V2[0m | Time: 2026-10-01 15:10:53
[96m------------------------------------------------------------[0m
[1m[ CPU ][0m Used: [92m11.6%[0m | Free: 88.4%
        [93mTop 5 (Logged 10):[0m chrome (7.7%)
[96m------------------------------------------------------------[0m
[1m[ RAM ][0m Used: [92m8.0 GB (53.9%)[0m | Available: 6.84 GB | Total: 14.84 GB
[1m[ SWAP ][0m Used: 0.0 GB (0.0%) | Free: 4.0 GB | Total: 4.0 GB
        [93mTop 5 RAM Processes (Logged 10):[0m
          1. chrome (PID 7112) - 765.98 MB (5.04%)
          2. code (PID 8252) - 690.03 MB (4.54%)
          3. code (PID 8588) - 679.28 MB (4.47%)
          4. code (PID 11526) - 545.93 MB (3.59%)
          5. chrome (PID 6354) - 536.95 MB (3.53%)
[96m------------------------------------------------------------[0m
[1m[ DISK ][0m Used: [92m24.09 GB (2.63%)[0m | Free: 891.74 GB | Total: 915.83 GB
         [93mI/O:[0m Read 0.0 MB/s | Write 0.0 MB/s | Activity: 0.04%
[96m------------------------------------------------------------[0m
[1m[ NET ][0m Upload: 0.0 MB/s | Download: 0.01 MB/s
[96m------------------------------------------------------------[0m
[1m[ BATTERY ][0m [92m99.15%[0m (Charging/Plugged in)
[1m[96m============================================================[0m
[1m[92mData logged to 2026_logs/2026-10-01.jsonl... (Press Ctrl+C to stop)[0m
[1m[96m============================================================[0m
[1mSYSTEM MONITOR V2[0m | Time: 2026-10-01 15:10:58
[96m------------------------------------------------------------[0m
[1m[ CPU ][0m Used: [92m10.0%[0m | Free: 90.0%
        [93mTop 5 (Logged 10):[0m chrome (6.11%)
[96m------------------------------------------------------------[0m
[1m[ RAM ][0m Used: [92m8.01 GB (54.0%)[0m | Available: 6.83 GB | Total: 14.84 GB
[1m[ SWAP ][0m Used: 0.0 GB (0.0%) | Free: 4.0 GB | Total: 4.0 GB
        [93mTop 5 RAM Processes (Logged 10):[0m
          1. chrome (PID 7112) - 769.57 MB (5.06%)
          2. code (PID 8588) - 687.37 MB (4.52%)
          3. code (PID 8252) - 682.17 MB (4.49%)
          4. code (PID 11526) - 546.05 MB (3.59%)
          5. chrome (PID 6354) - 536.58 MB (3.53%)
[96m------------------------------------------------------------[0m
[1m[ DISK ][0m Used: [92m24.09 GB (2.63%)[0m | Free: 891.74 GB | Total: 915.83 GB
         [93mI/O:[0m Read 0.0 MB/s | Write 0.02 MB/s | Activity: 1.7%
[96m------------------------------------------------------------[0m
[1m[ NET ][0m Upload: 0.0 MB/s | Download: 0.0 MB/s
[96m------------------------------------------------------------[0m
[1m[ BATTERY ][0m [92m99.15%[0m (Charging/Plugged in)
[1m[96m============================================================[0m
[1m[92mData logged to 2026_logs/2026-10-01.jsonl... (Press Ctrl+C to stop)[0m
[1m[96m============================================================[0m
[1mSYSTEM MONITOR V2[0m | Time: 2026-10-01 15:11:03
[96m------------------------------------------------------------[0m
[1m[ CPU ][0m Used: [92m6.1%[0m | Free: 93.9%
        [93mTop 5 (Logged 10):[0m chrome (2.82%)
[96m------------------------------------------------------------[0m
[1m[ RAM ][0m Used: [92m8.0 GB (53.9%)[0m | Available: 6.84 GB | Total: 14.84 GB
[1m[ SWAP ][0m Used: 0.0 GB (0.0%) | Free: 4.0 GB | Total: 4.0 GB
        [93mTop 5 RAM Processes (Logged 10):[0m
          1. chrome (PID 7112) - 764.92 MB (5.03%)
          2. code (PID 8588) - 698.75 MB (4.6%)
          3. code (PID 8252) - 693.88 MB (4.57%)
          4. code (PID 11526) - 546.15 MB (3.59%)
          5. chrome (PID 6354) - 536.81 MB (3.53%)
[96m------------------------------------------------------------[0m
[1m[ DISK ][0m Used: [92m24.09 GB (2.63%)[0m | Free: 891.74 GB | Total: 915.83 GB
         [93mI/O:[0m Read 0.0 MB/s | Write 0.07 MB/s | Activity: 0.24%
[96m------------------------------------------------------------[0m
[1m[ NET ][0m Upload: 0.0 MB/s | Download: 0.0 MB/s
[96m------------------------------------------------------------[0m
[1m[ BATTERY ][0m [92m99.15%[0m (Charging/Plugged in)
[1m[96m============================================================[0m
[1m[92mData logged to 2026_logs/2026-10-01.jsonl... (Press Ctrl+C to stop)[0m
[1m[96m============================================================[0m
[1mSYSTEM MONITOR V2[0m | Time: 2026-10-01 15:11:08
[96m------------------------------------------------------------[0m
[1m[ CPU ][0m Used: [92m7.2%[0m | Free: 92.8%
        [93mTop 5 (Logged 10):[0m chrome (2.86%)
[96m------------------------------------------------------------[0m
[1m[ RAM ][0m Used: [92m7.99 GB (53.8%)[0m | Available: 6.85 GB | Total: 14.84 GB
[1m[ SWAP ][0m Used: 0.0 GB (0.0%) | Free: 4.0 GB | Total: 4.0 GB
        [93mTop 5 RAM Processes (Logged 10):[0m
          1. chrome (PID 7112) - 765.36 MB (5.04%)
          2. code (PID 8252) - 704.6 MB (4.64%)
          3. code (PID 8588) - 668.71 MB (4.4%)
          4. code (PID 11526) - 545.39 MB (3.59%)
          5. chrome (PID 6354) - 537.59 MB (3.54%)
[96m------------------------------------------------------------[0m
[1m[ DISK ][0m Used: [92m24.09 GB (2.63%)[0m | Free: 891.74 GB | Total: 915.83 GB
         [93mI/O:[0m Read 0.0 MB/s | Write 0.02 MB/s | Activity: 0.84%
[96m------------------------------------------------------------[0m
[1m[ NET ][0m Upload: 0.0 MB/s | Download: 0.0 MB/s
[96m------------------------------------------------------------[0m
[1m[ BATTERY ][0m [92m99.15%[0m (Charging/Plugged in)
[1m[96m============================================================[0m
[1m[92mData logged to 2026_logs/2026-10-01.jsonl... (Press Ctrl+C to stop)[0m
[1m[96m============================================================[0m
[1mSYSTEM MONITOR V2[0m | Time: 2026-10-01 15:11:13
[96m------------------------------------------------------------[0m
[1m[ CPU ][0m Used: [92m8.0%[0m | Free: 92.0%
        [93mTop 5 (Logged 10):[0m chrome (3.94%)
[96m------------------------------------------------------------[0m
[1m[ RAM ][0m Used: [92m8.0 GB (53.9%)[0m | Available: 6.84 GB | Total: 14.84 GB
[1m[ SWAP ][0m Used: 0.0 GB (0.0%) | Free: 4.0 GB | Total: 4.0 GB
        [93mTop 5 RAM Processes (Logged 10):[0m
          1. chrome (PID 7112) - 764.55 MB (5.03%)
          2. code (PID 8252) - 697.11 MB (4.59%)
          3. code (PID 8588) - 676.79 MB (4.45%)
          4. code (PID 11526) - 545.47 MB (3.59%)
          5. chrome (PID 6354) - 536.59 MB (3.53%)
[96m------------------------------------------------------------[0m
[1m[ DISK ][0m Used: [92m24.09 GB (2.63%)[0m | Free: 891.74 GB | Total: 915.83 GB
         [93mI/O:[0m Read 0.0 MB/s | Write 0.07 MB/s | Activity: 0.95%
[96m------------------------------------------------------------[0m
[1m[ NET ][0m Upload: 0.0 MB/s | Download: 0.0 MB/s
[96m------------------------------------------------------------[0m
[1m[ BATTERY ][0m [92m99.15%[0m (Charging/Plugged in)
[1m[96m============================================================[0m
[1m[92mData logged to 2026_logs/2026-10-01.jsonl... (Press Ctrl+C to stop)[0m
[1m[96m============================================================[0m
[1mSYSTEM MONITOR V2[0m | Time: 2026-10-01 15:11:18
[96m------------------------------------------------------------[0m
[1m[ CPU ][0m Used: [92m12.7%[0m | Free: 87.3%
        [93mTop 5 (Logged 10):[0m chrome (7.49%)
[96m------------------------------------------------------------[0m
[1m[ RAM ][0m Used: [92m8.0 GB (53.9%)[0m | Available: 6.85 GB | Total: 14.84 GB
[1m[ SWAP ][0m Used: 0.0 GB (0.0%) | Free: 4.0 GB | Total: 4.0 GB
        [93mTop 5 RAM Processes (Logged 10):[0m
          1. chrome (PID 7112) - 765.86 MB (5.04%)
          2. code (PID 8252) - 707.5 MB (4.65%)
          3. code (PID 8588) - 685.2 MB (4.51%)
          4. code (PID 11526) - 545.56 MB (3.59%)
          5. chrome (PID 6354) - 536.77 MB (3.53%)
[96m------------------------------------------------------------[0m
[1m[ DISK ][0m Used: [92m24.09 GB (2.63%)[0m | Free: 891.74 GB | Total: 915.83 GB
         [93mI/O:[0m Read 0.0 MB/s | Write 0.46 MB/s | Activity: 0.29%
[96m------------------------------------------------------------[0m
[1m[ NET ][0m Upload: 0.01 MB/s | Download: 0.0 MB/s
[96m------------------------------------------------------------[0m
[1m[ BATTERY ][0m [92m99.15%[0m (Charging/Plugged in)
[1m[96m============================================================[0m
[1m[92mData logged to 2026_logs/2026-10-01.jsonl... (Press Ctrl+C to stop)[0m
[1m[96m============================================================[0m
[1mSYSTEM MONITOR V2[0m | Time: 2026-10-01 15:11:23
[96m------------------------------------------------------------[0m
[1m[ CPU ][0m Used: [92m12.2%[0m | Free: 87.8%
        [93mTop 5 (Logged 10):[0m chrome (7.84%)
[96m------------------------------------------------------------[0m
[1m[ RAM ][0m Used: [92m8.08 GB (54.4%)[0m | Available: 6.77 GB | Total: 14.84 GB
[1m[ SWAP ][0m Used: 0.0 GB (0.0%) | Free: 4.0 GB | Total: 4.0 GB
        [93mTop 5 RAM Processes (Logged 10):[0m
          1. chrome (PID 7112) - 811.77 MB (5.34%)
          2. code (PID 8252) - 726.91 MB (4.78%)
          3. code (PID 8588) - 696.56 MB (4.58%)
          4. code (PID 11526) - 545.65 MB (3.59%)
          5. chrome (PID 6354) - 539.99 MB (3.55%)
[96m------------------------------------------------------------[0m
[1m[ DISK ][0m Used: [92m24.09 GB (2.63%)[0m | Free: 891.74 GB | Total: 915.83 GB
         [93mI/O:[0m Read 0.0 MB/s | Write 0.02 MB/s | Activity: 0.08%
[96m------------------------------------------------------------[0m
[1m[ NET ][0m Upload: 0.0 MB/s | Download: 0.0 MB/s
[96m------------------------------------------------------------[0m
[1m[ BATTERY ][0m [92m99.15%[0m (Charging/Plugged in)
[1m[96m============================================================[0m
[1m[92mData logged to 2026_logs/2026-10-01.jsonl... (Press Ctrl+C to stop)[0m
[1m[96m============================================================[0m
[1mSYSTEM MONITOR V2[0m | Time: 2026-10-01 15:11:28
[96m------------------------------------------------------------[0m
[1m[ CPU ][0m Used: [92m9.4%[0m | Free: 90.6%
        [93mTop 5 (Logged 10):[0m chrome (5.08%)
[96m------------------------------------------------------------[0m
[1m[ RAM ][0m Used: [92m8.11 GB (54.7%)[0m | Available: 6.73 GB | Total: 14.84 GB
[1m[ SWAP ][0m Used: 0.0 GB (0.0%) | Free: 4.0 GB | Total: 4.0 GB
        [93mTop 5 RAM Processes (Logged 10):[0m
          1. chrome (PID 7112) - 808.68 MB (5.32%)
          2. code (PID 8252) - 724.73 MB (4.77%)
          3. code (PID 8588) - 689.79 MB (4.54%)
          4. code (PID 11526) - 545.75 MB (3.59%)
          5. chrome (PID 6354) - 537.26 MB (3.53%)
[96m------------------------------------------------------------[0m
[1m[ DISK ][0m Used: [92m24.09 GB (2.63%)[0m | Free: 891.74 GB | Total: 915.83 GB
         [93mI/O:[0m Read 0.0 MB/s | Write 0.01 MB/s | Activity: 0.81%
[96m------------------------------------------------------------[0m
[1m[ NET ][0m Upload: 0.0 MB/s | Download: 0.0 MB/s
[96m------------------------------------------------------------[0m
[1m[ BATTERY ][0m [92m99.15%[0m (Charging/Plugged in)
[1m[96m============================================================[0m
[1m[92mData logged to 2026_logs/2026-10-01.jsonl... (Press Ctrl+C to stop)[0m
[1m[96m============================================================[0m
[1mSYSTEM MONITOR V2[0m | Time: 2026-10-01 15:11:33
[96m------------------------------------------------------------[0m
[1m[ CPU ][0m Used: [92m6.6%[0m | Free: 93.4%
        [93mTop 5 (Logged 10):[0m chrome (2.92%)
[96m------------------------------------------------------------[0m
[1m[ RAM ][0m Used: [92m8.07 GB (54.3%)[0m | Available: 6.78 GB | Total: 14.84 GB
[1m[ SWAP ][0m Used: 0.0 GB (0.0%) | Free: 4.0 GB | Total: 4.0 GB
        [93mTop 5 RAM Processes (Logged 10):[0m
          1. chrome (PID 7112) - 811.87 MB (5.34%)
          2. code (PID 8252) - 734.94 MB (4.84%)
          3. code (PID 8588) - 687.57 MB (4.52%)
          4. code (PID 11526) - 545.84 MB (3.59%)
          5. chrome (PID 6354) - 536.51 MB (3.53%)
[96m------------------------------------------------------------[0m
[1m[ DISK ][0m Used: [92m24.09 GB (2.63%)[0m | Free: 891.74 GB | Total: 915.83 GB
         [93mI/O:[0m Read 0.0 MB/s | Write 0.43 MB/s | Activity: 1.01%
[96m------------------------------------------------------------[0m
[1m[ NET ][0m Upload: 0.0 MB/s | Download: 0.0 MB/s
[96m------------------------------------------------------------[0m
[1m[ BATTERY ][0m [92m99.15%[0m (Charging/Plugged in)
[1m[96m============================================================[0m
[1m[92mData logged to 2026_logs/2026-10-01.jsonl... (Press Ctrl+C to stop)[0m
[1m[96m============================================================[0m
[1mSYSTEM MONITOR V2[0m | Time: 2026-10-01 15:11:38
[96m------------------------------------------------------------[0m
[1m[ CPU ][0m Used: [92m6.4%[0m | Free: 93.6%
        [93mTop 5 (Logged 10):[0m chrome (2.98%)
[96m------------------------------------------------------------[0m
[1m[ RAM ][0m Used: [92m8.08 GB (54.4%)[0m | Available: 6.76 GB | Total: 14.84 GB
[1m[ SWAP ][0m Used: 0.0 GB (0.0%) | Free: 4.0 GB | Total: 4.0 GB
        [93mTop 5 RAM Processes (Logged 10):[0m
          1. chrome (PID 7112) - 816.98 MB (5.38%)
          2. code (PID 8252) - 744.26 MB (4.9%)
          3. code (PID 8588) - 696.46 MB (4.58%)
          4. code (PID 11526) - 545.92 MB (3.59%)
          5. chrome (PID 6354) - 538.22 MB (3.54%)
[96m------------------------------------------------------------[0m
[1m[ DISK ][0m Used: [92m24.09 GB (2.63%)[0m | Free: 891.74 GB | Total: 915.83 GB
         [93mI/O:[0m Read 0.0 MB/s | Write 0.03 MB/s | Activity: 0.9%
[96m------------------------------------------------------------[0m
[1m[ NET ][0m Upload: 0.0 MB/s | Download: 0.0 MB/s
[96m------------------------------------------------------------[0m
[1m[ BATTERY ][0m [92m99.15%[0m (Charging/Plugged in)
[1m[96m============================================================[0m
[1m[92mData logged to 2026_logs/2026-10-01.jsonl... (Press Ctrl+C to stop)[0m
[1m[96m============================================================[0m
[1mSYSTEM MONITOR V2[0m | Time: 2026-10-01 15:11:43
[96m------------------------------------------------------------[0m
[1m[ CPU ][0m Used: [92m6.6%[0m | Free: 93.4%
        [93mTop 5 (Logged 10):[0m chrome (3.43%)
[96m------------------------------------------------------------[0m
[1m[ RAM ][0m Used: [92m8.05 GB (54.3%)[0m | Available: 6.79 GB | Total: 14.84 GB
[1m[ SWAP ][0m Used: 0.0 GB (0.0%) | Free: 4.0 GB | Total: 4.0 GB
        [93mTop 5 RAM Processes (Logged 10):[0m
          1. chrome (PID 7112) - 819.82 MB (5.39%)
          2. code (PID 8252) - 750.75 MB (4.94%)
          3. code (PID 8588) - 702.84 MB (4.62%)
          4. code (PID 11526) - 546.01 MB (3.59%)
          5. chrome (PID 6354) - 536.15 MB (3.53%)
[96m------------------------------------------------------------[0m
[1m[ DISK ][0m Used: [92m24.09 GB (2.63%)[0m | Free: 891.74 GB | Total: 915.83 GB
         [93mI/O:[0m Read 0.0 MB/s | Write 0.07 MB/s | Activity: 1.83%
[96m------------------------------------------------------------[0m
[1m[ NET ][0m Upload: 0.0 MB/s | Download: 0.0 MB/s
[96m------------------------------------------------------------[0m
[1m[ BATTERY ][0m [92m99.15%[0m (Charging/Plugged in)
[1m[96m============================================================[0m
[1m[92mData logged to 2026_logs/2026-10-01.jsonl... (Press Ctrl+C to stop)[0m
[1m[96m============================================================[0m
[1mSYSTEM MONITOR V2[0m | Time: 2026-10-01 15:11:49
[96m------------------------------------------------------------[0m
[1m[ CPU ][0m Used: [92m7.3%[0m | Free: 92.7%
        [93mTop 5 (Logged 10):[0m chrome (2.68%)
[96m------------------------------------------------------------[0m
[1m[ RAM ][0m Used: [92m8.0 GB (53.9%)[0m | Available: 6.84 GB | Total: 14.84 GB
[1m[ SWAP ][0m Used: 0.0 GB (0.0%) | Free: 4.0 GB | Total: 4.0 GB
        [93mTop 5 RAM Processes (Logged 10):[0m
          1. chrome (PID 7112) - 819.09 MB (5.39%)
          2. code (PID 8252) - 731.52 MB (4.81%)
          3. code (PID 8588) - 665.23 MB (4.38%)
          4. code (PID 11526) - 546.1 MB (3.59%)
          5. chrome (PID 6354) - 536.01 MB (3.53%)
[96m------------------------------------------------------------[0m
[1m[ DISK ][0m Used: [92m24.09 GB (2.63%)[0m | Free: 891.74 GB | Total: 915.83 GB
         [93mI/O:[0m Read 0.0 MB/s | Write 0.55 MB/s | Activity: 0.98%
[96m------------------------------------------------------------[0m
[1m[ NET ][0m Upload: 0.0 MB/s | Download: 0.01 MB/s
[96m------------------------------------------------------------[0m
[1m[ BATTERY ][0m [92m99.15%[0m (Charging/Plugged in)
[1m[96m============================================================[0m
[1m[92mData logged to 2026_logs/2026-10-01.jsonl... (Press Ctrl+C to stop)[0m
[1m[96m============================================================[0m
[1mSYSTEM MONITOR V2[0m | Time: 2026-10-01 15:11:54
[96m------------------------------------------------------------[0m
[1m[ CPU ][0m Used: [92m7.6%[0m | Free: 92.4%
[96m------------------------------------------------------------[0m
[1m[ RAM ][0m Used: [92m8.08 GB (54.5%)[0m | Available: 6.76 GB | Total: 14.84 GB
[1m[ SWAP ][0m Used: 0.0 GB (0.0%) | Free: 4.0 GB | Total: 4.0 GB
        [93mTop 5 RAM Processes (Logged 10):[0m
          1. chrome (PID 7112) - 802.86 MB (5.28%)
          2. code (PID 8252) - 739.65 MB (4.87%)
          3. code (PID 8588) - 672.75 MB (4.43%)
          4. code (PID 11526) - 546.2 MB (3.59%)
          5. chrome (PID 6354) - 538.04 MB (3.54%)
[96m------------------------------------------------------------[0m
[1m[ DISK ][0m Used: [92m24.09 GB (2.63%)[0m | Free: 891.74 GB | Total: 915.83 GB
         [93mI/O:[0m Read 0.0 MB/s | Write 0.09 MB/s | Activity: 1.13%
[96m------------------------------------------------------------[0m
[1m[ NET ][0m Upload: 0.01 MB/s | Download: 0.01 MB/s
[96m------------------------------------------------------------[0m
[1m[ BATTERY ][0m [92m99.15%[0m (Charging/Plugged in)
[1m[96m============================================================[0m
[1m[92mData logged to 2026_logs/2026-10-01.jsonl... (Press Ctrl+C to stop)[0m
[1m[96m============================================================[0m
[1mSYSTEM MONITOR V2[0m | Time: 2026-10-01 15:11:59
[96m------------------------------------------------------------[0m
[1m[ CPU ][0m Used: [92m7.8%[0m | Free: 92.2%
        [93mTop 5 (Logged 10):[0m code (3.09%)
[96m------------------------------------------------------------[0m
[1m[ RAM ][0m Used: [92m8.18 GB (55.1%)[0m | Available: 6.67 GB | Total: 14.84 GB
[1m[ SWAP ][0m Used: 0.0 GB (0.0%) | Free: 4.0 GB | Total: 4.0 GB
        [93mTop 5 RAM Processes (Logged 10):[0m
          1. chrome (PID 7112) - 802.86 MB (5.28%)
          2. code (PID 8252) - 783.13 MB (5.15%)
          3. code (PID 8588) - 684.1 MB (4.5%)
          4. code (PID 11526) - 545.48 MB (3.59%)
          5. chrome (PID 6354) - 537.01 MB (3.53%)
[96m------------------------------------------------------------[0m
[1m[ DISK ][0m Used: [92m24.09 GB (2.63%)[0m | Free: 891.74 GB | Total: 915.83 GB
         [93mI/O:[0m Read 0.0 MB/s | Write 0.02 MB/s | Activity: 1.67%
[96m------------------------------------------------------------[0m
[1m[ NET ][0m Upload: 0.0 MB/s | Download: 0.0 MB/s
[96m------------------------------------------------------------[0m
[1m[ BATTERY ][0m [92m99.15%[0m (Charging/Plugged in)
[1m[96m============================================================[0m
[1m[92mData logged to 2026_logs/2026-10-01.jsonl... (Press Ctrl+C to stop)[0m
[1m[96m============================================================[0m
[1mSYSTEM MONITOR V2[0m | Time: 2026-10-01 15:12:04
[96m------------------------------------------------------------[0m
[1m[ CPU ][0m Used: [92m8.3%[0m | Free: 91.7%
        [93mTop 5 (Logged 10):[0m code (3.16%), code (2.53%)
[96m------------------------------------------------------------[0m
[1m[ RAM ][0m Used: [92m8.17 GB (55.0%)[0m | Available: 6.67 GB | Total: 14.84 GB
[1m[ SWAP ][0m Used: 0.0 GB (0.0%) | Free: 4.0 GB | Total: 4.0 GB
        [93mTop 5 RAM Processes (Logged 10):[0m
          1. code (PID 8252) - 800.52 MB (5.27%)
          2. chrome (PID 7112) - 799.36 MB (5.26%)
          3. code (PID 8588) - 682.82 MB (4.49%)
          4. code (PID 11526) - 545.56 MB (3.59%)
          5. chrome (PID 6354) - 537.36 MB (3.54%)
[96m------------------------------------------------------------[0m
[1m[ DISK ][0m Used: [92m24.09 GB (2.63%)[0m | Free: 891.74 GB | Total: 915.83 GB
         [93mI/O:[0m Read 0.0 MB/s | Write 0.05 MB/s | Activity: 0.88%
[96m------------------------------------------------------------[0m
[1m[ NET ][0m Upload: 0.0 MB/s | Download: 0.0 MB/s
[96m------------------------------------------------------------[0m
[1m[ BATTERY ][0m [92m99.15%[0m (Charging/Plugged in)
[1m[96m============================================================[0m
[1m[92mData logged to 2026_logs/2026-10-01.jsonl... (Press Ctrl+C to stop)[0m
[1m[96m============================================================[0m
[1mSYSTEM MONITOR V2[0m | Time: 2026-10-01 15:12:09
[96m------------------------------------------------------------[0m
[1m[ CPU ][0m Used: [92m9.7%[0m | Free: 90.3%
        [93mTop 5 (Logged 10):[0m code (4.27%), code (2.48%)
[96m------------------------------------------------------------[0m
[1m[ RAM ][0m Used: [92m8.15 GB (54.9%)[0m | Available: 6.69 GB | Total: 14.84 GB
[1m[ SWAP ][0m Used: 0.0 GB (0.0%) | Free: 4.0 GB | Total: 4.0 GB
        [93mTop 5 RAM Processes (Logged 10):[0m
          1. code (PID 8252) - 796.81 MB (5.24%)
          2. chrome (PID 7112) - 791.58 MB (5.21%)
          3. code (PID 8588) - 683.17 MB (4.49%)
          4. code (PID 11526) - 545.66 MB (3.59%)
          5. chrome (PID 6354) - 536.5 MB (3.53%)
[96m------------------------------------------------------------[0m
[1m[ DISK ][0m Used: [92m24.09 GB (2.63%)[0m | Free: 891.74 GB | Total: 915.83 GB
         [93mI/O:[0m Read 0.0 MB/s | Write 0.04 MB/s | Activity: 0.2%
[96m------------------------------------------------------------[0m
[1m[ NET ][0m Upload: 0.01 MB/s | Download: 0.01 MB/s
[96m------------------------------------------------------------[0m
[1m[ BATTERY ][0m [92m99.15%[0m (Charging/Plugged in)
[1m[96m============================================================[0m
[1m[92mData logged to 2026_logs/2026-10-01.jsonl... (Press Ctrl+C to stop)[0m
[1m[96m============================================================[0m
[1mSYSTEM MONITOR V2[0m | Time: 2026-10-01 15:12:14
[96m------------------------------------------------------------[0m
[1m[ CPU ][0m Used: [92m9.4%[0m | Free: 90.6%
        [93mTop 5 (Logged 10):[0m code (4.45%), code (2.21%)
[96m------------------------------------------------------------[0m
[1m[ RAM ][0m Used: [92m8.13 GB (54.8%)[0m | Available: 6.71 GB | Total: 14.84 GB
[1m[ SWAP ][0m Used: 0.0 GB (0.0%) | Free: 4.0 GB | Total: 4.0 GB
        [93mTop 5 RAM Processes (Logged 10):[0m
          1. code (PID 8252) - 810.68 MB (5.33%)
          2. chrome (PID 7112) - 778.84 MB (5.12%)
          3. code (PID 8588) - 693.52 MB (4.56%)
          4. code (PID 11526) - 545.74 MB (3.59%)
          5. chrome (PID 6354) - 536.5 MB (3.53%)
[96m------------------------------------------------------------[0m
[1m[ DISK ][0m Used: [92m24.09 GB (2.63%)[0m | Free: 891.74 GB | Total: 915.83 GB
         [93mI/O:[0m Read 0.0 MB/s | Write 0.01 MB/s | Activity: 1.55%
[96m------------------------------------------------------------[0m
[1m[ NET ][0m Upload: 0.0 MB/s | Download: 0.0 MB/s
[96m------------------------------------------------------------[0m
[1m[ BATTERY ][0m [92m99.15%[0m (Charging/Plugged in)
[1m[96m============================================================[0m
[1m[92mData logged to 2026_logs/2026-10-01.jsonl... (Press Ctrl+C to stop)[0m
[1m[96m============================================================[0m
[1mSYSTEM MONITOR V2[0m | Time: 2026-10-01 15:12:19
[96m------------------------------------------------------------[0m
[1m[ CPU ][0m Used: [92m5.1%[0m | Free: 94.9%
[96m------------------------------------------------------------[0m
[1m[ RAM ][0m Used: [92m8.13 GB (54.8%)[0m | Available: 6.71 GB | Total: 14.84 GB
[1m[ SWAP ][0m Used: 0.0 GB (0.0%) | Free: 4.0 GB | Total: 4.0 GB
        [93mTop 5 RAM Processes (Logged 10):[0m
          1. code (PID 8252) - 813.06 MB (5.35%)
          2. chrome (PID 7112) - 781.86 MB (5.14%)
          3. code (PID 8588) - 665.02 MB (4.38%)
          4. code (PID 11526) - 545.83 MB (3.59%)
          5. chrome (PID 6354) - 536.9 MB (3.53%)
[96m------------------------------------------------------------[0m
[1m[ DISK ][0m Used: [92m24.09 GB (2.63%)[0m | Free: 891.74 GB | Total: 915.83 GB
         [93mI/O:[0m Read 0.0 MB/s | Write 1.0 MB/s | Activity: 0.44%
[96m------------------------------------------------------------[0m
[1m[ NET ][0m Upload: 0.0 MB/s | Download: 0.0 MB/s
[96m------------------------------------------------------------[0m
[1m[ BATTERY ][0m [92m99.15%[0m (Charging/Plugged in)
[1m[96m============================================================[0m
[1m[92mData logged to 2026_logs/2026-10-01.jsonl... (Press Ctrl+C to stop)[0m
[1m[96m============================================================[0m
[1mSYSTEM MONITOR V2[0m | Time: 2026-10-01 15:12:24
[96m------------------------------------------------------------[0m
[1m[ CPU ][0m Used: [92m7.5%[0m | Free: 92.5%
        [93mTop 5 (Logged 10):[0m code (2.19%), code (2.16%)
[96m------------------------------------------------------------[0m
[1m[ RAM ][0m Used: [92m8.13 GB (54.8%)[0m | Available: 6.71 GB | Total: 14.84 GB
[1m[ SWAP ][0m Used: 0.0 GB (0.0%) | Free: 4.0 GB | Total: 4.0 GB
        [93mTop 5 RAM Processes (Logged 10):[0m
          1. code (PID 8252) - 816.5 MB (5.37%)
          2. chrome (PID 7112) - 785.6 MB (5.17%)
          3. code (PID 8588) - 672.63 MB (4.43%)
          4. code (PID 11526) - 545.92 MB (3.59%)
          5. chrome (PID 6354) - 539.87 MB (3.55%)
[96m------------------------------------------------------------[0m
[1m[ DISK ][0m Used: [92m24.09 GB (2.63%)[0m | Free: 891.74 GB | Total: 915.83 GB
         [93mI/O:[0m Read 0.0 MB/s | Write 0.07 MB/s | Activity: 1.08%
[96m------------------------------------------------------------[0m
[1m[ NET ][0m Upload: 0.01 MB/s | Download: 0.01 MB/s
[96m------------------------------------------------------------[0m
[1m[ BATTERY ][0m [92m99.15%[0m (Charging/Plugged in)
[1m[96m============================================================[0m
[1m[92mData logged to 2026_logs/2026-10-01.jsonl... (Press Ctrl+C to stop)[0m
[1m[96m============================================================[0m
[1mSYSTEM MONITOR V2[0m | Time: 2026-10-01 15:12:29
[96m------------------------------------------------------------[0m
[1m[ CPU ][0m Used: [92m8.3%[0m | Free: 91.7%
        [93mTop 5 (Logged 10):[0m code (3.22%), code (2.52%)
[96m------------------------------------------------------------[0m
[1m[ RAM ][0m Used: [92m8.18 GB (55.1%)[0m | Available: 6.66 GB | Total: 14.84 GB
[1m[ SWAP ][0m Used: 0.0 GB (0.0%) | Free: 4.0 GB | Total: 4.0 GB
        [93mTop 5 RAM Processes (Logged 10):[0m
          1. code (PID 8252) - 814.16 MB (5.36%)
          2. chrome (PID 7112) - 785.61 MB (5.17%)
          3. code (PID 8588) - 684.17 MB (4.5%)
          4. code (PID 11526) - 546.01 MB (3.59%)
          5. chrome (PID 6354) - 535.76 MB (3.52%)
[96m------------------------------------------------------------[0m
[1m[ DISK ][0m Used: [92m24.09 GB (2.63%)[0m | Free: 891.74 GB | Total: 915.83 GB
         [93mI/O:[0m Read 0.0 MB/s | Write 0.04 MB/s | Activity: 1.75%
[96m------------------------------------------------------------[0m
[1m[ NET ][0m Upload: 0.0 MB/s | Download: 0.0 MB/s
[96m------------------------------------------------------------[0m
[1m[ BATTERY ][0m [92m99.15%[0m (Charging/Plugged in)
[1m[96m============================================================[0m
[1m[92mData logged to 2026_logs/2026-10-01.jsonl... (Press Ctrl+C to stop)[0m
[1m[96m============================================================[0m
[1mSYSTEM MONITOR V2[0m | Time: 2026-10-01 15:12:34
[96m------------------------------------------------------------[0m
[1m[ CPU ][0m Used: [92m7.3%[0m | Free: 92.7%
        [93mTop 5 (Logged 10):[0m code (2.58%)
[96m------------------------------------------------------------[0m
[1m[ RAM ][0m Used: [92m8.18 GB (55.1%)[0m | Available: 6.66 GB | Total: 14.84 GB
[1m[ SWAP ][0m Used: 0.0 GB (0.0%) | Free: 4.0 GB | Total: 4.0 GB
        [93mTop 5 RAM Processes (Logged 10):[0m
          1. code (PID 8252) - 830.05 MB (5.46%)
          2. chrome (PID 7112) - 780.95 MB (5.14%)
          3. code (PID 8588) - 684.72 MB (4.5%)
          4. code (PID 11526) - 546.1 MB (3.59%)
          5. chrome (PID 6354) - 535.81 MB (3.53%)
[96m------------------------------------------------------------[0m
[1m[ DISK ][0m Used: [92m24.09 GB (2.63%)[0m | Free: 891.74 GB | Total: 915.83 GB
         [93mI/O:[0m Read 0.0 MB/s | Write 0.03 MB/s | Activity: 0.92%
[96m------------------------------------------------------------[0m
[1m[ NET ][0m Upload: 0.0 MB/s | Download: 0.0 MB/s
[96m------------------------------------------------------------[0m
[1m[ BATTERY ][0m [92m99.15%[0m (Charging/Plugged in)
[1m[96m============================================================[0m
[1m[92mData logged to 2026_logs/2026-10-01.jsonl... (Press Ctrl+C to stop)[0m
[1m[96m============================================================[0m
[1mSYSTEM MONITOR V2[0m | Time: 2026-10-01 15:12:39
[96m------------------------------------------------------------[0m
[1m[ CPU ][0m Used: [92m7.6%[0m | Free: 92.4%
        [93mTop 5 (Logged 10):[0m code (2.07%)
[96m------------------------------------------------------------[0m
[1m[ RAM ][0m Used: [92m8.2 GB (55.2%)[0m | Available: 6.65 GB | Total: 14.84 GB
[1m[ SWAP ][0m Used: 0.0 GB (0.0%) | Free: 4.0 GB | Total: 4.0 GB
        [93mTop 5 RAM Processes (Logged 10):[0m
          1. code (PID 8252) - 829.86 MB (5.46%)
          2. chrome (PID 7112) - 780.95 MB (5.14%)
          3. code (PID 8588) - 686.89 MB (4.52%)
          4. code (PID 11526) - 546.19 MB (3.59%)
          5. chrome (PID 6354) - 535.76 MB (3.52%)
[96m------------------------------------------------------------[0m
[1m[ DISK ][0m Used: [92m24.09 GB (2.63%)[0m | Free: 891.74 GB | Total: 915.83 GB
         [93mI/O:[0m Read 0.0 MB/s | Write 0.06 MB/s | Activity: 1.73%
[96m------------------------------------------------------------[0m
[1m[ NET ][0m Upload: 0.0 MB/s | Download: 0.0 MB/s
[96m------------------------------------------------------------[0m
[1m[ BATTERY ][0m [92m99.15%[0m (Charging/Plugged in)
[1m[96m============================================================[0m
[1m[92mData logged to 2026_logs/2026-10-01.jsonl... (Press Ctrl+C to stop)[0m
[1m[96m============================================================[0m
[1mSYSTEM MONITOR V2[0m | Time: 2026-10-01 15:12:44
[96m------------------------------------------------------------[0m
[1m[ CPU ][0m Used: [92m6.4%[0m | Free: 93.6%
        [93mTop 5 (Logged 10):[0m code (2.0%)
[96m------------------------------------------------------------[0m
[1m[ RAM ][0m Used: [92m8.14 GB (54.8%)[0m | Available: 6.71 GB | Total: 14.84 GB
[1m[ SWAP ][0m Used: 0.0 GB (0.0%) | Free: 4.0 GB | Total: 4.0 GB
        [93mTop 5 RAM Processes (Logged 10):[0m
          1. code (PID 8252) - 808.26 MB (5.32%)
          2. chrome (PID 7112) - 780.95 MB (5.14%)
          3. code (PID 8588) - 663.83 MB (4.37%)
          4. code (PID 11526) - 546.29 MB (3.59%)
          5. chrome (PID 6354) - 535.85 MB (3.53%)
[96m------------------------------------------------------------[0m
[1m[ DISK ][0m Used: [92m24.09 GB (2.63%)[0m | Free: 891.74 GB | Total: 915.83 GB
         [93mI/O:[0m Read 0.0 MB/s | Write 0.0 MB/s | Activity: 0.0%
[96m------------------------------------------------------------[0m
[1m[ NET ][0m Upload: 0.0 MB/s | Download: 0.0 MB/s
[96m------------------------------------------------------------[0m
[1m[ BATTERY ][0m [92m99.15%[0m (Charging/Plugged in)
[1m[96m============================================================[0m
[1m[92mData logged to 2026_logs/2026-10-01.jsonl... (Press Ctrl+C to stop)[0m
[1m[96m============================================================[0m
[1mSYSTEM MONITOR V2[0m | Time: 2026-10-01 15:12:49
[96m------------------------------------------------------------[0m
[1m[ CPU ][0m Used: [92m6.4%[0m | Free: 93.6%
        [93mTop 5 (Logged 10):[0m code (2.22%)
[96m------------------------------------------------------------[0m
[1m[ RAM ][0m Used: [92m8.14 GB (54.9%)[0m | Available: 6.7 GB | Total: 14.84 GB
[1m[ SWAP ][0m Used: 0.0 GB (0.0%) | Free: 4.0 GB | Total: 4.0 GB
        [93mTop 5 RAM Processes (Logged 10):[0m
          1. code (PID 8252) - 817.21 MB (5.38%)
          2. chrome (PID 7112) - 780.95 MB (5.14%)
          3. code (PID 8588) - 672.78 MB (4.43%)
          4. code (PID 11526) - 545.56 MB (3.59%)
          5. chrome (PID 6354) - 535.77 MB (3.52%)
[96m------------------------------------------------------------[0m
[1m[ DISK ][0m Used: [92m24.09 GB (2.63%)[0m | Free: 891.74 GB | Total: 915.83 GB
         [93mI/O:[0m Read 0.0 MB/s | Write 0.9 MB/s | Activity: 2.65%
[96m------------------------------------------------------------[0m
[1m[ NET ][0m Upload: 0.0 MB/s | Download: 0.0 MB/s
[96m------------------------------------------------------------[0m
[1m[ BATTERY ][0m [92m99.15%[0m (Charging/Plugged in)
[1m[96m============================================================[0m
[1m[92mData logged to 2026_logs/2026-10-01.jsonl... (Press Ctrl+C to stop)[0m
[1m[96m============================================================[0m
[1mSYSTEM MONITOR V2[0m | Time: 2026-10-01 15:12:54
[96m------------------------------------------------------------[0m
[1m[ CPU ][0m Used: [92m6.3%[0m | Free: 93.7%
[96m------------------------------------------------------------[0m
[1m[ RAM ][0m Used: [92m8.13 GB (54.8%)[0m | Available: 6.71 GB | Total: 14.84 GB
[1m[ SWAP ][0m Used: 0.0 GB (0.0%) | Free: 4.0 GB | Total: 4.0 GB
        [93mTop 5 RAM Processes (Logged 10):[0m
          1. code (PID 8252) - 822.62 MB (5.41%)
          2. chrome (PID 7112) - 776.62 MB (5.11%)
          3. code (PID 8588) - 676.57 MB (4.45%)
          4. code (PID 11526) - 545.65 MB (3.59%)
          5. chrome (PID 6354) - 535.71 MB (3.52%)
[96m------------------------------------------------------------[0m
[1m[ DISK ][0m Used: [92m24.09 GB (2.63%)[0m | Free: 891.74 GB | Total: 915.83 GB
         [93mI/O:[0m Read 0.0 MB/s | Write 0.12 MB/s | Activity: 0.29%
[96m------------------------------------------------------------[0m
[1m[ NET ][0m Upload: 0.0 MB/s | Download: 0.0 MB/s
[96m------------------------------------------------------------[0m
[1m[ BATTERY ][0m [92m99.15%[0m (Charging/Plugged in)
[1m[96m============================================================[0m
[1m[92mData logged to 2026_logs/2026-10-01.jsonl... (Press Ctrl+C to stop)[0m
[1m[96m============================================================[0m
[1mSYSTEM MONITOR V2[0m | Time: 2026-10-01 15:12:59
[96m------------------------------------------------------------[0m
[1m[ CPU ][0m Used: [92m9.0%[0m | Free: 91.0%
        [93mTop 5 (Logged 10):[0m code (3.27%), code (3.0%)
[96m------------------------------------------------------------[0m
[1m[ RAM ][0m Used: [92m8.15 GB (54.9%)[0m | Available: 6.7 GB | Total: 14.84 GB
[1m[ SWAP ][0m Used: 0.0 GB (0.0%) | Free: 4.0 GB | Total: 4.0 GB
        [93mTop 5 RAM Processes (Logged 10):[0m
          1. code (PID 8252) - 804.39 MB (5.29%)
          2. chrome (PID 7112) - 776.62 MB (5.11%)
          3. code (PID 8588) - 688.33 MB (4.53%)
          4. code (PID 11526) - 545.74 MB (3.59%)
          5. chrome (PID 6354) - 535.8 MB (3.53%)
[96m------------------------------------------------------------[0m
[1m[ DISK ][0m Used: [92m24.09 GB (2.63%)[0m | Free: 891.74 GB | Total: 915.83 GB
         [93mI/O:[0m Read 0.0 MB/s | Write 0.01 MB/s | Activity: 0.91%
[96m------------------------------------------------------------[0m
[1m[ NET ][0m Upload: 0.0 MB/s | Download: 0.0 MB/s
[96m------------------------------------------------------------[0m
[1m[ BATTERY ][0m [92m99.15%[0m (Charging/Plugged in)
[1m[96m============================================================[0m
[1m[92mData logged to 2026_logs/2026-10-01.jsonl... (Press Ctrl+C to stop)[0m
[1m[96m============================================================[0m
[1mSYSTEM MONITOR V2[0m | Time: 2026-10-01 15:13:05
[96m------------------------------------------------------------[0m
[1m[ CPU ][0m Used: [92m4.1%[0m | Free: 95.9%
[96m------------------------------------------------------------[0m
[1m[ RAM ][0m Used: [92m8.15 GB (54.9%)[0m | Available: 6.69 GB | Total: 14.84 GB
[1m[ SWAP ][0m Used: 0.0 GB (0.0%) | Free: 4.0 GB | Total: 4.0 GB
        [93mTop 5 RAM Processes (Logged 10):[0m
          1. code (PID 8252) - 812.62 MB (5.35%)
          2. chrome (PID 7112) - 772.5 MB (5.08%)
          3. code (PID 8588) - 696.33 MB (4.58%)
          4. code (PID 11526) - 545.83 MB (3.59%)
          5. chrome (PID 6354) - 535.69 MB (3.52%)
[96m------------------------------------------------------------[0m
[1m[ DISK ][0m Used: [92m24.09 GB (2.63%)[0m | Free: 891.74 GB | Total: 915.83 GB
         [93mI/O:[0m Read 0.0 MB/s | Write 0.02 MB/s | Activity: 1.69%
[96m------------------------------------------------------------[0m
[1m[ NET ][0m Upload: 0.0 MB/s | Download: 0.0 MB/s
[96m------------------------------------------------------------[0m
[1m[ BATTERY ][0m [92m99.15%[0m (Charging/Plugged in)
[1m[96m============================================================[0m
[1m[92mData logged to 2026_logs/2026-10-01.jsonl... (Press Ctrl+C to stop)[0m
[1m[96m============================================================[0m
[1mSYSTEM MONITOR V2[0m | Time: 2026-10-01 15:13:10
[96m------------------------------------------------------------[0m
[1m[ CPU ][0m Used: [92m5.7%[0m | Free: 94.3%
[96m------------------------------------------------------------[0m
[1m[ RAM ][0m Used: [92m8.14 GB (54.8%)[0m | Available: 6.71 GB | Total: 14.84 GB
[1m[ SWAP ][0m Used: 0.0 GB (0.0%) | Free: 4.0 GB | Total: 4.0 GB
        [93mTop 5 RAM Processes (Logged 10):[0m
          1. code (PID 8252) - 820.57 MB (5.4%)
          2. chrome (PID 7112) - 772.5 MB (5.08%)
          3. code (PID 8588) - 702.45 MB (4.62%)
          4. code (PID 11526) - 545.91 MB (3.59%)
          5. chrome (PID 6354) - 535.69 MB (3.52%)
[96m------------------------------------------------------------[0m
[1m[ DISK ][0m Used: [92m24.09 GB (2.63%)[0m | Free: 891.74 GB | Total: 915.83 GB
         [93mI/O:[0m Read 0.0 MB/s | Write 0.02 MB/s | Activity: 1.59%
[96m------------------------------------------------------------[0m
[1m[ NET ][0m Upload: 0.0 MB/s | Download: 0.0 MB/s
[96m------------------------------------------------------------[0m
[1m[ BATTERY ][0m [92m99.15%[0m (Charging/Plugged in)
[1m[96m============================================================[0m
[1m[92mData logged to 2026_logs/2026-10-01.jsonl... (Press Ctrl+C to stop)[0m
[1m[96m============================================================[0m
[1mSYSTEM MONITOR V2[0m | Time: 2026-10-01 15:13:15
[96m------------------------------------------------------------[0m
[1m[ CPU ][0m Used: [92m6.3%[0m | Free: 93.7%
        [93mTop 5 (Logged 10):[0m code (2.06%)
[96m------------------------------------------------------------[0m
[1m[ RAM ][0m Used: [92m8.16 GB (55.0%)[0m | Available: 6.69 GB | Total: 14.84 GB
[1m[ SWAP ][0m Used: 0.0 GB (0.0%) | Free: 4.0 GB | Total: 4.0 GB
        [93mTop 5 RAM Processes (Logged 10):[0m
          1. code (PID 8252) - 804.07 MB (5.29%)
          2. chrome (PID 7112) - 772.5 MB (5.08%)
          3. code (PID 8588) - 712.97 MB (4.69%)
          4. code (PID 11526) - 546.26 MB (3.59%)
          5. chrome (PID 6354) - 535.69 MB (3.52%)
[96m------------------------------------------------------------[0m
[1m[ DISK ][0m Used: [92m24.09 GB (2.63%)[0m | Free: 891.74 GB | Total: 915.83 GB
         [93mI/O:[0m Read 0.0 MB/s | Write 0.03 MB/s | Activity: 0.9%
[96m------------------------------------------------------------[0m
[1m[ NET ][0m Upload: 0.0 MB/s | Download: 0.0 MB/s
[96m------------------------------------------------------------[0m
[1m[ BATTERY ][0m [92m99.15%[0m (Charging/Plugged in)
[1m[96m============================================================[0m
[1m[92mData logged to 2026_logs/2026-10-01.jsonl... (Press Ctrl+C to stop)[0m
[1m[96m============================================================[0m
[1mSYSTEM MONITOR V2[0m | Time: 2026-10-01 15:13:20
[96m------------------------------------------------------------[0m
[1m[ CPU ][0m Used: [92m7.0%[0m | Free: 93.0%
        [93mTop 5 (Logged 10):[0m code (2.48%)
[96m------------------------------------------------------------[0m
[1m[ RAM ][0m Used: [92m8.17 GB (55.1%)[0m | Available: 6.67 GB | Total: 14.84 GB
[1m[ SWAP ][0m Used: 0.0 GB (0.0%) | Free: 4.0 GB | Total: 4.0 GB
        [93mTop 5 RAM Processes (Logged 10):[0m
          1. code (PID 8252) - 814.86 MB (5.36%)
          2. chrome (PID 7112) - 772.5 MB (5.08%)
          3. code (PID 8588) - 724.67 MB (4.77%)
          4. code (PID 11526) - 546.35 MB (3.59%)
          5. chrome (PID 6354) - 535.69 MB (3.52%)
[96m------------------------------------------------------------[0m
[1m[ DISK ][0m Used: [92m24.09 GB (2.63%)[0m | Free: 891.74 GB | Total: 915.83 GB
         [93mI/O:[0m Read 0.0 MB/s | Write 0.9 MB/s | Activity: 1.89%
[96m------------------------------------------------------------[0m
[1m[ NET ][0m Upload: 0.0 MB/s | Download: 0.0 MB/s
[96m------------------------------------------------------------[0m
[1m[ BATTERY ][0m [92m99.15%[0m (Charging/Plugged in)
[1m[96m============================================================[0m
[1m[92mData logged to 2026_logs/2026-10-01.jsonl... (Press Ctrl+C to stop)[0m
[1m[96m============================================================[0m
[1mSYSTEM MONITOR V2[0m | Time: 2026-10-01 15:13:25
[96m------------------------------------------------------------[0m
[1m[ CPU ][0m Used: [92m9.3%[0m | Free: 90.7%
        [93mTop 5 (Logged 10):[0m code (2.94%), code (2.38%)
[96m------------------------------------------------------------[0m
[1m[ RAM ][0m Used: [92m8.17 GB (55.1%)[0m | Available: 6.67 GB | Total: 14.84 GB
[1m[ SWAP ][0m Used: 0.0 GB (0.0%) | Free: 4.0 GB | Total: 4.0 GB
        [93mTop 5 RAM Processes (Logged 10):[0m
          1. code (PID 8252) - 817.91 MB (5.38%)
          2. chrome (PID 7112) - 775.68 MB (5.1%)
          3. code (PID 8588) - 679.1 MB (4.47%)
          4. code (PID 11526) - 546.44 MB (3.6%)
          5. chrome (PID 6354) - 535.95 MB (3.53%)
[96m------------------------------------------------------------[0m
[1m[ DISK ][0m Used: [92m24.09 GB (2.63%)[0m | Free: 891.74 GB | Total: 915.83 GB
         [93mI/O:[0m Read 0.0 MB/s | Write 0.04 MB/s | Activity: 0.84%
[96m------------------------------------------------------------[0m
[1m[ NET ][0m Upload: 0.01 MB/s | Download: 0.01 MB/s
[96m------------------------------------------------------------[0m
[1m[ BATTERY ][0m [92m99.15%[0m (Charging/Plugged in)
[1m[96m============================================================[0m
[1m[92mData logged to 2026_logs/2026-10-01.jsonl... (Press Ctrl+C to stop)[0m
[1m[96m============================================================[0m
[1mSYSTEM MONITOR V2[0m | Time: 2026-10-01 15:13:30
[96m------------------------------------------------------------[0m
[1m[ CPU ][0m Used: [92m9.0%[0m | Free: 91.0%
        [93mTop 5 (Logged 10):[0m code (3.07%), code (3.02%)
[96m------------------------------------------------------------[0m
[1m[ RAM ][0m Used: [92m8.19 GB (55.2%)[0m | Available: 6.66 GB | Total: 14.84 GB
[1m[ SWAP ][0m Used: 0.0 GB (0.0%) | Free: 4.0 GB | Total: 4.0 GB
        [93mTop 5 RAM Processes (Logged 10):[0m
          1. code (PID 8252) - 802.32 MB (5.28%)
          2. chrome (PID 7112) - 775.68 MB (5.1%)
          3. code (PID 8588) - 687.57 MB (4.52%)
          4. code (PID 11526) - 546.55 MB (3.6%)
          5. chrome (PID 6354) - 535.73 MB (3.52%)
[96m------------------------------------------------------------[0m
[1m[ DISK ][0m Used: [92m24.09 GB (2.63%)[0m | Free: 891.74 GB | Total: 915.83 GB
         [93mI/O:[0m Read 0.0 MB/s | Write 0.05 MB/s | Activity: 0.08%
[96m------------------------------------------------------------[0m
[1m[ NET ][0m Upload: 0.0 MB/s | Download: 0.0 MB/s
[96m------------------------------------------------------------[0m
[1m[ BATTERY ][0m [92m99.15%[0m (Charging/Plugged in)
[1m[96m============================================================[0m
[1m[92mData logged to 2026_logs/2026-10-01.jsonl... (Press Ctrl+C to stop)[0m
[1m[96m============================================================[0m
[1mSYSTEM MONITOR V2[0m | Time: 2026-10-01 15:13:35
[96m------------------------------------------------------------[0m
[1m[ CPU ][0m Used: [92m7.6%[0m | Free: 92.4%
        [93mTop 5 (Logged 10):[0m code (2.67%), code (2.05%)
[96m------------------------------------------------------------[0m
[1m[ RAM ][0m Used: [92m8.25 GB (55.6%)[0m | Available: 6.59 GB | Total: 14.84 GB
[1m[ SWAP ][0m Used: 0.0 GB (0.0%) | Free: 4.0 GB | Total: 4.0 GB
        [93mTop 5 RAM Processes (Logged 10):[0m
          1. code (PID 8252) - 814.07 MB (5.36%)
          2. chrome (PID 7112) - 775.68 MB (5.1%)
          3. code (PID 8588) - 696.1 MB (4.58%)
          4. code (PID 11526) - 545.87 MB (3.59%)
          5. chrome (PID 6354) - 535.73 MB (3.52%)
[96m------------------------------------------------------------[0m
[1m[ DISK ][0m Used: [92m24.09 GB (2.63%)[0m | Free: 891.74 GB | Total: 915.83 GB
         [93mI/O:[0m Read 0.0 MB/s | Write 0.06 MB/s | Activity: 0.97%
[96m------------------------------------------------------------[0m
[1m[ NET ][0m Upload: 0.0 MB/s | Download: 0.0 MB/s
[96m------------------------------------------------------------[0m
[1m[ BATTERY ][0m [92m99.15%[0m (Charging/Plugged in)
[1m[96m============================================================[0m
[1m[92mData logged to 2026_logs/2026-10-01.jsonl... (Press Ctrl+C to stop)[0m
[1m[96m============================================================[0m
[1mSYSTEM MONITOR V2[0m | Time: 2026-10-01 15:13:40
[96m------------------------------------------------------------[0m
[1m[ CPU ][0m Used: [92m5.0%[0m | Free: 95.0%
[96m------------------------------------------------------------[0m
[1m[ RAM ][0m Used: [92m8.22 GB (55.4%)[0m | Available: 6.63 GB | Total: 14.84 GB
[1m[ SWAP ][0m Used: 0.0 GB (0.0%) | Free: 4.0 GB | Total: 4.0 GB
        [93mTop 5 RAM Processes (Logged 10):[0m
          1. code (PID 8252) - 822.58 MB (5.41%)
          2. chrome (PID 7112) - 775.68 MB (5.1%)
          3. code (PID 8588) - 704.69 MB (4.64%)
          4. code (PID 11526) - 545.96 MB (3.59%)
          5. chrome (PID 6354) - 535.75 MB (3.52%)
[96m------------------------------------------------------------[0m
[1m[ DISK ][0m Used: [92m24.09 GB (2.63%)[0m | Free: 891.74 GB | Total: 915.83 GB
         [93mI/O:[0m Read 0.0 MB/s | Write 0.05 MB/s | Activity: 0.9%
[96m------------------------------------------------------------[0m
[1m[ NET ][0m Upload: 0.0 MB/s | Download: 0.0 MB/s
[96m------------------------------------------------------------[0m
[1m[ BATTERY ][0m [92m99.15%[0m (Charging/Plugged in)
[1m[96m============================================================[0m
[1m[92mData logged to 2026_logs/2026-10-01.jsonl... (Press Ctrl+C to stop)[0m
[1m[96m============================================================[0m
[1mSYSTEM MONITOR V2[0m | Time: 2026-10-01 15:13:45
[96m------------------------------------------------------------[0m
[1m[ CPU ][0m Used: [92m7.7%[0m | Free: 92.3%
        [93mTop 5 (Logged 10):[0m code (2.98%), code (2.16%)
[96m------------------------------------------------------------[0m
[1m[ RAM ][0m Used: [92m8.17 GB (55.0%)[0m | Available: 6.68 GB | Total: 14.84 GB
[1m[ SWAP ][0m Used: 0.0 GB (0.0%) | Free: 4.0 GB | Total: 4.0 GB
        [93mTop 5 RAM Processes (Logged 10):[0m
          1. code (PID 8252) - 810.49 MB (5.33%)
          2. chrome (PID 7112) - 775.68 MB (5.1%)
          3. code (PID 8588) - 693.47 MB (4.56%)
          4. code (PID 11526) - 546.04 MB (3.59%)
          5. chrome (PID 6354) - 535.74 MB (3.52%)
[96m------------------------------------------------------------[0m
[1m[ DISK ][0m Used: [92m24.09 GB (2.63%)[0m | Free: 891.74 GB | Total: 915.83 GB
         [93mI/O:[0m Read 0.0 MB/s | Write 0.05 MB/s | Activity: 1.01%
[96m------------------------------------------------------------[0m
[1m[ NET ][0m Upload: 0.0 MB/s | Download: 0.0 MB/s
[96m------------------------------------------------------------[0m
[1m[ BATTERY ][0m [92m99.15%[0m (Charging/Plugged in)
[1m[96m============================================================[0m
[1m[92mData logged to 2026_logs/2026-10-01.jsonl... (Press Ctrl+C to stop)[0m
[1m[96m============================================================[0m
[1mSYSTEM MONITOR V2[0m | Time: 2026-10-01 15:13:50
[96m------------------------------------------------------------[0m
[1m[ CPU ][0m Used: [92m6.0%[0m | Free: 94.0%
[96m------------------------------------------------------------[0m
[1m[ RAM ][0m Used: [92m8.16 GB (55.0%)[0m | Available: 6.69 GB | Total: 14.84 GB
[1m[ SWAP ][0m Used: 0.0 GB (0.0%) | Free: 4.0 GB | Total: 4.0 GB
        [93mTop 5 RAM Processes (Logged 10):[0m
          1. code (PID 8252) - 820.22 MB (5.4%)
          2. chrome (PID 7112) - 775.68 MB (5.1%)
          3. code (PID 8588) - 686.22 MB (4.51%)
          4. code (PID 11526) - 546.14 MB (3.59%)
          5. chrome (PID 6354) - 535.73 MB (3.52%)
[96m------------------------------------------------------------[0m
[1m[ DISK ][0m Used: [92m24.09 GB (2.63%)[0m | Free: 891.74 GB | Total: 915.83 GB
         [93mI/O:[0m Read 0.0 MB/s | Write 0.02 MB/s | Activity: 0.82%
[96m------------------------------------------------------------[0m
[1m[ NET ][0m Upload: 0.0 MB/s | Download: 0.0 MB/s
[96m------------------------------------------------------------[0m
[1m[ BATTERY ][0m [92m99.15%[0m (Charging/Plugged in)
[1m[96m============================================================[0m
[1m[92mData logged to 2026_logs/2026-10-01.jsonl... (Press Ctrl+C to stop)[0m
[1m[96m============================================================[0m
[1mSYSTEM MONITOR V2[0m | Time: 2026-10-01 15:13:55
[96m------------------------------------------------------------[0m
[1m[ CPU ][0m Used: [92m5.8%[0m | Free: 94.2%
[96m------------------------------------------------------------[0m
[1m[ RAM ][0m Used: [92m8.14 GB (54.8%)[0m | Available: 6.71 GB | Total: 14.84 GB
[1m[ SWAP ][0m Used: 0.0 GB (0.0%) | Free: 4.0 GB | Total: 4.0 GB
        [93mTop 5 RAM Processes (Logged 10):[0m
          1. code (PID 8252) - 814.58 MB (5.36%)
          2. chrome (PID 7112) - 772.56 MB (5.08%)
          3. code (PID 8588) - 694.35 MB (4.57%)
          4. code (PID 11526) - 546.23 MB (3.59%)
          5. chrome (PID 6354) - 535.76 MB (3.52%)
[96m------------------------------------------------------------[0m
[1m[ DISK ][0m Used: [92m24.09 GB (2.63%)[0m | Free: 891.74 GB | Total: 915.83 GB
         [93mI/O:[0m Read 0.0 MB/s | Write 0.36 MB/s | Activity: 0.12%
[96m------------------------------------------------------------[0m
[1m[ NET ][0m Upload: 0.0 MB/s | Download: 0.0 MB/s
[96m------------------------------------------------------------[0m
[1m[ BATTERY ][0m [92m99.15%[0m (Charging/Plugged in)
[1m[96m============================================================[0m
[1m[92mData logged to 2026_logs/2026-10-01.jsonl... (Press Ctrl+C to stop)[0m
[1m[96m============================================================[0m
[1mSYSTEM MONITOR V2[0m | Time: 2026-10-01 15:14:00
[96m------------------------------------------------------------[0m
[1m[ CPU ][0m Used: [92m7.3%[0m | Free: 92.7%
        [93mTop 5 (Logged 10):[0m code (2.72%)
[96m------------------------------------------------------------[0m
[1m[ RAM ][0m Used: [92m8.17 GB (55.0%)[0m | Available: 6.67 GB | Total: 14.84 GB
[1m[ SWAP ][0m Used: 0.0 GB (0.0%) | Free: 4.0 GB | Total: 4.0 GB
        [93mTop 5 RAM Processes (Logged 10):[0m
          1. code (PID 8252) - 809.12 MB (5.32%)
          2. chrome (PID 7112) - 771.39 MB (5.08%)
          3. code (PID 8588) - 700.39 MB (4.61%)
          4. code (PID 11526) - 546.32 MB (3.59%)
          5. chrome (PID 6354) - 535.82 MB (3.53%)
[96m------------------------------------------------------------[0m
[1m[ DISK ][0m Used: [92m24.09 GB (2.63%)[0m | Free: 891.74 GB | Total: 915.83 GB
         [93mI/O:[0m Read 0.0 MB/s | Write 0.09 MB/s | Activity: 0.9%
[96m------------------------------------------------------------[0m
[1m[ NET ][0m Upload: 0.0 MB/s | Download: 0.0 MB/s
[96m------------------------------------------------------------[0m
[1m[ BATTERY ][0m [92m99.15%[0m (Charging/Plugged in)
[1m[96m============================================================[0m
[1m[92mData logged to 2026_logs/2026-10-01.jsonl... (Press Ctrl+C to stop)[0m
[1m[96m============================================================[0m
[1mSYSTEM MONITOR V2[0m | Time: 2026-10-01 15:14:05
[96m------------------------------------------------------------[0m
[1m[ CPU ][0m Used: [92m7.1%[0m | Free: 92.9%
[96m------------------------------------------------------------[0m
[1m[ RAM ][0m Used: [92m8.13 GB (54.8%)[0m | Available: 6.71 GB | Total: 14.84 GB
[1m[ SWAP ][0m Used: 0.0 GB (0.0%) | Free: 4.0 GB | Total: 4.0 GB
        [93mTop 5 RAM Processes (Logged 10):[0m
          1. code (PID 8252) - 820.38 MB (5.4%)
          2. chrome (PID 7112) - 771.39 MB (5.08%)
          3. code (PID 8588) - 666.96 MB (4.39%)
          4. code (PID 11526) - 546.4 MB (3.59%)
          5. chrome (PID 6354) - 535.66 MB (3.52%)
[96m------------------------------------------------------------[0m
[1m[ DISK ][0m Used: [92m24.09 GB (2.63%)[0m | Free: 891.74 GB | Total: 915.83 GB
         [93mI/O:[0m Read 0.0 MB/s | Write 0.49 MB/s | Activity: 1.67%
[96m------------------------------------------------------------[0m
[1m[ NET ][0m Upload: 0.0 MB/s | Download: 0.0 MB/s
[96m------------------------------------------------------------[0m
[1m[ BATTERY ][0m [92m99.15%[0m (Charging/Plugged in)
[1m[96m============================================================[0m
[1m[92mData logged to 2026_logs/2026-10-01.jsonl... (Press Ctrl+C to stop)[0m
[1m[96m============================================================[0m
[1mSYSTEM MONITOR V2[0m | Time: 2026-10-01 15:14:10
[96m------------------------------------------------------------[0m
[1m[ CPU ][0m Used: [92m5.3%[0m | Free: 94.7%
[96m------------------------------------------------------------[0m
[1m[ RAM ][0m Used: [92m8.12 GB (54.7%)[0m | Available: 6.73 GB | Total: 14.84 GB
[1m[ SWAP ][0m Used: 0.0 GB (0.0%) | Free: 4.0 GB | Total: 4.0 GB
        [93mTop 5 RAM Processes (Logged 10):[0m
          1. code (PID 8252) - 820.2 MB (5.4%)
          2. chrome (PID 7112) - 771.4 MB (5.08%)
          3. code (PID 8588) - 676.13 MB (4.45%)
          4. code (PID 11526) - 546.49 MB (3.6%)
          5. chrome (PID 6354) - 535.73 MB (3.52%)
[96m------------------------------------------------------------[0m
[1m[ DISK ][0m Used: [92m24.09 GB (2.63%)[0m | Free: 891.74 GB | Total: 915.83 GB
         [93mI/O:[0m Read 0.0 MB/s | Write 0.02 MB/s | Activity: 0.14%
[96m------------------------------------------------------------[0m
[1m[ NET ][0m Upload: 0.0 MB/s | Download: 0.0 MB/s
[96m------------------------------------------------------------[0m
[1m[ BATTERY ][0m [92m99.15%[0m (Charging/Plugged in)
[1m[96m============================================================[0m
[1m[92mData logged to 2026_logs/2026-10-01.jsonl... (Press Ctrl+C to stop)[0m
[1m[96m============================================================[0m
[1mSYSTEM MONITOR V2[0m | Time: 2026-10-01 15:14:16
[96m------------------------------------------------------------[0m
[1m[ CPU ][0m Used: [92m3.5%[0m | Free: 96.5%
[96m------------------------------------------------------------[0m
[1m[ RAM ][0m Used: [92m8.16 GB (55.0%)[0m | Available: 6.68 GB | Total: 14.84 GB
[1m[ SWAP ][0m Used: 0.0 GB (0.0%) | Free: 4.0 GB | Total: 4.0 GB
        [93mTop 5 RAM Processes (Logged 10):[0m
          1. code (PID 8252) - 825.5 MB (5.43%)
          2. chrome (PID 7112) - 771.4 MB (5.08%)
          3. code (PID 8588) - 688.06 MB (4.53%)
          4. code (PID 11526) - 546.58 MB (3.6%)
          5. chrome (PID 6354) - 535.66 MB (3.52%)
[96m------------------------------------------------------------[0m
[1m[ DISK ][0m Used: [92m24.09 GB (2.63%)[0m | Free: 891.74 GB | Total: 915.83 GB
         [93mI/O:[0m Read 0.0 MB/s | Write 0.01 MB/s | Activity: 1.59%
[96m------------------------------------------------------------[0m
[1m[ NET ][0m Upload: 0.0 MB/s | Download: 0.0 MB/s
[96m------------------------------------------------------------[0m
[1m[ BATTERY ][0m [92m99.15%[0m (Charging/Plugged in)
[1m[96m============================================================[0m
[1m[92mData logged to 2026_logs/2026-10-01.jsonl... (Press Ctrl+C to stop)[0m
[1m[96m============================================================[0m
[1mSYSTEM MONITOR V2[0m | Time: 2026-10-01 15:14:21
[96m------------------------------------------------------------[0m
[1m[ CPU ][0m Used: [92m5.7%[0m | Free: 94.3%
        [93mTop 5 (Logged 10):[0m code (2.16%)
[96m------------------------------------------------------------[0m
[1m[ RAM ][0m Used: [92m8.16 GB (55.0%)[0m | Available: 6.69 GB | Total: 14.84 GB
[1m[ SWAP ][0m Used: 0.0 GB (0.0%) | Free: 4.0 GB | Total: 4.0 GB
        [93mTop 5 RAM Processes (Logged 10):[0m
          1. code (PID 8252) - 817.5 MB (5.38%)
          2. chrome (PID 7112) - 771.4 MB (5.08%)
          3. code (PID 8588) - 686.77 MB (4.52%)
          4. code (PID 11526) - 546.69 MB (3.6%)
          5. chrome (PID 6354) - 535.76 MB (3.52%)
[96m------------------------------------------------------------[0m
[1m[ DISK ][0m Used: [92m24.09 GB (2.63%)[0m | Free: 891.74 GB | Total: 915.83 GB
         [93mI/O:[0m Read 0.0 MB/s | Write 0.04 MB/s | Activity: 1.12%
[96m------------------------------------------------------------[0m
[1m[ NET ][0m Upload: 0.0 MB/s | Download: 0.0 MB/s
[96m------------------------------------------------------------[0m
[1m[ BATTERY ][0m [92m99.15%[0m (Charging/Plugged in)
[1m[96m============================================================[0m
[1m[92mData logged to 2026_logs/2026-10-01.jsonl... (Press Ctrl+C to stop)[0m
[1m[96m============================================================[0m
[1mSYSTEM MONITOR V2[0m | Time: 2026-10-01 15:14:26
[96m------------------------------------------------------------[0m
[1m[ CPU ][0m Used: [92m7.3%[0m | Free: 92.7%
        [93mTop 5 (Logged 10):[0m code (2.02%)
[96m------------------------------------------------------------[0m
[1m[ RAM ][0m Used: [92m8.19 GB (55.2%)[0m | Available: 6.66 GB | Total: 14.84 GB
[1m[ SWAP ][0m Used: 0.0 GB (0.0%) | Free: 4.0 GB | Total: 4.0 GB
        [93mTop 5 RAM Processes (Logged 10):[0m
          1. code (PID 8252) - 829.75 MB (5.46%)
          2. chrome (PID 7112) - 781.65 MB (5.14%)
          3. code (PID 8588) - 685.33 MB (4.51%)
          4. code (PID 11526) - 545.95 MB (3.59%)
          5. chrome (PID 6354) - 535.93 MB (3.53%)
[96m------------------------------------------------------------[0m
[1m[ DISK ][0m Used: [92m24.09 GB (2.63%)[0m | Free: 891.74 GB | Total: 915.83 GB
         [93mI/O:[0m Read 0.0 MB/s | Write 0.32 MB/s | Activity: 1.85%
[96m------------------------------------------------------------[0m
[1m[ NET ][0m Upload: 0.0 MB/s | Download: 0.0 MB/s
[96m------------------------------------------------------------[0m
[1m[ BATTERY ][0m [92m99.15%[0m (Charging/Plugged in)
[1m[96m============================================================[0m
[1m[92mData logged to 2026_logs/2026-10-01.jsonl... (Press Ctrl+C to stop)[0m
[1m[96m============================================================[0m
[1mSYSTEM MONITOR V2[0m | Time: 2026-10-01 15:14:31
[96m------------------------------------------------------------[0m
[1m[ CPU ][0m Used: [92m6.9%[0m | Free: 93.1%
        [93mTop 5 (Logged 10):[0m code (2.06%)
[96m------------------------------------------------------------[0m
[1m[ RAM ][0m Used: [92m8.21 GB (55.3%)[0m | Available: 6.63 GB | Total: 14.84 GB
[1m[ SWAP ][0m Used: 0.0 GB (0.0%) | Free: 4.0 GB | Total: 4.0 GB
        [93mTop 5 RAM Processes (Logged 10):[0m
          1. code (PID 8252) - 833.39 MB (5.48%)
          2. chrome (PID 7112) - 781.65 MB (5.14%)
          3. code (PID 8588) - 695.73 MB (4.58%)
          4. code (PID 11526) - 546.05 MB (3.59%)
          5. chrome (PID 6354) - 535.73 MB (3.52%)
[96m------------------------------------------------------------[0m
[1m[ DISK ][0m Used: [92m24.09 GB (2.63%)[0m | Free: 891.74 GB | Total: 915.83 GB
         [93mI/O:[0m Read 0.0 MB/s | Write 0.03 MB/s | Activity: 0.96%
[96m------------------------------------------------------------[0m
[1m[ NET ][0m Upload: 0.0 MB/s | Download: 0.0 MB/s
[96m------------------------------------------------------------[0m
[1m[ BATTERY ][0m [92m99.15%[0m (Charging/Plugged in)
[1m[96m============================================================[0m
[1m[92mData logged to 2026_logs/2026-10-01.jsonl... (Press Ctrl+C to stop)[0m
[1m[96m============================================================[0m
[1mSYSTEM MONITOR V2[0m | Time: 2026-10-01 15:14:36
[96m------------------------------------------------------------[0m
[1m[ CPU ][0m Used: [92m9.8%[0m | Free: 90.2%
        [93mTop 5 (Logged 10):[0m code (3.44%), code (2.75%)
[96m------------------------------------------------------------[0m
[1m[ RAM ][0m Used: [92m8.24 GB (55.5%)[0m | Available: 6.6 GB | Total: 14.84 GB
[1m[ SWAP ][0m Used: 0.0 GB (0.0%) | Free: 4.0 GB | Total: 4.0 GB
        [93mTop 5 RAM Processes (Logged 10):[0m
          1. code (PID 8252) - 813.01 MB (5.35%)
          2. chrome (PID 7112) - 781.65 MB (5.14%)
          3. code (PID 8588) - 705.75 MB (4.64%)
          4. code (PID 11526) - 546.14 MB (3.59%)
          5. chrome (PID 6354) - 535.85 MB (3.53%)
[96m------------------------------------------------------------[0m
[1m[ DISK ][0m Used: [92m24.09 GB (2.63%)[0m | Free: 891.74 GB | Total: 915.83 GB
         [93mI/O:[0m Read 0.0 MB/s | Write 0.0 MB/s | Activity: 0.0%
[96m------------------------------------------------------------[0m
[1m[ NET ][0m Upload: 0.0 MB/s | Download: 0.0 MB/s
[96m------------------------------------------------------------[0m
[1m[ BATTERY ][0m [92m99.15%[0m (Charging/Plugged in)
[1m[96m============================================================[0m
[1m[92mData logged to 2026_logs/2026-10-01.jsonl... (Press Ctrl+C to stop)[0m
[1m[96m============================================================[0m
[1mSYSTEM MONITOR V2[0m | Time: 2026-10-01 15:14:41
[96m------------------------------------------------------------[0m
[1m[ CPU ][0m Used: [92m5.5%[0m | Free: 94.5%
[96m------------------------------------------------------------[0m
[1m[ RAM ][0m Used: [92m8.18 GB (55.1%)[0m | Available: 6.67 GB | Total: 14.84 GB
[1m[ SWAP ][0m Used: 0.0 GB (0.0%) | Free: 4.0 GB | Total: 4.0 GB
        [93mTop 5 RAM Processes (Logged 10):[0m
          1. code (PID 8252) - 822.98 MB (5.41%)
          2. chrome (PID 7112) - 781.65 MB (5.14%)
          3. code (PID 8588) - 678.29 MB (4.46%)
          4. code (PID 11526) - 546.23 MB (3.59%)
          5. chrome (PID 6354) - 535.73 MB (3.52%)
[96m------------------------------------------------------------[0m
[1m[ DISK ][0m Used: [92m24.09 GB (2.63%)[0m | Free: 891.74 GB | Total: 915.83 GB
         [93mI/O:[0m Read 0.0 MB/s | Write 0.09 MB/s | Activity: 1.06%
[96m------------------------------------------------------------[0m
[1m[ NET ][0m Upload: 0.0 MB/s | Download: 0.0 MB/s
[96m------------------------------------------------------------[0m
[1m[ BATTERY ][0m [92m99.15%[0m (Charging/Plugged in)
[1m[96m============================================================[0m
[1m[92mData logged to 2026_logs/2026-10-01.jsonl... (Press Ctrl+C to stop)[0m
[1m[96m============================================================[0m
[1mSYSTEM MONITOR V2[0m | Time: 2026-10-01 15:14:46
[96m------------------------------------------------------------[0m
[1m[ CPU ][0m Used: [92m3.7%[0m | Free: 96.3%
[96m------------------------------------------------------------[0m
[1m[ RAM ][0m Used: [92m8.17 GB (55.0%)[0m | Available: 6.68 GB | Total: 14.84 GB
[1m[ SWAP ][0m Used: 0.0 GB (0.0%) | Free: 4.0 GB | Total: 4.0 GB
        [93mTop 5 RAM Processes (Logged 10):[0m
          1. code (PID 8252) - 837.37 MB (5.51%)
          2. chrome (PID 7112) - 781.65 MB (5.14%)
          3. code (PID 8588) - 686.2 MB (4.51%)
          4. code (PID 11526) - 546.32 MB (3.59%)
          5. chrome (PID 6354) - 535.73 MB (3.52%)
[96m------------------------------------------------------------[0m
[1m[ DISK ][0m Used: [92m24.09 GB (2.63%)[0m | Free: 891.74 GB | Total: 915.83 GB
         [93mI/O:[0m Read 0.0 MB/s | Write 0.01 MB/s | Activity: 0.06%
[96m------------------------------------------------------------[0m
[1m[ NET ][0m Upload: 0.0 MB/s | Download: 0.0 MB/s
[96m------------------------------------------------------------[0m
[1m[ BATTERY ][0m [92m99.15%[0m (Charging/Plugged in)
[1m[96m============================================================[0m
[1m[92mData logged to 2026_logs/2026-10-01.jsonl... (Press Ctrl+C to stop)[0m
[1m[96m============================================================[0m
[1mSYSTEM MONITOR V2[0m | Time: 2026-10-01 15:14:51
[96m------------------------------------------------------------[0m
[1m[ CPU ][0m Used: [92m5.5%[0m | Free: 94.5%
[96m------------------------------------------------------------[0m
[1m[ RAM ][0m Used: [92m8.17 GB (55.0%)[0m | Available: 6.67 GB | Total: 14.84 GB
[1m[ SWAP ][0m Used: 0.0 GB (0.0%) | Free: 4.0 GB | Total: 4.0 GB
        [93mTop 5 RAM Processes (Logged 10):[0m
          1. code (PID 8252) - 814.59 MB (5.36%)
          2. chrome (PID 7112) - 781.65 MB (5.14%)
          3. code (PID 8588) - 703.1 MB (4.63%)
          4. code (PID 11526) - 546.41 MB (3.59%)
          5. chrome (PID 6354) - 535.79 MB (3.53%)
[96m------------------------------------------------------------[0m
[1m[ DISK ][0m Used: [92m24.09 GB (2.63%)[0m | Free: 891.74 GB | Total: 915.83 GB
         [93mI/O:[0m Read 0.0 MB/s | Write 0.48 MB/s | Activity: 1.85%
[96m------------------------------------------------------------[0m
[1m[ NET ][0m Upload: 0.0 MB/s | Download: 0.0 MB/s
[96m------------------------------------------------------------[0m
[1m[ BATTERY ][0m [92m99.15%[0m (Charging/Plugged in)
[1m[96m============================================================[0m
[1m[92mData logged to 2026_logs/2026-10-01.jsonl... (Press Ctrl+C to stop)[0m
[1m[96m============================================================[0m
[1mSYSTEM MONITOR V2[0m | Time: 2026-10-01 15:14:56
[96m------------------------------------------------------------[0m
[1m[ CPU ][0m Used: [92m6.6%[0m | Free: 93.4%
        [93mTop 5 (Logged 10):[0m code (2.12%)
[96m------------------------------------------------------------[0m
[1m[ RAM ][0m Used: [92m8.23 GB (55.5%)[0m | Available: 6.61 GB | Total: 14.84 GB
[1m[ SWAP ][0m Used: 0.0 GB (0.0%) | Free: 4.0 GB | Total: 4.0 GB
        [93mTop 5 RAM Processes (Logged 10):[0m
          1. code (PID 8252) - 823.71 MB (5.42%)
          2. chrome (PID 7112) - 775.49 MB (5.1%)
          3. code (PID 8588) - 703.66 MB (4.63%)
          4. code (PID 11526) - 546.49 MB (3.6%)
          5. chrome (PID 6354) - 535.78 MB (3.53%)
[96m------------------------------------------------------------[0m
[1m[ DISK ][0m Used: [92m24.09 GB (2.63%)[0m | Free: 891.74 GB | Total: 915.83 GB
         [93mI/O:[0m Read 0.0 MB/s | Write 0.37 MB/s | Activity: 0.84%
[96m------------------------------------------------------------[0m
[1m[ NET ][0m Upload: 0.0 MB/s | Download: 0.0 MB/s
[96m------------------------------------------------------------[0m
[1m[ BATTERY ][0m [92m99.15%[0m (Charging/Plugged in)
[1m[96m============================================================[0m
[1m[92mData logged to 2026_logs/2026-10-01.jsonl... (Press Ctrl+C to stop)[0m
